OBJECTID;UIDENTSTLA;ULAND;UREGBEZ;UKREIS;UGEMEINDE;UJAHR;UMONAT;USTUNDE;UWOCHENTAG;UKATEGORIE;UART;UTYP1;IstRad;IstPKW;IstFuss;IstKrad;IstSonstig;LICHT;STRZUSTAND;LINREFX;LINREFY;XGCSWGS84;YGCSWGS84
41268;08170206335010466840;08;3;35;079;2017;02;06;2;2;6;4;0;1;1;0;0;2;1;500407,105199999990000;5299707,080600000000000;9,005441821000034;47,850706298000034
41269;08170201311010450210;08;3;36;050;2017;02;11;4;3;6;2;0;1;1;0;0;0;0;399638,778500000010000;5273876,335799999500000;7,664603559000057;47,610518475000049
41274;08170201311010384830;08;3;11;000;2017;02;12;4;3;6;2;0;1;1;0;0;0;0;414341,051900000020000;5316748,318699999700000;7,851717478000069;47,998292206000031
41278;08170201299200464540;08;2;12;000;2017;02;06;4;3;4;2;1;1;0;0;0;2;0;453056,498800000000000;5428761,584800000300000;8,358061525000039;49,009960830000068
41280;08170201231111424930;08;2;36;028;2017;02;16;4;3;6;4;0;1;1;0;0;2;1;494125,070000000010000;5422688,659000000000000;8,919747243000074;48,957088721000048
41283;08170201221000467040;08;2;26;098;2017;02;17;4;3;6;4;0;1;1;0;0;0;1;478162,441600000020000;5460826,012799999700000;8,699631227000054;49,299787606000052
41284;08170201221000466990;08;2;21;000;2017;02;08;4;3;5;3;1;1;0;0;0;0;0;477711,138500000000000;5472654,988199999600000;8,692761816000029;49,406172166000033
41288;08170206335010425380;08;3;35;063;2017;02;15;2;3;6;7;0;1;1;0;0;0;0;497621,393999999970000;5290682,313000000100000;8,968254430000059;47,769501814000080
41290;08170206317114401710;08;3;17;089;2017;02;16;2;3;5;3;1;1;0;0;0;0;0;428701,697999999970000;5376420,809999999600000;8,034132378000038;48,536838940000052
41294;08170201211010425610;08;3;17;110;2017;02;10;4;2;5;3;1;1;0;0;0;0;1;427574,407000000010000;5382546,138000000300000;8,017797076000022;48,591807010000082
41297;08170201126010434240;08;1;21;000;2017;02;08;4;2;6;7;0;1;1;0;0;0;0;515089,039099999990000;5442878,267400000200000;9,206870861000027;49,138547777000042
41299;08170201121600462290;08;1;25;110;2017;02;12;4;3;6;2;0;1;1;0;0;0;0;526051,132300000060000;5442564,126799999700000;9,357138536000036;49,135354939000081
41309;08170131436100374040;08;4;36;055;2017;01;18;3;3;5;3;1;1;0;0;0;0;1;576830,443300000040000;5297268,222000000100000;10,026483089000067;47,824173665000046
41326;08170131335010373740;08;4;36;009;2017;01;18;3;2;6;4;0;1;1;0;0;2;1;556575,129199999970000;5308371,056400000100000;9,757347617000050;47,926162098000077
41327;08170131335010373670;08;4;36;082;2017;01;15;3;2;0;1;1;0;0;0;0;0;1;547894,427099999970000;5295982,097000000100000;9,639777492000064;47,815408288000071
41331;08170131317500377170;08;3;17;096;2017;01;17;3;3;5;3;1;1;0;0;0;1;1;423729,620999999980000;5370664,690999999600000;7,967839593000065;48,484478363000051
41333;08170131317300375920;08;3;17;065;2017;01;17;3;2;6;4;0;1;1;0;0;2;1;416197,893800000020000;5354472,896099999500000;7,869167531000073;48,337877655000057
41335;08170131316100377690;08;3;16;011;2017;01;15;3;3;5;3;1;1;0;0;0;0;0;415132,395699999990000;5329551,202100000300000;7,859783261000075;48,113563771000031
41357;08170131126100372110;08;1;26;046;2017;01;05;3;3;4;2;1;1;0;0;0;2;1;546141,804000000000000;5461459,794999999900000;9,634723396000027;49,304135850000080
41363;08170131116010372980;08;1;16;049;2017;01;18;3;3;6;4;0;1;1;0;0;2;1;524408,852799999990000;5387759,330600000000000;9,331351029000075;48,642418240000040
41365;08170131111330374180;08;1;11;000;2017;01;17;3;3;6;7;0;1;1;0;0;2;1;511495,844300000000000;5410503,228099999900000;9,156692331000045;48,847392831000036
41369;08170130436500376040;08;4;35;057;2017;01;19;2;2;6;4;0;1;1;0;0;2;1;543031,569999999950000;5279223,086000000100000;9,573165199000073;47,664968685000076
41370;08170130436500374770;08;4;35;016;2017;01;19;2;2;6;4;0;1;1;0;0;2;1;534391,604300000010000;5278024,420199999600000;9,457993869000063;47,654700930000047
41377;08170130415100371800;08;4;15;050;2017;01;07;2;3;0;1;1;0;0;0;0;2;2;521414,402000000000000;5376706,945000000300000;9,290132008000057;48,543099199000039
41382;08170130335010375800;08;4;36;081;2017;01;13;2;3;6;4;0;1;1;0;0;0;1;561358,552999999960000;5283799,587000000300000;9,817895690000057;47,704663380000056
41390;08170206212702440100;08;2;15;017;2017;02;17;2;3;2;3;1;1;0;0;0;0;0;457713,808100000020000;5420561,019100000200000;8,422597809000024;48,936531828000057
41396;08170130235010375850;08;2;31;000;2017;01;16;2;2;6;4;0;1;1;0;0;0;1;477931,643999999970000;5414091,659000000000000;8,699008745000072;48,879387399000052
41399;08170130222500374860;08;2;22;000;2017;01;18;2;3;6;4;0;1;1;0;0;2;1;463440,425899999970000;5477958,000099999800000;8,495566461000067;49,453180623000037
41403;08170130212102371150;08;2;12;000;2017;01;07;2;3;3;6;1;0;0;1;0;1;1;460115,507999999970000;5425812,565399999700000;8,454875951000076;48,983930411000074
41407;08170130136010372440;08;1;36;028;2017;01;07;2;3;6;4;0;1;1;0;0;1;1;567713,567000000040000;5405040,247000000400000;9,921996800000045;48,794667353000079
41416;08170215325102412860;08;3;25;045;2017;02;08;4;3;6;4;0;1;1;0;0;0;0;465867,440200000010000;5347598,204500000000000;8,539929859000040;48,280666597000049
41417;08170215317100453970;08;3;17;001;2017;02;11;4;3;5;3;1;1;0;0;0;0;0;432190,221000000020000;5386640,940999999600000;8,079716806000022;48,629156900000055
41436;08170215221000467330;08;2;21;000;2017;02;18;4;3;8;1;0;0;1;1;0;2;0;476629,607499999980000;5471540,661100000100000;8,677919382000027;49,396108392000031
41443;08170215136010392310;08;1;36;028;2017;02;15;4;2;5;3;1;1;0;0;0;0;0;569081,585800000000000;5405722,495600000000000;9,940736078000043;48,800653496000052
41451;08170215119010463140;08;1;19;084;2017;02;05;4;2;5;2;1;1;0;0;0;2;1;542280,542000000020000;5411579,328999999900000;9,576395393000041;48,855739012000072
41452;08170215119010463100;08;1;19;018;2017;02;11;4;2;6;7;0;1;1;0;0;0;0;528550,674800000040000;5419413,224399999700000;9,389774076000037;48,926993198000048
41453;08170215118200452340;08;1;18;080;2017;02;18;4;3;4;2;1;0;0;0;1;2;0;506237,621600000010000;5410502,940600000300000;9,085021051000069;48,847465372000045
41457;08170215117010406250;08;1;17;024;2017;02;05;4;2;6;4;0;1;1;0;0;2;1;560130,991999999970000;5385060,460000000000000;9,815852772000028;48,615725509000072
41458;08170215116400417290;08;1;16;033;2017;02;11;4;3;5;3;1;1;0;0;0;0;0;531472,879199999970000;5389273,873300000100000;9,427358082000069;48,655727169000045
41488;08170214325010465870;08;4;17;079;2017;02;15;3;3;6;4;0;1;1;0;0;0;0;501009,516400000020000;5344681,408099999700000;9,013600457000052;48,255344320000063
41493;08170214317114401690;08;3;17;089;2017;02;11;3;3;5;3;1;1;0;0;0;0;0;431946,961799999990000;5377395,198499999900000;8,077930224000056;48,545964142000059
41494;08170214317000466480;08;3;17;089;2017;02;11;3;2;6;7;0;0;1;0;1;0;0;431483,158200000010000;5376068,831799999800000;8,071865033000051;48,533982769000033
41499;08170214299200464400;08;2;12;000;2017;02;17;3;3;0;7;1;1;0;0;0;1;0;455981,532000000010000;5429415,252000000300000;8,397987204000060;49,016056219000063
41501;08170214299200463820;08;2;12;000;2017;02;18;3;2;4;2;1;1;0;0;0;2;0;455632,484000000000000;5432716,114900000400000;8,392852577000042;49,045722685000044
41508;08170216317500426350;08;3;17;096;2017;02;18;5;3;6;4;0;1;1;0;0;2;0;421522,785500000000000;5368816,562400000200000;7,938326889000052;48,467582984000046
41511;08170214216100460470;08;2;16;043;2017;02;07;3;3;6;2;0;1;1;0;0;0;0;442049,523099999990000;5412082,112499999800000;8,209929220000049;48,858995799000070
41521;08170214212302394620;08;2;12;000;2017;02;00;3;3;0;7;1;0;0;0;0;2;0;454198,226499999990000;5428273,815200000100000;8,373728353000047;49,005659110000067
41526;08170214136300443810;08;1;36;065;2017;02;07;3;3;5;3;1;1;0;0;0;1;0;554703,636599999970000;5405421,932000000000000;9,744920222000076;48,799381474000029
41529;08170214135010448680;08;4;25;072;2017;02;16;3;3;5;2;1;1;0;0;0;0;0;583199,422999999950000;5372774,881000000100000;10,126332856000033;48,502579848000039
41533;08170217311010418790;08;3;11;000;2017;02;15;6;3;3;2;1;1;0;0;0;0;0;412687,382999999970000;5318253,213999999700000;7,829247988000077;48,011605480000071
41534;08170214128010431410;08;2;25;118;2017;02;16;3;2;6;1;0;1;1;0;0;0;0;505549,134000000020000;5478988,813900000400000;9,076580576000026;49,463527347000081
41551;08170214118100438600;08;1;18;079;2017;02;18;3;2;6;2;0;1;1;0;0;2;0;509283,541800000010000;5422807,088200000100000;9,126817702000039;48,958112281000069
41552;08170214118100438580;08;1;18;079;2017;02;17;3;3;5;2;1;1;0;0;0;1;0;510189,330000000020000;5422925,872999999700000;9,139194147000069;48,959166562000064
41569;08170217299200464320;08;2;12;000;2017;02;10;6;3;4;2;1;1;0;0;0;0;1;456377,893300000000000;5425942,570200000000000;8,403780664000067;48,984847155000068
41570;08170213416010436810;08;4;15;061;2017;02;07;2;3;6;6;1;0;1;0;0;0;0;514730,116199999990000;5371153,082499999600000;9,199374821000049;48,493327482000041
41577;08170213337010437860;08;3;37;096;2017;02;07;2;3;5;3;1;1;0;0;0;2;0;421089,969700000020000;5267735,837799999900000;7,951079142000026;47,558243948000040
41586;08170213317314438340;08;3;17;150;2017;02;08;2;3;5;3;1;1;1;0;0;0;0;408107,317300000000000;5355911,994900000300000;7,759703995000052;48,349696723000079
41598;08170213222700431110;08;2;22;000;2017;02;19;2;3;6;4;0;1;1;0;0;2;0;461612,571200000010000;5481132,603199999800000;8,470039682000049;49,481621851000057
41603;08170216136010392330;08;1;36;068;2017;02;16;5;2;0;1;1;0;0;0;0;0;0;595641,536300000040000;5428499,645899999900000;10,307672574000037;49,001979630000051
41612;08170213116010409770;08;1;16;080;2017;02;20;2;2;6;4;0;1;1;0;0;2;0;522179,072900000030000;5395478,400600000300000;9,301496246000056;48,711942078000050
41615;08170212437100379290;08;4;37;100;2017;02;18;1;3;6;4;0;1;1;0;0;2;1;537535,818199999980000;5318168,814000000200000;9,503344934000040;48,015709343000026
41622;08170212426010435450;08;4;25;033;2017;02;18;1;3;6;4;0;1;1;0;0;2;1;553072,175000000050000;5348739,923999999600000;9,715482212000040;48,289632997000069
41638;08170212222400382740;08;2;22;000;2017;02;10;1;3;0;7;1;0;0;0;0;0;1;468408,941999999980000;5479405,826000000400000;8,564002171000027;49,466481955000063
41643;08170216118400453700;08;1;18;048;2017;02;08;5;3;6;2;0;1;1;0;0;0;0;512668,978000000000000;5417223,148000000000000;9,172890681000069;48,907820828000069
41650;08170212212102406930;08;2;12;000;2017;02;15;1;3;5;3;1;1;0;0;0;0;0;460101,694499999980000;5427846,989799999600000;8,454487387000029;49,002229612000065
41654;08170212127202392540;08;1;27;046;2017;02;18;1;2;0;7;0;1;1;0;0;2;0;570033,272899999980000;5447582,903099999800000;9,960907614000064;49,177055294000070
41676;08170211327200439160;08;3;27;049;2017;02;14;7;3;6;4;0;1;1;0;0;0;0;472618,228400000020000;5324566,675200000400000;8,632405249000044;48,073786348000056
41681;08170211316100444670;08;3;16;011;2017;02;13;7;3;0;1;1;0;0;0;0;0;0;416468,946200000010000;5329567,305900000000000;7,877733384000067;48,113885369000059
41683;08170211311010384960;08;3;11;000;2017;02;18;7;3;5;4;0;1;1;0;0;2;1;415887,572300000000000;5315594,087799999900000;7,872671029000060;47,988114721000045
41686;08170211231302398590;08;2;31;000;2017;02;13;7;3;6;4;0;1;1;0;0;0;0;477653,448700000010000;5415382,819100000000000;8,695143891000043;48,890992282000070
41691;08170211136010392340;08;1;36;088;2017;02;18;7;3;6;6;0;0;1;0;1;1;0;575093,315100000010000;5412577,731499999800000;10,023844905000033;48,861615397000037
41696;08170211118400421680;08;1;18;048;2017;02;12;7;3;5;2;1;1;0;0;0;0;0;513003,487000000020000;5415292,068099999800000;9,177394143000072;48,890442418000077
41698;08170211117400379650;08;1;17;026;2017;02;11;7;3;5;3;1;1;0;0;0;0;0;545710,836400000030000;5395614,364500000100000;9,621381076000034;48,711884126000029
41705;08170210416010436650;08;4;15;061;2017;02;08;6;3;3;2;1;1;0;0;0;0;0;516260,986299999990000;5372318,526200000200000;9,220140668000056;48,503774452000073
41734;08170217215402408330;08;2;15;009;2017;02;19;6;3;0;1;1;0;0;0;0;2;1;470710,189000000010000;5436656,725100000400000;8,598891638000055;49,082070662000035
41735;08170217299200464290;08;2;12;000;2017;02;10;6;2;0;7;1;0;0;0;0;0;1;459739,005400000020000;5427940,775399999700000;8,449519434000024;49,003049681000050
41738;08170210128010431440;08;1;28;131;2017;02;19;6;2;6;4;0;1;1;0;0;2;0;537249,536899999950000;5511936,171600000000000;9,517175810000026;49,758748713000045
41740;08170215436300435280;08;4;36;081;2017;02;07;4;3;6;2;0;1;1;0;0;0;0;563044,519500000050000;5280938,237300000200000;9,839953292000075;47,678758291000065
41746;08170210121200399260;08;1;21;000;2017;02;10;6;3;5;3;1;1;0;0;0;0;0;515855,729899999980000;5442477,444299999600000;9,217366354000035;49,134922927000048
41747;08170210121200399220;08;1;21;000;2017;02;23;6;3;0;7;0;1;1;0;0;2;0;516719,517899999980000;5442658,119800000500000;9,229215429000021;49,136525263000067
41750;08170210119200455330;08;1;19;020;2017;02;15;6;3;6;4;0;1;1;0;0;0;0;519294,636000000000000;5408813,104600000200000;9,262912038000025;48,831995395000035
41753;08170210117010406420;08;1;17;026;2017;02;13;6;3;6;4;0;1;1;0;0;0;0;547786,090399999990000;5395066,377700000100000;9,649526232000028;48,706799129000046
41760;08170210116010379120;08;1;16;080;2017;02;06;6;2;2;6;1;1;0;0;0;2;0;517581,052000000030000;5395568,608000000000000;9,238996494000048;48,712900181000066
41762;08170210111500457670;08;1;11;000;2017;02;07;6;2;6;4;0;1;1;0;0;1;0;512722,384399999980000;5405165,377000000300000;9,173244834000059;48,799350378000042
41767;08170215416010436730;08;4;15;061;2017;02;18;4;3;6;4;0;1;1;0;0;2;0;515660,999000000010000;5372214,859899999600000;9,212014230000023;48,502857083000038
41779;08170209337010437810;08;3;37;053;2017;02;12;5;3;6;4;0;1;1;0;0;0;0;457442,259000000020000;5268715,899000000200000;8,434166617000074;47,570463207000046
41782;08170209335010466860;08;3;35;079;2017;02;17;5;2;5;3;1;1;0;0;0;1;0;499910,403999999980000;5299063,123999999800000;8,998802494000074;47,844912468000075
41784;08170209325302389820;08;3;25;053;2017;02;17;5;3;6;4;0;1;1;0;0;1;0;454304,350199999990000;5341302,514200000100000;8,384759845000076;48,223299760000032
41788;08170209237200404350;08;2;37;030;2017;02;07;5;3;6;4;0;1;1;0;0;0;0;463997,923699999980000;5365749,154799999700000;8,513178155000048;48,443854306000048
41789;08170209235010427430;08;2;31;000;2017;02;08;5;2;0;7;1;1;0;0;0;0;0;477647,426700000010000;5415211,449799999600000;8,695071113000040;48,889450485000054
41794;08170217118200460530;08;1;18;080;2017;02;15;6;3;3;6;1;1;0;0;0;0;0;506498,630000000000000;5410237,189000000200000;9,088574470000026;48,845072033000065
41811;08170209118010399390;08;1;18;027;2017;02;17;5;3;3;6;1;1;0;0;0;1;0;501116,867700000000000;5413895,370799999700000;9,015232580000031;48,878013445000079
41813;08170209116100412520;08;1;16;014;2017;02;15;5;3;5;3;1;1;0;0;0;0;0;529463,483099999950000;5395676,704099999700000;9,400530471000025;48,713424333000034
41823;08170208416010436740;08;4;15;050;2017;02;06;4;3;6;4;0;1;1;0;0;0;0;522708,131700000030000;5375179,729600000200000;9,307576550000022;48,529314538000051
41826;08170208335100396870;08;3;35;043;2017;02;18;4;3;5;2;1;0;0;0;1;1;0;513529,890300000030000;5280255,263799999800000;9,180249492000030;47,675545956000065
41835;08170208299200464440;08;2;12;000;2017;02;07;4;2;4;6;1;0;0;0;0;2;0;458948,646599999980000;5428164,549800000200000;8,438690930000064;49,005010511000080
41850;08170208126010434310;08;1;21;000;2017;02;18;4;2;6;4;0;1;1;0;0;2;0;514396,891100000010000;5443232,562099999700000;9,197394222000071;49,141751391000071
41854;08170208119010463110;08;1;19;086;2017;02;12;4;2;5;3;1;1;0;0;0;0;0;535180,692999999970000;5405810,683000000200000;9,479114589000062;48,804289995000033
41864;08170215335100396920;08;3;35;043;2017;02;01;4;3;0;1;1;0;0;0;0;2;0;512264,524299999990000;5279860,500699999700000;9,163380872000062;47,672019254000077
41866;08170208115400453820;08;1;15;045;2017;02;17;4;3;6;4;0;1;1;0;0;1;0;497728,839500000000000;5396165,946200000100000;8,969122460000051;48,718517601000030
41870;08170208111110385550;08;1;11;000;2017;02;19;4;3;6;2;1;0;1;0;0;2;0;513428,465000000030000;5402566,392000000000000;9,182774783000070;48,775955308000050
41876;08170207335200457350;08;3;35;063;2017;02;08;3;3;0;7;1;0;0;0;0;0;0;496580,050600000020000;5288174,604299999800000;8,954376091000029;47,746933856000055
41888;08170225311010392840;08;3;11;000;2017;02;13;7;3;3;3;1;1;0;0;0;0;0;414572,756799999970000;5318026,922899999700000;7,854568264000022;48,009824742000035
41906;08170225211100396670;08;2;11;000;2017;02;22;7;2;6;7;0;1;1;0;0;2;0;444493,340000000030000;5400342,610000000300000;8,244831348000048;48,753620854000076
41915;08170225117010406440;08;1;17;051;2017;02;09;7;2;0;6;1;1;0;0;0;0;0;540863,948800000010000;5397016,037800000000000;9,555636043000050;48,724829548000059
41917;08170225111500403400;08;1;11;000;2017;02;16;7;2;2;2;1;1;0;0;0;0;0;513371,808100000020000;5401489,676699999700000;9,181968625000025;48,766270472000031
41938;08170224311010444930;08;3;11;000;2017;02;08;6;3;0;1;1;0;0;0;0;0;0;411617,250699999980000;5319290,521700000400000;7,814688152000031;48,020789190000073
41946;08170301111500500550;08;1;11;000;2017;03;17;4;3;5;3;1;1;0;0;0;0;1;513047,906699999990000;5403350,132199999900000;9,177619906000075;48,783013869000058
41949;08170227235114423610;08;2;35;079;2017;02;16;2;3;0;7;1;0;0;0;0;1;0;467294,215399999990000;5399745,385700000500000;8,555071746000067;48,749863597000058
41957;08170224222014455900;08;2;22;000;2017;02;07;6;3;5;2;1;1;0;0;0;0;0;460591,761000000000000;5481732,953999999900000;8,455887640000071;49,486956257000031
41959;08170224221000467190;08;2;21;000;2017;02;09;6;3;3;2;1;0;0;0;1;0;0;476551,314599999980000;5472948,110600000200000;8,676757311000074;49,408765169000048
41974;08170224118010399470;08;1;18;047;2017;02;11;6;2;6;4;0;0;1;0;1;0;0;506727,537000000010000;5426437,934299999800000;9,091961545000061;48,990807184000062
41976;08170224116500405600;08;1;16;049;2017;02;14;6;3;5;3;1;1;0;0;0;0;0;525296,297799999940000;5385345,408699999600000;9,343250576000060;48,620667234000052
41978;08170224115200443350;08;1;15;021;2017;02;19;6;3;6;2;0;1;1;0;0;2;1;490110,386600000030000;5382331,715300000300000;8,865876589000038;48,593988738000064
41984;08170223436210466560;08;4;36;079;2017;02;13;5;3;6;4;0;1;1;0;0;0;0;555526,962000000060000;5288547,358000000000000;9,740774375000058;47,747906135000051
41989;08170223435115413990;08;4;35;016;2017;02;15;5;3;5;3;1;1;0;0;0;0;0;539900,312799999960000;5285718,593299999800000;9,532054061000054;47,723611348000077
41990;08170223416010436980;08;4;15;061;2017;02;17;5;2;5;3;1;1;0;0;0;0;0;514864,981000000030000;5373685,975999999800000;9,201290442000072;48,516111073000047
42008;08170223311010450100;08;3;36;019;2017;02;16;5;3;5;2;1;1;0;0;0;0;0;394455,753000000030000;5276392,451000000400000;7,595053219000022;47,632327690000068
42010;08170223311010419910;08;3;15;048;2017;02;16;5;2;0;7;0;1;1;0;0;0;0;394988,014499999990000;5308157,358500000100000;7,594455853000056;47,918134652000049
42027;08170223211010425490;08;2;11;000;2017;02;14;5;2;3;2;1;1;0;0;0;0;0;441454,044999999980000;5403703,026499999700000;8,203007526000022;48,783569805000070
42034;08170223135010448710;08;1;35;019;2017;02;18;5;2;6;4;0;1;1;0;0;2;0;585048,861999999960000;5392267,861999999700000;10,155355518000022;48,677660510000067
42037;08170223119113441810;08;1;19;044;2017;02;18;5;3;6;4;0;0;1;0;1;1;0;542303,015600000040000;5425625,553200000000000;9,578158216000077;48,982087288000059
42038;08170223117300407610;08;1;17;026;2017;02;18;5;3;3;2;1;0;0;0;1;2;0;547638,793900000050000;5394624,266699999600000;9,647473237000042;48,702833386000066
42044;08170223111500425960;08;1;11;000;2017;02;17;5;3;5;2;1;0;0;0;0;1;0;512608,625699999980000;5402460,642500000100000;9,171612765000077;48,775021148000064
42045;08170223111500425910;08;1;11;000;2017;02;14;5;2;6;4;0;0;1;0;1;0;0;513630,915600000010000;5401826,889200000100000;9,185505812000031;48,769298393000042
42049;08170228221000467350;08;2;21;000;2017;02;13;3;3;3;2;1;1;0;0;0;0;1;476556,987000000020000;5472837,644700000100000;8,676842026000031;49,407771765000064
42055;08170222337010437990;08;3;37;126;2017;02;11;4;3;6;7;0;1;1;0;0;0;0;445113,783999999990000;5275684,887000000100000;8,269391059000043;47,632238092000080
42061;08170222311010450090;08;3;36;091;2017;02;11;4;3;5;3;1;0;0;0;1;0;0;394639,183800000000000;5271731,383200000000000;7,598614926000039;47,590430781000066
42063;08170222235010427360;08;2;31;000;2017;02;17;4;3;5;3;1;1;0;0;0;2;0;477646,308900000000000;5415277,657499999700000;8,695052243000021;48,890046027000039
42068;08170222222500452040;08;2;22;000;2017;02;08;4;3;5;2;1;0;0;0;1;0;0;460581,170300000000000;5481740,132700000000000;8,455740704000050;49,487020137000059
42074;08170222211010425520;08;2;11;000;2017;02;17;4;2;5;3;1;1;0;0;0;1;1;441709,256500000020000;5403603,894399999600000;8,206495457000074;48,782702073000053
42080;08170227121500411210;08;1;25;063;2017;02;08;2;3;6;7;0;0;1;0;1;0;0;524069,366199999990000;5460187,023900000400000;9,331027581000058;49,293956035000065
42081;08170222118300446830;08;1;18;051;2017;02;09;4;3;5;3;1;1;0;0;0;0;0;509501,542000000020000;5415053,513000000300000;9,129615060000049;48,888360025000054
42092;08170222116010409550;08;1;16;071;2017;02;17;4;3;5;3;1;1;0;0;0;0;0;528132,702999999980000;5391031,770999999700000;9,382123763000038;48,671700453000028
42101;08170221437100391960;08;4;37;100;2017;02;14;3;3;5;3;1;1;0;0;0;0;0;537288,217199999960000;5318050,209300000200000;9,500014487000044;48,014656777000027
42115;08170228115100457060;08;1;15;044;2017;02;18;3;3;5;3;1;1;0;0;0;1;1;504393,542699999990000;5389264,249699999600000;9,059658968000065;48,656417891000046
42121;08170221337010438010;08;3;37;045;2017;02;07;3;2;0;1;1;0;0;0;0;0;1;436903,408100000000000;5289063,404099999900000;8,158176380000043;47,751852611000061
42123;08170221336300447570;08;3;36;081;2017;02;07;3;3;5;3;1;1;0;0;0;1;1;412222,499599999980000;5278005,220700000400000;7,831174866000026;47,649488292000058
42131;08170227117010406480;08;1;17;026;2017;02;14;2;3;0;7;1;0;0;0;0;0;0;550579,058399999980000;5392635,051000000000000;9,687188770000034;48,684708005000061
42134;08170221317100378650;08;3;17;001;2017;02;06;3;2;5;3;1;1;0;0;0;2;1;431512,622700000010000;5386647,601400000000000;8,070520908000049;48,629142970000032
42149;08170226436500416860;08;4;35;035;2017;02;18;1;2;6;4;0;0;1;0;1;2;0;541140,976600000050000;5283523,465499999900000;9,548389769000039;47,703783398000041
42171;08170228136100385200;08;1;36;021;2017;02;17;3;3;6;4;0;1;1;0;0;0;1;575504,560900000040000;5407543,467500000300000;10,028523435000068;48,816285208000068
42182;08170221116010379180;08;1;16;077;2017;02;09;3;3;6;4;0;1;1;0;0;0;1;518157,332700000030000;5388626,849000000400000;9,246525422000048;48,650435377000065
42186;08170226417100446150;08;4;17;075;2017;02;17;1;3;6;4;1;0;1;0;0;0;0;508740,040600000010000;5336115,316300000100000;9,117571297000040;48,178217191000044
42204;08170228326110449940;08;3;26;005;2017;02;11;3;3;6;7;0;1;1;0;0;0;1;465336,529400000000000;5298590,005699999600000;8,536746801000049;47,839720998000075
42205;08170220325010465760;08;2;37;040;2017;02;06;2;1;6;4;0;1;1;0;0;2;0;478427,480800000020000;5367623,237300000200000;8,708195230000058;48,461374198000044
42209;08170220316100435910;08;3;16;043;2017;02;06;2;2;0;1;1;0;0;0;0;2;0;412872,058800000000000;5335572,430700000400000;7,828189441000063;48,167419951000056
42212;08170220299200464250;08;2;15;025;2017;02;07;2;3;6;6;0;1;1;0;0;0;0;474919,808399999980000;5434107,764000000400000;8,656696976000035;49,059327805000066
42216;08170226311010419950;08;3;15;098;2017;02;20;1;2;6;7;0;1;1;0;0;2;0;403918,254599999990000;5310160,022400000100000;7,713504261000026;47,937549266000076
42224;08170227235118440620;08;2;35;079;2017;02;12;2;3;6;4;0;1;1;0;0;0;0;469048,155000000030000;5402790,303000000300000;8,578702537000027;48,777344543000027
42234;08170220126010434280;08;1;25;030;2017;02;11;2;2;6;7;0;1;1;0;0;0;0;514961,862199999970000;5439020,515800000200000;9,204984207000052;49,103848989000028
42242;08170220117300461300;08;1;17;026;2017;02;18;2;3;6;4;0;1;1;0;0;1;0;547920,644199999980000;5394255,121500000400000;9,651260849000039;48,699491149000039
42246;08170220115400644950;08;1;15;001;2017;02;16;2;3;3;6;1;0;0;0;1;0;0;491231,925800000030000;5391613,448300000300000;8,880890520000037;48,677505483000061
42251;08170220111320409420;08;1;11;000;2017;02;19;2;3;5;3;1;1;0;0;0;2;1;514855,352499999980000;5406112,838399999800000;9,202324259000022;48,807826303000070
42285;08170219117400434130;08;1;17;051;2017;02;16;1;3;0;1;1;0;0;0;0;0;0;542278,205700000050000;5394633,549999999800000;9,574620882000033;48,703303282000036
42292;08170219111500425920;08;1;11;000;2017;02;20;1;3;0;4;0;0;1;0;1;2;0;513620,007400000000000;5401834,224800000000000;9,185357604000046;48,769364622000069
42297;08170225416010436930;08;4;15;061;2017;02;15;7;3;6;4;0;1;1;0;0;0;0;510882,105800000020000;5364873,968500000400000;9,147128142000042;48,436916326000073
42298;08170219111230420790;08;2;35;047;2017;02;17;1;3;6;6;0;1;1;0;0;0;0;476469,539999999980000;5389153,921000000100000;8,680493738000052;48,654997698000045
42299;08170225416010436890;08;4;15;027;2017;02;22;7;2;6;6;0;1;1;0;0;2;0;531927,027000000000000;5361082,172000000300000;9,431365143000051;48,402088786000036
42310;08170218325010465780;08;4;17;002;2017;02;23;7;2;6;4;0;1;1;0;0;2;0;488958,609000000000000;5347072,761800000400000;8,851185441000041;48,276763296000070
42311;08170218317310461780;08;3;17;026;2017;02;16;7;3;4;6;1;1;0;0;0;0;0;412217,985600000010000;5345325,840599999800000;7,817375916000060;48,255061277000038
42346;08170227317300458410;08;3;17;065;2017;02;16;2;3;6;4;0;1;1;0;0;0;0;416351,282000000010000;5354435,685999999800000;7,871244335000029;48,337563281000030
42349;08170218116100434930;08;1;16;019;2017;02;17;7;3;2;7;1;1;0;0;0;0;0;524237,908999999990000;5397598,723700000000000;9,329607646000056;48,730939670000055
42356;08170301111130473580;08;1;11;000;2017;03;20;4;3;6;2;0;1;1;0;0;2;1;510561,582999999980000;5401971,883000000400000;9,143738541000062;48,770662413000082
42386;08170308335010579590;08;4;36;064;2017;03;07;4;2;5;3;1;1;0;0;0;1;1;546444,856999999960000;5291379,998999999800000;9,619922523000071;47,774109570000064