OBJECTID;UIDENTSTLA;ULAND;UREGBEZ;UKREIS;UGEMEINDE;UJAHR;UMONAT;USTUNDE;UWOCHENTAG;UKATEGORIE;UART;UTYP1;IstRad;IstPKW;IstFuss;IstKrad;IstSonstig;LICHT;STRZUSTAND;LINREFX;LINREFY;XGCSWGS84;YGCSWGS84
42389;08170311111250561870;08;1;11;000;2017;03;15;7;3;6;7;0;1;1;0;0;0;0;514108,418799999980000;5404019,293800000100000;9,192079446000037;48,789010429000029
42391;08170311111250520390;08;1;11;000;2017;03;09;7;3;3;6;1;1;0;0;0;0;0;514254,508500000000000;5401669,263399999600000;9,193986899000038;48,767866430000026
42399;08170308311200542410;08;3;15;073;2017;03;18;4;3;5;3;1;1;0;0;0;1;1;412539,990500000010000;5313560,141300000300000;7,828228251000041;47,969369649000043
42400;08170308311010558320;08;3;36;084;2017;03;19;4;3;6;4;0;1;1;0;0;2;1;405520,792900000000000;5277273,799999999800000;7,742115872000056;47,641965022000079
42405;08170308231202528040;08;2;36;004;2017;03;06;4;3;0;7;0;1;1;0;0;0;0;473007,106199999980000;5413510,873999999800000;8,631882418000032;48,873968001000037
42420;08170308126010538800;08;1;21;000;2017;03;13;4;3;6;7;0;1;1;0;0;0;0;517034,707300000010000;5443159,243599999700000;9,233557646000065;49,141024375000029
42422;08170308119400470950;08;1;19;090;2017;03;13;4;3;5;3;1;1;0;0;0;0;0;529963,559899999990000;5407233,859600000100000;9,408170077000023;48,817365856000038
42429;08170308116214531610;08;1;16;047;2017;03;16;4;3;6;4;0;1;1;0;0;0;0;520550,515599999980000;5392370,024799999800000;9,279203685000027;48,684034982000071
42431;08170308111500546340;08;1;11;000;2017;03;19;4;3;6;4;0;1;1;0;0;2;1;516266,166000000030000;5405701,411999999500000;9,221522557000071;48,804089845000078
42438;08170312337010523200;08;3;37;022;2017;03;09;1;1;9;1;1;0;0;0;0;0;0;451699,308599999990000;5295829,859899999600000;8,354812919000040;47,814008252000065
42447;08170310435100574710;08;4;35;029;2017;03;18;6;3;0;7;1;0;0;0;0;0;0;545222,944000000020000;5271646,672299999700000;9,601569105000067;47,596652116000030
42456;08170312335400478540;08;3;35;098;2017;03;14;1;3;4;1;1;0;0;0;0;0;0;504163,662399999970000;5296560,473399999600000;9,055625864000035;47,822381526000072
42483;08170312311300547840;08;3;11;000;2017;03;12;1;2;3;6;1;0;0;0;0;0;0;406251,476700000000000;5316817,393600000100000;7,743285185000048;47,997778478000043
42505;08170307116400560390;08;1;16;033;2017;03;10;3;3;5;3;1;1;0;0;0;0;1;530386,897000000000000;5389846,750000000000000;9,412654417000056;48,660934484000052
42521;08170312216100566030;08;2;16;043;2017;03;18;1;3;1;7;1;1;0;0;0;2;0;441744,122700000010000;5411719,176000000000000;8,205817594000052;48,855702590000078
42550;08170310335010496370;08;3;35;080;2017;03;20;6;3;0;1;1;0;0;0;0;2;0;476738,522600000030000;5293333,313699999800000;8,689405825000051;47,792938465000077
42554;08170311235200472990;08;2;35;032;2017;03;12;7;3;1;5;1;1;0;0;0;0;0;473254,047700000000000;5376487,551400000200000;8,637649180000040;48,540920815000050
42555;08170306118400494230;08;1;18;048;2017;03;20;2;3;0;7;1;0;0;0;1;2;1;513470,409800000020000;5415274,430999999900000;9,183763310000074;48,890273785000034
42576;08170310317300551010;08;3;17;065;2017;03;10;6;3;5;2;1;1;0;0;0;0;0;414217,490200000000000;5355303,457200000100000;7,842280227000060;48,345082600000069
42578;08170310317100484080;08;3;17;001;2017;03;07;6;3;5;3;1;1;0;0;0;0;1;432935,308399999980000;5383728,535899999600000;8,090298289000032;48,603039923000040
42583;08170305311400554350;08;3;15;074;2017;03;11;1;2;6;2;0;1;1;0;0;0;0;396748,385000000010000;5296516,234000000200000;7,620791697000072;47,813711194000064
42596;08170305231202528010;08;2;36;004;2017;03;12;1;3;2;2;1;1;0;0;0;0;0;471804,751400000010000;5411361,786299999800000;8,615633672000058;48,854582099000027
42605;08170305212702546650;08;2;15;110;2017;03;14;1;3;6;4;0;1;1;0;0;0;0;461717,860600000010000;5419258,098799999800000;8,477391489000070;48,925072330000035
42607;08170305199200557580;08;1;15;028;2017;03;12;1;3;2;6;1;0;0;0;0;0;0;501500,776100000020000;5400104,439700000000000;9,020418131000042;48,753950736000036
42626;08170310226600509040;08;2;26;082;2017;03;20;6;3;6;4;0;1;1;0;0;2;0;475344,719900000030000;5480058,794599999700000;8,659682247000035;49,472676430000035
42627;08170312117300572880;08;1;17;026;2017;03;18;1;3;8;1;1;0;0;0;0;2;0;550659,366400000060000;5392092,782399999900000;9,688213323000070;48,679823533000047
42646;08170310212302489270;08;2;12;000;2017;03;00;6;2;0;7;1;0;0;0;0;2;1;454566,247600000000000;5428269,634600000500000;8,378760655000065;49,005648708000081
42661;08170304416010541690;08;4;15;062;2017;03;17;7;2;5;3;1;1;0;0;0;0;0;519832,369699999980000;5378738,017000000000000;9,268794939000031;48,561423187000059
42663;08170304336400559730;08;3;36;008;2017;03;10;7;3;5;2;1;1;0;0;0;0;0;396552,918000000010000;5276222,382899999600000;7,623001316000057;47,631136335000065
42664;08170304336400490040;08;3;36;019;2017;03;13;7;2;5;3;1;1;0;0;0;0;0;394065,292699999990000;5277265,335799999500000;7,589645940000025;47,640115555000079
42669;08170304317500575120;08;3;17;047;2017;03;14;7;3;5;2;1;1;0;0;0;0;0;420950,646100000010000;5361658,630199999500000;7,931938664000029;48,403126192000059
42689;08170304222014565800;08;2;26;068;2017;03;13;7;2;5;3;1;1;0;0;0;0;0;468025,151499999980000;5459387,463200000100000;8,560314713000025;49,286401479000062
42716;08170310118010495670;08;1;15;015;2017;03;06;6;2;4;6;1;1;0;0;0;2;0;491680,384599999990000;5388554,556699999600000;8,887044084000024;48,649993445000064
42717;08170310118010495660;08;1;18;050;2017;03;10;6;3;6;2;0;1;1;0;0;0;0;506074,824399999980000;5416690,300099999600000;9,082893980000051;48,903127252000047
42730;08170303436500571690;08;4;36;095;2017;03;22;6;2;6;4;0;1;1;0;0;2;0;537264,915799999960000;5292949,665000000000000;9,497533392000037;47,788828518000059
42734;08170310111500568000;08;1;11;000;2017;03;15;6;2;5;3;1;1;0;0;0;0;0;515986,292299999970000;5405047,803000000300000;9,217685649000032;48,798217330000057
42737;08170310111500528790;08;1;11;000;2017;03;09;6;2;6;4;0;1;1;0;0;0;0;515886,497500000000000;5398880,090400000100000;9,216088533000061;48,742735686000060
42749;08170309436500538690;08;4;36;083;2017;03;21;5;2;6;4;0;1;1;0;0;2;1;531761,533000000050000;5301529,968999999600000;9,424687894000044;47,866322287000060
42754;08170303335300533890;08;3;35;075;2017;03;13;6;3;4;6;1;0;0;0;0;0;0;488165,016999999990000;5288737,568400000200000;8,842100117000030;47,751899623000043
42759;08170303316100551230;08;3;16;011;2017;03;20;6;2;6;4;0;1;1;0;0;2;0;414240,519099999980000;5329951,513600000200000;7,847722663000070;48,117045149000035
42769;08170309336400490070;08;3;36;008;2017;03;09;5;3;3;6;1;1;0;0;0;0;1;396424,281000000020000;5276175,901999999800000;7,621300520000034;47,630697670000075
42775;08170311417300578280;08;4;17;013;2017;03;16;7;2;0;1;1;0;0;0;0;0;0;514702,162799999990000;5351448,596400000200000;9,198306138000021;48,316056793000030
42777;08170309335010579600;08;4;35;016;2017;03;16;5;2;6;4;0;0;1;0;1;0;1;535953,327099999990000;5277746,476599999700000;9,478767780000055;47,652115252000044
42784;08170303216100539200;08;2;16;043;2017;03;05;6;3;0;2;1;1;0;0;0;2;0;440691,385000000010000;5412689,464999999900000;8,191326867000043;48,864330538000047
42786;08170303215102498540;08;2;15;109;2017;03;11;6;2;6;7;0;0;1;0;1;0;0;464352,261799999980000;5437945,332999999600000;8,511712580000051;49,093326503000071
42797;08170309317500575160;08;3;17;096;2017;03;13;5;3;6;6;1;0;1;0;0;0;1;421662,365999999980000;5368800,946999999700000;7,940217782000048;48,467459927000050
42803;08170303116010468960;08;1;16;070;2017;03;19;6;3;4;2;1;0;0;0;1;2;0;539820,995899999980000;5385197,151100000400000;9,540317432000052;48,618577542000025
42806;08170303111500510020;08;1;11;000;2017;03;07;6;3;5;3;1;1;0;0;0;0;0;515732,747800000010000;5399009,836600000000000;9,214002196000024;48,743906780000032
42807;08170311335010579620;08;4;35;057;2017;03;11;7;3;8;7;1;0;0;0;0;0;0;542069,740800000030000;5279652,350999999800000;9,560395956000036;47,668894184000067
42825;08170302426010492640;08;4;26;097;2017;03;15;5;2;0;1;1;0;0;0;0;0;0;536286,723499999960000;5337648,250699999700000;9,488252434000060;48,191032130000053
42833;08170309226600509020;08;2;26;096;2017;03;13;5;3;0;5;1;0;0;0;1;0;1;475361,657000000010000;5488868,506799999600000;8,659366202000058;49,551917447000051
42838;08170311226200475000;08;2;26;032;2017;03;14;7;2;1;6;1;1;0;0;0;0;0;461635,941600000020000;5465145,021200000300000;8,471907128000055;49,337821560000066
42842;08170309215302544770;08;2;15;059;2017;03;12;5;3;6;4;0;1;1;0;0;0;1;485464,587000000000000;5434155,127999999600000;8,801033216000064;49,060092941000050
42865;08170302226715523820;08;2;26;095;2017;03;14;5;3;5;3;1;1;0;0;0;0;0;473151,258800000010000;5460534,051400000200000;8,630724963000034;49,296961717000045
42868;08170309136010485480;08;1;36;010;2017;03;12;5;2;6;4;0;0;1;0;1;0;1;602556,698600000000000;5410957,814600000200000;10,397782336000034;48,843114921000051
42870;08170302221000580160;08;2;21;000;2017;03;14;5;3;5;2;1;1;0;0;0;0;0;477728,586799999990000;5473235,750799999600000;8,692969750000032;49,411396676000038
42873;08170311317000579160;08;3;17;096;2017;03;13;7;2;5;3;1;1;0;0;0;0;0;421918,957999999980000;5369776,279000000100000;7,943506313000057;48,476264863000040
42877;08170302199200557560;08;1;15;021;2017;03;04;5;3;5;3;1;1;0;0;0;2;1;491795,081499999970000;5381331,259899999900000;8,888744212000063;48,585012742000060
42890;08170311311400552150;08;3;15;050;2017;03;12;7;3;0;1;1;0;0;0;0;0;0;400425,994699999980000;5304701,013799999800000;7,668018098000061;47,887912843000038
42891;08170302119400544270;08;1;19;091;2017;03;16;5;3;6;7;0;1;1;0;0;0;0;527136,516799999980000;5403035,071600000400000;9,369382926000071;48,779724551000072
42895;08170302111500567920;08;1;11;000;2017;03;00;5;3;6;4;0;1;1;0;0;2;1;512600,969500000010000;5401588,573699999600000;9,171481841000059;48,767176229000029
42905;08170301435200570190;08;4;35;052;2017;03;19;4;2;6;6;1;0;1;0;0;2;1;522821,809200000020000;5290034,704699999700000;9,304550311000071;47,763275263000025
42908;08170301426010492630;08;4;26;070;2017;03;18;4;2;5;2;1;1;0;0;0;2;1;561492,597900000050000;5340949,255400000100000;9,827856828000051;48,218787137000049
42912;08170301326300492340;08;3;26;052;2017;03;18;4;3;6;7;0;0;1;0;1;2;1;454537,671299999990000;5330194,802699999900000;8,389089273000025;48,123387094000066
42913;08170301325010578210;08;3;26;010;2017;03;07;4;2;6;4;0;1;1;0;0;0;1;466508,485500000010000;5327150,357200000400000;8,550182933000031;48,096739496000055
42940;08170301221000579920;08;2;21;000;2017;03;13;4;2;5;3;1;1;0;0;0;0;1;478667,882700000020000;5473447,778699999700000;8,705907161000027;49,413337493000029
42941;08170301216200573370;08;2;16;007;2017;03;17;4;3;5;3;1;1;0;0;0;1;1;436301,111099999980000;5393690,269500000400000;8,134415948000026;48,692998711000030
42966;08170324118600508830;08;1;18;073;2017;03;18;6;3;6;6;1;0;1;0;0;0;0;498417,818499999990000;5418533,210000000000000;8,978403197000034;48,919733388000054
42973;08170318128010535540;08;1;28;131;2017;03;23;7;2;6;1;0;1;1;0;0;2;1;544352,422999999950000;5513026,002000000300000;9,615911531000052;49,768068398000025
42986;08170317437200548510;08;4;37;104;2017;03;14;6;3;0;7;1;0;0;0;0;0;0;514564,069100000020000;5326183,768600000100000;9,195576321000033;48,088756979000038
42992;08170324115400506450;08;1;15;054;2017;03;09;6;3;5;3;1;1;0;0;0;0;0;493197,494000000010000;5395630,487999999900000;8,907525483000029;48,713667614000030
42995;08170317435212517820;08;4;35;052;2017;03;11;6;3;5;3;1;1;0;0;0;0;0;521697,547599999990000;5291532,368900000100000;9,289622379000036;47,776789227000052
43001;08170317415400521450;08;4;15;061;2017;03;21;6;3;1;3;1;1;0;0;0;2;0;515202,456999999990000;5370876,908200000400000;9,205757945000073;48,490831669000045
43004;08170320299200576660;08;2;12;000;2017;03;10;2;3;5;3;1;1;0;0;0;0;0;455999,195400000030000;5429208,135900000100000;8,398251218000041;49,014194450000048
43005;08170317337110543010;08;3;37;038;2017;03;12;6;3;6;4;0;1;1;0;0;0;0;428234,455200000030000;5279939,951299999800000;8,044034680000038;47,668867936000026
43014;08170324111500528930;08;1;11;000;2017;03;17;6;3;5;2;1;1;0;0;0;0;0;516662,240200000000000;5405825,026600000400000;9,226921510000068;48,805191372000081
43026;08170317317500472490;08;3;17;096;2017;03;18;6;3;5;3;1;1;0;0;0;1;0;421994,073700000010000;5368736,904699999800000;7,944716404000076;48,466925101000072
43028;08170320235200473100;08;2;35;006;2017;03;15;2;3;0;1;1;0;0;0;0;0;0;470580,901000000010000;5381646,883100000200000;8,601069740000071;48,587214914000072
43030;08170317317300479350;08;3;17;150;2017;03;18;6;2;5;3;1;1;0;0;0;1;0;408222,022500000020000;5359660,901300000000000;7,760433698000043;48,383432957000082
43032;08170317317100531390;08;3;17;110;2017;03;14;6;3;1;7;1;1;0;0;0;0;0;427193,846800000000000;5382033,477599999900000;8,012726732000033;48,587151537000068
43033;08170317317000579050;08;3;17;008;2017;03;14;6;2;6;7;0;0;1;0;1;0;0;441223,260599999980000;5364290,903699999700000;8,205447488000061;48,429021728000066
43041;08170323416010542030;08;4;15;029;2017;03;16;5;2;6;4;0;1;1;0;0;0;0;522508,130500000030000;5379198,993999999900000;9,305084883000063;48,565479846000073
43047;08170317215102498850;08;2;15;090;2017;03;07;6;3;3;7;1;0;0;0;1;0;0;465087,602100000020000;5432964,724200000100000;8,522214395000049;49,048567136000031
43049;08170317211010528560;08;2;16;023;2017;03;07;6;2;5;3;1;1;0;0;0;0;0;436681,333999999970000;5408303,139999999700000;8,137334057000032;48,824479839000048
43052;08170317127202574520;08;1;27;014;2017;03;09;6;3;3;2;1;1;0;0;0;0;0;574882,572700000020000;5443453,940700000200000;10,026664774000039;49,139346992000071
43059;08170320215402506130;08;2;15;009;2017;03;09;2;3;6;4;0;1;1;0;0;0;0;470098,525199999970000;5441635,747200000100000;8,590146764000053;49,126828664000072
43060;08170317126010538880;08;1;21;000;2017;03;07;6;2;5;3;1;1;0;0;0;0;0;514904,814799999990000;5442836,004800000200000;9,204343598000037;49,138172108000049
43073;08170323335100536930;08;3;35;043;2017;03;07;5;3;2;6;1;0;0;0;0;0;0;513842,672100000030000;5279558,237499999800000;9,184394355000052;47,669267732000037
43086;08170317111500500650;08;1;11;000;2017;03;09;6;3;5;3;1;1;0;0;0;0;0;513313,609000000000000;5404392,918999999800000;9,181270652000023;48,792389048000075
43095;08170316435100507400;08;4;35;016;2017;03;17;5;3;3;2;1;1;0;0;0;0;0;536025,083100000050000;5279645,801699999700000;9,479879853000057;47,669200259000036
43096;08170316435100507390;08;4;35;016;2017;03;16;5;3;0;1;1;0;0;0;0;0;0;535721,946400000020000;5277729,745600000000000;9,475685372000044;47,651977532000046
43113;08170316336100470820;08;3;36;050;2017;03;15;5;3;5;3;1;1;0;0;0;0;0;399096,715900000010000;5275399,756099999900000;7,657042048000051;47,624137944000040
43115;08170323311010558550;08;3;36;050;2017;03;15;5;3;5;3;1;1;0;0;0;0;0;399146,293999999990000;5275445,805999999900000;7,657691108000051;47,624559898000030
43122;08170316335100521940;08;3;35;043;2017;03;17;5;2;6;6;1;0;1;0;0;0;0;515022,742399999990000;5281301,287899999900000;9,200173621000033;47,684924734000049
43123;08170316335010579830;08;3;35;075;2017;03;15;5;2;5;3;1;1;0;0;0;0;0;492036,505999999990000;5286839,058000000200000;8,893787357000065;47,734877071000028
43124;08170316335010579820;08;3;35;077;2017;03;13;5;2;0;1;1;0;0;0;0;0;0;494058,658000000000000;5293438,268000000200000;8,920667432000073;47,794275580000033
43126;08170316335010579660;08;4;35;057;2017;03;17;5;3;5;3;1;1;0;0;0;0;0;548088,884700000050000;5281046,530000000300000;9,640723509000054;47,681018202000075
43135;08170316317600491440;08;3;17;040;2017;03;10;5;2;5;3;1;1;0;0;0;0;0;432162,374900000000000;5347454,182900000400000;8,085690173000046;48,276656444000025
43137;08170316317310573270;08;3;17;026;2017;03;15;5;3;5;3;1;1;0;0;0;0;0;411686,668999999990000;5346741,339999999900000;7,809923927000057;48,267719625000041
43142;08170316317000579170;08;3;17;096;2017;03;11;5;3;5;2;1;1;0;0;0;0;0;420471,543400000020000;5368147,094700000200000;7,924235112000076;48,461429155000076
43158;08170323222014565880;08;2;22;000;2017;03;05;5;2;6;4;0;0;1;0;1;2;0;462516,848100000000000;5486122,781399999700000;8,482049608000068;49,526562327000079
43159;08170324435200468800;08;4;35;034;2017;03;16;6;3;6;6;1;0;1;0;0;0;0;529397,625200000010000;5285224,639100000300000;9,391975743000046;47,719730873000060
43164;08170316235100571170;08;2;35;008;2017;03;17;5;2;2;6;1;1;0;0;0;0;0;486418,625000000000000;5401057,073099999700000;8,815193804000046;48,762374259000069
43178;08170319436400541620;08;4;36;011;2017;03;22;1;3;6;7;1;0;1;0;0;2;0;548546,389199999980000;5297016,277900000100000;9,648601765000024;47,824663838000049
43179;08170316215202499810;08;2;15;064;2017;03;18;5;3;0;7;1;0;0;0;0;0;0;477509,153700000020000;5451323,183299999700000;8,691179358000056;49,214285162000067
43185;08170323211010528590;08;2;16;017;2017;03;09;5;2;0;7;1;0;0;0;0;0;0;450831,593600000020000;5401901,436099999600000;8,330870575000063;48,768175866000036
43188;08170323199200482890;08;1;15;054;2017;03;17;5;2;1;5;1;1;0;0;0;0;0;493634,893900000020000;5395313,010900000100000;8,913476467000066;48,710816191000049
43195;08170316127202532960;08;1;27;014;2017;03;06;5;3;3;2;1;1;0;0;0;0;0;578327,060900000040000;5442835,649000000200000;10,073761201000025;49,133356655000057
43199;08170316126100534130;08;1;26;056;2017;03;12;5;3;6;7;1;0;1;0;0;0;0;557436,147099999940000;5466516,876899999600000;9,790801747000046;49,348662807000039
43209;08170323121200570040;08;1;21;000;2017;03;17;5;3;4;3;1;1;0;0;0;0;0;516231,465499999990000;5444476,607599999800000;9,222597811000071;49,152896235000071
43215;08170323119300495260;08;1;19;076;2017;03;14;5;3;5;3;1;1;0;0;0;0;0;541637,793700000040000;5406434,190399999700000;9,567110867000054;48,809499710000068
43217;08170316119113548570;08;1;19;044;2017;03;15;5;3;2;4;0;1;1;0;0;0;0;546801,532299999960000;5424833,272599999800000;9,639544748000049;48,974636182000040
43235;08170316116200534340;08;1;16;078;2017;03;13;5;3;6;4;0;1;1;0;0;0;0;512924,422000000020000;5390527,488599999800000;9,175537013000053;48,667663882000056
43242;08170323117010504030;08;1;17;026;2017;03;07;5;2;9;1;1;0;0;0;0;0;0;549317,479199999940000;5394948,693699999700000;9,670325911000077;48,705621289000078
43258;08170316115400536520;08;1;15;045;2017;03;18;5;3;0;6;1;0;0;0;0;0;0;499005,406200000030000;5395058,183299999700000;8,986480679000067;48,708555437000030
43274;08170315417100515570;08;4;17;031;2017;03;18;4;3;6;7;0;1;1;0;0;1;0;497694,018900000020000;5355956,945299999800000;8,968871624000030;48,356783604000043
43275;08170315416010541930;08;4;15;061;2017;03;16;4;2;6;4;0;1;1;0;0;0;0;515663,098000000000000;5370673,993200000400000;9,211984847000053;48,488994861000037
43281;08170315336310476420;08;3;36;079;2017;03;14;4;3;5;3;1;1;0;0;0;0;0;417714,554400000020000;5293818,500000000000000;7,901304234000065;47,792465808000031
43282;08170315335100508670;08;3;35;043;2017;03;13;4;3;5;3;1;1;0;0;0;0;0;512275,706000000010000;5279858,367999999800000;9,163529768000046;47,671999852000056
43283;08170315335010579810;08;3;35;043;2017;03;13;4;2;5;2;1;1;0;0;0;0;0;512544,666199999980000;5280716,071899999900000;9,167137325000056;47,679712018000032
43296;08170324416010542040;08;4;16;036;2017;03;18;6;2;0;6;1;1;0;0;0;1;0;486476,858200000020000;5371964,307000000000000;8,816935434000072;48,500652687000070
43300;08170315317100484100;08;3;17;001;2017;03;11;4;3;3;2;1;1;0;0;0;0;0;431775,214600000010000;5387058,235600000200000;8,074016609000069;48,632865335000076
43304;08170315311010558440;08;3;36;050;2017;03;11;4;3;5;3;1;1;0;0;0;0;0;399256,745000000000000;5274923,748800000200000;7,659280832000036;47,619881018000058
43309;08170315235100677670;08;2;35;085;2017;03;10;4;3;5;3;1;1;0;0;0;0;0;481329,619499999970000;5395663,626799999700000;8,746191042000021;48,713723301000073
43314;08170315235010564200;08;2;36;072;2017;03;19;4;1;6;4;0;1;1;0;0;2;0;463676,403799999970000;5410261,978500000200000;8,504926918000024;48,844266131000040
43315;08170322231202528260;08;2;36;013;2017;03;17;4;3;6;4;0;1;1;0;0;0;0;476376,296900000020000;5408218,250000000000000;8,678134507000038;48,826494624000077
43321;08170325215302544920;08;2;15;007;2017;03;13;7;3;5;3;1;1;0;0;0;0;0;478504,894299999990000;5431173,469700000200000;8,705925356000023;49,033068113000070
43330;08170315211010528540;08;2;16;017;2017;03;14;4;2;8;1;1;0;0;0;0;0;0;451070,733699999980000;5402034,597099999900000;8,334108947000061;48,769392547000052
43336;08170322215102498940;08;2;12;000;2017;03;07;4;3;5;3;1;1;0;0;0;0;1;455775,780000000030000;5431341,942099999600000;8,394963352000048;49,033372228000076
43352;08170315121400543870;08;1;25;013;2017;03;13;4;3;6;4;0;1;1;0;0;0;0;505705,160500000000000;5437023,065200000100000;9,078135270000075;49,086036529000069
43356;08170315121400543860;08;1;25;038;2017;03;15;4;2;5;3;1;1;0;0;0;0;0;502178,294100000000000;5434963,208200000200000;9,029821838000032;49,067529685000068
43361;08170325111500568110;08;1;11;000;2017;03;17;7;2;5;2;1;1;0;0;0;0;0;514861,386600000030000;5406114,619599999900000;9,202406505000056;48,807842182000059
43372;08170314436500481450;08;4;36;085;2017;03;16;3;2;4;2;1;1;0;0;0;0;0;559512,645999999950000;5296789,853900000500000;9,795071580000069;47,821705573000031
43373;08170314435100522240;08;4;35;057;2017;03;17;3;3;4;2;1;1;0;0;0;0;0;541587,951000000000000;5279710,438000000100000;9,553984048000075;47,669447974000036
43382;08170314415300468840;08;4;15;019;2017;03;14;3;3;0;7;1;0;0;0;0;0;0;518472,001099999990000;5369522,924200000200000;9,249949392000076;48,478563162000057
43393;08170321416010541990;08;4;15;061;2017;03;09;3;3;0;2;1;1;0;0;0;0;0;514163,943600000000000;5370857,824000000000000;9,191701603000070;48,490684248000036
43397;08170314335112571640;08;3;35;043;2017;03;18;3;3;0;3;1;1;0;0;0;2;0;512216,927000000030000;5280823,652099999600000;9,162773761000040;47,680686264000030
43401;08170314325010578350;08;3;27;049;2017;03;18;3;2;5;3;1;1;0;0;0;1;0;473223,932399999990000;5325179,356100000400000;8,640498137000066;48,079324295000049
43409;08170321337100556740;08;3;37;096;2017;03;10;3;3;0;7;1;0;0;0;0;0;0;421336,412799999990000;5267764,813199999700000;7,954349266000065;47,558534531000078
43418;08170314299200576580;08;2;15;108;2017;03;10;3;3;3;6;1;0;0;0;1;0;0;448431,397000000000000;5423100,122000000400000;8,295537613000022;48,958667018000028
43423;08170314215202499790;08;2;15;100;2017;03;17;3;3;2;6;1;1;0;0;0;0;0;474104,109000000000000;5450024,554999999700000;8,644509508000056;49,202469388000054
43425;08170319136010485540;08;1;36;045;2017;03;12;1;2;0;1;1;0;0;0;0;0;0;604277,868200000030000;5406893,582399999700000;10,420199944000046;48,806278028000065
43428;08170321316200533640;08;3;16;014;2017;03;15;3;3;5;3;1;1;0;0;0;0;0;424949,592799999980000;5330736,381799999600000;7,991448425000044;48,125458016000039
43430;08170321311010558530;08;3;36;050;2017;03;19;3;3;5;3;1;1;0;0;0;2;0;399226,874000000010000;5275519,716000000000000;7,658746271000041;47,625237284000036
43431;08170321299200576690;08;2;12;000;2017;03;15;3;3;0;4;0;0;1;0;1;0;1;461217,278899999980000;5422626,531700000200000;8,470237516000054;48,955341315000055
43432;08170321299200576680;08;2;12;000;2017;03;16;3;3;1;5;1;1;0;0;0;1;1;456666,411100000030000;5428248,098299999700000;8,407477935000031;49,005606020000073
43449;08170314118010495680;08;1;15;015;2017;03;12;3;2;5;3;1;0;0;0;1;0;0;494661,638199999990000;5385888,005199999500000;8,927555057000063;48,626037255000028
43454;08170321222500542800;08;2;22;000;2017;03;18;3;3;6;4;1;0;1;0;0;2;1;464833,464199999990000;5480667,074400000300000;8,514545580000061;49,477629797000077
43457;08170314116010469030;08;1;16;019;2017;03;11;3;2;3;2;1;0;0;0;1;0;0;523520,511899999980000;5397218,226200000400000;9,319830325000055;48,727544245000047
43458;08170321212402477660;08;2;12;000;2017;03;12;3;2;5;3;1;0;0;0;0;0;1;456658,395499999980000;5428246,983900000300000;8,407368459000054;49,005595433000053
43470;08170314111500528850;08;1;11;000;2017;03;16;3;3;2;2;0;1;1;0;0;0;0;515671,776699999990000;5405339,517699999700000;9,213414048000061;48,800849565000078
43499;08170319119400471010;08;1;19;091;2017;03;20;1;3;5;2;1;1;0;0;0;2;0;527114,644800000010000;5406879,699300000400000;9,369339023000066;48,814310806000037
43506;08170321121300516690;08;1;21;000;2017;03;17;3;2;6;4;0;1;1;0;0;0;1;511109,272600000030000;5440480,533900000200000;9,152242415000046;49,117064107000033
43507;08170313311010520040;08;3;15;003;2017;03;12;2;2;0;1;1;0;0;0;0;0;0;412016,506300000010000;5311201,523699999800000;7,821698840000067;47,948081309000031
43521;08170313235100571120;08;2;35;007;2017;03;15;2;2;0;1;1;0;0;0;0;0;0;484478,816799999970000;5396668,199400000300000;8,788963739000053;48,722846782000033
43524;08170313235010530850;08;2;31;000;2017;03;09;2;2;6;4;0;1;1;0;0;0;0;477682,485999999980000;5415498,662999999700000;8,695533690000048;48,892035421000060
43532;08170320435112481420;08;4;35;024;2017;03;14;2;3;5;3;1;1;0;0;0;0;0;527674,206200000020000;5279791,121299999800000;9,368652147000034;47,670919091000030
43534;08170320435100507450;08;4;35;016;2017;03;17;2;3;5;2;1;1;0;0;0;0;0;536944,525799999940000;5278319,510499999900000;9,492014883000024;47,657215230000077
43548;08170320336200490020;08;3;36;069;2017;03;16;2;3;3;6;1;1;0;0;0;0;0;408697,925500000010000;5267887,198300000300000;7,786360490000050;47,557981041000062
43561;08170320335311544000;08;3;35;028;2017;03;16;2;3;5;3;1;1;0;0;0;0;0;481822,463999999980000;5288616,083999999800000;8,757484817000034;47,750658955000063
43564;08170320317510569310;08;3;17;034;2017;03;13;2;2;6;4;0;1;1;0;0;0;0;427271,427399999990000;5361267,222799999600000;8,017394966000040;48,400366399000063
43565;08170320316200494770;08;3;16;056;2017;03;18;2;3;0;3;1;1;0;0;0;0;0;419124,896000000010000;5325046,079099999700000;7,914266789000067;48,073557923000067
43570;08170320311010558510;08;3;36;050;2017;03;12;2;3;6;7;0;1;1;0;0;0;0;400011,131899999980000;5273792,442099999600000;7,669575819000045;47,609821382000064
43571;08170313111500546380;08;1;11;000;2017;03;15;2;3;6;7;0;1;1;0;0;0;0;512290,910600000000000;5406834,055900000000000;9,167419306000056;48,814370296000050
43572;08170313111330529390;08;1;11;000;2017;03;08;2;3;5;2;1;1;0;0;0;0;0;513043,591699999990000;5406994,766499999900000;9,177676928000039;48,815800680000052