OBJECTID;UIDENTSTLA;ULAND;UREGBEZ;UKREIS;UGEMEINDE;UJAHR;UMONAT;USTUNDE;UWOCHENTAG;UKATEGORIE;UART;UTYP1;IstRad;IstPKW;IstFuss;IstKrad;IstSonstig;LICHT;STRZUSTAND;LINREFX;LINREFY;XGCSWGS84;YGCSWGS84
43573;08170313111210482180;08;1;11;000;2017;03;07;2;3;6;4;0;1;1;0;0;0;0;510892,261200000010000;5397275,103000000100000;9,148114678000070;48,728404577000049
43577;08170329335010496380;08;3;35;063;2017;03;14;4;2;0;1;1;0;0;0;0;0;0;498513,206699999980000;5291824,024700000000000;8,980152913000040;47,779777087000070
43595;08170329226700493160;08;2;26;095;2017;03;07;4;3;5;3;1;0;0;0;1;0;0;472997,499000000010000;5460155,506000000100000;8,628635794000047;49,293549937000080
43597;08170329216100571970;08;2;16;043;2017;03;16;4;3;5;3;1;0;0;0;1;0;0;441263,829199999980000;5409434,057000000000000;8,199598238000021;48,835102706000043
43599;08170329211010528680;08;2;16;043;2017;03;17;4;3;5;2;1;1;0;0;0;0;0;442410,558299999980000;5411951,854000000300000;8,214869253000074;48,857857746000036
43605;08170329136300550670;08;1;36;042;2017;03;17;4;3;5;3;1;1;0;0;0;0;0;548856,601400000040000;5405447,032800000200000;9,665307851000023;48,800094300000069
43607;08170329135200498100;08;1;35;019;2017;03;16;4;3;5;3;1;1;0;0;0;0;0;585123,623099999970000;5390466,786299999800000;10,156000246000076;48,661450905000038
43608;08170329135100568610;08;1;35;016;2017;03;16;4;3;6;4;0;1;1;0;0;0;0;591622,926300000050000;5385796,159699999700000;10,243208602000038;48,618523562000064
43615;08170329119200574350;08;1;19;093;2017;03;13;4;3;5;3;1;1;0;0;0;0;0;523350,152000000000000;5406199,224000000400000;9,318023592000031;48,808342287000073
43618;08170329116500537280;08;1;16;020;2017;03;15;4;2;5;3;1;1;0;0;0;0;0;526300,047000000020000;5382575,042799999900000;9,356694815000026;48,595703469000057
43622;08170329116010507890;08;1;16;049;2017;03;15;4;3;0;1;1;0;0;0;0;0;0;523857,100900000020000;5387326,715699999600000;9,323836190000066;48,638547723000045
43625;08170329111500529010;08;1;11;000;2017;03;17;4;2;6;2;0;1;1;0;0;0;0;511461,302399999990000;5410702,208499999700000;9,156227083000033;48,849183462000042
43635;08170328436500538700;08;4;36;001;2017;03;17;3;1;5;3;1;1;0;0;0;0;0;552963,381700000030000;5275148,347400000300000;9,704950559000054;47,627570938000076
43636;08170328435200579520;08;4;35;067;2017;03;16;3;2;4;6;1;1;0;0;0;0;0;530421,429200000010000;5290091,584499999900000;9,405966679000073;47,763473136000073
43644;08170328416010542110;08;4;15;061;2017;03;14;3;2;5;3;1;0;0;1;0;0;0;512514,101000000020000;5371670,691999999800000;9,169396310000025;48,498032132000048
43648;08170328336200522430;08;3;36;069;2017;03;17;3;3;5;3;1;1;0;0;0;0;0;407062,077400000010000;5267173,276899999900000;7,764771981000024;47,551326625000058
43650;08170328335010685510;08;3;35;075;2017;03;17;3;2;2;6;0;0;1;1;1;0;0;489338,847599999980000;5287825,860799999900000;8,857783416000075;47,743716960000029
43651;08170328335010579720;08;4;35;016;2017;03;16;3;2;5;3;1;1;0;0;0;0;0;536043,984999999990000;5280467,904000000100000;9,480199485000071;47,676595978000080
43653;08170328325202492300;08;3;25;049;2017;03;15;3;3;0;1;1;0;0;0;0;0;0;472718,881300000010000;5336067,218500000400000;8,633020138000063;48,177258812000048
43659;08170328311310690410;08;3;15;073;2017;03;22;3;3;0;1;1;0;0;0;0;2;0;412547,787699999990000;5313788,400899999800000;7,828286242000047;47,971423989000073
43671;08170328235200473250;08;2;35;046;2017;03;14;3;3;9;7;0;0;1;1;0;0;0;479519,288600000030000;5379479,100300000000000;8,722381483000049;48,568069268000045
43672;08170328235010564860;08;2;36;011;2017;03;07;3;2;0;1;1;0;0;0;0;0;0;475686,853999999990000;5421593,754999999900000;8,667945522000025;48,946789288000048
43677;08170328222014565900;08;2;22;000;2017;03;09;3;3;3;2;1;0;0;0;1;0;0;461343,220700000010000;5481296,413099999500000;8,466305300000045;49,483078139000042
43683;08170325311010551970;08;3;11;000;2017;03;18;7;3;5;2;1;1;0;0;0;0;0;411637,380000000000000;5316024,110000000300000;7,815630997000028;47,991409779000037
43696;08170328136300532310;08;1;36;065;2017;03;08;3;3;0;5;1;0;0;0;1;0;0;556888,016100000010000;5407315,105299999900000;9,774925331000077;48,816214688000059
43708;08170328121200570070;08;1;25;056;2017;03;18;3;3;5;3;1;1;0;0;0;0;0;512180,404800000020000;5435964,793200000200000;9,166785086000061;49,076422802000081
43709;08170328119500500360;08;1;19;085;2017;03;07;3;3;6;4;0;0;1;0;1;0;0;531029,266999999990000;5415096,218000000300000;9,423282777000054;48,888040189000037
43714;08170328118600525000;08;1;18;073;2017;03;11;3;3;6;2;0;1;1;0;0;0;0;497091,732699999990000;5420029,500000000000000;8,960291436000034;48,933188798000060
43716;08170328118500512960;08;1;18;049;2017;03;12;3;3;5;3;1;1;0;0;0;0;0;523844,799699999970000;5423043,544300000200000;9,325743089000071;48,959849167000073
43720;08170328117010504080;08;1;17;003;2017;03;16;3;2;0;1;1;0;0;0;0;0;0;542016,043300000020000;5394193,844200000200000;9,571013163000032;48,699365563000072
43728;08170327436500571720;08;4;36;081;2017;03;18;2;2;5;3;1;1;0;0;0;0;0;561917,035999999960000;5281356,059000000400000;9,824992515000076;47,682626306000031
43731;08170327435100491070;08;4;35;045;2017;03;17;2;3;4;3;1;1;0;0;0;0;0;535174,457000000050000;5287055,195000000300000;9,469147058000033;47,735912024000072
43738;08170327335315471110;08;3;35;075;2017;03;14;2;3;0;1;1;0;0;0;0;0;0;490646,631799999970000;5293363,361499999600000;8,875109599000041;47,793561081000064
43742;08170327325010578480;08;4;17;002;2017;03;19;2;1;6;4;0;0;1;0;1;0;0;490770,501200000000000;5350243,144100000200000;8,875536548000071;48,305315308000047
43745;08170327317310573320;08;3;17;026;2017;03;14;2;2;5;3;1;1;0;0;0;0;0;411686,668999999990000;5346741,339999999900000;7,809923927000057;48,267719625000041
43746;08170327317200477000;08;3;17;057;2017;03;12;2;3;5;3;1;1;0;0;0;0;0;411898,039999999980000;5381419,288999999900000;7,805484123000042;48,579662487000064
43750;08170327317000579220;08;3;17;141;2017;03;07;2;2;5;3;1;1;0;0;0;0;0;417210,266999999990000;5376210,430599999600000;7,878530363000039;48,533535538000081
43751;08170327317000579060;08;3;17;129;2017;03;14;2;3;9;7;1;0;0;0;0;0;0;429807,004499999980000;5351373,792899999800000;8,053297477000058;48,311658522000073
43756;08170327311010521180;08;3;11;000;2017;03;07;2;3;5;3;1;1;0;0;0;0;0;413614,598400000020000;5316622,107400000100000;7,842006623000032;47,997059142000069
43770;08170327222600469900;08;2;22;000;2017;03;13;2;3;6;4;0;0;1;0;1;0;0;462997,848100000000000;5482983,995500000200000;8,488990089000026;49,498360216000037
43786;08170327127202491280;08;1;27;073;2017;03;18;2;3;5;3;1;1;0;0;0;0;0;578412,424000000000000;5447711,498800000200000;10,075880622000057;49,177198121000060
43793;08170327119100543710;08;1;19;003;2017;03;06;2;3;5;3;1;1;0;0;0;0;0;535051,034800000020000;5416530,866299999900000;9,478266545000054;48,900731100000030
43810;08170326325302482280;08;3;25;024;2017;03;11;1;3;5;3;1;1;0;0;0;0;0;456401,305400000010000;5339789,896300000100000;8,413146937000022;48,209839290000048
43812;08170326311010486380;08;3;11;000;2017;03;13;1;3;4;7;1;0;1;0;0;0;0;409576,903600000020000;5314560,582000000400000;7,788327898000034;47,977957016000062
43815;08170326299200576210;08;2;15;096;2017;03;16;1;2;2;2;1;1;0;0;0;0;0;466146,822999999970000;5422429,595999999900000;8,537587794000046;48,953859378000061
43828;08170326136300512110;08;1;36;065;2017;03;19;1;3;5;3;1;1;0;0;0;1;0;557408,147000000000000;5407574,470999999900000;9,782046131000072;48,818499855000027
43838;08170326111330508070;08;1;11;000;2017;03;00;1;3;0;1;1;0;0;0;0;2;0;516499,734100000000000;5407242,492100000400000;9,224765362000028;48,817947004000075
43855;08170325317600471580;08;3;17;039;2017;03;11;7;3;6;5;0;1;1;0;0;0;0;441443,296900000020000;5344243,315399999700000;8,211208924000061;48,248698180000076
43856;08170325317100563580;08;3;17;001;2017;03;12;7;2;5;2;1;1;0;0;0;0;0;430120,166800000010000;5386089,145700000200000;8,051719938000076;48,623965633000068
43863;08170402435200610060;08;4;35;066;2017;04;13;1;3;5;3;1;1;0;0;0;0;0;520971,510300000020000;5288883,747299999900000;9,279803408000021;47,752982430000031
43866;08170402337200639120;08;3;37;045;2017;04;18;1;3;0;1;1;0;0;0;0;0;0;436905,933100000020000;5289059,643299999600000;8,158210610000026;47,751819023000053
43868;08170402335400591580;08;3;35;096;2017;04;15;1;3;0;7;1;0;0;0;0;0;0;508170,940899999990000;5302530,681099999700000;9,109275168000067;47,876059499000064
43870;08170402325010684050;08;4;17;008;2017;04;01;1;2;0;1;1;0;0;0;0;2;0;493114,259800000000000;5351324,074000000000000;8,907125367000049;48,315069956000059
43873;08170402317000684910;08;3;17;089;2017;04;16;1;2;5;3;1;0;0;1;0;0;0;430606,757500000010000;5378687,785000000100000;8,059558483000046;48,557444244000067
43874;08170402316100672230;08;3;16;012;2017;04;12;1;2;2;6;1;0;0;0;0;0;0;398855,928000000010000;5331699,221900000200000;7,640653924000048;48,130506742000080
43879;08170402299200682020;08;2;15;099;2017;04;13;1;2;5;3;1;1;0;0;0;0;0;460295,777699999980000;5445256,404199999800000;8,455431388000022;49,158841287000030
43887;08170402221000685670;08;2;21;000;2017;04;15;1;3;6;7;1;0;1;0;0;0;0;477790,613100000020000;5472955,702399999800000;8,693840488000035;49,408879951000074
43893;08170402135100655780;08;1;35;020;2017;04;20;1;3;0;7;1;0;0;0;0;2;0;587545,905000000030000;5379706,421099999900000;10,186617791000060;48,564334298000063
43915;08170401336400660820;08;3;36;091;2017;04;09;7;3;5;2;1;1;0;0;0;0;0;394564,199000000020000;5271746,127000000300000;7,597614331000045;47,590551216000051
43918;08170401327200653280;08;3;27;046;2017;04;16;7;3;0;1;1;0;0;0;0;0;0;480025,742900000010000;5325584,860100000200000;8,731800688000021;48,083222015000047
43941;08170401225200627260;08;2;25;014;2017;04;20;7;3;5;3;1;1;0;0;0;2;0;523519,499000000010000;5485768,429999999700000;9,324980695000022;49,524077901000055
43944;08170401216200649230;08;2;16;063;2017;04;13;7;3;3;2;1;1;0;0;0;0;0;431007,545900000030000;5399596,774700000000000;8,061505137000040;48,745563989000061
43958;08170401126100590000;08;1;26;046;2017;04;13;7;2;8;1;1;0;0;0;0;0;0;550879,329000000030000;5459015,989000000100000;9,699576447000027;49,281778779000035
43959;08170401121600649150;08;1;25;024;2017;04;09;7;2;6;4;0;1;1;0;0;0;0;523471,988200000020000;5444061,635099999600000;9,321868540000025;49,148929354000074
43968;08170401116010582380;08;1;16;071;2017;04;10;7;3;5;2;1;1;0;0;0;0;0;528040,135000000010000;5391066,893400000400000;9,380868831000043;48,672020575000033
43969;08170401115100655910;08;1;15;046;2017;04;12;7;3;0;7;1;0;0;0;0;0;0;510532,238000000010000;5388837,301000000000000;9,143003930000077;48,652503675000048
43971;08170401111500621360;08;1;11;000;2017;04;15;7;2;5;3;1;0;0;0;1;0;0;508241,784900000030000;5397428,958999999800000;9,112076244000036;48,729829359000064
43973;08170401111310646250;08;1;11;000;2017;04;15;7;3;5;3;1;1;0;0;0;0;0;515288,096200000030000;5406003,440399999700000;9,208213949000026;48,806831679000027
43977;08170331435200476810;08;4;35;052;2017;03;17;6;3;8;7;1;0;0;0;0;0;0;521021,721000000020000;5287396,634499999700000;9,280401443000073;47,739600529000029
43993;08170331335010579910;08;3;35;055;2017;03;17;6;2;4;6;1;0;0;0;0;0;0;495293,000799999980000;5286579,572599999600000;8,937223439000036;47,732574302000046
44008;08170331299200576860;08;2;12;000;2017;03;07;6;2;6;6;1;0;1;0;0;0;0;460136,861900000020000;5431474,267400000200000;8,454611817000057;49,034859898000036
44021;08170331222500503740;08;2;22;000;2017;03;12;6;3;5;3;1;1;0;0;0;0;0;462968,016999999990000;5479029,518000000200000;8,488948424000057;49,462789825000073
44030;08170331216200536160;08;2;16;007;2017;03;13;6;3;5;3;1;1;0;0;0;0;0;434866,524700000010000;5396243,096099999700000;8,114521440000033;48,715813298000057
44039;08170331136200497700;08;1;36;019;2017;03;12;6;2;8;1;1;0;0;0;0;0;0;582135,626300000000000;5422119,724800000000000;10,121762903000047;48,946544017000065
44083;08170330335110473560;08;3;35;002;2017;03;11;5;2;4;6;1;0;0;0;0;0;0;505586,998499999990000;5285838,572399999900000;9,074503464000031;47,725900054000078
44093;08170330317500575330;08;3;17;096;2017;03;11;5;3;5;3;1;1;0;0;0;0;0;422349,040800000020000;5368852,736899999900000;7,949496139000075;48,468010931000038
44100;08170330311010552040;08;3;11;000;2017;03;09;5;3;1;5;1;1;0;0;0;0;0;414019,164600000020000;5315001,651999999800000;7,847753242000067;47,982537065000031
44106;08170330235010564960;08;2;31;000;2017;03;16;5;3;5;2;1;1;0;0;0;0;0;477473,019800000010000;5416237,713600000400000;8,692635338000059;48,898676082000065
44111;08170330222014591220;08;2;22;000;2017;03;11;5;2;6;7;0;0;1;0;1;0;0;461273,002900000020000;5483956,206100000100000;8,465075249000051;49,506997036000030
44127;08170330126010539050;08;1;25;063;2017;03;16;5;2;6;4;0;1;1;0;0;0;0;526364,659899999970000;5463356,830400000300000;9,362803575000044;49,322373560000074
44146;08170330116010507920;08;1;16;020;2017;03;14;5;2;5;3;1;0;0;0;1;0;0;527153,233000000010000;5381099,057000000000000;9,368169448000060;48,582388967000043
44147;08170330115200470780;08;1;15;034;2017;03;15;5;3;6;4;0;1;1;0;0;0;0;483401,493299999970000;5375699,319899999500000;8,775155469000026;48,534180264000042
44174;08170408118300639830;08;1;18;081;2017;04;15;7;3;2;6;1;0;0;0;0;0;0;519178,819599999990000;5412940,723199999900000;9,261527233000038;48,869130037000048
44179;08170408136300658410;08;1;36;079;2017;04;14;7;3;2;6;1;0;0;0;1;0;0;557932,439999999940000;5401110,091699999800000;9,788276233000033;48,760303488000034
44181;08170408116010618650;08;1;16;011;2017;04;14;7;3;6;4;0;1;1;0;0;0;0;529142,026900000060000;5380038,266800000300000;9,395060403000059;48,572756658000060
44194;08170407426200637100;08;4;26;087;2017;04;18;6;3;4;6;1;1;0;0;0;0;0;568796,797299999980000;5323577,033099999700000;9,923371505000034;48,061760158000027
44195;08170407426010648990;08;4;25;033;2017;04;15;6;2;0;6;1;0;0;0;0;0;0;544679,826499999970000;5345498,952600000400000;9,602006871000071;48,261124588000030
44197;08170407426010648970;08;4;26;044;2017;04;13;6;2;5;3;1;1;0;0;0;0;0;580670,403900000030000;5330339,268899999600000;10,083986203000052;48,121198337000067
44199;08170407417100672390;08;4;17;079;2017;04;12;6;3;0;7;1;1;0;0;0;0;0;502055,172000000020000;5342677,096099999700000;9,027678057000060;48,237309399000026
44208;08170407316211636870;08;3;16;010;2017;04;14;6;3;3;2;1;1;0;0;0;0;0;430184,768700000020000;5335373,696000000500000;8,061029585000028;48,167769919000079
44222;08170407215302652820;08;2;15;007;2017;04;05;6;3;4;2;1;1;0;0;0;2;0;476723,088200000000000;5435107,283400000100000;8,681322753000075;49,068389639000031
44223;08170407215202610420;08;2;15;100;2017;04;09;6;3;6;4;0;0;1;0;1;0;0;475116,588099999990000;5451830,707700000100000;8,658296278000023;49,218757901000060
44238;08170407117100584360;08;1;17;037;2017;04;07;6;3;8;1;1;0;0;0;0;0;0;555008,306600000010000;5398313,944400000400000;9,748118242000032;48,735416730000054
44247;08170407115100673940;08;1;15;046;2017;04;17;6;3;0;1;1;0;0;0;0;0;0;509061,661800000000000;5391256,289200000500000;9,123089869000069;48,674288250000075
44248;08170407115100655990;08;1;15;003;2017;04;12;6;3;0;7;1;1;0;0;0;0;0;500517,878800000010000;5392891,110999999600000;9,007036708000044;48,689060840000081
44252;08170407111240583400;08;1;11;000;2017;04;07;6;3;6;2;0;0;1;0;1;0;0;514530,732000000020000;5402169,874900000200000;9,197763634000069;48,772363505000044
44253;08170406437200608600;08;4;37;107;2017;04;06;5;3;5;2;1;1;0;0;0;0;0;500565,103599999970000;5328381,809399999700000;9,007591533000039;48,108698999000069
44256;08170406426010604350;08;4;26;021;2017;04;06;5;2;6;4;0;1;1;0;0;1;0;559854,480199999990000;5329232,726200000400000;9,804156174000070;48,113541483000063
44261;08170406415300614370;08;4;15;019;2017;04;09;5;3;6;7;0;0;1;0;1;0;0;519274,340399999990000;5370735,509499999700000;9,260861872000021;48,489447895000069
44267;08170406327100635670;08;3;27;054;2017;04;18;5;3;5;3;1;1;0;0;0;0;0;483264,830100000020000;5318067,840800000400000;8,775586351000072;48,015684367000063
44274;08170406317000684930;08;3;17;096;2017;04;10;5;2;6;4;0;1;1;0;0;0;0;422181,747099999980000;5369671,697999999900000;7,947080883000069;48,475356747000035
44279;08170406299200682940;08;2;12;000;2017;04;11;5;2;5;3;1;1;0;0;0;0;0;453205,570200000020000;5431140,839499999800000;8,359825463000050;49,031373601000041
44282;08170406235118655270;08;2;35;035;2017;04;16;5;3;6;4;0;1;1;0;0;0;0;469429,552800000000000;5405561,390999999800000;8,583687571000041;48,802291301000025
44300;08170406135200613610;08;1;35;019;2017;04;20;5;2;9;1;1;0;0;0;0;0;0;585262,167600000040000;5392102,211900000500000;10,158218414000032;48,676141512000072
44302;08170406135010663880;08;1;35;019;2017;04;12;5;3;3;6;1;0;0;0;1;0;0;585186,302600000050000;5392954,746899999700000;10,157363747000034;48,683819807000077
44312;08170406119010681330;08;1;19;020;2017;04;05;5;2;5;3;1;1;0;0;0;2;0;520797,723300000010000;5405845,816100000400000;9,283242678000022;48,805253762000063
44316;08170406117010615360;08;4;21;000;2017;04;06;5;2;0;7;1;0;0;0;0;2;0;570767,033500000020000;5358136,082100000200000;9,955579934000070;48,372424023000065
44325;08170405435100618390;08;4;35;016;2017;04;14;4;3;3;6;1;1;0;0;0;0;0;535642,501999999980000;5278982,276499999700000;9,474729645000025;47,663251456000069
44332;08170405416010650330;08;4;15;061;2017;04;07;4;3;6;4;0;1;1;0;0;0;0;515294,174999999990000;5371121,095999999900000;9,207008238000071;48,493026244000077
44342;08170405311400622850;08;3;15;108;2017;04;13;4;3;5;3;1;1;0;0;0;0;0;403016,635200000020000;5302301,281899999800000;7,703202119000025;47,866723802000081
44358;08170405221000685680;08;2;26;076;2017;04;14;4;2;5;3;1;1;0;0;0;0;0;475410,083500000010000;5464393,717199999800000;8,661554246000037;49,331774384000028
44390;08170405111500674800;08;1;11;000;2017;04;07;4;3;5;3;1;1;0;0;0;0;0;512604,293200000010000;5402453,032200000200000;9,171553563000032;48,774952774000042
44406;08170404327211672340;08;3;27;009;2017;04;18;3;3;0;1;1;0;0;0;0;0;0;483991,083099999990000;5335251,284099999800000;8,784680656000035;48,170302031000062
44421;08170404231202637610;08;2;36;072;2017;04;07;3;3;2;6;1;1;0;0;0;0;0;465306,428599999980000;5410082,317800000300000;8,527157774000045;48,842743239000072
44461;08170403435100632440;08;4;35;016;2017;04;12;2;3;5;3;1;1;0;0;0;0;0;536162,628000000030000;5279052,036500000400000;9,481662831000051;47,663850243000070
44471;08170403416010650240;08;4;16;041;2017;04;13;2;3;5;3;1;1;0;0;0;0;0;504294,316999999980000;5371756,703999999900000;9,058130743000049;48,498915895000039
44475;08170403325010684060;08;4;17;075;2017;04;14;2;2;0;7;1;0;0;0;0;0;0;508724,747299999990000;5335627,739199999700000;9,117355561000068;48,173830722000048
44482;08170403299200682810;08;2;15;100;2017;04;11;2;2;5;3;1;1;0;0;0;0;0;473790,522100000000000;5450081,499499999900000;8,640201060000038;49,202968281000039
44496;08170403121600621080;08;1;25;024;2017;04;07;2;3;6;4;0;1;1;0;0;0;0;523471,853000000000000;5444061,630500000000000;9,321866686000021;49,148929318000057
44516;08170403117010615330;08;1;17;006;2017;04;09;2;2;6;4;0;0;1;0;1;0;0;551443,322999999970000;5381670,991000000400000;9,697569035000072;48,586009951000051
44520;08170403111500638260;08;1;11;000;2017;04;15;2;2;5;3;1;1;0;0;0;0;0;513042,527999999990000;5406997,207000000400000;9,177662517000044;48,815822657000069
44521;08170403111500638250;08;1;11;000;2017;04;18;2;3;5;3;1;1;0;0;0;0;0;510261,492399999990000;5397202,030500000300000;9,139535593000062;48,727757921000034
44537;08170409136300658440;08;1;36;043;2017;04;19;1;3;6;4;0;1;1;0;0;1;0;570786,661199999970000;5408183,172299999700000;9,964376401000038;48,822594566000078
44573;08170413111500654340;08;1;11;000;2017;04;20;5;3;5;2;1;1;0;0;0;2;0;515809,199599999990000;5405500,884499999700000;9,215291635000028;48,802297719000080
44597;08170412335300642850;08;3;35;075;2017;04;18;4;3;1;5;1;1;0;0;0;0;0;493203,330100000020000;5285563,412300000000000;8,909369699000024;47,723412665000069
44599;08170412335010685560;08;3;35;043;2017;04;17;4;2;0;1;1;0;0;0;0;0;0;514883,642100000000000;5280487,475300000000000;9,198292413000047;47,677605564000032
44600;08170412327200594180;08;3;27;046;2017;04;17;4;3;0;7;1;1;0;0;0;0;0;479977,865700000020000;5324475,031000000400000;8,731209853000053;48,073235419000071
44601;08170412327100635700;08;3;27;046;2017;04;19;4;3;3;2;1;1;0;0;0;0;0;480477,545400000000000;5324780,329599999800000;8,737903855000070;48,075997678000078
44611;08170412311400589600;08;3;15;074;2017;04;16;4;3;6;4;0;1;1;0;0;0;0;397877,645299999970000;5295903,229199999900000;7,636016038000037;47,808377476000032
44612;08170412311100581960;08;3;15;048;2017;04;13;4;2;0;3;1;1;0;0;0;0;0;398662,337000000000000;5313331,288800000200000;7,642402516000061;47,965264192000063
44616;08170409115200583970;08;1;15;034;2017;04;12;1;3;2;6;1;1;0;0;0;0;0;483472,357000000020000;5375668,989500000100000;8,776116589000026;48,533909274000052
44617;08170412311010629890;08;3;11;000;2017;04;16;4;3;5;2;1;1;0;0;0;0;0;413261,295999999970000;5315857,822999999900000;7,837426084000072;47,990136307000057
44622;08170412299200682370;08;2;12;000;2017;04;17;4;1;3;2;1;1;0;0;0;0;0;455347,257900000030000;5431268,578499999800000;8,389109119000068;49,032681434000040
44626;08170412237100605510;08;2;37;028;2017;04;18;4;2;5;3;1;1;0;0;0;0;0;457703,272899999980000;5368187,121100000100000;8,427819275000047;48,465394783000079
44632;08170412221200635970;08;2;21;000;2017;04;13;4;3;3;2;1;1;0;0;0;0;0;476557,045700000020000;5472836,363199999600000;8,676842911000051;49,407760241000062
44640;08170412136010598860;08;1;36;015;2017;04;12;4;3;6;6;0;0;1;0;1;0;0;558661,024199999990000;5411784,628700000200000;9,799714453000036;48,856253160000051
44642;08170412128200612630;08;1;28;047;2017;04;10;4;2;0;1;1;0;0;0;0;0;0;553934,258400000050000;5495088,635200000400000;9,746486755000035;49,605960097000036
44651;08170408435010685170;08;4;36;008;2017;04;15;7;3;5;3;1;1;0;0;0;0;0;546227,258900000020000;5307994,901300000000000;9,618793932000074;47,923607856000046
44660;08170412111500621470;08;1;11;000;2017;04;11;4;3;6;4;0;0;1;0;1;0;0;513024,825599999980000;5403261,343299999800000;9,177302893000046;48,782215615000041
44665;08170411436200645470;08;4;36;064;2017;04;08;3;3;6;7;0;0;1;0;1;0;0;538521,447200000050000;5288872,505099999700000;9,513947426000073;47,752071612000066
44676;08170408336200661320;08;3;36;069;2017;04;12;7;3;5;2;1;1;0;0;0;0;0;404950,972599999980000;5267800,538300000100000;7,736584822000054;47,556663697000033
44685;08170411335010685370;08;4;35;016;2017;04;12;3;2;6;4;0;1;1;0;0;0;0;536440,186299999940000;5279071,340699999600000;9,485361202000036;47,664008351000064
44689;08170411317100581670;08;3;17;001;2017;04;12;3;2;0;3;1;1;0;0;0;0;0;432426,208300000000000;5385575,754499999800000;8,083092679000060;48,619601036000063
44690;08170411317000684960;08;3;17;001;2017;04;15;3;2;6;4;0;1;1;0;0;0;0;428879,080499999980000;5384096,390100000400000;8,035222297000075;48,605901021000079
44693;08170411299200683020;08;2;12;000;2017;04;17;3;3;5;3;1;1;0;0;0;0;0;456885,430799999970000;5428282,450699999900000;8,410468888000025;49,005930364000051
44716;08170411126010647410;08;1;26;011;2017;04;10;3;2;5;3;1;1;0;0;0;0;0;530792,636300000010000;5446631,341599999900000;9,422449741000037;49,171720719000064
44717;08170411126010647390;08;1;26;028;2017;04;05;3;1;3;6;1;0;0;0;1;2;0;538681,464599999950000;5460048,560800000100000;9,531967951000070;49,291960205000066
44718;08170411121200676710;08;1;21;000;2017;04;15;3;3;0;7;1;1;0;0;0;0;0;516614,903899999980000;5442255,280600000200000;9,227764638000053;49,132904428000074
44721;08170408226700644410;08;2;26;098;2017;04;16;7;3;5;3;1;0;0;1;0;0;0;477722,756999999980000;5459230,779000000100000;8,693672520000064;49,285422554000036
44722;08170411118200668640;08;1;18;011;2017;04;06;3;3;5;2;1;1;0;0;0;0;0;504987,770800000000000;5407291,719399999800000;9,067946069000072;48,818588941000030
44725;08170411116010582480;08;1;16;041;2017;04;17;3;3;5;3;1;1;0;0;0;0;0;519104,148800000020000;5383998,367900000000000;9,259167065000042;48,608768844000053
44735;08170408222700623770;08;2;22;000;2017;04;22;7;3;5;3;1;1;0;0;0;2;0;461955,623399999980000;5481440,932099999900000;8,474745837000057;49,484416709000072
44748;08170410335200674320;08;3;35;063;2017;04;10;2;3;5;2;1;1;0;0;0;0;0;498775,415099999980000;5290682,143000000200000;8,983656332000066;47,769503511000039
44757;08170410311400662300;08;3;15;007;2017;04;16;2;3;8;1;1;0;0;0;1;0;0;400666,301099999980000;5292866,145499999600000;7,673947259000045;47,781495090000078
44767;08170410222014672700;08;2;22;000;2017;04;12;2;3;5;3;1;1;0;0;0;0;0;461013,681700000020000;5482603,681499999900000;8,461626970000054;49,494815225000082
44770;08170410221000685720;08;2;21;000;2017;04;08;2;2;5;2;1;1;0;0;0;0;0;477696,569699999990000;5472983,631600000000000;8,692542537000065;49,409127730000080
44786;08170410121200607000;08;1;21;000;2017;04;21;2;2;6;2;0;1;1;0;0;2;0;515964,769800000010000;5442421,390800000200000;9,218858952000062;49,134415883000031
44789;08170410119010681390;08;1;19;087;2017;04;11;2;1;5;3;1;1;0;0;0;0;0;528018,481999999960000;5423559,676000000000000;9,382793936000041;48,964316930000052
44799;08170410116200643150;08;1;16;077;2017;04;16;2;3;5;3;1;1;0;0;0;0;0;514542,885000000010000;5391650,860999999600000;9,197558043000072;48,677734234000070
44804;08170410111500674850;08;1;11;000;2017;04;08;2;2;6;4;0;0;1;0;1;0;0;513543,344099999990000;5401720,916899999600000;9,184310552000056;48,768346985000051
44806;08170410111500618340;08;1;11;000;2017;04;10;2;3;5;2;1;1;0;0;0;0;0;517152,310899999980000;5405923,613800000400000;9,233599799000047;48,806064916000025
44807;08170410111500611460;08;1;11;000;2017;04;12;2;3;5;3;1;1;0;0;0;0;0;514495,135899999990000;5394043,052100000000000;9,196993323000072;48,699255619000041
44822;08170408311400662290;08;3;15;108;2017;04;15;7;2;6;4;0;1;1;0;0;0;0;404763,917100000020000;5305002,866299999900000;7,725963855000032;47,891286436000030
44823;08170409415400620820;08;4;15;061;2017;04;14;1;3;0;1;1;0;0;0;0;0;0;516482,152699999980000;5379149,256500000100000;9,223404982000034;48,565219840000054
44828;08170409337010651670;08;3;37;053;2017;04;13;1;2;0;7;1;0;0;0;0;0;0;457096,966000000010000;5268492,418999999800000;8,429597784000066;47,568429725000044