OBJECTID;UIDENTSTLA;ULAND;UREGBEZ;UKREIS;UGEMEINDE;UJAHR;UMONAT;USTUNDE;UWOCHENTAG;UKATEGORIE;UART;UTYP1;IstRad;IstPKW;IstFuss;IstKrad;IstSonstig;LICHT;STRZUSTAND;LINREFX;LINREFY;XGCSWGS84;YGCSWGS84
44829;08170409336100626370;08;3;36;084;2017;04;03;1;3;6;4;0;1;1;0;0;2;0;404068,630799999980000;5276881,093299999800000;7,722872997000025;47,638218839000047
44830;08170408311200669600;08;3;11;000;2017;04;18;7;3;6;1;1;0;1;0;0;0;0;417312,560999999990000;5315586,159599999900000;7,891767441000070;47,988229234000073
44831;08170409335400591610;08;3;35;079;2017;04;11;1;3;5;3;1;1;0;0;0;0;0;500450,364100000010000;5299994,189700000000000;9,006020367000076;47,853289510000081
44835;08170409335010635100;08;3;35;063;2017;04;12;1;3;0;7;1;0;0;0;0;0;0;498839,158200000010000;5290552,513899999700000;8,984507412000028;47,768337284000040
44847;08170409317000685060;08;3;17;040;2017;04;15;1;1;5;3;1;1;0;0;0;0;0;432800,240899999980000;5346624,388000000300000;8,094418075000021;48,269259939000051
44848;08170409316100649580;08;3;16;017;2017;04;19;1;2;6;4;0;1;1;0;0;0;0;410364,757500000010000;5339839,316700000300000;7,793575094000062;48,205451485000026
44849;08170409311400660150;08;3;15;006;2017;04;12;1;2;6;3;0;1;1;0;0;0;0;401598,421399999990000;5310463,291299999700000;7,682381710000072;47,939925034000055
44850;08170409311400660120;08;3;15;074;2017;04;17;1;3;0;2;1;1;0;0;0;0;0;398191,608000000010000;5295884,816999999800000;7,640212541000039;47,808261603000062
44857;08170408311010777730;08;3;11;000;2017;04;12;7;3;5;3;1;0;0;0;1;0;0;410171,593799999970000;5318809,172199999900000;7,795405555000059;48,016257720000056
44858;08170408311010659650;08;3;11;000;2017;04;13;7;3;4;6;1;0;0;0;0;0;0;409082,743699999990000;5313956,232900000200000;7,781835579000074;47,972450746000050
44859;08170409299200682300;08;2;12;000;2017;04;05;1;2;6;4;0;1;1;0;0;2;0;458958,223000000000000;5428887,637000000100000;8,438748763000035;49,011515442000075
44873;08170409221200635960;08;2;21;000;2017;04;03;1;3;8;7;1;0;0;0;0;2;0;476319,622399999990000;5471761,887299999600000;8,673634188000051;49,398086310000053
44883;08170423311010659860;08;3;11;000;2017;04;15;1;3;5;1;1;1;0;0;0;0;0;412793,176500000000000;5318162,383800000000000;7,830684712000050;48,010802883000053
44919;08170422235010671740;08;2;31;000;2017;04;19;7;2;6;4;0;1;1;0;0;0;1;475556,294400000010000;5415218,579599999800000;8,666544404000035;48,889435664000075
44921;08170414215402617100;08;2;15;009;2017;04;12;6;3;4;2;1;1;0;0;0;0;0;469685,190200000010000;5440445,387900000400000;8,584570869000061;49,116100906000042
44924;08170414211010601590;08;2;16;009;2017;04;23;6;3;6;4;0;1;1;0;0;2;0;447118,558100000020000;5421276,105700000200000;8,277841647000059;48,942149121000057
44927;08170414199200665360;08;1;15;003;2017;04;15;6;2;5;3;1;1;0;0;0;0;0;503616,475800000010000;5391921,649100000000000;9,049130583000022;48,680329192000045
44945;08170421421100591500;08;4;25;033;2017;04;10;6;2;5;3;1;1;0;0;0;0;0;555682,774800000010000;5348010,457000000400000;9,750577277000048;48,282846412000026
44953;08170421336100675350;08;3;36;050;2017;04;20;6;3;5;2;1;1;0;0;0;0;0;399796,121900000030000;5274663,285000000100000;7,666516586000057;47,617621713000062
44981;08170414115100665020;08;1;15;013;2017;04;18;6;3;0;7;1;0;0;0;0;0;0;494550,713800000030000;5388552,788800000200000;8,926014696000038;48,650009163000050
44982;08170414111500674880;08;1;11;000;2017;04;15;6;2;5;2;1;1;0;0;0;0;0;515968,679999999990000;5405607,575500000300000;9,217467592000048;48,803253420000033
44984;08170421216300604650;08;2;16;015;2017;04;11;6;3;5;3;1;0;0;1;0;0;0;450737,994300000020000;5404543,599200000100000;8,329280276000077;48,791935632000047
44987;08170421211100619710;08;2;11;000;2017;04;18;6;3;5;3;1;1;0;0;0;0;0;442759,524900000020000;5405938,976900000100000;8,220465875000059;48,803803929000026
45001;08170413435010685230;08;4;37;056;2017;04;18;5;2;6;4;0;1;1;0;0;0;0;529429,212000000060000;5298862,006500000100000;9,393321324000056;47,842429196000069
45002;08170421118010607340;08;1;15;028;2017;04;16;6;2;4;2;1;1;0;0;0;0;0;498479,800500000010000;5406605,331500000300000;8,979293569000049;48,812432425000054
45015;08170420435100681200;08;4;35;016;2017;04;08;5;3;0;7;1;0;0;0;0;0;0;537349,239100000010000;5278827,941100000400000;9,497447963000070;47,661766536000073
45036;08170420235100677970;08;2;35;085;2017;04;15;5;2;8;1;1;0;0;0;0;0;0;480503,966000000010000;5399143,842000000200000;8,734802477000073;48,745005853000066
45041;08170420216200679840;08;2;16;063;2017;04;17;5;3;5;2;1;1;0;0;0;0;0;431381,359200000010000;5398521,087000000300000;8,066768515000035;48,735929660000068
45044;08170420211100604040;08;2;11;000;2017;04;08;5;3;6;4;0;1;1;0;0;0;0;442929,345500000000000;5402652,469800000100000;8,223234829000035;48,774257022000029
45046;08170413415400673450;08;4;15;061;2017;04;16;5;3;3;2;1;1;0;0;0;0;0;514811,988399999970000;5369997,399299999700000;9,200441992000037;48,482928610000045
45054;08170420121100607410;08;1;25;006;2017;04;11;5;2;5;3;1;0;0;0;1;0;0;507296,835800000000000;5450934,042700000100000;9,100186083000040;49,211154106000038
45067;08170419436500667850;08;4;36;055;2017;04;16;4;3;6;7;1;0;1;0;0;0;0;576817,275999999950000;5297269,327999999700000;10,026307394000071;47,824185188000058
45082;08170419326400614510;08;3;26;074;2017;04;15;4;3;3;2;1;1;0;0;0;0;1;459984,513600000010000;5323043,926699999700000;8,462949230000049;48,059418933000075
45094;08170419311010625190;08;3;11;000;2017;04;15;4;2;3;1;1;1;0;0;0;0;0;414033,771000000010000;5315698,677000000100000;7,847809392000045;47,988809039000046
45100;08170419126010647430;08;1;25;107;2017;04;11;4;2;6;4;0;1;1;0;0;0;0;531632,988999999940000;5434286,557000000000000;9,433010682000031;49,060634451000055
45111;08170419111240680010;08;1;11;000;2017;04;20;4;3;6;2;0;1;1;0;0;0;0;517738,311500000010000;5400590,513299999800000;9,241350413000021;48,758072543000026
45119;08170413317310679710;08;3;17;026;2017;04;19;5;3;5;2;1;1;0;0;0;0;0;412263,245500000020000;5345310,273000000000000;7,817988764000063;48,254927517000056
45127;08170418335311652220;08;3;35;026;2017;04;08;3;3;7;7;1;0;0;0;1;0;0;480898,318600000000000;5283178,826100000200000;8,745393995000029;47,701710352000077
45130;08170418326400643440;08;3;26;074;2017;04;07;3;3;6;2;0;1;1;0;0;0;0;459769,651799999990000;5322601,626400000400000;8,460107291000043;48,055426177000072
45131;08170413317300612230;08;3;17;065;2017;04;18;5;3;8;1;1;0;0;0;0;0;0;415631,979899999980000;5353035,860299999800000;7,861820337000040;48,324876358000040
45133;08170413317300612220;08;3;17;065;2017;04;14;5;3;5;3;1;1;0;0;0;0;0;412916,140000000010000;5353869,604000000300000;7,825017483000067;48,332007352000062
45148;08170418231202637760;08;2;36;071;2017;04;17;3;2;1;5;0;1;1;0;0;0;1;468658,289800000030000;5422048,637500000200000;8,571921062000058;48,950564900000074
45149;08170418226600620400;08;2;26;096;2017;04;17;3;3;8;7;1;0;0;0;0;0;1;479052,861600000000000;5483436,571600000400000;8,710686133000024;49,503197910000040
45156;08170418212502628870;08;2;12;000;2017;04;21;3;3;6;6;1;0;1;0;0;2;1;452832,356900000010000;5429732,771300000100000;8,354883778000044;49,018679583000051
45167;08170418118500664180;08;1;18;078;2017;04;12;3;3;0;7;0;1;1;0;0;0;1;514144,572400000000000;5419445,151600000400000;9,193104705000053;48,927777347000074
45168;08170418118500623690;08;1;18;049;2017;04;08;3;3;6;2;0;1;1;0;0;0;0;519246,914600000020000;5420905,378100000300000;9,262831246000076;48,940775342000052
45172;08170413311010659740;08;3;11;000;2017;04;16;5;3;5;2;1;0;0;0;0;0;0;414581,696000000000000;5318239,216000000000000;7,854645808000043;48,011735592000036
45230;08170416119400657990;08;1;19;090;2017;04;11;1;3;0;7;0;1;1;0;0;0;0;532724,263500000000000;5406347,178700000000000;9,445705128000043;48,809250310000039
45238;08170416111500621480;08;1;11;000;2017;04;17;1;3;6;2;0;1;1;0;0;0;1;514736,396200000020000;5401516,260200000400000;9,200539295000056;48,766478800000073
45255;08170415226600651610;08;2;26;096;2017;04;13;7;2;4;2;1;0;0;0;1;0;0;475735,963400000010000;5488450,989099999900000;8,664566742000034;49,548177158000044
45257;08170415222400603390;08;2;26;028;2017;04;09;7;3;5;3;1;1;0;0;0;0;0;472409,209900000020000;5486759,019100000200000;8,618696158000034;49,532816170000046
45259;08170415216300667250;08;2;16;024;2017;04;22;7;3;2;6;1;0;0;0;1;2;1;446828,800500000010000;5412190,109199999800000;8,275068014000055;48,860395295000046
45270;08170413225110679340;08;2;25;116;2017;04;15;5;3;0;3;1;1;0;0;0;0;0;498743,526200000020000;5468816,335699999700000;8,982692289000056;49,372050343000069
45273;08170413222600617630;08;2;22;000;2017;04;16;5;3;5;3;1;1;0;0;0;0;0;462171,875400000020000;5485107,057199999700000;8,477380288000063;49,517405036000071
45274;08170415111500674900;08;1;11;000;2017;04;22;7;3;6;2;0;1;1;0;0;2;0;516835,430999999980000;5406664,122600000400000;9,229314577000025;48,812735082000074
45282;08170414435100632520;08;4;35;016;2017;04;11;6;3;5;2;1;1;0;0;0;0;0;530691,240200000000000;5279711,903800000400000;9,408835928000030;47,670070168000052
45283;08170414416010650540;08;4;15;061;2017;04;00;6;2;5;2;1;1;0;0;0;2;0;515594,735999999980000;5372015,167999999600000;9,211109726000075;48,501062236000053
45292;08170414311010625140;08;3;11;000;2017;04;14;6;2;2;1;1;0;0;0;0;0;0;416458,867900000010000;5307015,366499999500000;7,881992227000069;47,911019297000053
45293;08170413216100672860;08;2;16;043;2017;04;03;5;3;8;7;1;0;0;0;0;2;0;442978,055999999980000;5412258,161999999500000;8,222562666000044;48,860665410000081
45294;08170430335010635160;08;3;35;002;2017;04;11;1;3;0;1;1;0;0;0;0;0;0;505717,791900000010000;5287557,240700000000000;9,076270190000059;47,741362797000079
45319;08170430226600581370;08;2;26;096;2017;04;11;1;3;0;7;1;0;1;0;0;0;0;475162,411299999980000;5486060,065200000100000;8,656788573000029;49,526648466000040
45320;08170429119300623520;08;1;19;067;2017;04;11;7;3;6;7;0;1;1;0;0;0;0;539737,471099999970000;5405981,265200000300000;9,541185675000065;48,805549839000037
45328;08170428436400635400;08;4;36;082;2017;04;12;6;3;5;3;1;0;0;0;1;0;0;547102,029100000040000;5294026,670500000000000;9,628980801000068;47,797873917000061
45337;08170430317300612340;08;3;17;065;2017;04;19;1;2;0;7;1;0;0;0;0;0;0;416348,531000000020000;5354436,496899999700000;7,871207060000074;48,337570211000070
45341;08170430437100663730;08;4;37;088;2017;04;14;1;3;5;2;1;0;0;1;0;0;0;519538,482699999990000;5307700,664200000500000;9,261533511000039;47,922329824000030
45350;08170428335100587420;08;3;35;043;2017;04;20;6;3;5;2;1;1;0;0;0;1;1;512600,314399999970000;5279815,345200000300000;9,167852750000066;47,671606503000078
45352;08170428335010685480;08;4;36;064;2017;04;07;6;3;0;1;1;0;0;0;0;0;1;546348,436699999960000;5291702,736899999900000;9,618670075000068;47,777020192000066
45370;08170428226700644550;08;2;26;098;2017;04;12;6;3;5;3;1;1;0;0;0;0;0;478313,512300000000000;5459964,147699999600000;8,701755907000063;49,292040485000030
45379;08170429299200682780;08;2;15;102;2017;04;12;7;2;5;3;1;1;0;0;0;0;0;456870,949900000010000;5434666,150399999700000;8,409591714000044;49,063351271000045
45380;08170429326400614550;08;3;26;074;2017;04;16;7;3;3;2;1;1;0;0;0;0;0;459569,208500000010000;5323843,036899999700000;8,457300081000028;48,066582088000075
45407;08170428116200587890;08;1;16;077;2017;04;08;6;3;5;2;1;1;0;0;0;0;1;518212,574800000000000;5388368,196999999700000;9,247264070000028;48,648106914000039
45430;08170427336100675360;08;3;36;050;2017;04;10;5;3;3;2;1;1;0;0;0;0;1;399238,773200000000000;5275166,860500000400000;7,658985794000046;47,622065090000035
45457;08170427215402617380;08;2;15;103;2017;04;15;5;3;5;3;1;1;0;0;0;0;0;465189,920999999970000;5441108,251000000200000;8,522913352000046;49,121825342000079
45460;08170427136100662230;08;1;36;088;2017;04;21;5;3;6;2;0;0;1;0;1;2;1;583868,566600000020000;5407693,535199999800000;10,142466139000021;48,816562195000074
45467;08170427119100599740;08;1;19;087;2017;04;07;5;3;0;7;0;0;1;0;1;2;1;528441,984000000050000;5423573,145999999700000;9,388580706000028;48,964418755000054
45468;08170427117300582980;08;1;17;026;2017;04;14;5;3;6;7;0;1;1;0;0;0;0;547726,424600000030000;5395567,662600000400000;9,648773256000027;48,711313004000033
45471;08170427116500627570;08;1;16;071;2017;04;06;5;3;5;3;1;1;0;0;0;0;1;527705,461200000020000;5391234,345300000200000;9,376334282000073;48,673541901000078
45477;08170427115300631790;08;1;15;028;2017;04;16;5;2;0;1;1;0;0;0;0;0;0;502420,180100000000000;5404809,399700000000000;9,032954355000072;48,796273509000059
45479;08170427111500654400;08;1;11;000;2017;04;11;5;3;1;5;1;1;0;0;0;0;1;509598,222200000020000;5398625,810499999700000;9,130549640000027;48,740576829000076
45480;08170427111500611580;08;1;11;000;2017;04;01;5;2;6;6;0;1;1;0;0;2;1;517142,571100000000000;5403813,206500000300000;9,233379070000069;48,787080254000045
45481;08170501235010789870;08;2;31;000;2017;05;16;2;3;0;7;1;0;0;0;0;0;1;477973,420099999990000;5413999,023500000100000;8,699583513000050;48,878555566000045
45486;08170427111310646310;08;1;11;000;2017;04;12;5;3;5;3;1;1;0;0;0;0;1;515952,707200000000000;5405600,402300000200000;9,217249791000029;48,803189301000032
45542;08170426215402617340;08;2;15;009;2017;04;18;4;3;5;3;1;1;0;0;0;0;0;470098,859400000020000;5441635,830799999600000;8,590151338000055;49,126829432000079
45559;08170426118100585850;08;1;18;079;2017;04;08;4;3;6;2;0;0;1;0;1;0;1;509037,943800000010000;5422450,911500000400000;9,123454815000059;48,954911874000061
45567;08170501111500733410;08;1;11;000;2017;05;15;2;3;6;4;0;0;1;0;1;0;1;513419,847200000020000;5405043,867900000000000;9,182738392000033;48,798242630000061
45578;08170430199200594010;08;1;15;045;2017;04;17;1;1;0;1;1;0;0;0;0;0;0;503774,198800000010000;5394541,868999999900000;9,051297221000027;48,703900007000072
45602;08170430135200613700;08;1;35;026;2017;04;13;1;3;5;2;1;1;0;0;0;0;0;591386,185100000000000;5394792,543300000000000;10,241983578000031;48,699472010000079
45621;08170430336300660350;08;3;36;107;2017;04;15;1;3;2;6;1;0;0;1;0;0;0;406560,532000000010000;5290709,173999999600000;7,753076267000040;47,762974218000068
45642;08170430127202681060;08;1;27;032;2017;04;17;1;3;0;7;1;0;0;0;0;0;0;566897,930100000000000;5455543,260300000200000;9,919221036000067;49,249001653000050
45645;08170425116400628400;08;1;16;033;2017;04;10;3;3;5;2;1;1;0;0;0;0;0;531909,898300000000000;5389071,193199999600000;9,433276395000064;48,653881711000054
45666;08170424325010684380;08;3;26;037;2017;04;16;2;2;6;4;0;1;1;0;0;0;0;458289,623700000000000;5325911,161399999600000;8,439923236000027;48,085105851000037
45669;08170424316100649660;08;3;16;017;2017;04;19;2;3;4;2;1;1;0;0;0;0;0;409209,255699999980000;5341932,699000000000000;7,777578340000048;48,224116805000051
45678;08170501325010805700;08;3;25;049;2017;05;21;2;2;6;7;0;1;1;0;0;2;1;477848,418300000020000;5339364,531800000000000;8,701848466000058;48,207123526000032
45680;08170424311010666120;08;3;36;084;2017;04;13;2;2;4;6;1;0;0;0;0;0;0;406737,530600000000000;5280492,523299999500000;7,757624663000058;47,671095857000068
45685;08170430118500626810;08;1;18;060;2017;04;13;1;3;4;2;1;1;0;0;0;0;0;523518,976599999990000;5430202,649400000500000;9,321706487000029;49,024261288000048
45690;08170424231402635890;08;2;31;000;2017;04;18;2;3;6;1;0;1;1;0;0;0;0;478833,970600000000000;5414814,485100000200000;8,711278023000034;48,885921182000061
45699;08170430136100655600;08;1;36;082;2017;04;20;1;3;0;2;1;1;0;0;0;0;0;586985,537999999940000;5415238,012000000100000;10,186518940000042;48,883988060000036
45712;08170430317000685040;08;3;17;047;2017;04;16;1;2;0;1;1;0;0;0;0;0;0;417157,274900000020000;5362964,972000000100000;7,880437222000069;48,414389375000042
45713;08170424127010641100;08;1;27;063;2017;04;14;2;2;2;2;1;1;0;0;0;0;0;562349,883299999990000;5434435,188600000000000;9,853467379000051;49,059628118000035
45715;08170424126010647500;08;2;25;064;2017;04;17;2;2;1;1;0;1;1;0;0;0;0;505078,255999999990000;5472024,661000000300000;9,069993064000073;49,400889376000066
45722;08170424118500876130;08;1;18;070;2017;04;15;2;3;5;3;1;1;0;0;0;0;0;520255,464299999990000;5423774,738199999600000;9,276746331000027;48,966554709000036
45745;08170423416010650640;08;4;15;061;2017;04;15;1;3;3;2;1;1;0;0;0;0;0;514305,181999999970000;5371174,654000000100000;9,193624032000059;48,493531366000070
45751;08170430435010685290;08;4;37;100;2017;04;15;1;2;6;4;0;1;1;0;0;0;0;534255,670200000050000;5314862,700699999900000;9,459096597000041;47,986148881000076
45764;08170510119010801890;08;1;19;068;2017;05;20;4;2;5;3;1;1;0;0;0;0;0;525768,508999999960000;5413590,383000000400000;9,351425290000066;48,874735332000057
45765;08170510118600717620;08;1;18;076;2017;05;13;4;3;5;3;1;0;0;0;1;0;0;501355,887600000020000;5427469,778599999800000;9,018537656000035;49,000124426000070
45779;08170507317500718580;08;3;17;100;2017;05;12;1;3;5;3;1;1;0;0;0;0;1;423938,343999999980000;5366540,518000000200000;7,971413726000037;48,447406712000031
45782;08170507316100791780;08;3;16;043;2017;05;15;1;3;1;1;1;1;0;0;0;0;0;409052,471100000020000;5328798,313000000100000;7,778277173000049;48,105952184000046
45785;08170507311100786020;08;3;15;115;2017;05;11;1;3;5;3;1;1;0;0;0;0;1;407850,387400000010000;5320518,850100000400000;7,763918026000056;48,031305797000073
45806;08170510115200762680;08;1;15;037;2017;05;15;4;3;1;1;1;1;0;0;0;0;0;492132,660600000000000;5386120,195299999800000;8,893230879000043;48,628099381000027
45812;08170506337010747280;08;3;37;032;2017;05;18;7;3;6;7;0;1;1;0;0;0;1;437578,999499999980000;5273264,073599999800000;8,169448265000028;47,609775886000079
45813;08170506335200794320;08;3;35;063;2017;05;03;7;3;6;6;1;0;1;0;0;2;0;496861,004699999990000;5287878,700400000400000;8,958126300000060;47,744272864000038
45817;08170506326300713520;08;3;26;060;2017;05;13;7;3;4;1;1;1;0;0;0;0;1;442666,288100000010000;5330945,871000000300000;8,229477121000059;48,129185220000068
45819;08170506317500753270;08;3;17;034;2017;05;21;7;3;5;3;1;1;0;0;0;2;1;426367,124799999990000;5362699,876600000100000;8,004927828000064;48,413148413000044
45822;08170506299200802910;08;2;12;000;2017;05;13;7;3;5;2;1;1;0;0;0;0;0;458068,968500000020000;5427695,380400000100000;8,426711862000047;49,000731119000079
45825;08170506231202751800;08;2;36;070;2017;05;09;7;3;5;3;1;1;0;0;0;0;0;469318,771300000020000;5416401,487300000200000;8,581366794000076;48,899799123000037
45827;08170506221000808260;08;2;26;056;2017;05;13;7;2;4;6;1;0;0;0;0;0;0;492007,770699999990000;5472498,868800000300000;8,889834473000065;49,405123574000072
45829;08170506216100792440;08;2;16;039;2017;05;16;7;3;5;3;1;1;0;0;0;0;1;443740,748499999990000;5415493,537300000000000;8,232515158000069;48,889837266000029
45830;08170510111500794870;08;1;11;000;2017;05;09;4;3;5;2;1;1;0;0;0;0;0;514942,129800000000000;5402945,716000000000000;9,203390925000065;48,779333159000032
45832;08170510111500794840;08;1;11;000;2017;05;08;4;3;5;2;1;1;0;0;0;0;0;517793,074100000030000;5406178,267699999700000;9,242337404000068;48,808337726000047
45835;08170506136100780430;08;1;36;050;2017;05;17;7;3;8;1;1;0;0;0;0;0;0;582083,001599999960000;5404235,919200000400000;10,117456745000027;48,785702126000047
45847;08170509426010713970;08;4;25;141;2017;05;17;3;3;9;7;1;0;0;0;0;0;0;565507,146500000030000;5362840,129300000100000;9,885297739000066;48,415307231000043
45848;08170509416010766960;08;4;15;060;2017;05;14;3;2;5;3;1;1;0;0;0;0;0;513342,532599999980000;5380567,126699999900000;9,180895192000037;48,578050048000080
45859;08170505436500786590;08;4;36;081;2017;05;19;6;2;2;6;1;0;0;0;1;0;0;566711,817900000020000;5280995,024899999600000;9,888816134000024;47,678901134000057
45861;08170505436211699750;08;4;36;008;2017;05;12;6;3;2;2;1;1;0;0;0;0;0;545102,713200000000000;5307730,014499999600000;9,603714010000033;47,921304841000051
45868;08170510135010782510;08;1;35;025;2017;05;16;4;2;1;5;1;1;0;0;0;0;0;581911,655400000050000;5399306,866200000000000;10,114143375000026;48,741391419000081
45869;08170510215502691420;08;2;15;099;2017;05;14;4;3;5;2;1;1;0;0;0;0;0;462897,388900000020000;5447446,188199999700000;8,490910692000057;49,178701145000048
45882;08170510335010807840;08;3;35;055;2017;05;15;4;3;9;3;1;0;0;0;1;0;0;494765,554100000010000;5283929,038700000400000;8,930220817000077;47,708721740000044
45902;08170509317000806700;08;3;17;110;2017;05;17;3;2;5;3;1;1;0;0;0;0;0;426115,992199999980000;5380922,550400000100000;7,998310503000027;48,577032634000034
45905;08170505299200802880;08;2;12;000;2017;05;17;6;3;5;3;1;1;0;0;0;0;0;461780,844600000010000;5427390,544400000000000;8,477487625000038;48,998230032000038
45937;08170505117010726140;08;1;17;026;2017;05;06;6;2;5;2;1;1;0;0;0;0;0;548919,910700000010000;5394469,276399999900000;9,664865711000061;48,701340013000049
45940;08170505111500794790;08;1;11;000;2017;05;22;6;2;6;4;0;1;1;0;0;2;0;513474,470900000010000;5402671,414300000300000;9,183404407000069;48,776899085000082
45949;08170509235010754800;08;2;35;080;2017;05;13;3;3;6;4;0;1;1;0;0;0;0;480163,984699999970000;5385479,555200000300000;8,730833714000028;48,622071013000038
45957;08170510216300714270;08;2;16;033;2017;05;16;4;2;8;1;1;0;0;0;0;0;0;448863,245000000000000;5412181,657100000400000;8,302804338000044;48,860490316000039
45973;08170504325110767400;08;3;25;057;2017;05;17;5;3;0;4;0;0;1;1;0;0;1;472632,993599999990000;5356593,527900000100000;8,630536075000066;48,361921632000076
45982;08170510211010752360;08;2;11;000;2017;05;06;4;3;5;5;1;1;0;0;0;0;0;441761,060600000030000;5403580,271700000400000;8,207203936000042;48,782494437000025
46026;08170510311010707330;08;3;11;000;2017;05;13;4;3;5;3;1;1;0;0;0;0;0;404597,604999999980000;5319522,150999999600000;7,720518684000069;48,021862916000032
46031;08170504118300719030;08;1;18;051;2017;05;15;5;3;5;3;1;0;0;0;1;0;0;509266,138500000000000;5414936,386400000200000;9,126401161000047;48,887309946000073
46043;08170503435100763050;08;4;35;016;2017;05;16;4;3;5;2;1;1;0;0;0;0;0;535247,627300000050000;5277759,588299999900000;9,469371806000027;47,652272052000058
46051;08170503335010807390;08;4;35;035;2017;05;17;4;2;5;2;1;1;0;0;0;0;0;541864,609500000020000;5281626,841599999900000;9,557852945000036;47,686672517000034
46060;08170510235111802640;08;2;35;033;2017;05;10;4;2;6;4;0;1;1;0;0;0;0;458941,142999999980000;5405429,647800000400000;8,440874379000036;48,800501876000055
46062;08170509118100769620;08;1;18;079;2017;05;12;3;3;5;3;1;1;0;0;0;0;0;510492,899199999990000;5424492,057799999600000;9,143381511000030;48,973250320000034
46076;08170503235010754680;08;2;31;000;2017;05;16;4;3;6;2;0;1;1;0;0;0;0;477800,749900000000000;5415677,196600000400000;8,697137379000026;48,893645697000068
46077;08170503226700714340;08;2;26;098;2017;05;17;4;3;5;3;1;1;0;0;0;0;0;476615,288999999990000;5459368,724000000400000;8,678436247000036;49,286622000000079
46086;08170503222014792250;08;2;26;082;2017;05;12;4;3;5;3;1;0;0;0;1;0;0;475348,800700000020000;5480044,814700000000000;8,659739444000024;49,472550850000061
46088;08170503221200749780;08;2;21;000;2017;05;11;4;3;5;2;1;1;0;0;0;0;0;476565,203099999980000;5472649,405700000000000;8,676966391000065;49,406078903000036
46091;08170509111500794820;08;1;11;000;2017;05;13;3;3;5;3;1;0;0;0;1;0;0;508554,122199999980000;5397427,287100000300000;9,116323532000024;48,729810110000074
46102;08170503221000808420;08;2;21;000;2017;05;17;4;3;6;4;0;1;1;0;0;0;0;477703,187299999990000;5472617,289400000100000;8,692654331000028;49,405832780000026
46117;08170508335010807780;08;3;35;002;2017;05;07;2;2;6;4;0;1;1;0;0;0;1;504586,125400000020000;5285692,919400000000000;9,061155146000033;47,724597413000026
46132;08170503118500782700;08;1;18;049;2017;05;17;4;3;6;2;0;1;1;0;0;0;0;519154,252299999990000;5420844,443000000000000;9,261563022000075;48,940230069000052
46137;08170508316100791790;08;3;16;012;2017;05;11;2;3;8;4;0;1;1;0;0;0;0;397814,658500000020000;5330230,902599999700000;7,627015786000072;48,117133735000039
46139;08170508311010777860;08;3;11;000;2017;05;14;2;3;5;3;1;1;0;0;0;0;1;414613,998299999980000;5317762,232900000200000;7,855173829000023;48,007449268000073
46140;08170508311010777840;08;3;11;000;2017;05;15;2;3;0;4;1;0;1;0;0;0;1;413649,037499999980000;5316683,914800000400000;7,842455742000027;47,997619774000043
46146;08170503115100773500;08;1;15;003;2017;05;05;4;3;5;3;1;1;0;0;0;2;1;500310,054999999990000;5392293,756600000000000;9,004212442000039;48,683687113000076
46151;08170502435200750960;08;4;35;059;2017;05;06;3;3;5;3;1;1;0;0;0;0;1;515143,534099999990000;5292390,888700000000000;9,202168976000053;47,784701141000028
46152;08170502435200721120;08;4;35;059;2017;05;13;3;3;8;1;1;0;0;0;0;0;0;510051,102699999990000;5291106,540400000300000;9,134154587000069;47,773244811000040
46154;08170508311010744130;08;3;11;000;2017;05;08;2;2;5;3;1;0;0;0;1;0;1;414485,592599999970000;5316946,370900000400000;7,853615212000022;48,000093112000059
46164;08170502335300757850;08;3;35;075;2017;05;17;3;3;1;5;1;1;0;0;0;0;0;488490,455499999980000;5290224,305599999600000;8,846402667000064;47,765282485000057
46165;08170502335110693460;08;3;35;002;2017;05;14;3;2;8;1;1;0;0;0;0;0;0;505353,403700000020000;5284866,697200000300000;9,071376500000042;47,717157472000054
46170;08170508299200803970;08;2;12;000;2017;05;08;2;2;5;3;1;1;0;0;0;0;1;456406,791099999970000;5425509,002500000400000;8,404222104000041;48,980949186000032
46172;08170502317600787220;08;3;17;145;2017;05;08;3;3;0;7;1;0;0;0;0;0;0;442211,486099999980000;5350294,725599999500000;8,220728407000024;48,303206703000058
46183;08170508221200776640;08;2;21;000;2017;05;13;2;3;4;6;1;0;0;0;0;0;0;476561,109699999970000;5472747,689799999800000;8,676904166000043;49,406962795000027
46198;08170502221000808220;08;2;21;000;2017;05;16;3;2;3;5;1;1;0;0;0;0;0;478114,638900000020000;5473334,069600000000000;8,698286306000057;49,412295047000043
46222;08170510325010805780;08;2;37;002;2017;05;17;4;1;6;4;0;1;1;0;0;0;0;460419,344199999990000;5352161,591699999800000;8,466070506000051;48,321403091000036
46235;08170502118100792970;08;1;18;079;2017;05;18;3;3;5;2;1;1;0;0;0;0;0;509882,866900000020000;5422310,821499999600000;9,134992705000059;48,953638743000056
46236;08170502118100792960;08;1;18;040;2017;05;17;3;3;6;2;0;1;1;0;0;0;0;510601,925500000010000;5432370,726099999600000;9,145077071000060;49,044121603000065