OBJECTID;UIDENTSTLA;ULAND;UREGBEZ;UKREIS;UGEMEINDE;UJAHR;UMONAT;USTUNDE;UWOCHENTAG;UKATEGORIE;UART;UTYP1;IstRad;IstPKW;IstFuss;IstKrad;IstSonstig;LICHT;STRZUSTAND;LINREFX;LINREFY;XGCSWGS84;YGCSWGS84
46238;08170502117010726130;08;1;17;024;2017;05;10;3;2;6;4;0;1;1;0;0;0;1;560756,358800000050000;5385886,759399999900000;9,824457832000064;48,623097888000075
46241;08170502116010730400;08;1;16;049;2017;05;08;3;3;5;2;1;1;0;0;0;0;1;525296,665999999970000;5385342,296000000100000;9,343255382000052;48,620639217000075
46248;08170501435100730150;08;4;35;016;2017;05;22;2;3;4;6;1;0;0;0;0;2;1;532694,089200000050000;5278628,820000000300000;9,435433920000037;47,660227006000071
46251;08170501337010768530;08;3;37;049;2017;05;00;2;2;6;4;0;1;1;0;0;2;0;425053,818000000030000;5279633,301000000000000;8,001725558000032;47,665748409000059
46255;08170513221000808110;08;2;21;000;2017;05;08;7;3;0;7;1;0;0;0;0;0;1;477688,637899999970000;5472929,142099999800000;8,692436259000033;49,408637315000078
46256;08170513216200729340;08;2;16;041;2017;05;18;7;2;0;1;1;0;0;0;0;0;0;439111,832400000010000;5390422,165799999600000;8,173087032000069;48,663882133000072
46271;08170518119200766610;08;1;19;020;2017;05;19;5;3;5;2;1;1;0;0;0;0;1;519338,912000000010000;5408835,619400000200000;9,263516406000065;48,832196556000042
46276;08170518118010717080;08;1;18;079;2017;05;07;5;3;4;6;1;0;0;0;0;0;0;510828,729200000000000;5422765,693099999800000;9,147924545000024;48,957714769000063
46278;08170518117010726280;08;4;25;008;2017;05;08;5;2;3;2;1;1;0;0;0;0;0;564148,233099999950000;5380689,370699999900000;9,869676874000049;48,576007644000072
46280;08170513119200766530;08;1;19;093;2017;05;10;7;3;5;3;1;1;0;0;0;0;0;524953,282499999970000;5404204,019100000200000;9,339736230000028;48,790331573000060
46285;08170518115100708160;08;1;15;003;2017;05;17;5;3;1;7;1;1;0;0;0;0;0;500611,712200000010000;5392784,457399999700000;9,008311517000038;48,688101288000041
46290;08170518111500752750;08;1;11;000;2017;05;15;5;3;6;3;0;1;1;0;0;0;0;513752,426700000010000;5402024,412200000100000;9,187166076000040;48,771072622000077
46292;08170518111320716380;08;1;11;000;2017;05;07;5;2;0;1;1;0;0;0;0;0;0;513603,265399999970000;5406266,905100000100000;9,185276511000041;48,809240936000037
46309;08170517436412729870;08;4;36;009;2017;05;15;4;3;3;6;1;1;0;0;0;0;0;556714,231099999980000;5307380,471800000400000;9,759079156000041;47,917237990000046
46315;08170517435100763110;08;4;35;016;2017;05;17;4;3;5;3;1;1;0;0;0;0;0;531976,065399999960000;5279227,230600000400000;9,425915039000074;47,665647080000042
46316;08170517435100763100;08;4;35;057;2017;05;19;4;3;0;7;1;0;0;0;0;0;0;544231,217999999990000;5279982,480000000400000;9,589220119000061;47,671720198000060
46317;08170517435010807220;08;4;37;078;2017;05;19;4;3;6;4;0;1;1;0;0;0;0;507713,642300000010000;5318157,346099999700000;9,103439582000021;48,016662279000059
46318;08170517435010807210;08;4;37;104;2017;05;17;4;2;3;6;1;1;0;0;0;0;0;513611,995700000030000;5326442,392699999700000;9,182799541000065;48,091104868000059
46323;08170517416010767130;08;4;16;036;2017;05;16;4;3;5;2;1;1;0;0;0;0;0;490408,477799999990000;5367232,054800000000000;8,870266722000054;48,458151742000041
46331;08170517337010887760;08;3;37;060;2017;05;07;4;2;6;4;0;1;1;0;0;0;0;467677,983599999980000;5277602,351800000300000;8,569597263000048;47,651010083000074
46334;08170517336100690320;08;3;36;084;2017;05;20;4;3;0;1;1;0;0;0;0;1;0;403995,503000000030000;5276877,394000000300000;7,721900514000026;47,638174721000041
46340;08170512421111757680;08;4;25;071;2017;05;14;6;3;5;3;1;1;0;0;0;0;1;551566,321400000020000;5371191,081199999900000;9,697939533000067;48,491726020000044
46349;08170517335010807520;08;4;36;012;2017;05;17;4;3;5;2;1;0;0;1;0;0;0;547935,381999999980000;5299474,468500000400000;9,640711180000039;47,846825721000073
46350;08170517335010807510;08;4;35;016;2017;05;10;4;2;6;4;0;1;1;0;0;0;0;536654,869500000030000;5281719,365199999900000;9,488442846000055;47,687821477000057
46351;08170517335010752130;08;3;35;075;2017;05;19;4;3;4;1;1;0;0;1;0;0;0;493748,483599999980000;5282859,785899999600000;8,916677833000051;47,699091939000027
46359;08170517311100687900;08;3;15;013;2017;05;11;4;3;6;7;0;0;1;0;1;0;0;405077,774900000020000;5325649,005900000200000;7,725597639000057;48,077044793000027
46361;08170517311010784460;08;3;36;084;2017;05;15;4;3;6;4;1;0;1;0;0;0;0;405952,149700000010000;5283053,379200000300000;7,746613197000045;47,694018371000027
46364;08170517299200804160;08;2;15;007;2017;05;17;4;2;0;1;1;0;0;0;0;0;0;480395,759199999970000;5430390,423899999800000;8,731831835000037;49,026087268000026
46373;08170517235010755060;08;2;31;000;2017;05;15;4;3;6;4;0;1;1;0;0;0;0;477889,461000000010000;5416074,048000000400000;8,698326160000022;48,897218807000058
46375;08170517231102702760;08;2;36;050;2017;05;19;4;3;5;3;1;1;0;0;0;0;0;485400,791000000030000;5423918,285000000100000;8,800528211000028;48,968005503000029
46379;08170517221000808140;08;2;21;000;2017;05;08;4;3;5;2;1;1;0;0;0;0;0;477686,850900000020000;5472516,206600000200000;8,692434829000035;49,404922956000064
46381;08170512311100786040;08;3;15;013;2017;05;12;6;3;6;4;0;1;1;0;0;0;0;404765,365500000010000;5325232,347400000300000;7,721497252000063;48,073250433000055
46388;08170517212702772200;08;2;15;017;2017;05;16;4;3;5;3;1;1;0;0;0;0;0;458108,666399999990000;5420453,609000000200000;8,428000209000061;48,935592509000060
46389;08170517212202710740;08;2;12;000;2017;05;17;4;3;5;3;1;1;0;0;0;0;0;459197,311300000000000;5428501,371700000000000;8,442056988000047;49,008056774000067
46406;08170517121200770820;08;1;21;000;2017;05;05;4;3;0;7;1;0;0;0;0;1;0;515927,434499999970000;5444923,346800000400000;9,218446041000050;49,156922754000050
46408;08170517119200705990;08;1;19;020;2017;05;07;4;2;5;3;1;1;0;0;0;0;0;518851,898200000000000;5406443,761500000000000;9,256770382000070;48,810694844000068
46428;08170517115100793940;08;1;15;003;2017;05;19;4;3;0;1;1;0;0;0;0;0;0;501404,559799999990000;5393015,142099999800000;9,019084959000054;48,690175271000044
46431;08170517111500733530;08;1;11;000;2017;05;09;4;3;5;2;1;1;0;0;0;0;0;512265,111299999990000;5406509,121399999600000;9,167058173000044;48,811447736000048
46434;08170516436400749200;08;4;36;064;2017;05;12;3;3;0;7;1;0;0;0;0;0;0;545177,699499999990000;5295414,667299999900000;9,603430228000036;47,810499641000035
46438;08170516435100969850;08;4;35;016;2017;05;07;3;3;5;3;1;1;0;0;0;0;0;529692,656399999980000;5279907,947200000300000;9,395547521000026;47,671880692000059
46441;08170516426010714040;08;4;25;108;2017;05;11;3;3;5;3;1;1;0;0;0;0;0;554152,904899999960000;5357665,570399999600000;9,731197690000045;48,369835983000030
46442;08170516416010767070;08;4;15;059;2017;05;08;3;3;4;2;1;1;0;0;0;0;0;512800,536900000010000;5366061,764200000100000;9,173101887000030;48,447566188000053
46443;08170516415400744850;08;4;15;061;2017;05;20;3;3;0;2;1;1;0;0;0;1;0;515696,082300000010000;5372312,053299999800000;9,212492830000031;48,503730591000078
46453;08170516335010762090;08;4;35;052;2017;05;19;3;2;5;3;1;1;0;0;0;0;0;521332,674200000010000;5291507,212700000000000;9,284750817000031;47,776575071000082
46468;08170516317310800270;08;3;17;059;2017;05;11;3;3;0;3;1;1;0;0;0;0;0;412718,045999999970000;5349421,543899999900000;7,823265679000031;48,291970632000073
46470;08170516316200746500;08;3;16;056;2017;05;16;3;2;0;1;1;0;0;0;0;0;0;424149,901000000010000;5328320,076999999600000;7,981133514000021;48,103627148000044
46473;08170516311010784440;08;3;36;050;2017;05;07;3;3;5;2;1;1;0;0;0;0;0;398777,293300000020000;5274309,206199999900000;7,653043976000049;47,614278283000033
46476;08170516237101770670;08;2;37;045;2017;05;12;3;3;6;4;0;0;1;0;1;0;0;459066,063299999980000;5362688,388700000000000;8,446791301000076;48,416017953000051
46488;08170512117300739230;08;1;17;043;2017;05;07;6;3;2;6;1;1;0;0;0;0;1;552205,131799999970000;5389496,718600000300000;9,708883430000071;48,656343421000031
46495;08170516226600768410;08;2;26;031;2017;05;19;3;3;6;4;0;1;1;0;0;0;0;473966,199800000000000;5493400,372000000400000;8,639774046000071;49,592621109000049
46498;08170516221200727560;08;2;21;000;2017;05;17;3;3;5;3;1;1;0;0;0;0;0;478656,687900000020000;5473444,786100000100000;8,705752988000029;49,413310182000032
46499;08170516221000808130;08;2;26;055;2017;05;16;3;2;5;3;1;1;0;0;0;0;0;497658,174999999990000;5460314,082000000400000;8,967791702000056;49,295568580000065
46522;08170516117300799800;08;1;17;026;2017;05;08;3;3;3;2;1;1;0;0;0;0;0;547777,976700000000000;5395058,397400000100000;9,649415032000036;48,706727964000038
46527;08170511436500740640;08;4;36;052;2017;05;22;5;2;4;1;1;1;0;0;0;2;0;565637,368000000020000;5291136,978000000100000;9,876031343000022;47,770253910000065
46528;08170511436412729850;08;4;36;009;2017;05;15;5;3;8;7;1;0;0;0;0;0;0;553477,310000000060000;5309855,979000000300000;9,716066274000070;47,939787314000057
46539;08170516111500722610;08;1;11;000;2017;05;20;3;3;0;7;0;1;1;0;1;0;0;514155,439100000020000;5406037,975300000000000;9,192789180000034;48,807169182000052
46544;08170515437100782320;08;4;37;086;2017;05;16;2;3;5;2;1;1;0;0;0;0;0;528620,213400000010000;5311306,727900000300000;9,383334943000023;47,954432703000066
46550;08170515435211756720;08;4;35;066;2017;05;10;2;2;5;3;1;1;0;0;0;0;0;518115,725800000010000;5286917,927500000200000;9,241619837000030;47,735381511000071
46553;08170515416100712160;08;4;16;036;2017;05;16;2;3;0;7;1;1;0;0;0;0;0;495445,755799999980000;5368908,529400000300000;8,938381759000038;48,473290696000049
46558;08170511435117692610;08;4;35;057;2017;05;09;5;3;3;6;1;1;0;0;0;0;0;549527,544200000000000;5275586,418499999700000;9,659271844000045;47,631784228000072
46564;08170518235010755100;08;2;31;000;2017;05;07;5;3;6;4;0;1;1;0;0;0;0;478451,115999999980000;5416008,169999999900000;8,705992689000027;48,896645982000052
46567;08170511415400755650;08;4;15;061;2017;05;17;5;3;6;4;0;1;1;0;0;0;0;514566,303599999980000;5371702,136400000200000;9,197176754000054;48,498270785000045
46568;08170511415400744750;08;4;15;061;2017;05;07;5;3;3;2;1;1;0;0;0;0;0;513322,526900000000000;5372483,520200000100000;9,180365401000074;48,505327998000041
46573;08170515317300777050;08;3;17;065;2017;05;06;2;3;6;4;0;1;1;0;0;0;0;414284,069100000020000;5354169,115700000000000;7,843409447000056;48,334888445000047
46583;08170515235200692970;08;2;35;046;2017;05;17;2;2;0;1;1;0;0;0;0;0;0;480299,842400000020000;5381784,758899999800000;8,732852590000050;48,588836411000045
46588;08170515226300800890;08;2;26;056;2017;05;07;2;3;5;3;1;1;0;0;0;0;0;485728,683000000020000;5470817,126799999700000;8,803343854000048;49,389881549000052
46590;08170511335010807460;08;4;36;008;2017;05;16;5;3;3;6;1;1;0;0;0;0;0;549606,914600000020000;5309134,625799999600000;9,664161934000049;47,933608947000039
46593;08170511317500692320;08;3;17;096;2017;05;14;5;3;6;6;1;0;1;0;0;0;0;421917,983000000010000;5369773,615700000000000;7,943493620000027;48,476240786000062
46594;08170515221000808570;08;2;21;000;2017;05;14;2;3;5;3;1;1;0;0;0;0;0;476565,123299999980000;5472643,992100000400000;8,676965611000071;49,406030205000036
46601;08170511299200804070;08;2;15;066;2017;05;09;5;2;6;4;0;1;1;0;0;0;0;460172,303300000030000;5454033,324500000100000;8,452867773000037;49,237780773000054
46602;08170511235200692880;08;2;35;046;2017;05;11;5;2;0;1;1;0;0;0;0;0;0;480296,901100000020000;5381796,966000000000000;8,732812126000056;48,588946135000072
46612;08170511212502051710;08;2;12;000;2017;05;07;5;3;0;1;1;0;0;0;0;0;0;452546,519299999990000;5429910,933199999900000;8,350953775000050;49,020260229000030
46613;08170515211010752390;08;3;17;118;2017;05;20;2;2;5;2;1;1;0;0;0;0;0;438273,219999999970000;5384974,802000000100000;8,162510823000048;48,614799588000039
46632;08170515119500722100;08;1;19;068;2017;05;08;2;3;6;7;0;1;1;0;0;0;0;525996,786800000000000;5413548,797399999600000;9,354535787000032;48,874351713000067
46636;08170515116500797450;08;1;16;071;2017;05;15;2;3;5;3;1;1;0;0;0;0;0;529779,077900000030000;5390250,041199999900000;9,404429468000046;48,664591733000066
46637;08170515116500135430;08;1;16;049;2017;05;13;2;3;6;4;1;0;1;0;0;0;1;525097,767600000020000;5385791,651399999900000;9,340583738000021;48,624689652000029
46639;08170518136300776490;08;1;36;066;2017;05;14;5;3;0;1;1;0;0;0;0;0;0;555431,353099999950000;5416149,578300000200000;9,756280753000056;48,895812965000061
46640;08170518136212712800;08;1;36;084;2017;05;13;5;3;5;3;1;1;0;0;0;0;0;593050,822300000000000;5431674,540300000500000;10,272987946000057;49,030928597000070
46644;08170511136010706790;08;1;36;082;2017;05;06;5;2;5;3;1;1;0;0;0;0;0;589581,229000000050000;5414007,773000000000000;10,221647437000058;48,872553881000044
46648;08170515111500737280;08;1;11;000;2017;05;08;2;2;0;6;1;1;0;0;0;0;0;518293,623199999970000;5400482,483699999700000;9,248901202000070;48,757084648000045
46655;08170515111500722550;08;1;11;000;2017;05;18;2;3;5;2;1;1;0;0;0;0;0;507856,843600000020000;5396828,324699999800000;9,106830168000045;48,724431008000067
46657;08170518136200739030;08;1;36;019;2017;05;11;5;3;5;3;1;1;0;0;0;0;0;583169,151399999970000;5425185,018799999700000;10,136501618000068;48,973974870000063
46660;08170518136200690950;08;1;36;019;2017;05;17;5;3;9;1;1;0;0;0;0;0;0;582593,343800000030000;5426090,902900000100000;10,128818831000046;48,982199542000046
46664;08170514426010765230;08;4;26;070;2017;05;10;1;2;5;3;1;1;0;0;0;0;0;563171,441200000000000;5342026,527200000400000;9,850616614000046;48,228313150000076
46675;08170514325010805850;08;4;17;002;2017;05;19;1;2;4;6;1;0;0;1;0;0;0;489098,540199999990000;5345444,779600000000000;8,853113390000033;48,262119198000050
46686;08170511121200788220;08;1;21;000;2017;05;11;5;3;5;3;1;1;0;0;0;0;0;515652,193000000030000;5443347,475999999800000;9,214609873000029;49,142754374000049
46703;08170514199200750490;08;1;15;004;2017;05;12;1;2;5;2;1;1;0;0;0;0;0;488423,420199999990000;5374007,227199999600000;8,843229510000072;48,519070406000026
46718;08170514116400741300;08;1;16;070;2017;05;12;1;3;9;1;1;0;0;0;0;0;0;539566,163700000030000;5381095,343299999800000;9,536468971000033;48,581694469000070
46723;08170511116010730530;08;1;16;071;2017;05;07;5;3;0;7;1;1;0;0;0;0;0;528059,119799999990000;5391060,756699999800000;9,381126279000057;48,671964517000049
46725;08170511111500737240;08;1;11;000;2017;05;16;5;3;0;6;1;1;0;0;0;0;0;512503,711000000010000;5402326,934200000000000;9,170180739000045;48,773820435000061
46727;08170511111500733460;08;1;11;000;2017;05;15;5;3;5;3;1;1;0;0;0;0;0;513034,210499999990000;5399871,334699999500000;9,177323241000067;48,751719109000078
46728;08170513435200797260;08;4;35;052;2017;05;18;7;3;8;1;1;0;0;0;0;0;0;521608,819100000020000;5291466,173700000200000;9,288434739000024;47,776196623000033
46732;08170513435100763080;08;4;35;016;2017;05;09;7;3;0;7;1;0;0;0;0;0;0;537127,091000000010000;5281781,390999999800000;9,494740450000052;47,688352587000054
46741;08170510435200797240;08;4;35;036;2017;05;06;4;3;2;6;1;1;0;0;0;0;0;521233,685500000020000;5282978,149400000500000;9,283013341000071;47,699838184000043
46756;08170513325010805830;08;3;25;072;2017;05;22;7;2;6;4;0;1;1;0;0;2;0;470475,371700000020000;5329131,169700000400000;8,603322781000031;48,114756670000077
46760;08170513316100791820;08;3;16;020;2017;05;13;7;2;5;3;1;1;0;0;0;0;0;404827,180600000020000;5338946,169300000200000;7,719262423000032;48,196611784000027
46761;08170510337010768610;08;3;37;053;2017;05;12;4;2;0;1;1;0;0;0;0;0;0;452151,725900000020000;5268745,362200000300000;8,363826484000072;47,570359741000061
46764;08170510336300781140;08;3;36;081;2017;05;20;4;3;4;1;1;0;0;1;0;1;0;413154,524399999990000;5279123,819400000400000;7,843360651000069;47,659676841000078
46765;08170513299200803100;08;2;12;000;2017;05;13;7;3;6;4;0;1;1;0;0;0;0;455716,678499999980000;5428012,687300000300000;8,394518186000028;49,003421058000072
46770;08170510335100745560;08;3;35;043;2017;05;18;4;3;5;2;1;1;0;0;0;0;0;513549,606299999980000;5279441,547199999900000;9,180486908000034;47,668223999000077
46774;08170526299200804330;08;2;15;107;2017;05;10;6;2;5;3;1;1;0;0;0;0;0;463015,042499999980000;5455299,447499999800000;8,491801315000032;49,249347748000048
46783;08170526221000808700;08;2;21;000;2017;05;13;6;3;3;6;1;1;0;0;0;0;0;477561,575900000000000;5474062,219300000000000;8,690620677000027;49,418824488000041
46792;08170524199200783950;08;1;15;015;2017;05;15;4;2;5;3;1;0;0;1;0;0;0;490957,707500000020000;5390628,988300000300000;8,877186951000056;48,668645262000041
46800;08170523222700698540;08;2;22;000;2017;05;18;3;3;1;5;1;1;0;0;0;0;0;465421,891000000000000;5480611,567400000100000;8,522673037000061;49,477164339000069
46801;08170523222600729280;08;2;22;000;2017;05;15;3;3;5;3;1;1;0;0;0;0;0;462939,347000000010000;5482899,285000000100000;8,488190152000072;49,497594718000073
46805;08170523221000808180;08;2;21;000;2017;05;13;3;3;3;6;1;0;0;0;0;0;0;477727,465499999990000;5473235,528699999700000;8,692954305000058;49,411394637000058
46807;08170523215102720780;08;2;15;109;2017;05;13;3;3;4;6;1;0;0;0;0;0;0;463276,993499999980000;5434042,081700000000000;8,497339002000047;49,058152929000073
46809;08170523212702772350;08;2;15;110;2017;05;17;3;3;4;6;1;0;0;0;0;0;0;461480,728000000000000;5420287,564000000200000;8,474057160000029;48,934318014000041
46812;08170523127100686860;08;1;27;100;2017;05;15;3;2;8;1;1;0;0;0;0;0;0;553578,068699999950000;5437532,835599999900000;9,733817121000072;49,088316119000069
46814;08170523126010763520;08;1;21;000;2017;05;13;3;2;0;7;1;0;0;0;0;0;0;516452,165700000010000;5441942,673399999700000;9,225521012000058;49,130096799000057
46819;08170526216200800490;08;2;16;063;2017;05;23;6;3;4;6;1;0;0;0;0;2;0;427849,810600000030000;5400273,797399999600000;8,018438726000056;48,751295803000062
46823;08170526215502691700;08;2;15;107;2017;05;20;6;2;1;5;1;1;0;0;0;0;0;462663,516400000020000;5456343,106800000200000;8,486874008000029;49,258713967000062
46827;08170526211100731570;08;2;11;000;2017;05;15;6;3;0;4;0;0;1;0;1;0;0;442499,697500000010000;5403088,377299999800000;8,217326679000053;48,778138508000040
46832;08170526135100776730;08;1;35;019;2017;05;23;6;3;0;1;1;0;0;0;0;2;0;584903,843600000020000;5392300,557799999600000;10,153392631000031;48,677974325000037
46834;08170523117010726350;08;1;17;020;2017;05;13;3;2;0;1;1;0;0;0;0;0;0;549756,248200000030000;5390127,401999999800000;9,675708810000060;48,662216580000063
46838;08170523116200785040;08;1;16;078;2017;05;16;3;3;0;1;1;0;0;0;0;0;0;509779,042499999980000;5393369,914300000300000;9,132884458000035;48,693291784000053
46840;08170523115100708200;08;1;15;003;2017;05;13;3;3;0;7;1;0;0;0;0;0;0;500701,396200000020000;5392459,186800000300000;9,009529529000076;48,685175024000046
46842;08170523111500752800;08;1;11;000;2017;05;12;3;3;6;4;0;1;1;0;0;0;0;515378,497900000020000;5405923,599200000100000;9,209442162000073;48,806111208000061
46844;08170523111230687780;08;1;11;000;2017;05;08;3;3;1;5;1;1;0;0;0;0;0;515989,573600000000000;5398801,105299999900000;9,217487500000061;48,742022502000054
46848;08170522436300715410;08;4;36;052;2017;05;19;2;3;0;7;1;0;0;0;0;0;0;570426,997500000060000;5291880,735100000200000;9,940068305000068;47,776439330000073
46851;08170522435200688040;08;4;35;034;2017;05;17;2;3;6;4;0;1;1;0;0;0;0;528858,402600000030000;5285366,200799999800000;9,384795520000068;47,721028896000064
46853;08170522435112702170;08;4;35;016;2017;05;08;2;3;0;7;1;0;0;0;0;0;0;532128,057900000010000;5280390,126199999800000;9,428025037000055;47,676102647000050
46854;08170522435100712000;08;4;35;016;2017;05;16;2;3;4;2;1;1;0;0;0;0;0;532616,442900000020000;5278726,005599999800000;9,434407078000049;47,661105350000071
46861;08170522417200753690;08;4;17;054;2017;05;17;2;3;5;3;1;0;0;0;1;0;0;478125,090199999980000;5345796,868900000100000;8,705240092000054;48,265002910000078
46862;08170522417100738710;08;4;17;079;2017;05;10;2;3;0;1;1;0;0;0;0;0;0;500727,799500000020000;5344370,268400000400000;9,009804561000067;48,252545448000035
46872;08170522335210722400;08;3;35;061;2017;05;15;2;2;8;1;1;0;0;0;0;0;0;496488,195100000010000;5279772,823400000100000;8,953218389000028;47,671337142000027
46876;08170524121200748290;08;1;21;000;2017;05;20;4;3;5;2;1;1;0;0;0;0;1;515919,291700000000000;5442195,139299999900000;9,218226570000070;49,132381853000027
46879;08170526127202712390;08;1;27;014;2017;05;14;6;3;5;3;1;1;0;0;0;0;0;578617,351000000020000;5442535,516800000300000;10,077681441000038;49,130620247000081
46886;08170526126200750200;08;1;26;066;2017;05;11;6;3;0;7;1;0;0;0;0;0;0;536122,381000000050000;5448953,656000000400000;9,495775444000060;49,192319305000069
46890;08170526119300751230;08;1;36;042;2017;05;11;6;3;5;3;1;1;0;0;0;0;0;545919,432700000000000;5403892,315899999800000;9,625139555000033;48,786332902000026
46893;08170524119300750130;08;1;19;084;2017;05;08;4;3;7;7;1;0;0;0;1;0;0;546347,733800000050000;5414830,822800000200000;9,632206974000042;48,884696580000082
46894;08170522335100761140;08;3;35;043;2017;05;07;2;3;0;1;1;0;0;0;0;0;0;514286,798200000020000;5279803,212799999900000;9,190318414000046;47,671462275000067
46896;08170522335010807880;08;3;35;075;2017;05;07;2;2;0;1;1;0;0;0;0;0;0;487633,017100000000000;5289583,357599999800000;8,834978254000021;47,759499656000060
46904;08170522325010806000;08;3;27;050;2017;05;17;2;1;0;1;1;0;0;0;0;0;0;483909,300999999980000;5312337,620000000100000;8,784443249000049;47,964145328000029
46905;08170522325010805990;08;4;17;015;2017;05;15;2;1;6;4;0;0;1;0;1;0;0;482677,429200000010000;5343158,930999999900000;8,766689317000044;48,241411008000057
46906;08170522317200687260;08;3;17;057;2017;05;17;2;2;0;7;1;0;0;0;0;0;0;412853,325100000020000;5373526,530299999800000;7,820084828000063;48,508805327000061
46913;08170522311010696070;08;3;11;000;2017;05;09;2;3;0;7;1;0;0;0;0;0;0;416093,320499999970000;5315568,110799999900000;7,875433125000029;47,987908073000028
46919;08170526118400747530;08;1;18;048;2017;05;15;6;3;5;3;1;1;0;0;0;0;0;513823,603699999980000;5416614,426900000300000;9,188626901000021;48,902320248000080
46928;08170522235010790930;08;2;31;000;2017;05;09;2;2;6;2;0;0;1;0;1;0;0;477770,055999999980000;5414941,590200000400000;8,696758650000049;48,887027329000034
46935;08170526117010726390;08;1;17;026;2017;05;13;6;2;0;7;1;0;0;0;0;0;0;553314,077799999970000;5400600,086199999800000;9,725374442000032;48,756128528000033
46950;08170522221000808170;08;2;21;000;2017;05;16;2;3;6;4;0;1;1;0;0;0;0;477022,524600000000000;5475093,382899999600000;8,683128674000045;49,428079491000062
46962;08170522136200739040;08;1;36;019;2017;05;18;2;3;5;3;1;0;0;0;1;0;0;582269,039800000030000;5424551,129499999800000;10,124075948000041;48,968394219000061
46965;08170522127202712380;08;1;27;014;2017;05;19;2;3;5;3;1;1;0;0;0;0;0;578350,405900000010000;5443399,393500000200000;10,074190738000027;49,138423896000063
46971;08170525435100746180;08;4;35;035;2017;05;02;5;3;0;1;1;0;0;0;0;2;0;542243,003000000030000;5283251,841000000000000;9,563052220000031;47,701268395000056
46974;08170525435100730290;08;4;35;016;2017;05;15;5;2;0;7;1;0;0;0;0;0;0;533144,765900000000000;5280329,262000000100000;9,441565068000045;47,675503700000036
46975;08170522118400708400;08;1;18;048;2017;05;18;2;3;5;2;1;1;0;0;0;0;0;513175,308900000000000;5415301,464100000400000;9,179738436000037;48,890523312000028
46977;08170522118010717100;08;1;15;022;2017;05;14;2;2;5;3;1;1;0;0;0;0;0;496433,255699999980000;5385045,357900000200000;8,951604262000046;48,618469240000081
46982;08170525426010765340;08;4;25;071;2017;05;23;5;2;6;4;0;1;1;0;0;2;0;552993,020000000020000;5366862,757000000200000;9,716699468000059;48,452670843000078
46985;08170524111500752820;08;1;11;000;2017;05;20;4;3;0;7;1;0;0;0;0;1;0;512892,359999999990000;5402835,055999999900000;9,175486320000061;48,778383529000052
46986;08170525417200776340;08;4;17;057;2017;05;21;5;3;0;7;1;0;0;0;0;0;0;481802,655000000030000;5339949,978799999700000;8,755045252000059;48,212516364000066
46988;08170525416100712200;08;4;16;049;2017;05;15;5;3;0;7;1;0;0;0;0;0;0;488631,770399999980000;5370518,631199999700000;8,846146002000069;48,487689537000051
46991;08170526335300704340;08;3;35;075;2017;05;13;6;3;5;3;1;1;0;0;0;0;0;487631,785700000010000;5289573,702600000400000;8,834962098000062;47,759412762000068
46995;08170524111210713230;08;1;11;000;2017;05;07;4;3;5;3;1;0;0;0;0;0;0;508876,356199999980000;5397448,057900000400000;9,120705880000060;48,729992458000027
46997;08170523436500702210;08;4;36;081;2017;05;14;3;2;0;7;1;0;0;0;0;0;0;556378,962700000030000;5274890,030799999800000;9,750375291000069;47,624958513000081
47000;08170522116010688460;08;1;16;007;2017;05;10;2;3;5;3;1;1;0;0;0;0;0;532791,971000000020000;5400560,262000000100000;9,446165598000050;48,757189472000050
47005;08170522111500733600;08;1;11;000;2017;05;10;2;2;6;4;0;1;1;0;0;0;0;508142,456100000010000;5397430,839800000200000;9,110725557000023;48,729847585000073
47009;08170522111230687740;08;1;11;000;2017;05;14;2;3;0;1;1;0;0;0;0;0;0;509100,587400000020000;5397930,787600000400000;9,123765757000058;48,734331867000037
47032;08170521335400699190;08;3;35;079;2017;05;15;1;3;4;6;1;0;0;0;0;0;0;503832,849200000000000;5296834,486499999600000;9,051208679000069;47,824849005000033
47034;08170525337200717490;08;3;37;128;2017;05;09;5;3;3;6;1;0;0;0;0;0;0;443488,743599999990000;5282001,496199999900000;8,246944652000025;47,688928484000030
47035;08170525336400692100;08;3;36;091;2017;05;23;5;3;2;6;1;0;0;0;1;2;0;393401,495100000000000;5275715,722900000400000;7,581188722000036;47,626067818000081
47036;08170525336300885050;08;3;36;079;2017;05;16;5;2;0;1;1;0;0;0;0;0;0;416683,118900000000000;5293728,550400000100000;7,887552188000029;47,791524004000053
47037;08170523421310736810;08;4;25;141;2017;05;17;3;3;5;2;1;1;0;0;0;0;0;566542,174200000010000;5363284,929800000000000;9,899354440000025;48,419199936000041
47040;08170523416100729710;08;4;16;048;2017;05;18;3;3;0;7;1;0;0;0;0;0;0;497599,742900000010000;5375918,654099999900000;8,967484559000070;48,536368438000068
47041;08170525335100745600;08;3;35;043;2017;05;16;5;3;5;2;1;1;0;0;0;0;0;513551,848000000000000;5279442,412100000300000;9,180516795000074;47,668231734000074
47042;08170525335100731800;08;3;35;043;2017;05;22;5;3;0;1;1;0;0;0;0;2;0;513794,071200000010000;5280023,414099999700000;9,183761652000044;47,673454270000036