OBJECTID;UIDENTSTLA;ULAND;UREGBEZ;UKREIS;UGEMEINDE;UJAHR;UMONAT;USTUNDE;UWOCHENTAG;UKATEGORIE;UART;UTYP1;IstRad;IstPKW;IstFuss;IstKrad;IstSonstig;LICHT;STRZUSTAND;LINREFX;LINREFY;XGCSWGS84;YGCSWGS84
47044;08170526337010705910;08;3;37;126;2017;05;11;6;3;0;1;1;0;0;0;0;0;0;443145,590499999990000;5273772,832800000000000;8,243442351000056;47,614865519000034
47047;08170525335010807920;08;4;35;059;2017;05;21;5;2;0;1;1;0;0;0;0;2;0;513625,549799999980000;5291695,042799999900000;9,181881877000024;47,778474182000082
47055;08170521325010805980;08;4;17;057;2017;05;11;1;2;6;4;0;1;1;0;0;0;0;480802,085800000000000;5339452,958999999800000;8,741599209000071;48,208015309000075
47056;08170527215402728890;08;2;15;009;2017;05;20;7;3;0;7;1;0;0;0;0;0;0;469900,881200000000000;5440620,036100000100000;8,587513555000044;49,117682500000058
47067;08170521311010696060;08;3;11;000;2017;05;17;1;2;2;6;1;0;0;1;0;0;0;415245,809300000020000;5320417,456299999700000;7,863118125000028;48,031418122000048
47071;08170525327200738250;08;3;27;049;2017;05;16;5;3;6;4;0;0;1;1;0;0;0;472619,670400000000000;5324562,588700000200000;8,632424869000033;48,073749644000031
47072;08170525326400711160;08;3;26;074;2017;05;01;5;3;0;1;1;0;0;0;0;2;0;458464,533000000000000;5323934,760999999900000;8,442463898000028;48,067336310000030
47074;08170525325202711360;08;3;25;049;2017;05;22;5;3;0;1;1;0;0;0;0;2;0;474558,298000000010000;5334438,103199999800000;8,657860617000040;48,162678381000035
47075;08170523415300688230;08;4;15;019;2017;05;17;3;3;5;2;1;1;0;0;0;0;0;518721,939000000010000;5369718,213999999700000;9,253340080000044;48,480312663000063
47081;08170525317100687510;08;3;17;116;2017;05;14;5;2;0;7;1;0;0;0;0;0;0;433188,529600000010000;5388062,595300000200000;8,093034398000043;48,642052218000060
47087;08170525311010696130;08;3;11;000;2017;05;23;5;3;5;3;1;1;0;0;0;2;0;414601,399800000010000;5317823,904000000100000;7,854992667000033;48,008002339000029
47088;08170526317000806840;08;3;17;122;2017;05;14;6;2;5;2;1;1;0;0;0;0;0;414781,669999999980000;5368282,453599999700000;7,847257482000032;48,461901588000046
47099;08170521235010790900;08;2;31;000;2017;05;17;1;3;3;2;1;1;0;0;0;0;0;479705,624900000000000;5416079,797500000300000;8,723105105000059;48,897332686000027
47101;08170521235010790880;08;2;36;046;2017;05;16;1;2;3;2;1;1;0;0;0;0;0;485507,799400000020000;5416691,852099999800000;8,802247217000058;48,903001460000041
47111;08170521216300775220;08;2;16;024;2017;05;16;1;3;0;7;1;0;0;0;0;0;0;445238,326400000020000;5408477,900700000100000;8,253881726000031;48,826865249000036
47118;08170521135010782590;08;1;17;026;2017;05;14;1;2;5;3;1;1;0;0;0;0;0;548666,288900000040000;5394658,383100000200000;9,661441293000053;48,703060958000037
47121;08170521121400787780;08;1;25;046;2017;05;10;1;3;5;3;1;1;0;0;0;0;0;517433,536599999990000;5431478,868599999700000;9,238521995000042;49,035943543000030
47123;08170521119400756480;08;1;19;091;2017;05;12;1;3;0;7;1;0;0;0;0;0;0;528611,349799999970000;5407186,380099999700000;9,389747124000053;48,817002493000075
47125;08170525235200693160;08;2;35;006;2017;05;13;5;3;6;6;0;1;1;0;0;0;0;468530,497199999980000;5381086,056200000500000;8,573309007000034;48,582070030000068
47131;08170526335010807640;08;4;36;064;2017;05;12;6;2;5;3;1;0;0;1;0;0;0;538228,913599999970000;5288506,284199999600000;9,510012452000069;47,748794052000051
47136;08170521117400764660;08;1;17;011;2017;05;16;1;3;0;7;1;0;0;0;0;0;0;546457,432099999980000;5400607,273600000000000;9,632092272000023;48,756742590000044
47148;08170527216300775250;08;2;16;033;2017;05;10;7;3;6;7;0;1;1;0;0;0;0;446995,916000000030000;5413142,807599999900000;8,277222860000052;48,868979226000079
47149;08170523337010768710;08;3;37;126;2017;05;12;3;2;0;1;1;0;0;0;0;0;0;444073,879499999980000;5274409,481900000000000;8,255712656000071;47,620674267000027
47150;08170520437100782360;08;4;37;100;2017;05;13;7;3;8;1;1;0;0;0;0;0;0;537111,137400000010000;5318107,478400000400000;9,497644996000076;48,015182327000048
47155;08170520426010765300;08;4;21;000;2017;05;14;7;2;5;3;1;1;0;0;0;0;0;571411,437000000030000;5361243,027200000400000;9,964808303000041;48,400299338000082
47157;08170520416010767160;08;4;15;050;2017;05;23;7;1;6;6;0;1;1;0;0;2;0;517863,116099999980000;5375849,497899999800000;9,241981303000046;48,535496576000071
47158;08170520415400732920;08;4;15;061;2017;05;23;7;3;0;1;1;0;0;0;0;2;0;516603,223600000030000;5379027,816900000000000;9,225041161000036;48,564124145000051
47171;08170525211010752490;08;3;17;126;2017;05;11;5;2;8;1;1;0;0;0;0;0;0;438247,172100000030000;5382519,756699999800000;8,162522668000065;48,592713209000067
47172;08170525211010752480;08;2;16;063;2017;05;11;5;1;0;7;1;0;0;0;0;0;0;424540,828700000010000;5400279,172399999600000;7,973428352000042;48,750951961000055
47178;08170523335010807600;08;4;35;016;2017;05;10;3;3;3;6;1;0;0;0;0;0;0;537037,056300000050000;5278744,513299999800000;9,493283144000031;47,661033855000028
47189;08170520317200697130;08;3;17;057;2017;05;18;7;3;6;4;0;1;1;0;0;0;0;413377,841100000020000;5381003,156000000400000;7,825630040000021;48,576125990000037
47211;08170525121400787790;08;1;25;108;2017;05;12;5;3;5;3;1;1;0;0;0;0;0;496042,248599999990000;5435568,839900000000000;8,945810666000057;49,072968781000043
47216;08170523326200706530;08;3;26;074;2017;05;17;3;3;5;3;1;0;0;0;1;0;0;464769,140799999990000;5323727,089700000400000;8,527105348000021;48,065847393000070
47217;08170525116100746750;08;1;16;019;2017;05;11;5;3;6;7;0;1;1;0;0;0;0;523738,764399999990000;5397627,086799999700000;9,322821602000033;48,731214037000029
47221;08170525111500794980;08;1;11;000;2017;05;10;5;3;5;3;1;1;0;0;0;0;0;516598,200399999970000;5407346,175400000100000;9,226110889000040;48,818877099000076
47228;08170520199200783890;08;1;15;051;2017;05;19;7;2;8;1;1;0;0;0;0;0;0;504860,320799999990000;5384307,438199999700000;9,065939107000077;48,611822043000075
47237;08170520119010801960;08;1;19;087;2017;05;05;7;2;5;3;1;0;0;0;1;0;0;529065,592300000020000;5423801,765999999800000;9,397116699000037;48,966446284000028
47239;08170520119010801950;08;1;36;028;2017;05;09;7;2;6;4;0;1;1;0;0;0;0;568671,621999999970000;5404482,021400000000000;9,934946694000075;48,789541180000072
47242;08170520116100734560;08;1;16;037;2017;05;11;7;3;4;6;1;1;0;0;0;0;0;534501,432999999960000;5397438,051199999600000;9,469162146000031;48,729010556000048
47249;08170519436400749210;08;4;36;082;2017;05;19;6;3;5;3;1;1;0;0;0;0;0;547296,845500000050000;5294301,145399999800000;9,631612066000059;47,800329072000068
47255;08170524435100801830;08;4;35;016;2017;05;15;4;3;3;2;1;1;0;0;0;0;0;531144,809899999990000;5279671,745000000100000;9,414874873000031;47,669687153000041
47256;08170524435100801800;08;4;35;016;2017;05;14;4;2;0;7;1;0;0;0;0;0;0;533466,582900000040000;5279987,035400000400000;9,445826055000055;47,672407962000079
47257;08170524426100686770;08;4;26;021;2017;05;10;4;3;3;2;1;1;0;0;0;0;0;558427,599599999960000;5327131,658699999600000;9,784699891000059;48,094772440000042
47258;08170519421300715290;08;4;21;000;2017;05;12;6;3;0;7;1;0;0;0;0;0;0;571956,454000000030000;5361394,593200000000000;9,972196670000074;48,401600737000081
47261;08170524421300715320;08;4;21;000;2017;05;19;4;2;0;1;1;0;0;0;0;0;0;570137,854999999980000;5361535,205000000100000;9,947652794000021;48,403070559000071
47264;08170524416010767210;08;4;15;050;2017;05;18;4;2;5;3;1;1;0;0;0;0;0;520113,433000000020000;5376594,294999999900000;9,272500665000052;48,542128841000078
47269;08170519337010768670;08;3;37;065;2017;05;09;6;3;5;3;1;1;0;0;0;0;1;448534,895000000020000;5275173,105700000200000;8,314987326000050;47,627914496000074
47286;08170519299200804190;08;2;12;000;2017;05;10;6;3;0;7;1;0;0;0;0;0;1;454640,895599999990000;5428265,436400000000000;8,379781763000040;49,005616435000036
47300;08170524335010807620;08;4;36;009;2017;05;17;4;2;6;4;0;1;1;0;0;0;0;556362,798100000010000;5307560,710099999800000;9,754399475000071;47,918890503000057
47313;08170519216100798730;08;2;16;043;2017;05;09;6;3;6;2;0;0;1;0;1;0;1;441871,975800000010000;5411114,196499999600000;8,207646281000052;48,850272800000027
47316;08170527215202721730;08;2;15;100;2017;05;21;7;2;5;3;1;1;0;0;0;1;0;472902,988000000010000;5450320,998999999800000;8,628001259000030;49,205084009000075
47317;08170519211010752440;08;2;16;043;2017;05;13;6;3;6;3;0;1;1;0;0;0;1;439390,536299999980000;5414285,958300000100000;8,173355146000063;48,878565051000066
47334;08170519127100707050;08;1;27;076;2017;05;18;6;3;5;3;1;1;0;0;0;0;1;555161,108000000010000;5438648,455600000000000;9,755649129000062;49,098210911000081
47337;08170519121600801050;08;1;25;098;2017;05;23;6;3;6;4;1;0;1;0;0;2;0;519990,212000000000000;5437447,150999999600000;9,273796274000063;49,089553125000066
47338;08170519121200716860;08;1;21;000;2017;05;18;6;3;5;3;1;1;0;0;0;0;1;516627,384700000000000;5442279,664900000200000;9,227936735000071;49,133123436000062
47344;08170519118100796600;08;1;18;015;2017;05;08;6;3;5;3;1;1;0;0;0;0;0;507196,168200000010000;5429556,225499999700000;9,098422719000041;49,018852787000071
47348;08170519116200774920;08;1;16;080;2017;05;12;6;3;5;3;1;1;0;0;0;0;1;518143,736299999990000;5397593,979899999700000;9,246734645000061;48,731104244000051
47356;08170524311010784580;08;3;36;084;2017;05;10;4;3;0;1;1;0;0;0;0;0;0;405610,912699999990000;5276805,510599999700000;7,743416448000062;47,637765632000026
47366;08170518436211938470;08;4;36;005;2017;05;15;5;3;4;6;1;0;0;0;0;0;0;542248,928300000030000;5308739,004499999800000;9,565616155000043;47,930577038000081
47371;08170518417100792010;08;4;17;079;2017;05;13;5;3;5;3;1;1;0;0;0;0;0;502055,146000000010000;5342677,357699999600000;9,027677709000045;48,237311753000029
47375;08170518336200746240;08;3;36;105;2017;05;06;5;3;5;3;1;0;0;1;0;0;1;401460,927000000030000;5267170,469999999700000;7,690347790000033;47,550475563000077
47378;08170518335010807530;08;4;35;016;2017;05;10;5;1;5;3;1;1;0;0;0;0;0;536197,239100000010000;5277923,344300000000000;9,482030328000064;47,653693005000036
47382;08170524222014705890;08;2;22;000;2017;05;19;4;2;5;5;1;0;0;1;0;0;0;462938,218300000010000;5482568,497600000400000;8,488205592000043;49,494619388000046
47384;08170524222014698730;08;2;22;000;2017;05;15;4;3;6;4;0;0;1;0;1;0;0;463911,140799999990000;5481998,685399999800000;8,501692385000069;49,489552865000064
47386;08170518317000806790;08;3;17;057;2017;05;08;5;3;5;3;1;1;0;0;0;0;0;411895,003000000030000;5380958,758000000400000;7,805540556000040;48,575519896000060
47395;08170528311500701880;08;3;15;039;2017;05;00;1;3;2;1;1;1;0;0;0;2;0;447280,148999999980000;5304790,887000000100000;8,294694985000035;47,894281318000026
47396;08170528311010778120;08;3;11;000;2017;05;18;1;2;6;4;0;1;1;0;0;0;0;411872,098899999980000;5317739,872000000400000;7,818423950000067;48,006875919000038
47401;08170528435100746210;08;4;35;016;2017;05;18;1;3;3;7;1;1;0;0;0;0;0;533773,805700000030000;5279652,438699999800000;9,449892728000066;47,669381477000059
47426;08170528126010763580;08;1;25;038;2017;05;13;1;1;3;2;1;1;0;0;0;0;0;501405,419300000010000;5433219,302500000200000;9,019234776000076;49,051844591000076
47428;08170528119500770450;08;1;19;089;2017;05;14;1;2;0;1;1;0;0;0;0;0;0;532436,452099999990000;5410434,398099999900000;9,442108585000028;48,846032467000043
47440;08170528111370771510;08;1;11;000;2017;05;10;1;3;0;2;1;1;0;0;0;0;0;507485,477000000010000;5405699,280000000300000;9,101942060000056;48,804238443000031
47448;08170527426010765380;08;4;26;021;2017;05;21;7;2;7;1;1;0;0;0;0;2;0;563921,629599999990000;5326219,523799999600000;9,858341548000055;48,086039340000070
47452;08170527299200803600;08;2;15;046;2017;05;07;7;1;2;6;1;1;0;0;0;0;0;452890,225199999990000;5412835,939199999900000;8,357628878000071;48,866694659000075
47453;08170527325102778560;08;3;25;057;2017;05;11;7;3;8;1;1;0;0;0;0;0;0;473319,382600000010000;5356607,278300000400000;8,639801496000075;48,362074723000035
47463;08170531117400689040;08;1;17;018;2017;05;19;4;3;4;2;1;1;0;0;0;0;0;538188,574000000020000;5396022,526999999800000;9,519168013000069;48,716061906000050
47471;08170531116010688520;08;1;16;019;2017;05;08;4;2;4;3;1;1;0;0;0;0;0;523507,444499999980000;5398153,566499999700000;9,319705980000038;48,735958963000030
47472;08170531111500722700;08;1;11;000;2017;05;11;4;2;6;7;0;0;1;0;1;0;0;511535,463700000020000;5406461,153599999800000;9,157118627000045;48,811030198000026
47476;08170530435100730350;08;4;35;016;2017;05;11;3;3;5;2;1;1;0;0;0;0;0;535750,085500000040000;5281510,670599999800000;9,476369525000052;47,685994462000053
47479;08170527311300773260;08;3;11;000;2017;05;10;7;2;0;1;1;0;0;0;0;0;0;415161,086200000020000;5312460,785699999900000;7,863554873000055;47,959833280000055
47483;08170530416010767360;08;4;15;061;2017;05;18;3;3;5;3;1;1;0;0;0;0;0;514306,523700000020000;5371182,302799999700000;9,193642454000042;48,493600147000052
47489;08170530335010807950;08;3;35;075;2017;05;12;3;3;5;2;1;1;0;0;0;0;0;487853,211499999980000;5289169,107800000300000;8,837928033000026;47,755776617000038
47494;08170530326200759300;08;3;26;074;2017;05;17;3;3;0;7;1;0;0;0;1;0;0;465563,902000000000000;5323504,185999999800000;8,537790812000026;48,063885383000070
47507;08170527416010767260;08;4;15;061;2017;05;21;7;2;6;4;0;1;1;0;0;2;0;513065,930899999980000;5373902,277800000300000;9,176935958000058;48,518097014000034
47510;08170530222013770990;08;2;26;059;2017;05;17;3;3;0;3;1;0;0;0;1;0;0;465251,353999999990000;5460193,478000000100000;8,522103561000051;49,293500036000069
47511;08170527415400996500;08;4;15;061;2017;05;20;7;3;3;2;1;1;0;0;0;0;0;514305,181999999970000;5371174,654000000100000;9,193624032000059;48,493531366000070
47513;08170530216100779110;08;2;16;043;2017;05;16;3;3;5;3;1;1;0;0;0;0;0;442004,221000000020000;5411088,853000000100000;8,209452348000070;48,850057209000056
47521;08170530128200776610;08;1;28;128;2017;05;14;3;3;5;3;1;1;0;0;0;0;0;546405,864199999950000;5501767,984100000000000;9,643086736000043;49,666659538000033
47522;08170530126200750210;08;1;26;066;2017;05;16;3;3;1;3;1;1;0;0;0;0;0;535317,861400000050000;5450886,266800000300000;9,484903860000031;49,209749969000029
47542;08170530115400760910;08;1;15;045;2017;05;16;3;2;6;6;1;0;1;0;0;0;0;499700,955399999980000;5394693,308000000200000;8,995935409000026;48,705273712000064
47544;08170530115100783610;08;1;15;044;2017;05;19;3;3;5;3;1;1;0;0;0;0;0;504246,605099999990000;5389810,041000000200000;9,057669335000071;48,661328926000067
47546;08170530111500795040;08;1;11;000;2017;05;09;3;3;5;3;1;1;0;0;0;0;0;509209,652799999980000;5397402,447300000100000;9,125237212000059;48,729577307000056
47557;08170529435117692680;08;4;35;057;2017;05;08;2;3;0;1;1;0;0;0;0;0;0;544549,742199999980000;5279855,420199999600000;9,593450101000030;47,670555145000037
47558;08170529435114767580;08;4;35;030;2017;05;07;2;3;4;2;1;1;0;0;0;0;0;541740,973000000000000;5271697,311800000300000;9,555258044000027;47,597341285000027
47559;08170529435100801850;08;4;35;016;2017;05;16;2;3;4;2;1;1;0;0;0;0;0;536436,092999999990000;5279067,034300000400000;9,485306324000021;47,663969836000035
47568;08170529416214731490;08;4;16;041;2017;05;12;2;3;4;2;1;1;0;0;0;0;0;505919,908200000010000;5375483,421199999700000;9,080188703000033;48,532429597000032
47570;08170529416010795930;08;4;16;041;2017;05;20;2;3;5;3;1;0;0;0;0;0;0;498562,850400000000000;5374674,670199999600000;8,980535727000074;48,525180066000075
47572;08170529416010767310;08;4;16;011;2017;05;06;2;3;0;7;1;0;0;0;0;0;0;505435,909999999970000;5367562,058500000300000;9,073529537000070;48,461170240000058
47577;08170529335010807670;08;4;35;035;2017;05;18;2;2;3;2;1;0;0;0;1;0;0;541155,343100000060000;5283386,541000000200000;9,548568333000048;47,702550540000061
47587;08170529311010778150;08;3;11;000;2017;05;08;2;3;5;2;1;1;0;0;0;0;0;412934,756999999980000;5314893,438900000400000;7,833245913000042;47,981416968000076
47605;08170529231202752030;08;2;36;013;2017;05;22;2;3;0;7;1;0;0;0;0;2;0;474123,044100000000000;5408606,743999999900000;8,647410711000021;48,829899607000073
47606;08170529222301781060;08;2;22;000;2017;05;10;2;3;5;2;1;1;0;0;0;0;0;464610,385000000010000;5485211,360999999600000;8,511059166000052;49,518490461000056
47612;08170529215102720860;08;2;15;102;2017;05;16;2;3;3;2;1;1;0;0;0;0;0;455300,670600000010000;5436312,152700000400000;8,387915027000076;49,078045090000046
47617;08170529136200691000;08;1;36;019;2017;05;09;2;2;5;3;1;1;0;0;0;0;0;583326,123000000020000;5425125,287999999700000;10,138633947000073;48,973416509000060
47620;08170529128010759680;08;1;28;131;2017;05;00;2;2;6;7;0;0;1;0;1;2;0;537286,278599999960000;5512182,209499999900000;9,517709474000071;49,760959315000036
47622;08170529126010763590;08;1;26;039;2017;05;08;2;2;6;4;0;1;1;0;0;0;0;548375,002600000010000;5460479,994300000400000;9,665322341000035;49,295150193000040
47625;08170529118100888640;08;1;18;079;2017;05;15;2;2;6;6;1;0;1;0;0;0;0;510529,411399999980000;5422147,180999999900000;9,143819769000061;48,952156016000060
47629;08170527325010806120;08;4;17;045;2017;05;17;7;2;0;4;0;0;1;1;0;0;0;491908,677700000000000;5331323,447800000200000;8,891246414000023;48,135113705000037
47630;08170527316200741530;08;3;16;056;2017;05;13;7;3;5;3;1;1;0;0;0;0;0;419129,641999999990000;5325048,140999999800000;7,914330101000076;48,073577073000081
47636;08170529111500795030;08;1;11;000;2017;05;14;2;2;5;3;1;1;0;0;0;0;0;506388,412000000010000;5405540,792000000400000;9,086999074000062;48,802824944000065
47646;08170528436400749240;08;4;36;009;2017;05;13;1;3;4;2;1;1;0;0;0;0;0;556741,915599999950000;5307662,261599999900000;9,759486763000041;47,919770669000059
47649;08170528435200688080;08;4;35;066;2017;05;17;1;3;0;1;1;0;0;0;0;0;0;517450,811400000010000;5285023,260599999700000;9,232675635000021;47,718352492000065
47655;08170527299200803550;08;2;12;000;2017;05;19;7;3;5;3;1;1;0;0;0;0;0;452829,246700000020000;5429241,892199999700000;8,354898305000063;49,014263878000065
47656;08170527317000806850;08;3;17;089;2017;05;14;7;2;2;6;1;0;0;0;0;0;0;431574,761999999990000;5376525,492999999800000;8,073030742000071;48,538100509000060
47663;08170601136010828500;08;1;36;088;2017;06;10;5;2;5;3;1;0;0;0;1;0;0;580205,355899999970000;5409621,290099999900000;10,092952240000045;48,834384613000054
47670;08170604121400904860;08;1;25;017;2017;06;11;1;3;5;3;1;1;0;0;0;0;1;499595,840600000000000;5433234,364900000400000;8,994468600000062;49,051981555000054
47672;08170604117200839900;08;1;17;024;2017;06;12;1;3;5;3;1;1;0;0;0;0;1;560723,174000000000000;5385859,449000000000000;9,824003567000034;48,622855446000074
47686;08170603436500882800;08;4;36;009;2017;06;00;7;2;0;1;1;0;0;0;0;2;0;555288,287000000010000;5307671,481999999800000;9,740032926000026;47,919980643000031
47700;08170531437211780000;08;4;37;078;2017;05;07;4;3;5;2;1;1;0;0;0;0;0;508249,034999999970000;5315729,905000000300000;9,110572471000069;47,994815511000070
47704;08170531435211756800;08;4;35;036;2017;05;09;4;3;0;1;1;0;0;0;0;0;0;519945,596000000020000;5282496,387000000100000;9,265823194000063;47,695544553000047
47707;08170531435100712050;08;4;35;016;2017;05;14;4;3;0;7;1;0;0;0;0;0;0;536295,753600000050000;5278915,309100000200000;9,483424555000056;47,662612595000041
47713;08170531416200748930;08;4;16;041;2017;05;06;4;3;5;3;1;1;0;0;0;0;0;504891,640599999980000;5371120,193400000200000;9,066209052000033;48,493185223000069
47715;08170531337010768800;08;3;37;066;2017;05;17;4;2;5;3;1;0;0;0;1;0;0;428341,388199999990000;5267746,832600000300000;8,047453258000076;47,559183823000069
47729;08170531317600734300;08;3;17;039;2017;05;11;4;2;8;7;1;1;0;0;0;0;0;440175,456799999990000;5348124,410100000000000;8,193583068000066;48,283493613000076
47732;08170603435100918080;08;4;35;013;2017;06;16;7;3;8;1;1;0;0;0;0;0;0;540561,446800000030000;5275623,060300000000000;9,539931650000028;47,632737665000036
47738;08170603337100813800;08;3;37;076;2017;06;22;7;3;0;1;1;0;0;0;0;2;1;427080,436400000010000;5268217,076100000200000;8,030616029000044;47,563273991000074
47739;08170603335200911230;08;3;35;063;2017;06;16;7;3;0;2;1;0;0;0;1;0;0;494151,902799999980000;5288794,168999999800000;8,921975026000041;47,752490987000044
47744;08170603326400846260;08;3;26;074;2017;06;12;7;3;5;2;1;1;0;0;0;0;0;459908,636300000010000;5323202,383500000500000;8,461916065000025;48,060839756000064
47755;08170531317200748620;08;3;17;057;2017;05;14;4;2;0;7;1;0;0;0;0;0;0;416904,141100000010000;5383241,191700000300000;7,872980040000073;48,596733664000055
47756;08170531317000807000;08;3;17;110;2017;05;17;4;2;5;3;1;0;0;1;0;0;0;429904,575499999980000;5381072,557599999900000;8,049641725000072;48,578817291000064
47759;08170603235200815510;08;2;35;006;2017;06;11;7;3;0;7;1;0;0;0;1;0;0;470544,422299999980000;5381735,678200000000000;8,600568797000051;48,588012004000063
47760;08170603235010907170;08;2;31;000;2017;06;11;7;2;6;7;0;1;1;0;0;0;1;481310,617000000030000;5417456,579400000200000;8,744940239000073;48,909768272000065
47775;08170603136100894170;08;1;36;002;2017;06;10;7;3;4;2;1;1;0;0;0;0;0;565526,433700000050000;5418666,333800000100000;9,894401295000023;48,917464909000046
47777;08170603127100873250;08;1;27;025;2017;06;10;7;3;6;4;0;1;1;0;0;0;0;556260,784400000000000;5427615,901800000100000;9,769179795000071;48,998876510000059
47778;08170603127100828650;08;1;27;013;2017;06;17;7;3;0;1;1;0;0;0;0;0;0;567182,949999999950000;5428041,099999999600000;9,918556088000059;49,001608927000063
47783;08170603119400835860;08;1;19;091;2017;06;14;7;3;0;7;1;0;0;0;0;0;0;527320,435900000040000;5406870,219100000300000;9,372141490000047;48,814216510000051
47793;08170603116010851300;08;1;16;033;2017;06;09;7;3;5;3;1;1;0;0;0;0;0;533915,018999999970000;5388932,121000000300000;9,460489879000022;48,652525014000048
47797;08170603111320885370;08;1;11;000;2017;06;12;7;3;0;3;1;0;0;0;1;0;0;514600,354999999980000;5406038,610299999800000;9,198848671000064;48,807164601000068
47800;08170602426100809440;08;4;26;021;2017;06;13;6;3;0;1;1;0;0;0;0;0;1;557714,785900000020000;5327091,701200000000000;9,775122104000047;48,094477943000072
47801;08170602426010835140;08;4;26;087;2017;06;10;6;3;5;3;1;1;0;0;0;0;0;570841,044299999950000;5323646,857400000100000;9,950816529000065;48,062164535000079
47813;08170531226600768510;08;2;26;096;2017;05;11;4;3;0;3;1;0;0;0;1;0;0;475786,744599999980000;5488775,390200000300000;8,665248805000033;49,551097050000067
47819;08170602325010921890;08;4;17;075;2017;06;09;6;1;0;1;1;0;0;0;0;0;0;508537,879100000020000;5336288,174700000300000;9,114855294000051;48,179775127000028
47821;08170602317500918560;08;3;17;096;2017;06;17;6;3;5;3;1;1;0;0;0;0;0;421977,308399999980000;5368735,602699999700000;7,944489882000028;48,466911310000057
47823;08170602317300912740;08;3;17;065;2017;06;14;6;3;5;3;1;1;0;0;0;0;0;414034,349200000000000;5355115,213399999800000;7,839847516000020;48,343364485000052
47824;08170602317000922940;08;3;17;096;2017;06;05;6;2;0;6;1;1;0;0;0;1;0;424328,849400000010000;5370164,941999999800000;7,976038038000070;48,480055554000046
47825;08170602316200867380;08;3;16;055;2017;06;14;6;3;5;3;1;1;0;0;0;0;0;428378,052000000030000;5333642,429999999700000;8,037025451000034;48,151994990000048
47838;08170602237100836490;08;2;37;045;2017;06;06;6;3;0;7;1;0;0;0;0;0;0;459081,353200000010000;5362675,132500000300000;8,446999222000045;48,415899692000039
47841;08170531222014705900;08;2;22;000;2017;05;16;4;3;3;6;1;0;0;0;1;0;0;461900,767500000020000;5481353,621600000200000;8,473996924000062;49,483627956000078
47844;08170531222014698770;08;2;22;000;2017;05;17;4;3;6;4;0;0;1;0;1;0;0;463005,006300000010000;5478958,315299999900000;8,489465519000021;49,462151644000073
47846;08170602211010872510;08;2;16;007;2017;06;06;6;2;3;6;1;1;0;0;0;0;0;434448,771899999990000;5394619,756199999700000;8,109100698000077;48,701167599000030
47853;08170602126010882910;08;1;25;063;2017;06;18;6;2;6;4;0;0;1;1;0;0;0;523322,255899999990000;5465253,955799999600000;9,321048801000075;49,339561959000036
47860;08170602117200874410;08;1;17;024;2017;06;08;6;2;0;1;1;0;0;0;0;0;0;561965,859300000010000;5385013,538300000100000;9,840738351000027;48,615124399000081
47866;08170602111500890330;08;1;11;000;2017;06;08;6;3;5;3;1;1;0;0;0;0;0;509204,853000000000000;5397410,213100000300000;9,125172115000055;48,729647239000030
47871;08170531221200727590;08;2;21;000;2017;05;16;4;3;4;6;1;0;0;0;0;0;0;479725,851000000020000;5473676,633000000400000;8,720480845000054;49,415432180000039
47876;08170531221000808760;08;2;21;000;2017;05;20;4;2;4;2;1;1;0;0;0;0;0;475078,606000000030000;5471429,333999999800000;8,656551525000054;49,395045506000031
47878;08170601417300856450;08;4;17;031;2017;06;18;5;3;5;3;1;1;0;0;0;0;0;497117,478999999990000;5357331,036000000300000;8,961079512000026;48,369143399000052
47889;08170601335400821110;08;3;35;079;2017;06;16;5;2;8;7;1;0;0;0;0;0;0;498913,063900000010000;5298868,117200000200000;8,985472910000055;47,843156995000072
47893;08170601335010923470;08;4;35;016;2017;06;17;5;2;0;7;1;0;0;0;0;0;0;534971,793900000050000;5279464,947300000100000;9,465835295000034;47,667630860000031
47911;08170601235010907060;08;2;31;000;2017;06;07;5;3;6;4;0;1;1;0;0;0;0;478918,133700000010000;5416802,284300000400000;8,712323478000030;48,903805633000047
47917;08170601231102824350;08;2;36;025;2017;06;18;5;3;6;4;0;1;1;0;0;0;0;489878,542200000030000;5406157,800800000300000;8,862148240000067;48,808325911000054
47918;08170601231102824340;08;2;36;038;2017;06;18;5;3;1;6;1;1;0;0;0;0;0;485263,716599999990000;5427057,147300000300000;8,798541574000069;48,996238165000079
47920;08170601222700879150;08;2;22;000;2017;06;16;5;3;5;2;1;1;0;0;0;0;0;461469,927000000030000;5481219,224700000100000;8,468062046000057;49,482391927000037
47924;08170601216200916910;08;2;16;007;2017;06;13;5;3;5;3;1;1;0;0;0;0;0;435009,596800000000000;5396631,328599999700000;8,116405077000024;48,719320375000052
47925;08170601216200916900;08;2;16;028;2017;06;18;5;2;0;7;1;0;0;0;0;0;0;427151,558000000020000;5397687,196000000500000;8,009398200000021;48,727948861000073
47935;08170609335300858290;08;3;35;075;2017;06;13;6;3;5;3;1;1;0;0;0;0;0;490966,936300000000000;5289967,759200000200000;8,879457080000066;47,763013667000052
47937;08170609335010923560;08;4;36;083;2017;06;22;6;2;5;3;1;1;0;0;0;2;1;532691,628299999980000;5299623,737800000200000;9,436979822000069;47,849124968000069