OBJECTID;UIDENTSTLA;ULAND;UREGBEZ;UKREIS;UGEMEINDE;UJAHR;UMONAT;USTUNDE;UWOCHENTAG;UKATEGORIE;UART;UTYP1;IstRad;IstPKW;IstFuss;IstKrad;IstSonstig;LICHT;STRZUSTAND;LINREFX;LINREFY;XGCSWGS84;YGCSWGS84
48939;08170618316200867420;08;3;16;045;2017;06;12;1;3;4;3;1;1;0;0;0;0;0;414543,246999999970000;5323727,418999999800000;7,853035052000053;48,061098629000071
48950;08170618299200919570;08;2;15;100;2017;06;14;1;2;4;6;1;1;0;1;0;0;0;475268,939399999970000;5450633,769600000200000;8,660462105000022;49,207997464000073
48953;08170618237100836530;08;2;37;045;2017;06;02;1;3;8;1;1;0;0;0;0;2;0;458676,209600000000000;5362104,862200000300000;8,441580303000023;48,410743034000063
48954;08170618235200815700;08;2;35;006;2017;06;18;1;3;2;2;1;1;0;0;0;0;0;470070,150000000020000;5381798,042000000400000;8,594133120000038;48,588550544000043
48958;08170618212702890980;08;2;15;017;2017;06;15;1;3;0;7;1;1;0;0;0;0;0;458272,119100000010000;5422964,676699999700000;8,429974706000053;48,958191247000059
48959;08170618212702890960;08;2;15;017;2017;06;10;1;3;5;3;1;1;0;0;0;0;0;457883,052000000030000;5417495,051000000000000;8,425225230000024;48,908964119000075
48964;08170618135200840860;08;1;35;019;2017;06;19;1;3;0;1;1;0;0;0;0;0;0;583971,923199999960000;5392433,878100000300000;10,140762491000032;48,679299495000066
48967;08170618127010875810;08;1;27;025;2017;06;14;1;2;3;6;1;1;0;0;0;0;0;556773,573600000000000;5426157,143699999900000;9,775985996000031;48,985708322000050
48970;08170618126010883050;08;2;25;058;2017;06;13;1;2;0;1;1;0;0;0;0;0;0;507548,968500000020000;5464522,170599999800000;9,103904271000033;49,333378645000039
48971;08170621335010923650;08;4;36;081;2017;06;16;4;3;5;2;1;1;0;0;0;0;0;562969,653199999940000;5281455,160899999600000;9,839030514000058;47,683416207000050
48972;08170621335010904170;08;3;35;022;2017;06;13;4;2;5;3;1;1;0;0;0;0;0;482769,074900000010000;5299382,707600000300000;8,769686160000049;47,847556898000050
48978;08170618118500876210;08;1;18;070;2017;06;16;1;2;2;1;1;1;0;0;0;0;0;521178,012600000020000;5423167,633000000400000;9,289319164000062;48,961062533000074
48986;08170618111110917840;08;1;11;000;2017;06;00;1;3;6;4;0;1;1;0;0;2;0;513170,134800000000000;5402263,446200000100000;9,179248967000035;48,773235552000074
48989;08170617436300917220;08;4;36;081;2017;06;15;7;3;3;6;1;0;0;0;1;0;0;556542,575199999960000;5277720,913300000100000;9,752918527000077;47,650413644000025
48993;08170617435200841920;08;4;35;036;2017;06;10;7;3;0;1;1;0;0;0;0;0;0;520312,206400000020000;5282820,389700000200000;9,270724196000060;47,698448365000047
48995;08170617435100865750;08;4;35;057;2017;06;13;7;3;8;1;1;0;0;0;0;0;0;547880,057200000040000;5274255,287499999600000;9,637197638000032;47,619931673000053
48997;08170617421312833040;08;4;25;039;2017;06;16;7;3;5;3;1;1;0;0;0;0;0;566353,349999999980000;5353155,188000000100000;9,895203810000055;48,328097780000064
49000;08170617415400910140;08;4;15;060;2017;06;18;7;3;3;2;1;1;0;0;0;0;0;515658,101599999990000;5378734,645800000100000;9,212219977000075;48,561511032000055
49011;08170617311510861600;08;3;15;113;2017;06;14;7;2;8;1;1;0;0;0;0;0;0;436455,102200000020000;5313532,118400000000000;8,148598769000046;47,971939277000047
49018;08170621325010922140;08;3;25;045;2017;06;17;4;2;2;6;1;1;0;0;0;0;0;468165,001200000000000;5351533,918399999800000;8,570600737000063;48,316193828000053
49023;08170617225100831110;08;2;25;033;2017;06;12;7;3;3;7;1;1;0;0;0;0;0;510723,185100000000000;5460959,301900000300000;9,147498437000024;49,301282789000027
49025;08170617222600850270;08;2;22;000;2017;06;18;7;3;0;7;1;0;0;0;0;0;0;462746,217799999980000;5482531,442900000100000;8,485557820000054;49,494274341000050
49035;08170617127010875790;08;1;27;025;2017;06;21;7;2;5;1;1;1;0;0;0;0;0;556452,537099999960000;5427593,981999999800000;9,771798082000032;48,998661840000068
49044;08170617117010847320;08;4;25;062;2017;06;15;7;2;3;6;1;0;0;1;0;0;0;573011,539499999960000;5376332,402300000200000;9,989057547000073;48,535846676000062
49061;08170616435100882630;08;4;35;016;2017;06;19;6;3;6;4;0;0;1;0;1;0;0;536190,957100000000000;5278327,056499999900000;9,481980101000033;47,657325721000063
49063;08170616435100833430;08;4;35;016;2017;06;08;6;3;5;3;1;1;0;0;0;0;0;535027,979300000010000;5277778,193799999500000;9,466448475000050;47,652451382000038
49069;08170616421200884460;08;4;21;000;2017;06;17;6;2;0;1;1;0;0;0;0;0;0;576280,888599999950000;5364258,294300000200000;10,031134911000038;48,426851484000053
49082;08170627121200868080;08;1;21;000;2017;06;18;3;3;5;3;1;1;0;0;0;0;0;515183,046099999980000;5443265,863199999600000;9,208174291000034;49,142032016000030
49098;08170627111130903270;08;1;11;000;2017;06;17;3;3;5;2;1;0;0;0;1;0;0;512288,772200000010000;5402239,185300000000000;9,167252723000047;48,773035334000042
49107;08170626421300857250;08;4;21;000;2017;06;12;2;3;2;6;1;0;0;0;0;0;0;573347,370099999940000;5355670,428799999900000;9,989987459000076;48,349950136000075
49114;08170626335100816570;08;3;35;043;2017;06;15;2;3;5;3;1;1;0;0;0;0;0;512549,189799999990000;5279833,860299999800000;9,167172239000024;47,671774090000042
49120;08170626326200847140;08;3;26;074;2017;06;19;2;3;0;1;1;0;0;0;0;0;0;465645,786499999990000;5325109,419700000400000;8,538760809000053;48,078331739000078
49128;08170628317600833940;08;3;17;039;2017;06;12;4;3;8;1;1;0;0;0;0;0;0;440112,152000000000000;5342955,454300000300000;8,193461658000047;48,236988297000039
49129;08170626317300912840;08;3;17;026;2017;06;18;2;3;5;3;1;0;0;0;0;0;0;414082,767100000000000;5344816,403900000300000;7,842596829000058;48,250734530000045
49130;08170626317300895360;08;3;17;121;2017;06;14;2;2;5;3;1;1;0;0;0;0;0;420622,864200000010000;5341034,797299999700000;7,931391444000042;48,217571010000029
49131;08170626317000922910;08;3;17;100;2017;06;08;2;2;5;3;1;1;0;0;0;0;0;423188,027699999980000;5366275,751199999800000;7,961317451000070;48,444934005000050
49132;08170626317000922900;08;3;17;089;2017;06;04;2;2;5;3;1;1;0;0;0;1;0;430606,359100000000000;5378677,780399999600000;8,059554753000043;48,557354208000049
49134;08170626311500917920;08;3;15;113;2017;06;07;2;3;5;3;1;0;0;0;1;0;0;439429,684000000010000;5308189,059000000400000;8,189201435000030;47,924159649000046
49137;08170626311010864490;08;3;11;000;2017;06;08;2;3;5;3;1;1;0;0;0;0;0;411255,714700000010000;5320112,744699999700000;7,809670334000032;48,028135132000045
49140;08170626311010863530;08;3;11;000;2017;06;13;2;2;6;3;0;0;1;0;1;0;0;415289,664400000010000;5315649,731499999800000;7,864648126000077;47,988536343000078
49152;08170626221000924670;08;2;26;036;2017;06;07;2;2;5;3;1;1;0;0;0;0;0;468131,897600000030000;5480356,779699999800000;8,560102127000050;49,475020942000071
49167;08170628311400896550;08;3;15;074;2017;06;16;4;3;5;3;1;1;0;0;0;0;0;395950,834500000000000;5296351,265200000300000;7,610181053000076;47,812098854000055
49193;08170626119300936440;08;1;19;067;2017;06;07;2;3;4;2;1;1;0;0;0;0;0;539724,681300000050000;5405976,966300000400000;9,541011082000068;48,805511986000056
49197;08170626119010918410;08;1;19;090;2017;06;15;2;3;6;4;0;1;1;0;0;0;0;530264,074000000020000;5407242,722000000100000;9,412264289000063;48,817431012000043
49202;08170626116010851640;08;1;16;080;2017;06;09;2;2;6;4;0;1;1;0;0;0;0;520014,424799999980000;5396884,920800000400000;9,272139222000021;48,724668312000063
49207;08170626111500854030;08;1;11;000;2017;06;08;2;2;6;4;0;1;1;0;0;0;0;511096,893800000020000;5403840,749699999600000;9,151074306000055;48,787465294000071
49208;08170626111500854020;08;1;11;000;2017;06;08;2;3;5;2;1;1;0;0;0;0;0;512950,854899999980000;5401954,798600000300000;9,176254807000021;48,770463582000048
49213;08170625437100828080;08;4;37;100;2017;06;15;1;3;1;5;1;1;0;0;0;0;0;537052,657499999970000;5318660,639299999900000;9,496908655000027;48,020162411000058
49216;08170625435200870980;08;4;35;066;2017;06;12;1;3;5;3;1;1;0;0;0;0;0;518948,759100000020000;5286943,810100000400000;9,252731499000049;47,735590461000072
49220;08170627335010923720;08;4;36;085;2017;06;18;3;2;0;7;1;0;0;0;0;0;0;558047,530999999960000;5295223,474999999600000;9,775290137000070;47,807747291000055
49228;08170625426010835340;08;4;26;014;2017;06;15;1;2;2;6;1;0;0;0;0;0;0;548337,521399999970000;5314202,960400000200000;9,647737499000073;47,979304158000048
49236;08170625311400822260;08;3;15;108;2017;06;14;1;2;5;3;1;1;0;0;0;0;0;403802,314000000010000;5302808,242999999800000;7,713592089000031;47,871402141000033
49244;08170625235200815810;08;2;35;060;2017;06;12;1;3;5;3;1;1;0;0;0;0;0;477277,110099999990000;5379737,346099999700000;8,691974808000055;48,570315200000039
49259;08170627317500918740;08;3;17;096;2017;06;15;3;3;2;6;1;1;0;0;0;0;0;422825,163999999990000;5368527,071999999700000;7,955996363000054;48,465140196000050
49263;08170627416213830990;08;4;16;025;2017;06;18;3;3;5;3;1;1;0;0;0;0;0;501634,495200000000000;5360736,417600000300000;9,022082596000075;48,399784660000080
49270;08170628311010902620;08;3;36;069;2017;06;23;4;2;1;5;1;1;0;0;0;2;1;408957,431700000020000;5268153,760099999600000;7,789753973000074;47,560415442000078
49273;08170625117010847400;08;1;17;024;2017;06;11;1;2;3;6;1;0;0;0;0;0;0;566161,206000000010000;5388950,831799999800000;9,898281297000040;48,650111128000049
49278;08170624435100851180;08;4;35;016;2017;06;17;7;2;0;3;1;1;0;0;0;0;0;535764,295999999970000;5279567,290000000000000;9,476399679000053;47,668508335000070
49295;08170624335300898370;08;3;35;075;2017;06;10;7;3;6;7;0;1;1;0;0;0;0;486949,389599999990000;5289702,548899999800000;8,825852574000066;47,760558605000028
49296;08170624335010989480;08;3;35;043;2017;06;23;7;2;0;1;1;0;0;0;0;2;0;512194,503000000030000;5279256,758800000000000;9,162431237000021;47,666588307000040
49297;08170624335010923920;08;3;35;022;2017;06;10;7;2;8;1;1;0;0;0;0;0;0;488039,707100000000000;5302581,112099999600000;8,840046203000043;47,876453832000038
49300;08170624325010922160;08;4;17;025;2017;06;21;7;2;6;4;0;1;1;0;0;0;0;487968,192800000020000;5353053,525200000000000;8,837666253000066;48,330552223000041
49303;08170624316100885650;08;3;16;043;2017;06;21;7;3;4;1;1;0;0;0;1;1;0;413677,892500000020000;5333503,170599999800000;7,839444957000069;48,148916734000068
49304;08170624311010858170;08;3;15;089;2017;06;07;7;3;5;3;1;1;0;0;0;0;0;406887,981900000010000;5310593,173700000200000;7,753164115000061;47,941884021000078
49312;08170627235010908300;08;2;31;000;2017;06;13;3;3;5;2;1;1;0;0;0;0;0;478351,797900000010000;5416023,971099999700000;8,704636801000049;48,896784661000027
49313;08170627311010863540;08;3;15;056;2017;06;19;3;2;8;1;1;0;0;0;0;0;0;415050,216699999990000;5310065,041899999600000;7,862543085000027;47,938267685000028
49316;08170628111500912050;08;1;11;000;2017;06;19;4;2;4;6;1;1;0;0;0;0;0;515563,417200000030000;5404956,628300000000000;9,211923937000051;48,797407865000025
49320;08170624235010908120;08;2;36;038;2017;06;14;7;2;6;4;0;1;1;0;0;0;0;485999,784900000030000;5427380,615799999800000;8,808593089000055;48,999165079000079
49324;08170624226200143010;08;2;26;003;2017;06;19;7;3;4;2;1;1;0;0;0;0;0;466028,194100000020000;5459870,095999999900000;8,532814517000077;49,290634949000037
49328;08170624215302889170;08;2;15;007;2017;06;12;7;3;3;2;1;1;0;0;0;0;0;478411,490800000030000;5430382,689500000300000;8,704689622000046;49,025951425000073
49347;08170627316100874020;08;3;16;017;2017;06;14;3;3;5;3;1;1;0;0;0;0;0;409014,047399999980000;5341896,310899999900000;7,774958458000072;48,223761531000036
49352;08170624117200839980;08;1;17;024;2017;06;19;7;3;5;7;1;0;0;1;0;0;0;564688,244100000010000;5388072,988099999700000;9,878148021000072;48,642369038000027
49363;08170623436500904030;08;4;36;081;2017;06;13;6;3;3;6;1;0;0;0;1;0;0;562682,829000000030000;5282012,169999999900000;9,835289191000072;47,688455345000079
49365;08170623436400869180;08;4;36;082;2017;06;07;6;2;5;3;1;1;0;0;0;0;0;547529,250000000000000;5294614,116000000400000;9,634749749000036;47,803127734000043
49370;08170623435010923360;08;4;35;059;2017;06;00;6;2;0;1;1;0;0;0;0;2;0;517058,827600000020000;5294575,576999999600000;9,227824206000037;47,804309860000046
49373;08170623426010835320;08;4;26;021;2017;06;20;6;3;0;1;1;0;0;0;0;0;0;558577,177400000040000;5328218,910000000100000;9,786857823000048;48,104539816000056
49378;08170627327100839520;08;3;27;025;2017;06;18;3;3;0;3;1;0;0;0;0;0;0;479199,717999999990000;5309099,826999999600000;8,721509227000070;47,934878656000080
49380;08170627311010864520;08;3;11;000;2017;06;13;3;3;3;2;1;0;0;0;1;0;0;414585,543500000030000;5317884,954500000000000;7,854767953000021;48,008549392000077
49381;08170627335010839220;08;3;35;043;2017;06;18;3;2;3;6;1;0;0;0;0;0;0;513385,758199999980000;5280333,614199999700000;9,178331731000071;47,676253927000062
49383;08170628115300845710;08;1;15;028;2017;06;16;4;3;5;3;1;1;0;0;0;0;0;500924,122900000020000;5404919,675300000200000;9,012583558000074;48,797269565000079
49388;08170623415400853560;08;4;15;061;2017;06;17;6;3;0;2;1;1;0;0;0;0;0;514869,210000000020000;5374261,163400000000000;9,201368215000059;48,521285540000065
49391;08170623337100901210;08;3;37;096;2017;06;19;6;3;0;7;1;0;0;0;0;0;0;421337,185899999980000;5267765,109199999800000;7,954359487000033;47,558537288000025
49392;08170623335010868910;08;3;35;063;2017;06;16;6;2;0;1;1;0;0;0;0;0;0;496733,227300000030000;5287629,630500000000000;8,956423640000025;47,742031201000032
49404;08170623311500900940;08;3;15;039;2017;06;14;6;3;3;6;1;0;0;0;1;0;0;446903,674999999990000;5305414,304100000300000;8,289582056000029;47,899858943000027
49406;08170623311300861060;08;3;15;056;2017;06;17;6;3;5;3;1;0;0;1;0;0;0;416443,006300000010000;5307424,199699999800000;7,881700752000029;47,914694934000067
49408;08170623311010896340;08;3;11;000;2017;06;09;6;3;5;3;1;1;0;0;0;0;0;410045,433000000020000;5318707,640499999700000;7,793735439000045;48,015326675000040
49413;08170627415400910230;08;4;15;061;2017;06;13;3;3;5;3;1;1;0;0;0;0;0;515591,497299999990000;5371887,113199999600000;9,211061101000041;48,499910292000038
49414;08170623311010864400;08;3;11;000;2017;06;08;6;3;4;2;1;0;0;0;0;0;0;410698,980500000010000;5320768,899600000100000;7,802067725000029;48,033959751000054
49418;08170623299200920610;08;2;15;106;2017;06;16;6;2;5;3;1;1;0;0;0;0;0;465924,150000000020000;5453960,707999999600000;8,531886829000030;49,237474789000032
49419;08170623299200920580;08;2;12;000;2017;06;11;6;3;5;3;1;1;0;0;0;0;0;459008,165900000020000;5428312,398199999700000;8,439489790000039;49,006344390000038
49435;08170623222014820930;08;2;22;000;2017;06;10;6;2;6;4;0;1;1;0;0;0;0;462424,670600000010000;5482083,462700000000000;8,481160316000057;49,490225163000048
49438;08170623216300903510;08;2;16;029;2017;06;13;6;3;0;7;1;0;0;0;0;0;0;454691,079000000030000;5402515,175900000100000;8,383323122000036;48,773989699000026
49450;08170628221000924700;08;2;26;012;2017;06;13;4;2;5;3;1;1;0;0;0;0;0;476416,430799999970000;5477017,724700000100000;8,674655989000030;49,445365333000041
49451;08170623128300865640;08;1;28;131;2017;06;10;6;3;6;6;0;1;1;0;0;0;0;543530,817999999970000;5509543,076500000400000;9,604113547000054;49,736803263000070
49456;08170628327100904620;08;3;27;050;2017;06;17;4;3;0;7;1;0;0;0;0;1;0;479371,481399999990000;5315395,710000000000000;8,723506784000051;47,991529153000045
49458;08170623121200838170;08;1;21;000;2017;06;15;6;3;5;3;1;1;0;0;0;0;0;516091,379599999990000;5443743,299800000200000;9,220647397000050;49,146303588000080
49464;08170627335010923730;08;4;36;082;2017;06;07;3;2;0;7;1;0;0;1;0;0;0;547987,742100000030000;5295600,143600000100000;9,640981628000077;47,811964931000034
49467;08170623118300840210;08;1;18;046;2017;06;08;6;3;0;2;1;1;0;0;0;0;0;515102,757500000010000;5412667,834900000100000;9,205935372000056;48,866787866000038
49468;08170623118010956210;08;1;18;048;2017;06;10;6;2;6;4;0;0;1;0;1;0;0;516288,407599999980000;5417475,673399999700000;9,222293950000051;48,910007846000042
49472;08170623115300845660;08;1;15;028;2017;06;18;6;3;5;3;1;1;0;0;0;0;0;499356,440000000000000;5401157,727000000000000;8,991242688000057;48,763427579000052
49476;08170623111320885510;08;1;11;000;2017;06;16;6;3;5;3;1;1;0;0;0;0;0;516624,811300000000000;5407374,442499999900000;9,226474542000062;48,819130673000075
49477;08170623111320885490;08;1;11;000;2017;06;13;6;3;0;1;1;0;0;0;0;0;0;516932,575300000030000;5406100,509300000000000;9,230614511000056;48,807662266000079
49482;08170622436211821650;08;4;36;024;2017;06;07;5;3;5;3;1;0;0;0;1;0;0;538271,169100000060000;5305050,654900000400000;9,512037918000033;47,897643017000064
49484;08170622435114886760;08;4;35;029;2017;06;11;5;3;0;1;1;0;0;0;0;0;0;542514,134100000020000;5271463,943099999800000;9,565519859000062;47,595191333000059
49495;08170628317200910590;08;3;17;153;2017;06;20;4;3;8;7;1;0;0;0;0;0;0;424010,961200000020000;5395556,096599999800000;7,967091650000043;48,708405464000066
49501;08170622335310848860;08;3;35;022;2017;06;12;5;3;0;1;1;0;0;0;0;0;0;482751,192400000000000;5299349,025999999600000;8,769448482000030;47,847253373000058
49502;08170622335300878150;08;3;35;028;2017;06;22;5;3;5;2;1;1;0;0;0;2;0;483192,304999999990000;5286843,462000000300000;8,775828853000064;47,734746908000034
49505;08170622335010923910;08;3;35;075;2017;06;13;5;3;5;2;1;0;0;0;1;0;0;487983,481700000000000;5289010,167600000300000;8,839670586000068;47,754348988000061
49506;08170622335010923680;08;4;36;006;2017;06;08;5;1;9;1;1;0;0;0;0;0;0;559804,803799999990000;5283585,357699999600000;9,797157273000039;47,702881748000038
49511;08170622311100910470;08;3;15;015;2017;06;07;5;3;5;3;1;1;0;0;0;0;0;394430,293500000030000;5319927,104100000100000;7,584101920000023;48,023905889000048
49519;08170705128010000650;08;1;28;007;2017;07;17;4;2;6;7;0;1;1;0;0;0;0;560118,985899999970000;5480126,267099999800000;9,829796762000058;49,470807521000040
49528;08170703335400937750;08;3;35;079;2017;07;20;2;3;0;1;1;0;0;0;0;0;0;502211,385599999980000;5300116,947399999900000;9,029561935000061;47,854390365000029
49530;08170703335112040050;08;3;35;043;2017;07;08;2;3;5;3;1;1;0;0;0;0;0;512058,665400000000000;5280893,416699999900000;9,160667079000064;47,681316954000067
49533;08170703317500951510;08;3;17;096;2017;07;08;2;3;0;3;1;1;0;0;0;0;0;422718,582899999980000;5368581,440100000200000;7,954544763000058;48,465616148000038
49534;08170703317300938900;08;3;17;065;2017;07;17;2;3;5;2;1;1;0;0;0;0;0;414140,694200000030000;5355053,338600000400000;7,841295010000067;48,342822398000067
49535;08170703317200988930;08;3;17;057;2017;07;20;2;3;5;2;1;0;0;0;1;0;0;412340,329000000030000;5381078,663599999600000;7,811551304000034;48,576660831000027
49542;08170703235010031540;08;2;31;000;2017;07;20;2;2;6;4;1;0;1;0;0;0;0;475784,060000000000000;5415007,856999999800000;8,669663964000051;48,887549021000041
49546;08170703221000050020;08;2;21;000;2017;07;08;2;3;5;2;1;1;0;0;0;0;0;477483,476399999990000;5471854,748399999900000;8,689669047000052;49,398965745000055
49548;08170703211100952070;08;2;11;000;2017;07;16;2;2;0;4;0;1;1;0;0;0;0;442975,221800000000000;5402600,369199999600000;8,223866397000052;48,773792576000062
49584;08170703118500997270;08;1;18;049;2017;07;17;2;3;6;4;0;1;1;0;0;0;0;518824,974999999980000;5420739,489799999600000;9,257061738000061;48,939296059000071
49585;08170705118010956240;08;1;15;051;2017;07;16;4;1;5;3;1;0;0;0;1;0;0;502980,645200000030000;5384126,890200000300000;9,040436595000074;48,610209570000052
49587;08170703118010956230;08;1;18;050;2017;07;19;2;2;9;1;1;0;0;0;0;0;0;506771,936999999980000;5417314,799999999800000;9,092416772000036;48,908737869000049
49593;08170703116500965110;08;1;16;049;2017;07;16;2;3;5;3;1;1;0;0;0;0;0;524097,566999999980000;5385811,047000000300000;9,327012098000068;48,624903472000028
49595;08170703116400981250;08;1;16;033;2017;07;16;2;3;5;2;1;1;0;0;0;0;0;534432,212000000060000;5389252,532999999800000;9,467538609000030;48,655379108000034
49599;08170703111500012950;08;1;11;000;2017;07;00;2;3;5;3;1;1;0;0;0;2;0;513261,845600000000000;5406587,785500000200000;9,180636766000021;48,812134914000069
49601;08170703111320007320;08;1;11;000;2017;07;18;2;3;5;2;1;1;0;0;0;0;0;516080,601399999990000;5405641,979899999700000;9,218993117000025;48,803560031000075
49604;08170702436400008090;08;4;36;008;2017;07;22;1;3;8;1;1;0;0;0;0;2;0;548872,930399999950000;5310652,813299999600000;9,654508046000046;47,947324022000032
49605;08170705222014051040;08;2;26;107;2017;07;08;4;2;7;7;1;0;0;0;1;0;0;474056,309000000010000;5484081,519000000300000;8,641634573000033;49,508805830000028
49610;08170705117200022490;08;1;17;024;2017;07;16;4;3;5;3;1;1;0;0;0;0;0;559970,381900000040000;5384913,011800000400000;9,813652541000067;48,614414581000062
49620;08170702336300022840;08;3;36;079;2017;07;18;1;2;2;6;0;1;1;0;0;0;0;417474,511500000020000;5293515,008899999800000;7,898157451000031;47,789704928000049
49629;08170702299200044740;08;2;12;000;2017;07;19;1;2;5;3;1;1;0;0;0;0;0;456364,230300000000000;5426312,132799999800000;8,403554256000064;48,988170461000038
49637;08170702221200967120;08;2;21;000;2017;07;00;1;3;3;2;1;1;0;0;0;2;1;476794,138099999980000;5472184,789900000200000;8,680149208000046;49,401908529000082
49640;08170704435200038810;08;4;35;034;2017;07;06;3;3;4;6;1;0;0;0;0;0;0;529437,671100000040000;5285219,526399999900000;9,392509340000061;47,719683047000046
49641;08170704435100969870;08;4;35;016;2017;07;15;3;3;7;1;1;0;0;0;0;0;0;536334,532699999980000;5277988,464499999800000;9,483863981000070;47,654271222000034
49654;08170702127100967910;08;1;27;100;2017;07;12;1;3;5;3;1;1;0;0;0;0;0;553985,471900000000000;5433541,915799999600000;9,738863990000027;49,052383161000080
49661;08170702117400939550;08;1;17;029;2017;07;17;1;3;5;3;1;1;0;0;0;0;0;541777,444400000040000;5389027,943799999500000;9,567248704000065;48,652910787000053
49668;08170702111240042040;08;1;11;000;2017;07;17;1;3;6;2;0;1;1;0;0;0;0;515973,482399999980000;5403747,918800000100000;9,217460676000030;48,786524060000033
49672;08170701435100004140;08;4;35;016;2017;07;17;7;3;3;6;1;1;0;0;0;0;0;530572,299299999960000;5279730,281200000100000;9,407252852000056;47,670241153000063
49684;08170701426010006700;08;4;26;014;2017;07;14;7;3;0;1;1;0;0;0;0;0;0;548462,890499999980000;5317981,573200000500000;9,649844119000022;48,013289394000026
49688;08170701335311010720;08;3;35;015;2017;07;22;7;2;0;6;1;0;0;0;1;2;0;475018,280399999990000;5281487,404000000100000;8,667117135000069;47,686291096000048
49694;08170704336101932890;08;3;36;050;2017;07;07;3;3;6;7;0;1;1;0;0;0;0;400014,994100000010000;5273792,108699999700000;7,669627270000035;47,609818979000067
49699;08170704335100971170;08;3;35;043;2017;07;10;3;3;0;2;1;1;0;0;0;0;0;514534,321600000020000;5280034,739199999700000;9,193623429000070;47,673539953000045
49701;08170701317000048850;08;3;17;096;2017;07;02;7;1;6;4;0;0;1;0;1;2;0;420221,277300000020000;5369105,789400000100000;7,920667585000047;48,470020787000067
49703;08170701311010026260;08;3;36;091;2017;07;15;7;3;6;3;0;1;1;0;0;0;0;394320,765300000030000;5271794,602599999900000;7,594365781000022;47,590947634000031
49706;08170701299300047170;08;2;26;082;2017;07;22;7;3;0;4;0;1;1;0;0;2;1;475235,344500000010000;5480393,015499999700000;8,658151641000075;49,475678200000061
49715;08170701211010948810;08;2;16;007;2017;07;12;7;3;0;1;1;1;0;0;0;0;0;436670,116199999990000;5394579,044800000300000;8,139293362000046;48,701030874000026
49731;08170701126100999240;08;1;26;047;2017;07;00;7;3;0;1;1;0;0;0;0;2;0;550013,089799999960000;5452469,299100000400000;9,686849328000051;49,222965590000058
49745;08170704317114959350;08;3;17;089;2017;07;12;3;3;5;3;1;1;0;0;0;0;0;431681,598400000020000;5375825,815100000200000;8,074592595000070;48,531818430000044
49748;08170704311200019110;08;3;11;000;2017;07;16;3;3;3;6;1;0;0;1;0;0;0;414073,253900000010000;5315891,112800000200000;7,848299945000065;47,990545379000025
49749;08170704311100933830;08;3;15;102;2017;07;12;3;2;8;1;1;0;0;0;0;0;0;439189,006300000010000;5295810,965599999800000;8,187722035000036;47,812777501000028
49751;08170701118600989290;08;1;18;076;2017;07;07;7;3;5;3;1;1;0;0;0;0;1;504555,201999999990000;5423022,760999999900000;9,062228752000067;48,960105328000054
49757;08170630437211898090;08;4;37;078;2017;06;15;6;3;2;2;1;1;0;0;0;0;0;511662,925099999990000;5317444,352699999700000;9,156379713000035;48,010187492000057
49761;08170630436100846850;08;4;36;004;2017;06;19;6;3;2;6;1;1;0;0;0;0;0;582054,720899999960000;5309015,252200000000000;10,098500186000024;47,929201510000041
49771;08170630337213874120;08;3;37;060;2017;06;14;6;3;5;3;1;1;0;0;0;0;0;467858,600099999980000;5277660,777999999900000;8,571998003000033;47,651544769000054
49776;08170705317300037380;08;3;17;026;2017;07;20;4;3;5;3;1;1;0;0;0;0;0;412535,330200000030000;5344851,630199999500000;7,821748345000060;48,250839696000071
49779;08170704235118014170;08;2;35;079;2017;07;08;3;3;0;7;1;0;0;0;0;0;0;468724,420800000020000;5402591,429800000000000;8,574311320000049;48,775539345000027
49783;08170630335400821360;08;3;35;057;2017;06;07;6;3;5;2;1;1;0;0;0;0;0;502890,822999999970000;5304681,424999999800000;9,038675241000021;47,895456016000026
49784;08170630335100816600;08;3;35;043;2017;06;09;6;3;0;3;1;0;0;0;1;0;0;513787,319800000000000;5280054,936400000000000;9,183672707000028;47,673738041000036
49785;08170630335010923950;08;3;35;043;2017;06;15;6;3;0;2;1;0;0;0;1;0;0;515156,582100000000000;5280850,154600000000000;9,201941318000024;47,680862479000041
49791;08170630311400822280;08;3;15;006;2017;06;15;6;3;5;3;1;0;0;0;1;0;0;401937,331300000020000;5310505,527499999900000;7,686908929000026;47,940356914000063
49792;08170630311010902670;08;3;36;091;2017;06;14;6;3;5;3;1;1;0;0;0;0;0;394416,557099999980000;5273127,963100000300000;7,595318481000049;47,602956969000047
49797;08170630235200815940;08;2;35;022;2017;06;17;6;3;2;6;1;1;0;0;0;0;0;471086,894800000010000;5377976,977300000400000;8,608186128000057;48,554223716000081
49801;08170630222500904460;08;2;22;000;2017;06;14;6;3;5;3;1;1;0;0;0;0;0;460598,878199999980000;5481536,278300000400000;8,456005504000075;49,485187729000074
49802;08170630221400958300;08;2;21;000;2017;06;07;6;3;5;2;1;1;0;0;0;0;0;477497,570300000020000;5471465,222699999800000;8,689885353000022;49,395462536000082
49804;08170630221300841670;08;2;21;000;2017;06;19;6;3;2;6;1;0;0;0;0;0;0;483893,728999999990000;5473117,464999999900000;8,777965444000074;49,410527141000046