OBJECTID;UIDENTSTLA;ULAND;UREGBEZ;UKREIS;UGEMEINDE;UJAHR;UMONAT;USTUNDE;UWOCHENTAG;UKATEGORIE;UART;UTYP1;IstRad;IstPKW;IstFuss;IstKrad;IstSonstig;LICHT;STRZUSTAND;LINREFX;LINREFY;XGCSWGS84;YGCSWGS84
49812;08170704221000049840;08;2;21;000;2017;07;14;3;3;6;4;0;1;1;0;0;0;0;477311,096299999980000;5469585,047100000100000;8,687422832000038;49,378543667000031
49822;08170704136300951190;08;1;36;065;2017;07;07;3;3;0;1;1;0;0;0;0;0;0;559220,413500000020000;5404611,583100000400000;9,806303939000031;48,791678474000037
49823;08170704136210018570;08;1;36;010;2017;07;00;3;3;6;4;0;1;1;0;0;2;0;599302,800200000060000;5412698,984299999700000;10,353869135000025;48,859302929000080
49834;08170630127202918030;08;1;27;014;2017;06;11;6;3;6;2;0;1;1;0;0;0;0;578251,040999999970000;5443275,794999999900000;10,072804693000023;49,137324938000063
49842;08170704136010945690;08;1;36;019;2017;07;08;3;2;5;3;1;0;0;0;1;0;0;587225,120200000000000;5422879,173399999700000;10,191419763000056;48,952677469000037
49843;08170704127202043450;08;1;27;014;2017;07;17;3;3;0;1;1;0;0;0;0;0;0;577956,824900000010000;5439311,442200000400000;10,068005858000049;49,101707495000028
49844;08170705226200998340;08;2;26;059;2017;07;13;4;2;0;3;1;0;0;0;0;0;0;464564,807600000000000;5461679,018899999600000;8,512530097000024;49,306822777000036
49845;08170705335010049370;08;4;36;082;2017;07;19;4;3;5;3;1;1;0;0;0;0;0;547532,032299999960000;5295298,937099999700000;9,634861982000075;47,809288822000042
49846;08170704127100946030;08;1;27;076;2017;07;23;3;3;0;1;1;0;0;0;0;2;0;553760,848000000000000;5440928,894500000400000;9,736772390000056;49,118846744000052
49847;08170704126200991100;08;1;26;069;2017;07;12;3;3;6;4;0;1;1;0;0;0;0;536726,934600000040000;5447266,002799999900000;9,503918362000036;49,177102986000079
49858;08170630116100905250;08;1;16;014;2017;06;15;6;3;5;3;1;1;0;0;0;0;0;526580,923500000030000;5395746,599999999600000;9,361349937000057;48,714182659000073
49859;08170630116010851680;08;1;16;078;2017;06;15;6;2;3;6;1;1;0;0;0;0;0;512352,890499999980000;5391415,963000000500000;9,167801156000053;48,675668247000033
49869;08170629436300884640;08;4;36;081;2017;06;22;5;2;0;7;1;0;0;0;0;2;1;562979,598299999950000;5281774,873999999800000;9,839209148000066;47,686291606000054
49882;08170629335010923760;08;4;35;029;2017;06;15;5;2;0;1;1;0;0;0;0;0;0;545267,962700000030000;5272619,387900000400000;9,602268362000075;47,605400805000045
49884;08170704117300041310;08;1;17;026;2017;07;14;3;3;3;2;1;1;0;0;0;0;0;547622,319099999960000;5395811,080699999800000;9,647386276000077;48,713510629000041
49890;08170629317200868310;08;3;17;057;2017;06;13;5;3;5;3;1;1;0;0;0;0;0;412148,909700000020000;5381041,909900000300000;7,808964481000032;48,576303445000065
49906;08170629216100883480;08;2;16;043;2017;06;12;5;3;5;3;1;1;0;0;0;0;0;442042,813700000000000;5411081,541400000500000;8,209979393000026;48,849995047000050
49910;08170629212102848370;08;2;12;000;2017;06;17;5;3;6;4;0;0;1;1;0;0;0;463733,850299999990000;5423930,331799999800000;8,504495703000032;48,967222182000057
49916;08170704116500038900;08;1;16;020;2017;07;17;3;3;6;4;0;1;1;0;0;0;0;527341,136000000060000;5380795,328900000100000;9,370697180000036;48,579648430000077
49919;08170704116500002520;08;1;16;046;2017;07;16;3;3;5;3;1;1;0;0;0;0;0;527674,312200000040000;5378911,761500000000000;9,375089006000053;48,562689046000060
49924;08170629135010900760;08;1;35;019;2017;06;17;5;3;5;3;1;1;0;0;0;0;0;583993,211400000030000;5392431,866800000000000;10,141051223000034;48,679278540000041
49928;08170705211010993150;08;2;16;043;2017;07;10;4;2;5;3;1;1;0;0;0;0;0;443512,842699999980000;5413167,149500000300000;8,229727777000051;48,868890695000061
49932;08170704111500961740;08;1;11;000;2017;07;14;3;3;5;3;1;1;0;0;0;0;0;512532,592400000020000;5401463,666899999600000;9,170547522000049;48,766053955000075
49935;08170704111250983810;08;1;11;000;2017;07;20;3;2;0;1;1;0;0;0;0;0;0;516053,215000000030000;5403812,360000000300000;9,218548653000028;48,787101713000027
49943;08170629119200860620;08;1;19;020;2017;06;09;5;3;6;4;0;1;1;0;0;0;0;519666,648899999970000;5406701,388199999900000;9,267879834000041;48,812987153000051
49959;08170703436500941170;08;4;36;055;2017;07;10;2;2;5;2;1;1;0;0;0;0;0;576451,212000000060000;5297556,936999999900000;10,021468214000038;47,826816143000030
49962;08170703435117931500;08;4;35;057;2017;07;16;2;3;2;3;1;1;0;0;1;0;0;549684,800300000000000;5275661,519000000300000;9,661373496000067;47,632447872000057
49966;08170628436300899410;08;4;36;081;2017;06;08;4;3;5;3;1;1;0;0;0;0;0;562008,164699999960000;5281463,929200000100000;9,826221923000048;47,683588051000072
49967;08170703435100043680;08;4;35;016;2017;07;13;2;3;6;4;0;1;1;0;0;0;0;533281,963800000030000;5280193,344499999700000;9,443382446000044;47,674273743000072
49969;08170628436111874170;08;4;36;010;2017;06;16;4;3;5;3;1;1;0;0;0;0;0;567113,052700000000000;5300693,235600000200000;9,897203942000033;47,856073621000064
49981;08170628335110816190;08;3;35;066;2017;06;13;4;3;0;1;1;0;0;0;0;0;0;509925,246099999990000;5281739,203599999700000;9,132261179000068;47,688963337000075
49983;08170628335010923940;08;3;35;077;2017;06;16;4;2;8;1;1;0;0;0;0;0;0;493106,110300000000000;5295779,966799999600000;8,907911194000064;47,815335480000044
49989;08170712311400022300;08;3;15;074;2017;07;19;4;3;5;3;1;1;0;0;0;0;1;397214,687800000010000;5295326,643100000000000;7,627300630000036;47,803085597000063
49995;08170707235010031700;08;2;31;000;2017;07;18;6;3;6;4;0;1;1;0;0;0;1;475091,994899999990000;5414927,403500000000000;8,660228396000036;48,886797861000048
49996;08170707212202949510;08;2;12;000;2017;07;20;6;2;5;3;1;1;0;0;0;0;0;458838,495600000020000;5428176,504200000300000;8,437183662000052;49,005110707000028
50002;08170713299200045150;08;2;12;000;2017;07;08;5;3;5;2;1;1;0;0;0;0;0;459058,727300000030000;5428338,724399999700000;8,440178462000063;49,006584555000074
50005;08170707211010993180;08;2;16;049;2017;07;14;6;2;2;6;1;1;0;0;0;0;0;433684,477399999970000;5399983,947700000400000;8,097851917000071;48,749337352000055
50028;08170712136113953800;08;1;36;002;2017;07;17;4;3;5;3;1;1;0;0;0;0;0;573459,558899999950000;5416085,205799999600000;10,002203478000069;48,893358763000037
50056;08170713221010050760;08;2;21;000;2017;07;19;5;3;4;2;1;1;0;0;0;0;0;477663,939799999990000;5473742,039599999800000;8,692050061000032;49,415948292000053
50068;08170712111500993590;08;1;11;000;2017;07;14;4;3;5;2;1;1;0;0;0;0;0;514250,801900000020000;5406026,972400000300000;9,194087578000051;48,807068022000067
50069;08170712111500993580;08;1;11;000;2017;07;15;4;2;6;4;0;1;1;0;0;0;0;516998,433299999980000;5406115,565700000200000;9,231512085000077;48,807795913000064
50073;08170713212302949170;08;2;12;000;2017;07;13;5;3;5;2;1;1;0;0;0;0;0;455203,647000000000000;5428785,852800000500000;8,387418663000062;49,010338730000058
50074;08170711435210016250;08;4;35;034;2017;07;12;3;3;5;3;1;1;0;0;0;0;0;529723,262299999940000;5284795,819899999500000;9,396288288000051;47,715857696000057
50075;08170711435200926880;08;4;35;067;2017;07;18;3;3;0;6;1;0;0;0;0;0;1;528932,776399999970000;5293803,239000000100000;9,386348785000052;47,796936656000071
50079;08170711426300033220;08;4;26;097;2017;07;12;3;3;0;7;1;0;0;0;0;0;0;535453,008099999980000;5334046,802899999500000;9,476734408000027;48,158678440000074
50083;08170711426100998510;08;4;26;021;2017;07;12;3;3;3;6;1;1;0;0;0;0;0;558451,543500000030000;5327247,543899999900000;9,785037304000070;48,095812770000066
50084;08170711426010006810;08;4;25;028;2017;07;20;3;3;6;6;1;0;1;0;0;0;0;576288,377699999950000;5342717,305999999900000;10,027336334000040;48,233084762000033
50086;08170711416200021490;08;4;16;041;2017;07;18;3;3;0;3;1;1;0;0;0;0;0;501363,880999999990000;5376083,254999999900000;9,018476558000032;48,537852353000062
50087;08170711415400996620;08;4;15;061;2017;07;22;3;3;5;2;1;1;0;0;0;2;0;514339,239000000000000;5371353,342000000200000;9,194091135000065;48,495138131000033
50101;08170707119200007900;08;1;19;020;2017;07;09;6;3;0;1;1;0;0;0;0;0;0;518116,890100000020000;5407751,741999999600000;9,246817135000072;48,822483066000075
50105;08170707119100998600;08;1;19;083;2017;07;18;6;3;5;2;1;1;0;0;0;0;0;535093,147000000000000;5419879,015999999800000;9,479129093000040;48,930846775000077
50107;08170711335010049440;08;4;35;016;2017;07;09;3;3;9;7;1;0;0;0;0;0;0;531970,108699999980000;5279232,538499999800000;9,425836088000040;47,665695132000053
50108;08170707118010956260;08;1;18;049;2017;07;17;6;2;3;6;1;0;0;0;1;0;0;522717,419999999980000;5419329,053000000300000;9,310135116000026;48,926477648000059
50111;08170707117400979440;08;1;17;051;2017;07;15;6;3;5;2;1;1;0;0;0;0;0;542623,629199999970000;5395164,345200000300000;9,579370237000035;48,708054603000051
50112;08170707117200995240;08;1;17;024;2017;07;20;6;3;3;6;1;0;0;0;1;0;0;560681,804000000000000;5386224,204900000200000;9,823495624000032;48,626140540000051
50113;08170707117010965970;08;4;25;008;2017;07;12;6;3;0;1;1;0;0;0;0;0;0;566579,194400000040000;5381404,041500000300000;9,902744430000041;48,582182607000050
50114;08170707117010965960;08;1;17;058;2017;07;15;6;2;0;4;0;1;1;0;0;0;0;546480,087100000000000;5379229,605700000200000;9,629999322000060;48,564435900000035
50116;08170711335010049430;08;4;35;034;2017;07;14;3;2;0;1;1;0;0;0;0;0;0;528708,428199999970000;5285503,428899999700000;9,382804865000026;47,722270283000057
50119;08170713136300017870;08;1;36;065;2017;07;17;5;3;0;7;0;0;1;0;1;0;0;563507,201899999990000;5409991,262600000000000;9,865495809000038;48,839645004000033
50123;08170711317310041730;08;3;17;026;2017;07;14;3;3;5;3;1;1;0;0;0;0;0;411045,000400000020000;5346299,633500000500000;7,801371924000023;48,263656763000029
50125;08170711317300018470;08;3;17;065;2017;07;13;3;3;5;3;1;1;0;0;0;0;0;414164,996600000010000;5355126,230700000200000;7,841608052000026;48,343481351000037
50129;08170711311010984460;08;3;11;000;2017;07;10;3;3;0;1;1;0;0;0;0;0;0;416746,920800000020000;5315658,932799999600000;7,884173723000060;47,988810481000030
50130;08170711311010935060;08;3;11;000;2017;07;23;3;3;0;1;1;0;0;0;0;2;0;412805,699800000000000;5314674,151100000400000;7,831561318000070;47,979426820000072
50131;08170711311010935050;08;3;15;113;2017;07;17;3;2;6;4;0;1;1;0;0;0;0;440118,559400000030000;5309722,669200000400000;8,198208578000049;47,938021371000048
50137;08170707111500012960;08;1;11;000;2017;07;22;6;2;6;4;0;0;1;0;1;2;0;516093,686899999970000;5398678,739199999700000;9,218898841000055;48,740919021000082
50151;08170706437100927430;08;4;37;076;2017;07;18;5;3;0;2;1;1;0;0;0;0;0;525611,641300000020000;5324153,629700000400000;9,343806814000061;48,070143776000066
50152;08170706436400980960;08;4;36;082;2017;07;11;5;3;3;2;1;1;0;0;0;0;0;547649,124199999960000;5294684,632600000100000;9,636358307000023;47,803753304000054
50153;08170706436200051750;08;4;36;064;2017;07;16;5;3;6;3;0;1;1;0;0;0;0;546534,357399999980000;5291063,953700000400000;9,621083197000075;47,771259648000068
50157;08170706435010049110;08;4;35;067;2017;07;12;5;2;5;3;1;0;0;0;1;0;0;530630,511500000020000;5294991,280899999700000;9,409102530000041;47,807547250000027
50169;08170711212702013600;08;2;15;046;2017;07;19;3;2;5;3;1;1;0;0;0;0;0;454094,531499999980000;5417912,173399999700000;8,373479048000036;48,912446974000034
50170;08170711212402936840;08;2;12;000;2017;07;15;3;3;5;3;1;1;0;0;0;0;0;456368,481299999980000;5426432,263799999800000;8,403599462000045;48,989251357000057
50179;08170711127010996790;08;1;27;073;2017;07;13;3;2;5;2;1;1;0;0;0;0;0;578648,754399999980000;5445766,934700000100000;10,078742598000076;49,159678935000045
50191;08170706417200937140;08;4;17;025;2017;07;05;5;2;7;1;1;0;0;0;0;0;0;488842,673300000020000;5358303,835199999600000;8,849325539000063;48,377803203000042
50193;08170711118600943660;08;1;18;073;2017;07;15;3;3;6;7;0;1;1;0;0;0;0;496014,820599999980000;5420793,574000000000000;8,945580153000037;48,940056189000074
50198;08170711117400006090;08;1;17;051;2017;07;11;3;3;5;3;1;1;0;0;0;0;0;543142,377499999940000;5395058,485299999800000;9,586409979000052;48,707066659000077
50203;08170711116010970170;08;1;16;081;2017;07;14;3;2;6;4;0;1;1;0;0;0;0;517965,121199999990000;5385731,491899999800000;9,243790217000026;48,624394000000052
50213;08170711111500012980;08;1;11;000;2017;07;16;3;2;5;2;1;1;0;0;0;0;0;512869,249300000020000;5407462,007799999800000;9,175316744000043;48,820007554000028
50221;08170710435100950670;08;4;35;016;2017;07;14;2;3;5;3;1;1;0;0;0;0;0;535556,951299999960000;5278476,096699999600000;9,473549031000061;47,658701856000050
50223;08170710435010049160;08;4;35;059;2017;07;11;2;2;0;7;1;0;0;0;0;0;0;513970,011000000000000;5290948,389999999700000;9,186455905000059;47,771748800000069
50229;08170710335300943120;08;3;35;075;2017;07;15;2;3;5;3;1;1;0;0;0;0;0;487347,737599999990000;5289912,296299999600000;8,831162001000052;47,762453754000035
50234;08170713118100038250;08;1;18;010;2017;07;09;5;3;8;6;1;1;0;0;0;0;0;506860,805999999980000;5431505,462000000300000;9,093868920000034;49,036391084000059
50237;08170706415400034580;08;4;15;061;2017;07;07;5;3;6;2;0;1;1;0;0;0;0;515320,610200000000000;5371403,284099999800000;9,207376391000025;48,495564263000063
50252;08170706317300962540;08;3;17;065;2017;07;15;5;3;5;2;1;1;0;0;0;0;0;416654,790400000000000;5354652,398799999600000;7,875296173000038;48,339552707000053
50257;08170710311010946400;08;3;11;000;2017;07;18;2;3;5;3;1;0;0;0;1;0;0;410426,082200000000000;5316462,346199999600000;7,799307566000039;47,995183282000028
50265;08170706317300018450;08;3;17;065;2017;07;10;5;3;6;7;0;1;1;0;0;0;0;418942,643999999970000;5354569,582499999600000;7,906179672000064;48,339105471000039
50268;08170713116500965240;08;1;16;049;2017;07;15;5;3;5;7;1;1;0;0;0;0;0;525012,742600000000000;5385809,054999999700000;9,339430996000033;48,624849622000056
50270;08170713116010970190;08;1;16;078;2017;07;21;5;2;5;3;1;1;0;0;0;1;0;508020,474999999980000;5395124,508999999600000;9,109021949000066;48,709101322000038
50275;08170706311010983240;08;3;11;000;2017;07;11;5;3;5;3;1;1;0;0;0;0;0;412096,012899999970000;5318817,131699999800000;7,821204567000052;48,016596989000050
50288;08170710126010004780;08;1;25;110;2017;07;14;2;3;0;7;0;0;1;0;1;0;0;527398,244500000030000;5442662,598799999800000;9,375612568000065;49,136182116000043
50296;08170710116010021740;08;1;16;042;2017;07;19;2;2;5;3;1;1;0;0;0;0;0;517044,721599999990000;5382043,750500000100000;9,231148865000023;48,591244254000060
50297;08170709436500980730;08;4;36;052;2017;07;13;1;2;4;6;1;0;0;0;1;0;0;565628,262600000020000;5294198,364099999900000;9,876372669000034;47,797796518000041
50302;08170709417200972440;08;4;17;002;2017;07;15;1;3;0;1;1;0;0;0;0;0;0;490399,701999999990000;5343974,176000000000000;8,870678604000034;48,248909585000035
50303;08170709416010008390;08;4;15;061;2017;07;21;1;3;5;3;1;1;0;0;0;1;1;514985,261999999990000;5373327,728000000100000;9,202906317000043;48,512885299000061
50304;08170709416010008380;08;4;16;036;2017;07;19;1;2;3;2;1;1;0;0;0;0;0;495656,153999999980000;5372391,783300000200000;8,941192191000027;48,504628977000039
50305;08170706299200044840;08;2;12;000;2017;07;19;5;3;5;3;1;0;0;0;0;0;0;461762,466200000020000;5430083,320399999600000;8,476982717000055;49,022451021000052
50312;08170706222400957490;08;2;26;028;2017;07;13;5;2;0;1;1;0;0;0;0;0;0;473143,831100000010000;5484092,879900000100000;8,629029833000061;49,508868290000066
50314;08170706216100973970;08;2;16;002;2017;07;09;5;3;5;3;1;1;0;0;0;0;0;444108,126899999970000;5422334,683199999900000;8,236589135000031;48,951406225000028
50316;08170709335010003140;08;3;35;043;2017;07;17;1;2;0;7;1;0;0;0;0;0;1;514129,793899999990000;5279707,012699999800000;9,188223816000061;47,670600150000041
50317;08170713311010019480;08;3;11;000;2017;07;07;5;3;5;3;1;1;0;0;0;0;0;413057,419100000000000;5315034,264399999800000;7,834860836000075;47,982700427000054
50322;08170709325010047720;08;2;37;004;2017;07;01;1;2;6;4;0;1;1;0;0;2;0;454993,628000000030000;5381518,644000000300000;8,389726687000064;48,585135124000033
50324;08170709317100926340;08;3;17;001;2017;07;17;1;3;5;2;1;1;0;0;0;0;0;430061,185200000010000;5385983,941100000400000;8,050937407000049;48,623012728000049
50335;08170709235100039460;08;2;35;085;2017;07;15;1;3;2;2;1;1;0;0;0;0;0;483302,918400000020000;5395790,163200000300000;8,773011116000021;48,714917589000038
50341;08170709211100952090;08;2;11;000;2017;07;23;1;3;5;3;1;1;0;0;0;2;0;442118,781100000020000;5403334,576000000400000;8,212107632000027;48,780317768000032
50346;08170706212102966730;08;2;12;000;2017;07;03;5;2;0;1;1;0;0;0;0;2;0;460821,526000000010000;5423612,370000000100000;8,464736989000073;48,964184261000071
50359;08170706136300938660;08;1;36;065;2017;07;15;5;3;0;7;1;0;0;0;0;0;0;559164,823899999960000;5404639,726599999700000;9,805551201000071;48,791936918000033
50363;08170712435010049190;08;4;37;008;2017;07;21;4;2;3;6;1;1;0;0;0;1;1;519074,786000000020000;5327595,915099999900000;9,256211883000049;48,101342933000069
50365;08170709127100990890;08;1;27;056;2017;07;13;1;3;0;1;1;0;0;0;0;0;0;555683,480199999990000;5435540,439299999700000;9,762376326000037;49,070208216000026
50375;08170708436500040170;08;4;36;049;2017;07;15;7;3;3;1;1;0;0;1;0;0;0;580986,603800000040000;5285365,812099999700000;10,079782079000040;47,716590341000028
50381;08170706136010945730;08;1;36;088;2017;07;05;5;3;5;3;1;1;0;0;0;0;0;577882,673199999960000;5410230,265599999600000;10,061422710000045;48,840157629000032
50387;08170712416010008430;08;4;15;061;2017;07;17;4;2;5;2;1;1;0;0;0;0;0;515139,182099999980000;5370241,483199999700000;9,204878528000052;48,485116683000058
50390;08170706121200038420;08;1;21;000;2017;07;17;5;3;5;3;1;1;0;0;0;0;0;515184,841599999990000;5441706,317599999700000;9,208140164000042;49,128003320000062
50396;08170713311100988780;08;3;15;132;2017;07;20;5;3;3;6;1;0;0;0;0;0;0;409752,891300000020000;5322590,258600000300000;7,788995304000025;48,050210056000026
50408;08170708327200975400;08;3;27;046;2017;07;21;7;3;0;1;1;0;0;0;0;0;0;480480,934000000010000;5324591,586000000100000;8,737957970000025;48,074299661000055
50420;08170708311010019370;08;3;11;000;2017;07;10;7;3;5;2;1;1;0;0;0;0;0;411853,837000000000000;5315205,669800000300000;7,818699675000062;47,984077545000048
50423;08170708299200044970;08;2;12;000;2017;07;00;7;2;6;6;1;0;1;0;0;2;0;459153,691999999980000;5428091,260300000200000;8,441501818000063;49,004364863000035
50426;08170706117400979390;08;1;17;051;2017;07;16;5;3;0;1;1;0;0;0;0;0;0;544879,373400000040000;5395152,508700000100000;9,610028837000073;48,707789873000081
50430;08170708299200044960;08;2;15;009;2017;07;18;7;3;5;3;1;0;0;0;1;0;0;469746,670999999970000;5436051,247299999900000;8,585742427000071;49,076577629000042
50431;08170708237200963170;08;2;37;040;2017;07;22;7;3;6;4;0;1;1;0;0;2;0;476996,918999999990000;5365560,758999999600000;8,688958099000047;48,442768746000070
50434;08170708235200931790;08;2;35;080;2017;07;16;7;3;0;7;1;0;0;0;1;0;1;483721,046900000020000;5384665,294300000200000;8,779133078000029;48,614848490000043
50443;08170708212702013440;08;2;15;110;2017;07;10;7;3;6;7;0;1;1;0;0;0;0;460133,283500000020000;5419930,212299999800000;8,455694929000060;48,931018167000047
50444;08170708212702013430;08;2;15;046;2017;07;08;7;2;5;3;1;1;0;0;0;0;0;451146,118000000020000;5414735,343999999600000;8,333621641000036;48,883645254000044
50455;08170708127100967960;08;1;27;063;2017;07;00;7;2;0;7;1;0;0;0;0;2;0;565904,759100000020000;5434143,638600000200000;9,902074174000063;49,056635735000043
50459;08170708121500958760;08;1;25;069;2017;07;13;7;3;4;6;1;1;0;0;0;0;0;522117,120100000000000;5452795,958100000400000;9,303770291000035;49,227546589000042
50462;08170708119010043940;08;1;19;037;2017;07;04;7;1;6;1;0;1;1;0;0;2;0;551143,121200000050000;5416447,127899999700000;9,697816008000075;48,898858288000042
50465;08170707222600969040;08;2;22;000;2017;07;12;6;3;5;7;1;0;0;0;0;0;0;462531,669500000020000;5482316,531299999900000;8,482615598000052;49,492328111000063
50466;08170706115100035140;08;1;15;024;2017;07;12;5;3;5;7;1;1;0;0;0;0;0;500500,933000000020000;5388167,166100000000000;9,006800736000059;48,646563596000078
50469;08170708118200012610;08;1;18;080;2017;07;15;7;3;5;3;1;0;0;0;1;0;0;509994,712899999980000;5408683,498700000300000;9,136187070000062;48,831048822000071
50470;08170708117300967780;08;1;17;026;2017;07;15;7;3;3;6;1;1;0;0;0;0;0;547677,047700000000000;5394840,039300000300000;9,648018041000057;48,704771447000041
50472;08170708116400966340;08;1;16;033;2017;07;21;7;3;8;1;1;0;0;0;0;1;0;531592,594999999970000;5387580,390999999800000;9,428854408000063;48,640486702000032
50480;08170708111320007390;08;1;11;000;2017;07;10;7;3;0;1;1;0;0;0;0;0;0;516797,639099999970000;5406735,732900000200000;9,228802751000046;48,813380299000073
50482;08170713311400022310;08;3;15;074;2017;07;07;5;3;3;6;1;0;0;0;0;0;0;398604,126700000020000;5295770,664500000000000;7,645747384000060;47,807299930000056
50484;08170707437200967500;08;4;37;008;2017;07;16;6;3;1;7;1;1;0;0;0;0;0;520396,953600000010000;5328469,700500000300000;9,274012771000059;48,109163344000081
50488;08170705435117931520;08;4;35;035;2017;07;16;4;3;0;1;1;0;0;0;0;0;0;542246,089599999950000;5282880,543800000100000;9,563057388000061;47,697927548000052
50489;08170705435010049090;08;4;35;015;2017;07;19;4;2;5;2;1;1;0;0;0;0;0;518992,506100000000000;5296770,386500000000000;9,253744826000059;47,824003263000066
50492;08170707435117931550;08;4;35;057;2017;07;15;6;3;5;2;1;1;0;0;0;0;0;549407,085899999950000;5275392,122800000000000;9,657646575000058;47,630045318000043
50494;08170707435100986300;08;4;35;045;2017;07;12;6;3;0;7;1;0;0;0;0;0;0;534400,876500000010000;5284429,456799999800000;9,458622188000049;47,712329096000076
50502;08170707416010987380;08;4;15;061;2017;07;08;6;3;5;2;1;1;0;0;0;0;0;515873,318000000030000;5370612,070399999600000;9,214827597000067;48,488432506000038
50516;08170707216100033810;08;2;16;043;2017;07;07;6;3;1;3;1;0;0;0;1;0;0;443003,075799999990000;5412259,482900000200000;8,222903569000039;48,860679591000064
50517;08170707299200044910;08;2;12;000;2017;07;16;6;3;5;3;1;1;0;0;0;0;0;452231,125000000000000;5428018,064100000100000;8,346863023000026;49,003209504000040
50518;08170705426010952670;08;4;26;044;2017;07;17;4;2;5;3;1;1;0;0;0;0;0;580253,204000000030000;5326885,718999999600000;10,077731503000052;48,090184917000045
50523;08170705426010006760;08;4;25;141;2017;07;19;4;2;1;1;0;1;1;0;0;0;0;565822,310300000010000;5363197,451299999800000;9,889612575000058;48,418488655000033
50524;08170705426010006750;08;4;26;071;2017;07;11;4;2;9;1;1;0;0;0;0;0;0;563182,711800000050000;5330017,592899999600000;9,848982958000022;48,120280591000039
50527;08170707335311010760;08;3;35;075;2017;07;09;6;3;8;1;1;0;0;0;0;0;0;486141,210199999970000;5289198,142699999700000;8,815084361000061;47,756003330000055
50528;08170712335010028280;08;4;35;052;2017;07;22;4;2;6;4;0;1;1;0;0;2;1;523292,740400000010000;5289676,180999999900000;9,310815439000066;47,760032624000075
50530;08170705421300033400;08;4;25;028;2017;07;16;4;3;4;1;1;0;0;0;0;0;0;579053,800399999950000;5341974,972600000000000;10,064431800000023;48,226068526000063
50531;08170712327100957420;08;3;27;050;2017;07;11;4;3;6;4;0;1;1;0;0;0;0;488060,096200000030000;5314211,372100000300000;8,839996450000058;47,981094736000045
50532;08170707335100952350;08;3;35;043;2017;07;15;6;3;0;7;1;0;0;0;0;0;0;515248,212500000020000;5281066,542200000000000;9,203169723000030;47,682807299000046
50535;08170707335010049410;08;4;36;064;2017;07;17;6;3;5;3;1;0;0;0;1;0;0;545124,653300000010000;5295709,374099999700000;9,602752422000037;47,813154836000081
50537;08170705417100020990;08;4;17;079;2017;07;19;4;3;5;3;1;1;0;0;0;0;0;501987,623399999980000;5340452,044099999600000;9,026757909000025;48,217291203000059
50541;08170707317512951590;08;3;17;151;2017;07;12;6;3;0;1;1;0;0;0;0;0;0;412197,540400000000000;5366142,490500000300000;7,812758708000047;48,442298215000051
50543;08170707317310041700;08;3;17;114;2017;07;17;6;3;5;3;1;1;0;0;0;0;0;404912,561999999980000;5345431,130699999600000;7,718956095000067;48,254954101000067
50544;08170707317300037390;08;3;17;065;2017;07;16;6;3;6;7;0;1;1;0;0;0;0;417276,384000000020000;5354808,591799999600000;7,883651941000039;48,341039356000067
50545;08170707317100944270;08;3;17;110;2017;07;18;6;3;0;7;1;1;0;0;0;0;0;426830,819399999980000;5381795,304200000100000;8,007846679000068;48,584966880000081
50548;08170707311010934990;08;3;11;000;2017;07;00;6;3;4;6;1;0;1;0;0;2;0;411856,247500000000000;5317749,842400000400000;7,818209419000027;48,006963419000044
50549;08170705415400996550;08;4;15;061;2017;07;17;4;3;5;3;1;1;0;0;0;0;0;516440,850600000010000;5370236,387500000200000;9,222493672000041;48,485038138000050
50550;08170705415400985020;08;4;15;061;2017;07;09;4;3;3;2;1;1;0;0;0;0;0;514175,144499999990000;5370865,686999999900000;9,191853468000033;48,490754734000063
50561;08170718135010024300;08;1;35;019;2017;07;18;3;2;5;3;1;1;0;0;0;0;0;585531,591499999980000;5395553,158599999700000;10,162592002000054;48,707143328000029
50562;08170715237200963250;08;2;37;040;2017;07;22;7;3;6;7;0;1;1;0;0;2;0;473771,088899999970000;5369274,579800000400000;8,645107236000058;48,476053206000074
50578;08170717435200926900;08;4;35;059;2017;07;15;2;3;1;5;1;0;0;0;1;0;0;512574,891100000010000;5290695,831899999600000;9,167828199000041;47,769505143000060
50586;08170717436211938530;08;4;36;083;2017;07;09;2;3;5;3;1;1;0;0;0;0;0;532530,680399999950000;5301465,889800000000000;9,434967145000030;47,865707258000043
50589;08170715199200940280;08;1;18;073;2017;07;18;7;3;6;4;0;1;1;0;0;0;0;498820,031000000020000;5418336,634999999800000;8,983893972000033;48,917965947000027
50593;08170715437100945310;08;4;37;086;2017;07;15;7;3;8;6;1;1;0;0;0;0;0;525962,112800000000000;5308145,964300000100000;9,347542792000070;47,926108252000063
50597;08170717136100017210;08;1;36;088;2017;07;17;2;3;5;2;1;1;0;0;0;0;0;581089,818399999990000;5409349,814399999600000;10,104948710000031;48,831828024000060
50600;08170717317600993850;08;3;17;093;2017;07;07;2;2;8;7;1;0;0;0;0;0;0;442569,560400000020000;5354720,394200000000000;8,224953586000027;48,343051991000038
50601;08170715121400973370;08;1;25;013;2017;07;11;7;3;0;7;0;1;1;0;0;0;0;505316,582700000030000;5434350,727099999800000;9,072778366000023;49,062001009000028