OBJECTID;UIDENTSTLA;ULAND;UREGBEZ;UKREIS;UGEMEINDE;UJAHR;UMONAT;USTUNDE;UWOCHENTAG;UKATEGORIE;UART;UTYP1;IstRad;IstPKW;IstFuss;IstKrad;IstSonstig;LICHT;STRZUSTAND;LINREFX;LINREFY;XGCSWGS84;YGCSWGS84
50603;08170715119500948110;08;1;19;042;2017;07;11;7;3;0;1;1;0;0;0;0;0;0;526655,452999999980000;5415593,626199999800000;9,363651620000042;48,892718244000037
50604;08170718111500993640;08;1;11;000;2017;07;10;3;2;5;3;1;1;0;0;0;0;0;512789,342899999990000;5406499,065000000400000;9,174198175000072;48,811346702000037
50607;08170715119010043970;08;1;19;076;2017;07;16;7;2;0;7;1;0;0;0;0;0;0;542320,756999999980000;5407314,955699999800000;9,576503242000058;48,817376456000034
50608;08170715119010043960;08;1;19;085;2017;07;02;7;1;1;1;1;0;0;0;1;2;1;528466,510099999960000;5413521,358799999600000;9,388214393000055;48,873996412000054
50613;08170715118500000530;08;1;18;078;2017;07;17;7;3;2;2;1;1;0;0;0;0;0;514854,126700000020000;5420116,708399999900000;9,202816096000049;48,933801825000046
50615;08170715118200941020;08;1;18;011;2017;07;13;7;3;5;2;1;1;0;0;0;0;0;498451,374000000010000;5411065,655000000300000;8,978889525000056;48,852556883000034
50622;08170715116010927240;08;1;16;081;2017;07;12;7;2;4;2;1;1;0;0;0;0;0;517702,697099999990000;5385598,662899999900000;9,240223432000050;48,623206536000055
50633;08170714436500028120;08;4;36;008;2017;07;20;6;3;6;4;0;1;1;0;0;0;0;548033,037999999940000;5311277,629999999900000;9,643330682000055;47,953008854000075
50636;08170714436100034780;08;4;36;055;2017;07;05;6;3;5;3;1;1;0;0;0;1;1;576539,528000000050000;5297264,690000000400000;10,022596370000031;47,824176576000070
50637;08170714435212981080;08;4;35;052;2017;07;16;6;3;5;3;1;0;0;1;0;0;0;521562,474700000020000;5291460,355499999600000;9,287815852000051;47,776145827000050
50640;08170716326200965870;08;3;26;074;2017;07;13;1;2;6;4;0;1;1;0;0;0;0;465011,604500000020000;5324700,021300000100000;8,530280112000071;48,074613987000077
50646;08170721111330970480;08;1;11;000;2017;07;08;6;3;5;3;1;1;0;0;0;0;0;513208,156299999970000;5406671,513799999800000;9,179908174000047;48,812889267000060
50651;08170720436100945950;08;4;36;055;2017;07;10;5;3;6;4;0;1;1;0;0;0;0;576442,648000000040000;5297365,830000000100000;10,021320079000077;47,825097956000036
50652;08170714426100929320;08;4;26;021;2017;07;15;6;3;6;4;0;1;1;0;0;0;0;558385,114300000020000;5327220,059500000400000;9,784141449000060;48,095571606000078
50653;08170714426010006840;08;4;26;073;2017;07;20;6;1;3;2;1;1;0;0;0;0;0;570039,564000000010000;5338661,094999999700000;9,942529150000041;48,197317631000033
50656;08170717222500957290;08;2;22;000;2017;07;10;2;3;0;4;1;0;1;1;0;0;0;464017,412799999990000;5477483,323599999800000;8,503570283000045;49,448945557000059
50657;08170717311400022340;08;3;15;076;2017;07;13;2;3;5;3;1;1;0;0;0;0;0;392452,038400000020000;5296034,355499999600000;7,563540040000021;47,808673112000065
50659;08170717335010049510;08;4;36;024;2017;07;18;2;2;0;1;1;0;0;0;0;0;0;537739,083100000050000;5303975,445799999900000;9,504825285000038;47,888000876000035
50663;08170720435115976160;08;4;35;035;2017;07;07;5;3;4;6;1;0;0;0;0;0;1;543379,519800000010000;5282012,299900000000000;9,578076658000043;47,690040658000044
50666;08170720435010049250;08;4;37;100;2017;07;07;5;2;8;7;0;1;1;0;0;0;0;541973,774199999990000;5317280,790099999900000;9,562766944000032;48,007443876000082
50674;08170716221000050140;08;2;21;000;2017;07;11;1;3;3;6;1;1;0;0;0;0;0;477508,788000000000000;5471880,723000000200000;8,690016425000067;49,399200319000045
50678;08170720416010008670;08;4;15;061;2017;07;11;5;2;0;1;1;0;0;0;0;0;1;516450,523999999980000;5370226,724899999800000;9,222624200000041;48,484950957000081
50679;08170716426300033230;08;4;26;090;2017;07;18;1;3;5;3;1;1;0;0;0;0;0;548611,091999999950000;5324608,537999999700000;9,652583872000037;48,072897862000048
50680;08170717435010049230;08;3;35;079;2017;07;16;2;2;0;1;1;0;0;0;0;0;0;501048,316799999970000;5299694,111600000400000;9,014012938000064;47,850588884000047
50681;08170714336200963530;08;3;36;069;2017;07;00;6;3;0;1;1;0;0;0;0;2;0;407639,744599999980000;5267388,733599999900000;7,772402603000046;47,553347258000031
50685;08170718126010004860;08;1;25;046;2017;07;12;3;2;6;2;0;1;1;0;0;0;0;518243,008700000010000;5433705,838200000100000;9,249697198000035;49,055952735000062
50687;08170714335010989570;08;3;35;025;2017;07;21;6;3;6;4;0;1;1;0;0;2;0;498803,727699999990000;5281210,398099999900000;8,984060223000029;47,684280430000058
50690;08170714335010049500;08;4;36;079;2017;07;16;6;2;5;1;1;1;0;0;0;0;1;553260,109399999960000;5291670,407999999800000;9,710917918000064;47,776195007000069
50696;08170720335010049530;08;4;37;100;2017;07;10;5;3;3;1;1;1;0;0;0;0;0;539723,704099999970000;5314888,139700000200000;9,532378826000070;47,986061494000069
50703;08170720316100930750;08;3;16;024;2017;07;21;5;2;8;1;1;0;0;0;0;1;0;412357,018500000010000;5336375,655700000000000;7,821098409000058;48,174574153000037
50706;08170720311010935150;08;3;11;000;2017;07;11;5;3;5;2;1;1;0;0;0;0;0;414534,575200000020000;5316015,159099999800000;7,854457181000043;47,991723047000050
50723;08170717221000050170;08;2;21;000;2017;07;09;2;3;4;6;1;0;0;0;0;0;0;478567,236399999990000;5473596,818599999900000;8,704511584000045;49,414674547000061
50725;08170717317310041770;08;3;17;026;2017;07;08;2;3;0;3;1;1;0;0;0;0;0;411980,253399999990000;5345733,369800000500000;7,814089049000074;48,258693962000052
50738;08170720299200046100;08;2;12;000;2017;07;12;5;3;1;5;1;1;0;0;0;0;0;452403,986199999980000;5428206,946600000400000;8,349204230000055;49,004921862000060
50740;08170720299200045370;08;2;15;009;2017;07;13;5;3;3;6;1;1;0;0;0;0;1;468283,722699999980000;5440666,693199999600000;8,565348563000043;49,118020882000053
50756;08170714235010995840;08;2;31;000;2017;07;13;6;3;5;3;1;1;0;0;0;0;0;477910,008900000020000;5414835,032200000200000;8,698673496000026;48,886073773000078
50759;08170717231102941780;08;2;36;040;2017;07;08;2;3;5;3;1;1;0;0;0;0;0;485571,851000000020000;5420158,740000000200000;8,802998618000061;48,934190008000030
50772;08170720221300960110;08;2;21;000;2017;07;10;5;3;0;6;1;1;0;0;0;0;0;478925,285299999990000;5473662,119099999800000;8,709444384000051;49,415274424000074
50773;08170720221200938050;08;2;21;000;2017;07;11;5;3;6;4;1;0;1;0;0;0;0;479000,532599999980000;5473471,700899999600000;8,710491874000070;49,413564242000064
50775;08170720221000150300;08;2;26;097;2017;07;16;5;2;5;3;1;1;0;0;0;0;0;485543,957700000030000;5468138,097099999900000;8,800895761000049;49,365779398000029
50777;08170716226300007200;08;2;26;056;2017;07;11;1;3;2;6;1;0;0;0;0;0;0;484709,524399999990000;5471615,295300000300000;8,789269420000039;49,397036287000049
50780;08170716317200926060;08;3;17;057;2017;07;00;1;3;5;3;1;1;0;0;0;2;0;411980,726499999990000;5380994,337600000200000;7,806694934000063;48,575851959000033
50782;08170716435100004290;08;4;35;024;2017;07;11;1;3;0;7;1;0;0;0;0;0;0;528220,874799999990000;5279322,715300000300000;9,375903976000075;47,666680973000041
50786;08170720136200958610;08;1;36;019;2017;07;08;5;3;5;3;1;0;0;0;1;0;0;581938,391700000040000;5425016,872800000000000;10,119652875000043;48,972627016000047
50787;08170720136100022170;08;1;36;082;2017;07;13;5;3;0;1;1;0;0;0;0;0;1;587314,422700000000000;5416154,455799999600000;10,191199847000064;48,892184173000032
50798;08170720121300979990;08;1;21;000;2017;07;09;5;3;5;2;1;1;0;0;0;0;0;513917,423499999980000;5443322,503200000200000;9,190823439000042;49,142571493000048
50802;08170716436200926250;08;4;36;064;2017;07;14;1;3;5;3;1;1;0;0;0;0;0;546057,552999999960000;5293479,883600000300000;9,614976092000063;47,793030055000031
50805;08170714221300016060;08;2;21;000;2017;07;11;6;3;0;6;1;0;0;0;0;0;0;477694,333400000000000;5473370,611100000300000;8,692489968000075;49,412608468000030
50806;08170717221300010540;08;2;21;000;2017;07;06;2;3;0;2;1;1;0;0;0;1;0;477663,919200000000000;5473743,186900000100000;8,692049713000074;49,415958611000065
50812;08170714211100952120;08;2;11;000;2017;07;20;6;3;0;7;0;0;1;0;1;0;0;441943,014399999990000;5403475,404699999800000;8,209695404000058;48,781568157000038
50820;08170720118600989370;08;1;18;076;2017;07;15;5;3;6;4;0;1;1;0;0;0;0;504623,252700000010000;5422970,199000000000000;9,063157797000031;48,959631992000027
50821;08170720118500975830;08;1;18;049;2017;07;13;5;3;6;2;0;0;1;0;1;0;1;519158,630400000020000;5421043,277999999900000;9,261632156000076;48,942018577000056
50824;08170720118200028920;08;1;18;011;2017;07;17;5;3;6;4;0;1;1;0;0;0;1;502270,107499999980000;5409641,705500000200000;9,030937634000054;48,839745017000041
50836;08170720116100029410;08;1;16;076;2017;07;12;5;3;8;1;1;0;0;0;0;0;1;528768,276799999990000;5403132,273000000000000;9,391600758000038;48,780525627000031
50837;08170720115400001910;08;1;15;045;2017;07;19;5;3;4;6;1;0;0;0;0;0;0;499943,081999999990000;5394587,919999999900000;8,999226390000047;48,704325703000052
50843;08170720111500961870;08;1;11;000;2017;07;09;5;3;5;3;1;1;0;0;0;0;0;514985,440999999990000;5395290,973000000200000;9,203701977000037;48,710470358000066
50845;08170720111500013040;08;1;11;000;2017;07;18;5;3;6;4;0;1;1;0;0;0;1;516135,021699999980000;5398648,727099999800000;9,219459878000066;48,740647964000061
50848;08170719436500028140;08;4;36;011;2017;07;21;4;1;4;6;1;1;0;0;1;1;0;553086,195599999980000;5298559,534500000100000;9,709440253000025;47,838189462000059
50856;08170714136010945810;08;1;36;088;2017;07;16;6;2;5;3;1;1;0;0;0;0;0;577209,592700000040000;5415931,313699999800000;10,053327015000036;48,891518682000026
50878;08170715337200956700;08;3;37;125;2017;07;02;7;3;6;4;0;1;1;0;0;2;0;447043,216000000010000;5273050,573400000100000;8,295390883000039;47,608697580000069
50883;08170719415400985060;08;4;15;061;2017;07;15;4;3;6;2;0;1;1;0;0;0;0;515867,742299999980000;5370602,759100000400000;9,214751783000054;48,488348879000057
50892;08170719335112040120;08;3;35;043;2017;07;08;4;3;6;4;1;0;1;0;0;0;0;511091,562600000000000;5281845,706500000300000;9,147805858000027;47,689902646000064
50900;08170714117100034070;08;1;17;019;2017;07;17;6;3;0;3;1;1;0;0;0;0;1;552261,989500000030000;5393613,564600000200000;9,710175762000063;48,693371488000025
50901;08170714117100034050;08;1;17;019;2017;07;12;6;3;5;3;1;1;0;0;0;0;0;551781,977900000060000;5393725,444400000400000;9,703667540000026;48,694417915000031
50906;08170717136100962060;08;1;36;088;2017;07;19;2;3;6;2;0;1;1;0;0;0;0;580537,534800000020000;5409284,533699999600000;10,097411788000045;48,831312751000041
50920;08170719317210998450;08;3;17;153;2017;07;07;4;3;5;3;1;1;0;0;0;0;0;420827,397000000000000;5389370,656999999700000;7,925010372000031;48,652374304000034
50921;08170715327100950290;08;3;27;057;2017;07;18;7;3;0;6;1;0;0;0;1;0;0;492851,001999999980000;5309701,727099999800000;8,904272998000067;47,940591881000046
50922;08170719317100031330;08;3;17;001;2017;07;10;4;3;5;2;1;0;0;0;1;0;0;431775,354300000010000;5387057,881099999900000;8,074018563000038;48,632862162000038
50924;08170715437200015670;08;4;37;005;2017;07;16;7;3;0;1;1;0;0;0;0;0;0;497768,737000000020000;5321922,918999999800000;8,970059224000067;48,050584311000080
50925;08170719316100018840;08;3;16;038;2017;07;19;4;3;6;7;0;1;1;0;0;0;0;397002,870000000000000;5332749,668999999800000;7,615502824000032;48,139657610000029
50938;08170719221000050220;08;2;21;000;2017;07;15;4;3;6;4;1;0;1;0;0;0;0;479366,584800000010000;5471756,096800000400000;8,715627507000022;49,398145130000046
50940;08170719216100020610;08;2;11;000;2017;07;08;4;3;3;6;1;1;0;0;0;0;0;442227,265300000030000;5396150,187900000300000;8,214592031000052;48,715703101000031
50945;08170719212702013750;08;2;15;046;2017;07;19;4;2;2;6;1;0;0;0;0;0;0;453426,958199999990000;5412273,068400000200000;8,365011156000037;48,861672019000025
50959;08170719212502982130;08;2;12;000;2017;07;08;4;2;8;1;1;0;0;0;0;0;0;455905,082200000000000;5430140,333100000400000;8,396862904000045;49,022572928000045
50972;08170719126010004870;08;2;25;058;2017;07;23;4;2;6;4;0;1;1;0;0;2;0;510390,298000000010000;5466501,637000000100000;9,143063930000039;49,351142277000065
50979;08170719119300991070;08;1;19;001;2017;07;11;4;3;6;7;0;1;1;0;0;0;0;552681,545700000020000;5410314,872700000200000;9,718015379000065;48,843569056000035
50985;08170719118100011250;08;1;18;007;2017;07;07;4;3;3;6;1;1;0;0;0;0;0;510099,294999999980000;5426990,754200000300000;9,138065155000049;48,995734189000075
50992;08170719115100025610;08;1;15;002;2017;07;11;4;3;5;3;1;1;0;0;0;0;0;499931,126099999990000;5386701,307199999700000;8,999065202000054;48,633376660000067
50999;08170713435114008990;08;4;35;029;2017;07;16;5;3;8;1;1;0;0;0;0;0;0;544855,054000000000000;5275601,611999999700000;9,597080539000046;47,632261476000053
51000;08170713435100043740;08;4;35;016;2017;07;17;5;3;0;1;1;0;0;0;0;0;0;534393,899899999960000;5278022,687199999600000;9,458024302000069;47,654685215000029
51002;08170717336300926170;08;3;36;057;2017;07;07;2;3;5;3;1;1;0;0;0;0;0;408328,647999999990000;5277182,125099999800000;7,779509624000070;47,641544088000046
51006;08170718436500941210;08;4;36;004;2017;07;07;3;2;5;2;1;0;0;1;0;0;0;580703,601700000000000;5310729,753100000300000;10,080736958000045;47,944796195000038
51018;08170713415400034670;08;4;15;061;2017;07;08;5;3;6;4;0;1;1;0;0;0;0;515207,296299999990000;5371459,328700000400000;9,205844651000064;48,496071213000050
51028;08170718118100038290;08;1;18;010;2017;07;07;3;3;3;6;1;0;0;0;0;0;0;506843,931199999990000;5431222,011500000000000;9,093633256000032;49,033841479000046
51035;08170718415410028180;08;4;15;061;2017;07;12;3;3;0;1;1;0;0;0;0;0;0;513109,658500000020000;5371867,040400000300000;9,177464161000046;48,499786407000045
51038;08170718415100001480;08;4;15;062;2017;07;08;3;2;6;4;0;1;1;0;0;0;0;519895,547000000020000;5378142,583399999900000;9,269622724000044;48,556064540000079
51039;08170716115100015230;08;1;15;044;2017;07;08;1;3;5;3;1;1;0;0;0;0;0;504333,450499999980000;5389277,954500000000000;9,058843132000050;48,656541601000072
51044;08170718337010010230;08;3;37;126;2017;07;09;3;2;0;7;1;0;0;0;0;0;0;447458,251700000020000;5272703,499499999900000;8,300954266000076;47,605608694000068
51048;08170718335010049520;08;4;36;064;2017;07;18;3;2;1;3;1;1;0;0;0;0;0;545079,254300000030000;5288092,887299999600000;9,601355292000051;47,744632193000029
51050;08170718325202950170;08;3;25;049;2017;07;19;3;3;0;1;1;0;0;0;0;0;1;471188,082200000000000;5334603,582700000100000;8,612527838000062;48,164023320000069
51052;08170718317510037750;08;3;17;034;2017;07;13;3;3;4;6;1;0;0;0;0;0;0;426094,302900000010000;5362947,525500000500000;8,001197869000066;48,415344116000028
51060;08170717335010049700;08;4;35;034;2017;07;17;2;2;0;1;1;0;0;0;0;0;0;528458,977599999980000;5285034,279000000100000;9,379448057000047;47,718060187000049
51067;08170713317600951410;08;3;17;040;2017;07;16;5;2;5;3;1;1;0;0;0;0;0;432230,503900000010000;5347078,144899999700000;8,086668584000051;48,273281049000047
51068;08170713317500044210;08;3;17;096;2017;07;08;5;3;5;2;1;0;0;0;0;0;0;422580,985900000030000;5370219,713200000100000;7,952380337000022;48,480335392000029
51069;08170713317100944310;08;3;17;001;2017;07;22;5;3;5;2;1;1;0;0;0;2;0;429073,327200000000000;5388024,583300000100000;8,037185029000057;48,641256911000028
51070;08170717435100004310;08;4;35;016;2017;07;10;2;3;0;1;1;0;0;0;0;0;0;533110,800200000060000;5280372,691100000400000;9,441115874000047;47,675896191000049
51075;08170718311010984670;08;3;11;000;2017;07;14;3;2;6;4;0;0;1;0;1;0;0;411472,431099999990000;5319572,063299999600000;7,812688228000070;48,023301665000076
51076;08170713317100944300;08;3;17;001;2017;07;11;5;3;7;7;1;0;0;0;0;0;0;432407,516200000010000;5386974,752399999600000;8,082611007000025;48,632183072000032
51081;08170713317000048890;08;3;17;110;2017;07;13;5;2;3;6;1;0;0;0;0;0;0;427975,066400000010000;5383096,320600000200000;8,023134401000050;48,596802084000046
51082;08170718237200963280;08;2;37;024;2017;07;15;3;3;0;7;1;0;0;0;0;0;0;478549,074700000000000;5359967,778800000400000;8,710231762000035;48,392506786000069
51092;08170718212502982070;08;2;12;000;2017;07;17;3;3;4;6;1;0;0;1;0;0;0;449246,962899999980000;5431772,208200000200000;8,305594413000051;49,036739580000074
51093;08170718212102966900;08;2;15;101;2017;07;16;3;3;6;4;0;1;1;0;0;0;0;467486,700699999990000;5423468,654199999800000;8,555806069000028;48,963278044000049
51094;08170713317000048740;08;3;17;146;2017;07;09;5;2;3;6;1;0;0;0;1;0;0;430223,223200000010000;5354857,699199999700000;8,058333474000051;48,343043915000067
51121;08170722435200960450;08;4;35;066;2017;07;23;7;2;4;6;1;0;0;0;0;2;1;519186,287399999970000;5287068,688600000000000;9,255905036000058;47,736707036000041
51122;08170722435200926960;08;4;35;059;2017;07;19;7;3;0;1;1;0;0;0;0;0;0;510048,937600000000000;5291108,772599999800000;9,134125740000059;47,773264929000050
51123;08170721119300975560;08;1;19;055;2017;07;16;6;3;5;2;1;1;0;0;0;0;0;544434,184800000050000;5404406,775700000100000;9,604976465000050;48,791068586000051
51126;08170722435100004340;08;4;35;016;2017;07;10;7;3;3;6;1;1;0;0;0;0;0;536596,677900000010000;5277801,687099999700000;9,487339181000039;47,652575935000073
51134;08170722415300027120;08;4;15;059;2017;07;01;7;3;0;1;1;0;0;0;0;2;1;516407,849400000010000;5367302,824799999600000;9,221931951000045;48,458647563000056
51152;08170722335010049790;08;3;35;077;2017;07;17;7;3;0;1;1;0;0;0;0;0;0;493084,675600000020000;5295797,362999999900000;8,907624591000058;47,815491772000030
51159;08170723335010028320;08;3;35;043;2017;07;01;1;2;6;4;0;1;1;0;0;2;1;511164,113599999980000;5280448,368900000100000;9,148736923000058;47,677328634000048
51170;08170722299400046600;08;2;36;062;2017;07;10;7;3;4;2;1;0;0;0;1;0;0;485421,917699999990000;5408307,018500000200000;8,801374063000026;48,827571381000041
51175;08170722299200045490;08;2;15;009;2017;07;12;7;2;8;7;1;0;0;0;0;0;0;469328,808900000000000;5440058,345400000000000;8,579716629000075;49,112601707000067
51177;08170721117010966140;08;1;17;026;2017;07;10;6;3;2;6;1;1;0;0;0;0;0;549236,987100000030000;5394120,928600000200000;9,669133223000074;48,698181512000076
51182;08170722222700000160;08;2;22;000;2017;07;19;7;3;0;2;1;1;0;0;0;0;0;461419,411900000010000;5481261,439199999900000;8,467360559000042;49,482768415000066
51185;08170722212402936970;08;2;12;000;2017;07;08;7;3;1;7;1;0;0;0;0;0;0;453797,252600000010000;5426803,848799999800000;8,368413184000076;48,992406771000049
51188;08170722212202949710;08;2;12;000;2017;07;16;7;3;5;2;1;1;0;0;0;0;0;459090,658899999980000;5428753,924700000300000;8,440573226000026;49,010321471000054
51195;08170723435010049290;08;4;37;078;2017;07;16;1;2;5;3;1;1;0;0;0;0;0;508248,039400000010000;5318245,847199999700000;9,110607512000058;48,017451860000051
51199;08170723415400023870;08;4;15;061;2017;07;02;1;3;8;1;1;0;0;0;0;2;1;513255,576699999980000;5372681,297000000300000;9,179465291000042;48,507108684000059
51206;08170722118100931010;08;1;18;007;2017;07;14;7;3;3;6;1;1;0;0;0;0;1;511552,176800000020000;5425968,882299999700000;9,157898044000035;48,986516366000046
51208;08170722116100029470;08;1;16;058;2017;07;20;7;3;0;1;1;0;0;0;0;0;0;533848,240200000000000;5394947,783200000400000;9,460075775000064;48,706644503000064
51219;08170721436300954670;08;4;36;081;2017;07;17;6;3;4;2;1;1;0;0;0;0;0;562659,758000000030000;5282039,019000000300000;9,834985644000028;47,688699135000036
51227;08170721116010970260;08;1;16;072;2017;07;17;6;3;0;1;1;0;0;0;0;0;0;531296,305000000050000;5392627,128399999800000;9,425214265000022;48,685901536000074
51232;08170721426010006900;08;4;26;021;2017;07;01;6;3;1;7;1;1;0;0;0;2;0;558586,824200000030000;5327171,162700000200000;9,786843538000028;48,095113205000075
51248;08170721325010047920;08;4;17;057;2017;07;08;6;2;6;2;0;1;1;0;0;0;0;482083,903799999970000;5339546,672799999800000;8,758848148000027;48,208895914000038
51264;08170725118400987710;08;1;18;048;2017;07;15;3;3;6;4;0;1;1;0;0;0;1;513465,584500000000000;5415287,294700000400000;9,183697907000067;48,890389608000078
51267;08170725117200022590;08;1;17;024;2017;07;10;3;2;5;3;1;1;0;0;0;0;1;560806,079600000060000;5386124,739199999700000;9,825167364000038;48,625233749000074
51275;08170725111500972880;08;1;11;000;2017;07;14;3;2;0;1;1;1;0;0;0;0;1;507760,457400000010000;5397438,483799999600000;9,105531084000063;48,729921225000055
51279;08170721311010935220;08;3;11;000;2017;07;10;6;3;0;2;1;1;0;0;0;0;0;414333,698600000000000;5316716,644899999700000;7,851625249000051;47,998006303000068
51290;08170724415400985100;08;4;15;061;2017;07;13;2;2;0;1;1;0;0;0;0;0;1;515375,426700000010000;5370822,678500000400000;9,208096995000062;48,490339591000065
51295;08170721237200963320;08;2;37;027;2017;07;12;6;3;5;3;1;1;0;0;0;0;0;480853,384700000000000;5369407,690000000400000;8,740927604000035;48,477506291000054
51298;08170724335100971310;08;3;35;043;2017;07;09;2;3;5;3;1;1;0;0;0;0;1;513639,989899999990000;5279596,426099999800000;9,181695689000037;47,669615647000057
51300;08170721231115009200;08;2;36;038;2017;07;18;6;3;0;7;0;0;1;0;1;0;0;485738,335399999980000;5427261,758500000500000;8,805022822000069;48,998089906000075
51327;08170721222400957550;08;2;26;036;2017;07;12;6;3;5;3;1;1;0;0;0;0;0;467470,152699999980000;5481087,873499999800000;8,550907759000040;49,481561734000081
51328;08170721221200967240;08;2;21;000;2017;07;09;6;3;5;3;1;1;0;0;0;0;0;478079,741099999980000;5473329,261099999800000;8,697805474000063;49,412250539000070
51333;08170721211010993390;08;2;11;000;2017;07;19;6;2;5;2;1;0;0;0;0;0;0;442510,380799999980000;5405877,789699999600000;8,217081783000026;48,803230550000080
51343;08170724119300948660;08;1;19;076;2017;07;13;2;3;6;4;0;0;1;0;1;0;0;542382,346699999990000;5406489,217000000200000;9,577256901000055;48,809944365000035
51353;08170724111500963720;08;1;11;000;2017;07;08;2;3;5;3;1;1;0;0;0;0;0;513258,553300000030000;5403863,614600000000000;9,180503968000039;48,787628655000049
51359;08170723235200931960;08;2;35;080;2017;07;11;1;3;1;5;1;1;0;0;0;0;0;481151,310100000000000;5385580,376500000200000;8,744226574000038;48,623008544000072
51361;08170721136300938820;08;1;36;079;2017;07;17;6;3;6;7;0;1;1;0;0;0;0;560305,170200000050000;5401795,242600000500000;9,820658564000041;48,766241126000068
51364;08170721119200945030;08;1;19;020;2017;07;07;6;3;5;3;1;0;0;1;0;0;0;519325,622900000020000;5408947,488599999800000;9,263340602000028;48,833203321000042
51365;08170728119010044020;08;1;19;079;2017;07;20;6;2;5;3;1;1;0;0;0;0;0;523789,809000000010000;5408227,169599999700000;9,324129114000073;48,826568521000070
51367;08170728118300958270;08;1;18;081;2017;07;18;6;3;5;2;1;1;0;0;0;0;0;518132,508099999980000;5411454,652800000300000;9,247193763000041;48,855793199000061
51368;08170728117300962470;08;1;17;026;2017;07;21;6;3;5;3;1;1;0;0;0;1;0;548652,446600000020000;5394632,432300000500000;9,661250112000062;48,702828598000053
51373;08170728111500036340;08;1;11;000;2017;07;14;6;3;5;3;1;1;0;0;0;0;0;511150,853899999990000;5397015,809600000300000;9,151624036000044;48,726067397000065
51394;08170727237100939980;08;2;37;004;2017;07;18;5;3;0;6;1;1;0;0;0;0;0;453505,778799999970000;5373124,653699999700000;8,370490399000062;48,509515932000056
51396;08170727225200965560;08;2;25;091;2017;07;15;5;3;3;6;1;1;0;0;0;0;0;524075,706000000010000;5476832,264000000400000;9,332121832000041;49,443677860000037
51409;08170729317300939050;08;3;17;075;2017;07;12;7;3;0;1;1;0;0;0;0;0;0;409574,353000000000000;5362187,197999999900000;7,778150082000025;48,406351096000037
51417;08170727135200959220;08;1;35;019;2017;07;14;5;3;0;1;1;0;0;0;0;0;0;585480,458499999950000;5392069,511199999600000;10,161176327000021;48,675817545000029
51426;08170727121100937340;08;1;25;034;2017;07;16;5;2;4;2;1;1;0;0;0;0;0;497312,449800000000000;5443804,892699999700000;8,963147361000040;49,147062574000074
51431;08170729311010977630;08;3;11;000;2017;07;18;7;3;0;7;1;0;0;0;1;0;0;418016,600800000010000;5315515,105200000100000;7,901215219000051;47,987680702000034
51450;08170727115300985550;08;1;15;042;2017;07;11;5;3;5;3;1;1;0;0;0;0;0;493571,408999999990000;5403972,713000000500000;8,912478301000022;48,788718206000055
51469;08170726326300024060;08;3;26;052;2017;07;19;4;3;2;6;1;1;0;0;0;0;0;446094,945599999980000;5328267,520499999600000;8,275890490000052;48,105389692000074
51476;08170726311100027610;08;3;15;133;2017;07;08;4;3;5;3;1;1;0;0;0;0;1;396391,096000000020000;5326615,176300000400000;7,608772236000050;48,084382479000055
51498;08170726121200012300;08;1;21;000;2017;07;11;4;3;1;6;0;1;1;0;0;0;0;517428,173000000010000;5443065,125000000000000;9,238948215000050;49,140166711000063
51499;08170726119300936650;08;1;19;084;2017;07;17;4;3;0;1;1;0;0;0;0;0;0;547704,504100000020000;5416447,896400000000000;9,650901592000025;48,899139544000036
51504;08170730121500252200;08;1;25;068;2017;07;08;1;3;5;3;1;1;0;0;0;0;0;519685,953600000010000;5459764,827499999700000;9,270722207000063;49,290315319000058
51522;08170730117010966260;08;1;17;026;2017;07;21;1;2;8;1;1;0;0;0;0;2;1;545195,419800000030000;5395404,649600000100000;9,614352094000026;48,710035196000035
51526;08170729436500980820;08;4;36;079;2017;07;14;7;2;0;1;1;0;0;0;0;0;0;552151,678300000030000;5289386,857499999900000;9,695849597000063;47,755740833000061
51538;08170729336400930840;08;3;36;091;2017;07;11;7;3;0;7;1;0;0;0;0;0;0;394619,250600000030000;5272759,315999999600000;7,598102889000074;47,599673930000051
51540;08170729335100985870;08;3;35;043;2017;07;13;7;3;8;1;1;0;0;0;0;0;0;515621,557299999990000;5281014,723899999600000;9,208142343000077;47,682332142000064
51541;08170729335100971330;08;3;35;043;2017;07;19;7;3;6;2;0;1;1;0;0;0;0;514863,945200000020000;5280249,006400000300000;9,198021878000077;47,675460359000056
51542;08170729335010957150;08;3;35;002;2017;07;00;7;2;0;1;1;0;0;0;0;2;0;504029,609600000030000;5285226,598500000300000;9,053729798000063;47,720405349000032
51555;08170729225100948520;08;2;25;002;2017;07;23;7;2;5;3;1;1;0;0;0;2;0;500203,751999999980000;5466513,158200000400000;9,002805470000055;49,351334407000081
51557;08170729222400021380;08;2;26;105;2017;07;00;7;3;6;7;1;0;1;0;0;2;0;471216,841000000010000;5479097,815600000300000;8,602776212000038;49,463851082000076
51569;08170729119300948680;08;1;19;061;2017;07;16;7;3;3;6;1;1;0;0;0;0;0;537859,400200000030000;5416807,171099999900000;9,516610352000043;48,903051295000068