OBJECTID;UIDENTSTLA;ULAND;UREGBEZ;UKREIS;UGEMEINDE;UJAHR;UMONAT;USTUNDE;UWOCHENTAG;UKATEGORIE;UART;UTYP1;IstRad;IstPKW;IstFuss;IstKrad;IstSonstig;LICHT;STRZUSTAND;LINREFX;LINREFY;XGCSWGS84;YGCSWGS84
51584;08170729111500961950;08;1;11;000;2017;07;12;7;3;5;3;1;1;0;0;0;0;0;513386,240800000030000;5404599,618700000500000;9,182266297000069;48,794246938000072
51589;08170728436300006600;08;4;36;094;2017;07;15;6;3;5;3;1;1;0;0;0;0;0;571244,820599999980000;5279660,733000000000000;9,948984370000062;47,666413534000071
51598;08170725317100996280;08;3;17;001;2017;07;16;3;3;1;5;1;1;0;0;0;0;1;431626,183000000020000;5386755,802500000200000;8,072044038000058;48,630128667000065
51602;08170728335300021850;08;3;35;022;2017;07;16;6;3;8;7;1;0;0;0;0;0;0;482897,123000000020000;5300781,598000000200000;8,771342350000055;47,860146619000034
51604;08170728335100952510;08;3;35;043;2017;07;09;6;3;0;1;1;0;0;0;0;0;1;515220,178699999990000;5281045,908400000100000;9,202795479000031;47,682622305000052
51620;08170728299200045660;08;2;12;000;2017;07;18;6;2;5;2;1;0;0;0;0;0;0;455708,833700000020000;5428116,139100000300000;8,394399647000057;49,004351055000029
51622;08170728237101012070;08;2;37;028;2017;07;15;6;3;5;3;1;1;0;0;0;0;0;456406,132199999990000;5368181,484699999900000;8,410273385000039;48,465255506000062
51630;08170725221300016070;08;2;26;012;2017;07;13;3;3;5;3;1;1;0;0;0;0;1;475775,124799999990000;5476404,718000000300000;8,665846564000049;49,439826253000035
51642;08170728221000050280;08;2;21;000;2017;07;08;6;3;0;5;1;1;0;0;0;0;0;480140,315999999990000;5473945,216000000000000;8,726181554000050;49,417861718000040
51651;08170728136300975150;08;1;36;065;2017;07;09;6;3;5;3;1;1;0;0;0;0;0;555897,770000000020000;5404367,032999999800000;9,761036160000060;48,789786277000076
51664;08170801435211072590;08;4;35;066;2017;08;12;3;3;0;1;1;0;0;0;0;0;0;517591,537900000000000;5285648,378200000200000;9,234577205000051;47,723973200000046
51675;08170801335100052620;08;3;35;043;2017;08;10;3;3;5;3;1;1;0;0;0;0;0;514557,633700000010000;5280049,047000000300000;9,193934463000062;47,673668165000038
51676;08170801327100063340;08;3;27;038;2017;08;11;3;3;0;6;1;0;0;0;1;0;0;494509,528799999970000;5313359,846300000300000;8,926434389000065;47,973521248000054
51677;08170801325010068270;08;4;17;047;2017;08;17;3;2;0;7;0;1;1;0;0;0;0;489450,411800000000000;5334691,920500000000000;8,858122013000070;48,165383583000050
51681;08170801316211055410;08;3;16;010;2017;08;16;3;3;3;6;1;1;0;0;0;0;0;430718,526799999990000;5335741,881099999900000;8,068147296000063;48,171140424000043
51684;08170801311400074600;08;3;15;050;2017;08;17;3;2;0;1;1;0;0;0;0;0;1;399524,984699999970000;5303490,041600000100000;7,656250656000054;47,876879850000080
51691;08170801235200054000;08;2;35;006;2017;08;17;3;3;0;3;1;1;0;0;0;0;0;472376,553799999990000;5382745,588000000500000;8,625345608000032;48,597180711000078
51696;08170801215202053230;08;2;15;084;2017;08;16;3;3;5;3;1;1;0;0;0;0;0;473103,238699999990000;5445315,721900000200000;8,631085153000072;49,160069644000032
51697;08170801211010053060;08;2;16;008;2017;08;12;3;2;4;2;1;1;0;0;0;0;0;440542,233100000010000;5392390,768199999800000;8,192228009000075;48,681727976000047
51704;08170801127202060840;08;1;27;014;2017;08;21;3;3;5;3;1;1;0;0;0;2;1;577324,746900000030000;5443725,879800000200000;10,060194046000049;49,141490222000073
51706;08170804121300070930;08;1;21;000;2017;08;18;6;3;6;4;0;1;1;0;0;0;0;514710,562199999990000;5446253,459099999600000;9,201805265000076;49,168917886000031
51717;08170801119500060220;08;1;19;085;2017;08;17;3;3;0;1;1;0;0;0;0;0;0;528664,942799999960000;5413896,805300000100000;9,390946787000075;48,877364637000028
51723;08170801118010055360;08;1;18;049;2017;08;14;3;2;5;3;1;0;0;0;1;0;0;520320,983300000020000;5419970,299100000400000;9,277451674000076;48,932329383000081
51726;08170804117300057440;08;1;17;026;2017;08;06;6;2;5;3;1;1;0;0;0;0;0;551299,780600000060000;5390613,154199999800000;9,696729205000054;48,666461293000054
51729;08170804115100081540;08;1;15;048;2017;08;07;6;2;5;3;1;1;0;0;0;0;0;510951,646000000010000;5387030,466000000000000;9,148650745000055;48,636241917000063
51734;08170801111500098270;08;1;11;000;2017;08;19;3;1;6;4;0;1;1;0;0;0;0;516201,868699999990000;5408674,455000000100000;9,220764336000059;48,830836532000035
51736;08170801111500052970;08;1;11;000;2017;08;13;3;3;5;3;1;1;0;0;0;0;0;518856,107000000020000;5402506,273000000000000;9,256646976000070;48,775273657000071
51738;08170801111250052710;08;1;11;000;2017;08;10;3;3;0;1;1;1;0;0;0;0;0;514373,084099999980000;5401541,653800000400000;9,195596103000071;48,766715736000037
51740;08170731435114009040;08;4;35;029;2017;07;10;2;3;0;7;1;0;0;0;0;0;0;545033,210500000040000;5271583,725999999800000;9,599038892000067;47,596098975000075
51742;08170731421100036570;08;4;25;091;2017;07;14;2;3;7;1;1;0;0;0;0;0;0;553348,765499999980000;5336760,792500000400000;9,717701874000056;48,181844177000073
51744;08170731416100956990;08;4;16;036;2017;07;15;2;3;4;6;1;1;0;0;0;0;0;495156,094900000030000;5364896,360000000300000;8,934509132000073;48,437193187000048
51748;08170731335010049650;08;4;35;024;2017;07;15;2;2;6;4;1;0;1;0;0;0;0;528788,000499999970000;5280581,334599999700000;9,383540924000045;47,677980405000028
51749;08170731335010049640;08;4;36;064;2017;07;13;2;2;7;1;1;0;0;0;0;0;0;543096,000400000020000;5288780,094300000000000;9,574968271000046;47,750950656000043
51752;08170731326100975700;08;3;26;012;2017;07;17;2;3;2;6;1;0;0;1;0;0;0;455163,332400000010000;5313682,994400000200000;8,399226506000048;47,974881122000056
51758;08170731317000048840;08;3;17;034;2017;07;15;2;3;5;3;1;1;0;0;0;0;0;426384,944200000030000;5362684,422899999700000;8,005171313000062;48,413011486000073
51762;08170803435211055490;08;4;35;036;2017;08;16;5;3;0;4;1;0;1;0;0;0;0;519708,040299999990000;5282627,174200000200000;9,262663135000025;47,696728610000036
51764;08170731311100926790;08;3;15;133;2017;07;16;2;3;0;1;1;0;0;0;0;0;0;396806,915199999990000;5327909,127700000100000;7,614041285000042;48,096088264000059
51767;08170731311010935320;08;3;11;000;2017;07;07;2;2;5;3;1;1;0;0;0;0;0;413143,337400000020000;5315421,216400000300000;7,835933733000047;47,986192869000035
51770;08170731299200046310;08;2;12;000;2017;07;09;2;3;1;5;1;1;0;0;0;0;0;455722,428300000030000;5428082,478099999900000;8,394589188000055;49,004049246000079
51776;08170803416100056140;08;4;16;036;2017;08;22;5;3;5;3;1;1;0;0;0;2;0;494613,663999999990000;5368896,945200000000000;8,927123839000046;48,473179901000037
51799;08170804237100057250;08;2;37;028;2017;08;10;6;3;0;1;1;0;0;0;0;0;0;456566,544799999970000;5367767,529099999900000;8,412486267000077;48,461542666000071
51804;08170804235100078580;08;2;35;067;2017;08;14;6;3;0;1;1;0;0;0;0;0;0;486320,503099999970000;5400009,015599999600000;8,813893466000025;48,752943838000078
51814;08170804216100067900;08;2;16;023;2017;08;11;6;3;0;7;1;0;0;0;0;0;0;437094,026799999990000;5407126,135800000300000;8,143136492000053;48,813934748000065
51818;08170731121200012380;08;1;21;000;2017;07;21;2;3;0;7;1;0;0;0;0;1;0;516496,376500000010000;5445613,644000000300000;9,226277350000032;49,163117157000045
51828;08170731118200941120;08;1;18;019;2017;07;08;2;3;5;7;1;1;0;0;0;0;0;505083,924600000030000;5405350,203800000300000;9,069231877000050;48,801122466000038
51838;08170804121500080200;08;1;25;005;2017;08;16;6;3;4;2;1;1;0;0;0;0;0;515630,299699999970000;5453712,137000000100000;9,214712769000073;49,235987718000047
51851;08170730435100950830;08;4;35;029;2017;07;13;1;3;0;1;1;0;0;0;0;0;0;542595,886100000000000;5271453,056400000100000;9,566606206000074;47,595088015000044
51852;08170730426100025110;08;4;26;021;2017;07;12;1;3;2;6;0;1;1;0;0;0;0;559554,805000000050000;5327314,133999999600000;9,799862539000060;48,096309652000059
51860;08170803335010056810;08;3;35;026;2017;08;09;5;2;8;1;1;0;0;0;0;0;1;481291,375500000020000;5282082,179300000000000;8,750680035000073;47,691854689000081
51868;08170803235010077940;08;2;36;065;2017;08;19;5;2;0;2;1;1;0;0;0;0;0;489277,942500000000000;5415057,354399999600000;8,853735260000065;48,888374666000061
51870;08170803222400074330;08;2;22;000;2017;08;01;5;3;0;7;1;0;0;0;0;2;0;469855,495500000020000;5478327,847099999900000;8,584048011000050;49,456859434000080
51872;08170803221000066710;08;2;21;000;2017;08;13;5;3;0;7;0;0;1;0;1;0;0;482334,600600000010000;5473954,737300000200000;8,756434861000059;49,418015042000036
51883;08170730416100508700;08;4;16;036;2017;07;11;1;3;2;6;1;1;0;0;0;0;0;491400,918799999980000;5367293,756900000400000;8,883689010000069;48,458721190000063
51885;08170730416010008820;08;4;15;091;2017;07;14;1;2;5;3;1;1;0;0;0;0;0;516298,041000000030000;5356943,211000000100000;9,220044200000075;48,365450434000081
51887;08170730337200022730;08;3;37;062;2017;07;20;1;3;2;1;1;0;0;0;0;1;0;457943,195100000010000;5275880,655000000300000;8,440139173000034;47,634959926000079
51891;08170730335200035860;08;3;35;063;2017;07;10;1;3;0;3;1;1;0;0;0;0;0;498193,938700000000000;5288548,153400000200000;8,975904646000060;47,750301434000050
51900;08170803121500065790;08;1;25;065;2017;08;08;5;3;6;4;0;1;1;0;0;0;0;517348,554300000020000;5447564,044400000000000;9,238050498000064;49,180638038000041
51903;08170803119400137180;08;1;19;091;2017;08;16;5;3;2;2;1;1;0;0;0;0;0;529340,528300000010000;5404548,678299999800000;9,399491316000024;48,793240501000071
51906;08170803118300074760;08;1;18;071;2017;08;21;5;3;0;4;0;0;1;1;0;2;0;509103,497600000000000;5418792,136300000400000;9,124268521000033;48,921997698000041
51907;08170803117400078140;08;1;17;018;2017;08;11;5;3;5;2;1;0;0;0;1;0;0;539501,285900000020000;5396201,665699999800000;9,537030485000059;48,717591588000062
51908;08170803116500058420;08;1;16;035;2017;08;19;5;3;6;7;1;0;1;0;0;0;0;526986,964000000040000;5391928,849000000400000;9,366620193000074;48,679821083000036
51910;08170803116010061690;08;1;16;014;2017;08;17;5;3;6;6;1;0;1;0;0;0;0;526415,056100000050000;5395821,212100000100000;9,359099903000072;48,714860911000073
51914;08170802426010072070;08;4;26;038;2017;08;10;4;2;9;7;0;1;1;0;1;0;0;557939,274100000040000;5315359,201100000200000;9,776548698000056;47,988908565000031
51915;08170730327200011810;08;3;27;046;2017;07;18;1;3;4;2;1;1;0;0;0;0;0;480733,888400000000000;5324359,285699999900000;8,741364302000022;48,072217353000042
51920;08170730317500994320;08;3;17;096;2017;07;19;1;3;0;1;1;0;0;0;0;0;1;421802,060699999970000;5368843,691200000200000;7,942099299000063;48,467861792000065
51926;08170730317500931290;08;3;17;034;2017;07;17;1;3;5;7;1;1;0;0;0;0;0;427284,117900000010000;5357257,495400000400000;8,018260308000038;48,364299312000071
51940;08170802317000053560;08;3;17;005;2017;08;09;4;2;5;3;1;1;0;0;0;0;0;425104,613699999990000;5379770,151300000000000;7,984808421000025;48,566546862000052
51942;08170802311100075210;08;3;15;132;2017;08;17;4;3;5;2;1;1;0;0;0;0;0;410486,201100000010000;5324727,980899999800000;7,798385705000044;48,069542392000074
51943;08170730311010935300;08;3;15;020;2017;07;15;1;2;0;1;1;0;0;0;0;0;0;427662,457100000000000;5316448,781899999800000;8,030316267000046;47,997243781000066
51955;08170802215502062020;08;2;15;106;2017;08;16;4;2;5;3;1;1;0;0;0;0;0;465221,446000000000000;5451387,297000000300000;8,522456991000070;49,214287568000032
51958;08170802211010068000;08;2;16;043;2017;08;11;4;2;5;2;1;1;0;0;0;0;0;442872,446000000000000;5412777,640999999800000;8,221050402000060;48,865328406000060
51969;08170730212702013960;08;2;15;046;2017;07;15;1;3;5;3;1;1;0;0;0;0;0;449202,944100000020000;5416943,662200000100000;8,306843712000045;48,903353144000050
51976;08170730128300020970;08;1;28;131;2017;07;03;1;3;6;4;0;1;1;0;0;2;0;534883,881000000050000;5514488,639999999700000;9,484560935000047;49,781847793000054
51978;08170802128200055740;08;1;28;139;2017;08;17;4;3;5;2;1;1;0;0;0;0;0;550937,917999999950000;5491172,108000000000000;9,704511281000066;49,570994789000054
51981;08170802127100053590;08;1;27;023;2017;08;11;4;3;0;1;1;0;0;0;0;0;0;551018,091400000030000;5426174,199500000100000;9,697328164000055;48,986364002000073
51991;08170802117200073420;08;1;17;024;2017;08;19;4;3;6;1;1;0;1;0;0;0;0;561623,308700000050000;5385777,100300000000000;9,836204664000036;48,622026666000068
51992;08170802117010072910;08;1;17;026;2017;08;19;4;2;3;2;1;0;0;0;1;0;0;550661,300999999980000;5392054,617999999800000;9,688234926000064;48,679480070000068
51995;08170802111500055750;08;1;11;000;2017;08;13;4;3;5;3;1;1;0;0;0;0;0;516537,330100000020000;5404324,242999999800000;9,225159951000023;48,791693865000070
52000;08170807336300062730;08;3;37;116;2017;08;00;2;2;8;1;1;0;0;0;0;2;0;417105,279299999990000;5275233,512400000400000;7,896705131000033;47,625197666000076
52004;08170807326100062650;08;3;26;027;2017;08;16;2;3;0;7;1;0;0;0;1;0;0;461787,212699999970000;5307904,161999999500000;8,488490225000021;47,923319413000058
52012;08170807299200092100;08;2;12;000;2017;08;15;2;1;0;1;1;0;0;0;0;0;0;460897,757099999990000;5425236,526200000200000;8,465622304000021;48,978798811000047
52028;08170807199200094300;08;1;15;016;2017;08;16;2;2;6;7;0;1;1;0;0;0;0;488419,284600000010000;5379020,788499999800000;8,843034110000076;48,564173841000070
52031;08170807136300064290;08;1;36;027;2017;08;19;2;3;0;1;1;0;0;0;0;0;0;553971,396300000020000;5422231,318900000300000;9,737168245000021;48,950647077000042
52040;08170807118400065420;08;1;18;048;2017;08;15;2;3;5;2;1;1;0;0;0;0;0;512349,887999999980000;5415265,674399999900000;9,168476960000021;48,890218358000027
52044;08170810435100086620;08;4;35;016;2017;08;19;5;3;0;1;1;0;0;0;0;0;1;531672,112599999990000;5279516,337799999900000;9,421887522000077;47,668263270000068
52047;08170807118010079970;08;1;15;003;2017;08;16;2;2;5;3;1;1;0;0;0;0;0;502766,953700000010000;5390745,595300000200000;9,037581780000039;48,669753609000054
52053;08170807115211064660;08;1;15;053;2017;08;16;2;3;0;7;1;0;0;0;0;0;1;483335,880699999980000;5381118,935300000000000;8,774049654000066;48,582934681000040
52055;08170807111500064200;08;1;11;000;2017;08;18;2;3;6;4;0;1;1;0;0;0;0;509873,257700000020000;5401628,097699999800000;9,134362510000074;48,767581038000060
52057;08170806436400089560;08;4;36;087;2017;08;12;1;2;0;1;1;0;0;0;0;0;0;547725,516599999970000;5302061,077600000400000;9,638191805000076;47,870112678000055
52059;08170806436200076050;08;4;36;069;2017;08;14;1;3;1;5;0;1;1;0;1;0;0;551651,512600000020000;5294547,108500000100000;9,689790333000076;47,802207273000079
52060;08170806435200085850;08;4;35;053;2017;08;09;1;3;3;6;1;0;0;0;0;0;0;508994,896100000010000;5292435,944899999500000;9,120084707000046;47,785221759000081
52065;08170810416010072690;08;4;15;061;2017;08;14;5;3;5;3;1;1;0;0;0;0;1;516750,360300000000000;5370055,461699999900000;9,226674973000058;48,483402293000040
52067;08170810416010069620;08;4;15;061;2017;08;08;5;2;5;3;1;1;0;0;0;0;1;515386,182399999990000;5370851,842100000000000;9,208243640000035;48,490601694000077
52072;08170806335100073200;08;3;35;043;2017;08;15;1;3;0;1;1;0;0;0;0;0;0;509693,031699999990000;5288204,051699999700000;9,129310607000036;47,747135033000063
52076;08170806325010062330;08;3;27;056;2017;08;15;1;2;5;3;1;1;0;0;0;0;0;483926,306999999970000;5320790,292000000400000;8,784354338000071;48,040195462000042
52077;08170812116400100800;08;1;16;033;2017;08;23;7;3;0;7;1;0;0;0;0;2;1;534154,172000000020000;5389183,050800000300000;9,463757633000057;48,654769318000035
52078;08170812116400090450;08;1;16;048;2017;08;18;7;3;0;1;1;0;0;0;0;0;0;533756,387100000050000;5390748,348600000100000;9,458484244000033;48,668872134000026
52098;08170811335100103400;08;3;35;043;2017;08;18;6;3;0;2;1;0;0;0;1;0;1;513545,065200000010000;5279439,795199999600000;9,180426364000027;47,668208330000027
52105;08170811299200079160;08;2;12;000;2017;08;10;6;3;5;3;1;1;0;0;0;0;0;455226,601399999990000;5429035,703800000300000;8,387704980000024;49,012587827000061
52115;08170806226700061800;08;2;26;046;2017;08;17;1;2;2;6;1;0;0;0;0;0;0;477220,725199999990000;5455015,434200000000000;8,687009277000072;49,247486748000028
52128;08170811222400100690;08;2;26;028;2017;08;14;6;3;5;3;1;1;0;0;0;0;1;472020,547000000020000;5483792,711900000500000;8,613535295000077;49,506117603000064
52131;08170811221000092950;08;2;21;000;2017;08;15;6;2;5;6;1;1;0;0;0;0;1;477080,313399999980000;5474869,275999999600000;8,683938548000072;49,426065873000027
52140;08170806136300063130;08;1;36;065;2017;08;17;1;3;0;1;1;0;0;0;0;0;0;555795,767100000060000;5404438,324099999900000;9,759657221000055;48,790436712000030
52152;08170811135010101340;08;1;35;016;2017;08;13;6;3;3;6;1;1;0;0;0;0;0;590493,166300000040000;5389296,379800000200000;10,228647156000022;48,650169399000049
52179;08170810221300126870;08;2;21;000;2017;08;16;5;2;0;1;1;0;0;0;0;0;1;477029,984300000010000;5474903,094600000400000;8,683242565000057;49,426368166000032
52189;08170810128200100680;08;1;28;115;2017;08;14;5;3;6;2;0;1;1;0;0;0;1;547900,379599999990000;5497071,217400000400000;9,663221981000049;49,624299941000061
52204;08170806111500074150;08;1;11;000;2017;08;23;1;2;6;4;0;1;1;0;0;2;0;513660,488699999990000;5397051,609600000100000;9,185749879000071;48,726339498000073
52207;08170805436400073770;08;4;36;027;2017;08;14;7;3;5;3;1;1;0;0;0;0;0;539362,802000000030000;5310581,855899999800000;9,527147826000032;47,947340784000062
52222;08170809336400085140;08;3;36;008;2017;08;09;4;2;5;2;1;0;0;0;1;0;0;396922,698099999980000;5276254,102900000300000;7,627914582000074;47,631480630000055
52229;08170809311010069660;08;3;36;069;2017;08;16;4;2;5;3;1;0;0;1;0;0;0;409683,373900000010000;5268941,491399999700000;7,799239916000033;47,567603199000075
52230;08170805335300247590;08;3;35;075;2017;08;13;7;2;2;2;1;0;0;0;0;0;0;487766,543799999980000;5289288,177600000100000;8,836768299000028;47,756846313000040
52231;08170805335200120520;08;3;35;063;2017;08;21;7;3;0;1;1;0;0;0;0;2;0;499887,000500000020000;5287974,905299999800000;8,998492579000072;47,745146105000060
52232;08170805335010088290;08;3;35;025;2017;08;17;7;2;5;3;1;1;0;0;0;0;0;499117,774199999990000;5281696,941499999700000;8,988243764000060;47,688658698000040
52233;08170805335010080570;08;3;35;066;2017;08;22;7;2;0;1;1;0;0;0;0;2;0;509215,818099999970000;5281718,467199999800000;9,122807116000047;47,688787265000030
52246;08170809299200067330;08;2;12;000;2017;08;10;4;3;5;3;1;1;0;0;0;0;0;459196,737000000020000;5428092,605899999800000;8,442090215000064;49,004379815000050
52255;08170809212702081300;08;2;15;017;2017;08;19;4;3;5;3;1;1;0;0;0;0;0;453718,106600000000000;5420966,040000000000000;8,367995322000070;48,939889046000076
52257;08170809211010070080;08;3;17;126;2017;08;17;4;2;4;2;1;1;0;0;0;0;0;438711,880500000030000;5380632,599000000400000;8,169102566000049;48,575783277000028
52263;08170805221000100250;08;2;21;000;2017;08;11;7;3;1;6;1;1;0;0;0;0;0;477790,334399999990000;5472956,776300000000000;8,693836586000032;49,408889600000066
52264;08170809127202092650;08;1;27;091;2017;08;10;4;3;3;6;1;1;0;0;0;0;0;577515,250000000000000;5451769,172000000300000;10,064355732000024;49,213805865000040
52265;08170809126010089060;08;1;25;006;2017;08;13;4;2;5;3;1;1;0;0;0;0;0;507374,974999999980000;5454188,389700000200000;9,101318774000049;49,240426831000036
52266;08170809121600085080;08;1;25;107;2017;08;15;4;3;2;6;1;1;0;0;0;0;0;535909,810900000040000;5440166,456600000200000;9,492074546000026;49,113290542000072
52270;08170805211010080420;08;2;16;043;2017;08;10;7;3;4;6;1;0;0;0;0;0;0;439733,341200000020000;5413967,222400000300000;8,178077090000045;48,875731480000070
52277;08170805128300058930;08;1;28;064;2017;08;13;7;3;2;1;1;1;0;0;0;0;0;537860,329000000030000;5502050,696000000500000;9,524696943000038;49,669799387000069
52279;08170809117300069110;08;1;17;026;2017;08;16;4;3;3;2;1;0;0;0;1;0;0;547193,316200000000000;5395016,903699999700000;9,641463900000076;48,706399223000062
52286;08170809111250068110;08;1;11;000;2017;08;12;4;3;7;7;1;0;0;0;0;0;0;513079,287000000010000;5402123,298000000400000;9,178008054000031;48,771976705000043
52288;08170808436200066850;08;4;36;064;2017;08;14;3;3;5;3;1;1;0;0;0;0;0;545541,435500000020000;5292583,131900000400000;9,607991012000070;47,784998681000047
52292;08170808417300065400;08;4;17;025;2017;08;12;3;3;0;1;1;0;0;0;0;0;0;483483,030099999970000;5357392,261900000300000;8,776982367000073;48,369484648000025
52297;08170808336200087000;08;3;36;069;2017;08;12;3;3;2;6;1;1;0;0;0;0;1;404646,392500000020000;5267809,649899999600000;7,732535310000060;47,556700998000053
52299;08170808335100095350;08;3;35;043;2017;08;08;3;3;6;4;0;1;1;0;0;0;0;513794,541800000010000;5280015,977300000400000;9,183767686000067;47,673387347000073
52300;08170808335100065570;08;3;35;043;2017;08;10;3;3;6;4;0;1;1;0;0;0;0;515192,619000000010000;5280975,620099999900000;9,202425826000024;47,681990525000060
52309;08170805119100084130;08;1;19;008;2017;08;16;7;3;3;2;1;1;0;0;0;0;0;531318,648000000040000;5421805,786999999500000;9,427745279000021;48,948381520000055
52312;08170805119100071560;08;1;19;008;2017;08;09;7;2;5;2;1;1;0;0;0;0;0;532356,848000000000000;5419938,622100000300000;9,441776161000064;48,931532094000033
52315;08170805119010069740;08;1;19;018;2017;08;17;7;1;5;3;1;1;0;0;0;0;0;528066,522200000010000;5419048,977699999700000;9,383139509000046;48,923738752000077
52316;08170808317300068150;08;3;17;065;2017;08;13;3;3;0;7;1;0;0;0;0;0;0;415510,578600000010000;5352375,628200000200000;7,860315208000031;48,318921421000027
52323;08170805118200071180;08;1;18;027;2017;08;08;7;3;0;7;1;0;0;0;0;0;0;503832,365800000030000;5411754,236399999800000;9,052248270000064;48,858741348000081
52325;08170805116400070180;08;1;16;033;2017;08;13;7;3;5;3;1;1;0;0;0;0;0;531529,396799999990000;5389248,464399999900000;9,428123555000070;48,655495743000074
52327;08170808216100065430;08;2;16;043;2017;08;11;3;3;5;3;1;1;0;0;0;0;0;443489,078099999980000;5409695,036799999900000;8,229882950000047;48,837656764000030
52337;08170808128100065580;08;1;28;126;2017;08;11;3;3;3;6;1;0;0;0;0;0;0;563262,324900000010000;5480239,403500000000000;9,873195848000023;49,471505690000072
52345;08170808117400077010;08;1;17;051;2017;08;07;3;3;5;3;1;1;0;0;0;0;0;542398,807000000030000;5395288,285400000400000;9,576327190000029;48,709184848000064
52350;08170804435010067130;08;4;37;008;2017;08;14;6;3;5;3;1;0;0;0;1;0;0;520487,911399999980000;5328463,931200000500000;9,275234407000028;48,109108518000028
52354;08170804417112056870;08;4;17;079;2017;08;13;6;3;0;7;1;0;0;0;1;0;0;501055,620200000000000;5344756,968299999800000;9,014221767000038;48,256024043000082
52359;08170808117300066990;08;1;17;026;2017;08;15;3;3;4;6;1;0;0;0;0;0;1;546260,366500000000000;5395511,168100000400000;9,628839209000034;48,710915293000028
52361;08170808116500096790;08;1;16;071;2017;08;18;3;3;5;2;1;1;0;0;0;0;0;527770,803799999990000;5391200,920099999800000;9,377219592000074;48,673238307000076
52362;08170804336100059080;08;3;36;050;2017;08;15;6;3;0;7;1;0;0;0;0;0;0;398778,453199999990000;5273306,673700000200000;7,653290971000047;47,605260371000043
52365;08170804335110070050;08;3;35;002;2017;08;09;6;3;5;3;1;1;0;0;0;0;0;505179,335000000020000;5284583,160000000100000;9,069052287000034;47,714607729000079
52367;08170808115100089690;08;1;15;013;2017;08;07;3;3;0;7;1;1;0;0;0;0;0;495164,902599999970000;5389502,548399999700000;8,934342477000030;48,658558400000061
52368;08170804326400057700;08;3;26;074;2017;08;20;6;3;5;3;1;1;0;0;0;0;0;459567,908100000000000;5322620,461799999700000;8,457398228000045;48,055582880000031
52371;08170808111500066920;08;1;11;000;2017;08;14;3;3;5;3;1;1;0;0;0;0;0;514330,015499999980000;5406018,226099999600000;9,195166109000070;48,806987519000074
52373;08170807436500063160;08;4;35;016;2017;08;21;2;2;0;1;1;0;0;0;0;2;0;536344,104199999940000;5277993,646900000100000;9,483991870000068;47,654317313000035
52375;08170807435010072100;08;4;37;053;2017;08;13;2;2;3;2;1;1;0;0;0;0;0;530124,556800000020000;5317590,949099999900000;9,403924237000069;48,010902771000076
52377;08170807426200061880;08;4;26;108;2017;08;06;2;3;5;3;1;1;0;0;0;0;0;575750,474599999960000;5342012,478900000500000;10,019967854000072;48,226809050000043
52380;08170807416010061910;08;4;15;061;2017;08;09;2;2;0;1;1;0;0;0;0;0;0;515083,002700000010000;5376857,962799999900000;9,204357502000050;48,544642005000071
52384;08170804326300065230;08;3;26;031;2017;08;08;6;3;0;1;1;0;0;0;0;0;0;456398,145000000020000;5331529,483000000000000;8,413951838000060;48,135524730000043
52388;08170818127202092730;08;1;27;014;2017;08;07;6;3;2;6;1;1;0;0;0;0;0;578255,483000000010000;5442862,076999999600000;10,072785272000033;49,133603465000078
52395;08170818118010100550;08;1;18;063;2017;08;16;6;2;6;4;0;1;1;0;0;0;0;515132,225099999980000;5423027,071300000000000;9,206721303000052;48,959975667000037
52400;08170818115200104380;08;1;15;034;2017;08;11;6;2;0;7;1;0;0;0;0;0;0;485284,746400000000000;5375106,223000000200000;8,800686918000054;48,528891584000064
52410;08170817426300090830;08;4;26;014;2017;08;06;5;3;5;3;1;1;0;0;0;0;0;548235,521599999980000;5319098,075500000300000;9,646921161000023;48,023351306000052
52416;08170817415300141640;08;4;15;059;2017;08;14;5;3;0;1;1;0;0;0;0;0;0;516731,480800000020000;5370075,043800000100000;9,226420272000041;48,483578963000070
52418;08170817337100112860;08;3;37;116;2017;08;18;5;3;6;4;0;0;1;0;1;0;0;417733,333500000010000;5275364,695100000100000;7,905038047000062;47,626457883000057
52423;08170817335110146030;08;3;35;002;2017;08;14;5;3;7;7;1;0;1;0;0;0;0;503951,810899999980000;5285260,237999999900000;9,052692756000056;47,720708506000051
52430;08170817316100113770;08;3;16;011;2017;08;21;5;3;6;4;0;1;1;0;0;1;0;413616,750500000020000;5330512,800200000400000;7,839229645000046;48,122009678000040
52437;08170817235100142160;08;2;35;084;2017;08;13;5;3;5;3;1;1;0;0;0;0;0;479739,308000000020000;5391801,433000000200000;8,724761744000034;48,678929399000026
52440;08170817216200090920;08;2;16;063;2017;08;19;5;3;0;1;1;0;0;0;0;0;0;429655,931500000010000;5399577,031399999700000;8,043125335000070;48,745235214000047
52445;08170817212202090210;08;2;12;000;2017;08;14;5;3;5;2;1;1;0;0;0;0;0;459088,742199999980000;5428738,813400000300000;8,440548540000066;49,010185416000070
52446;08170817211100105830;08;2;11;000;2017;08;10;5;3;3;6;1;0;0;0;0;0;0;443499,039400000010000;5402030,354700000000000;8,231073425000034;48,768712989000051