OBJECTID;UIDENTSTLA;ULAND;UREGBEZ;UKREIS;UGEMEINDE;UJAHR;UMONAT;USTUNDE;UWOCHENTAG;UKATEGORIE;UART;UTYP1;IstRad;IstPKW;IstFuss;IstKrad;IstSonstig;LICHT;STRZUSTAND;LINREFX;LINREFY;XGCSWGS84;YGCSWGS84
52457;08170817126010123950;08;2;25;058;2017;08;09;5;2;5;3;1;1;0;0;0;0;0;507409,924699999970000;5471442,392000000000000;9,102119301000073;49,395627959000080
52459;08170817121200121730;08;1;21;000;2017;08;14;5;3;5;2;1;1;0;0;0;0;0;515394,962600000030000;5446333,715099999700000;9,211197144000039;49,169623024000032
52461;08170817118500259760;08;1;18;063;2017;08;16;5;3;5;3;1;1;0;0;0;0;0;514625,076999999990000;5422974,929999999700000;9,199791325000035;48,959518830000036
52470;08170816435211093630;08;4;35;036;2017;08;08;4;3;5;3;1;0;0;0;1;0;0;520205,864300000020000;5283206,210400000200000;9,269324747000042;47,701923145000080
52471;08170816435115087190;08;4;35;035;2017;08;14;4;3;0;3;1;0;0;0;1;0;0;541354,452000000050000;5281006,026999999800000;9,550996512000040;47,681119729000045
52475;08170816111500087550;08;1;11;000;2017;08;15;4;3;5;3;1;1;0;0;0;0;0;515522,402699999980000;5405785,428700000000000;9,211396785000034;48,804864668000050
52476;08170815437200088030;08;4;37;059;2017;08;16;3;3;0;1;1;0;0;0;0;0;0;510865,357800000000000;5323004,421600000000000;9,145826833000058;48,060226062000027
52484;08170816336200115640;08;3;36;105;2017;08;15;4;3;0;6;1;0;0;0;0;0;0;402798,049899999980000;5266712,296900000400000;7,708215679000034;47,546555544000057
52493;08170816311010087010;08;3;11;000;2017;08;10;4;3;5;3;1;1;0;0;0;0;0;409795,215399999990000;5316457,483000000000000;7,790854085000035;47,995050844000048
52495;08170816237100113190;08;2;37;028;2017;08;19;4;3;0;7;1;0;0;0;0;0;0;456392,643300000000000;5368070,467699999900000;8,410102494000057;48,464255865000041
52496;08170816216200089880;08;2;16;007;2017;08;16;4;3;5;3;1;1;0;0;0;0;0;432476,636999999990000;5397012,679999999700000;8,081909622000069;48,722481380000033
52508;08170816117200091770;08;1;17;024;2017;08;15;4;3;0;1;1;0;0;0;0;0;0;560207,761000000060000;5385146,665000000000000;9,816906769000070;48,616493566000031
52516;08170815335100144590;08;3;35;043;2017;08;22;3;3;0;7;1;0;0;0;0;2;0;513327,230199999990000;5279401,331500000300000;9,177523545000042;47,667866772000082
52517;08170815335100086160;08;3;35;043;2017;08;17;3;3;0;1;1;0;0;0;0;0;0;513704,412000000010000;5279742,305999999900000;9,182558416000063;47,670926863000034
52530;08170815237110089990;08;2;37;002;2017;08;12;3;3;3;6;1;1;0;0;0;0;0;455098,225199999990000;5353744,001199999800000;8,394125750000058;48,335283126000036
52532;08170815221200085180;08;2;21;000;2017;08;09;3;3;5;3;1;1;0;0;0;0;0;477591,122399999990000;5473192,567699999500000;8,691077154000027;49,411003204000053
52546;08170815121200084370;08;1;21;000;2017;08;09;3;3;0;7;1;0;0;0;0;0;0;515921,712500000020000;5444896,742200000200000;9,218366512000046;49,156683586000042
52561;08170819336300102260;08;3;36;081;2017;08;18;7;3;5;3;1;1;0;0;0;0;0;411120,875000000000000;5277374,030000000300000;7,816637365000076;47,643659848000027
52571;08170814436210080140;08;4;36;078;2017;08;09;2;3;5;3;1;1;0;0;0;0;0;557747,157499999970000;5291731,256000000100000;9,770813911000062;47,776355872000067
52573;08170814421111086460;08;4;25;071;2017;08;07;2;3;5;3;1;1;0;0;0;0;0;550705,006399999950000;5371305,076700000100000;9,686296530000050;48,492821590000062
52574;08170814417210082540;08;4;17;002;2017;08;14;2;3;5;3;1;1;0;0;0;0;0;489609,778999999980000;5344399,789800000400000;8,860027481000032;48,252726273000064
52579;08170814337211082870;08;3;37;127;2017;08;16;2;2;0;1;1;0;0;0;0;0;0;457457,132199999990000;5296041,677299999600000;8,431699341000069;47,816320469000061
52581;08170814336310083880;08;3;36;079;2017;08;14;2;2;5;3;1;1;0;0;0;0;0;417530,297000000020000;5293578,593999999600000;7,898890047000066;47,790284076000034
52584;08170814335010083050;08;4;35;057;2017;08;10;2;3;4;2;1;1;0;0;0;0;0;544161,444499999980000;5280135,468899999700000;9,588306162000038;47,673101443000064
52585;08170819316100098220;08;3;16;051;2017;08;18;7;2;5;3;1;1;0;0;0;0;0;398553,701000000000000;5334388,366000000400000;7,635952495000026;48,154645903000073
52598;08170814317000084260;08;3;17;089;2017;08;17;2;2;4;1;1;1;0;0;0;0;0;432780,053900000000000;5378685,418999999800000;8,089008196000066;48,557659751000074
52600;08170814316100111920;08;3;16;043;2017;08;19;2;3;3;2;1;1;0;0;0;0;0;411138,715000000030000;5332455,451999999600000;7,805533352000055;48,139142777000075
52612;08170814222400084570;08;2;26;038;2017;08;18;2;3;0;1;1;0;0;0;0;0;0;471464,426199999990000;5480581,437699999700000;8,606085950000022;49,477207453000062
52615;08170814216200101870;08;2;16;007;2017;08;14;2;3;5;3;1;1;0;0;0;0;0;436153,954499999990000;5393399,696200000100000;8,132461430000035;48,690369945000043
52616;08170814216200082630;08;2;16;041;2017;08;17;2;3;5;3;1;0;0;0;1;0;0;434482,326999999990000;5390957,417000000400000;8,110137285000064;48,668228295000063
52643;08170814127202110830;08;1;27;014;2017;08;16;2;3;6;1;1;0;1;0;0;0;0;578167,530499999990000;5443277,078999999900000;10,071660242000064;49,137347117000047
52644;08170814127100079830;08;1;27;012;2017;08;10;2;3;5;3;1;1;0;0;0;0;0;566691,406100000020000;5432358,652300000200000;9,912546134000024;49,040496205000068
52649;08170819111500110550;08;1;11;000;2017;08;12;7;3;6;4;0;1;1;0;0;0;0;516888,409999999970000;5409813,352000000000000;9,230165903000057;48,841063530000042
52651;08170819111110110050;08;1;11;000;2017;08;12;7;3;1;5;1;1;0;0;0;0;0;512746,732800000000000;5402645,412399999800000;9,173498224000070;48,776680511000052
52659;08170818426100094030;08;4;26;021;2017;08;17;6;3;5;3;1;1;0;0;0;0;0;558878,405200000040000;5327835,147400000100000;9,790850808000073;48,101059648000046
52661;08170814118200095780;08;1;18;019;2017;08;09;2;3;5;3;1;1;0;0;0;0;0;503240,658300000010000;5404238,889999999700000;9,044121884000049;48,791137504000062
52665;08170814117300084650;08;1;17;026;2017;08;15;2;3;5;3;1;1;0;0;0;0;0;546323,138999999970000;5393200,209800000300000;9,629433191000032;48,690122310000049
52668;08170814116500108890;08;1;16;049;2017;08;21;2;3;0;7;1;0;0;0;0;2;0;522939,788999999990000;5384882,551000000000000;9,311249550000071;48,616594186000043
52671;08170814116010104460;08;1;16;049;2017;08;15;2;2;3;6;1;1;0;0;0;0;0;523510,323700000010000;5387348,924100000400000;9,319130375000043;48,638760649000062
52676;08170813436300078220;08;4;36;081;2017;08;13;1;3;0;1;1;0;0;0;0;0;0;556150,622500000060000;5273849,064000000200000;9,747203002000049;47,615612752000061
52679;08170813421300080730;08;1;35;016;2017;08;14;1;3;5;3;1;0;0;0;1;0;0;587487,235600000010000;5384188,457000000400000;10,186766333000037;48,604655434000051
52680;08170813417200101000;08;4;17;002;2017;08;02;1;3;6;7;0;1;1;0;0;2;0;489246,918300000020000;5345033,939299999700000;8,855123079000066;48,258425507000027
52687;08170818416010100600;08;4;15;050;2017;08;11;6;3;0;2;0;1;1;0;0;0;0;521413,972100000010000;5376701,140800000200000;9,290125885000066;48,543046998000079
52695;08170818335300147630;08;3;35;028;2017;08;16;6;3;1;1;1;1;0;0;0;0;0;483323,395200000030000;5286747,157300000100000;8,777580933000024;47,733883805000062
52696;08170818335110120270;08;3;35;002;2017;08;16;6;3;0;7;1;0;0;0;0;0;0;505221,522100000000000;5284560,478000000100000;9,069614464000040;47,714403305000076
52699;08170813335010134560;08;3;35;079;2017;08;15;1;2;4;7;1;1;0;0;0;0;0;500697,151499999980000;5296539,842899999600000;9,009313802000065;47,822209003000069
52715;08170813212702078710;08;2;15;046;2017;08;19;1;2;5;3;1;1;0;0;0;1;0;450818,827899999970000;5415188,134499999700000;8,329103163000070;48,887692301000072
52721;08170818317300115850;08;3;17;065;2017;08;15;6;3;5;3;1;1;0;0;0;0;0;413494,629200000020000;5354832,771300000100000;7,832623292000051;48,340750296000067
52734;08170813126010100970;08;2;25;074;2017;08;18;1;2;1;1;1;1;0;0;0;0;0;503414,180200000000000;5467326,583300000100000;9,047016961000054;49,358641688000034
52748;08170813117100081040;08;1;17;049;2017;08;16;1;3;0;1;1;0;0;0;0;0;0;553946,466699999990000;5390995,791899999600000;9,732722147000061;48,669680266000057
52750;08170813111500091120;08;1;11;000;2017;08;02;1;3;0;3;1;1;0;0;0;2;1;513354,747099999980000;5402662,631600000000000;9,181774540000049;48,776822658000071
52751;08170812436412087330;08;4;36;009;2017;08;20;7;3;5;3;1;1;0;0;0;1;0;555993,587999999990000;5308239,326000000400000;9,749546338000073;47,925028054000052
52753;08170812435100101370;08;4;35;016;2017;08;11;7;3;9;7;1;0;0;0;0;0;0;535674,315900000050000;5279438,219899999900000;9,475190597000051;47,667352009000069
52754;08170812435100077290;08;4;35;016;2017;08;16;7;3;0;1;1;0;0;0;0;0;0;536746,370299999950000;5279413,287200000100000;9,489467996000030;47,667067652000071
52760;08170812325010082180;08;3;26;074;2017;08;09;7;3;6;2;0;1;1;0;0;0;0;465452,617800000010000;5323811,139200000100000;8,536272375000067;48,066640959000040
52762;08170812317100076900;08;3;17;001;2017;08;15;7;3;0;1;1;0;0;0;0;0;0;424559,582899999980000;5385208,855600000400000;7,976434173000030;48,615401672000075
52770;08170818222014094040;08;2;22;000;2017;08;17;6;3;3;2;1;1;0;0;0;0;1;463072,667200000030000;5478809,406399999700000;8,490413097000044;49,460816394000062
52781;08170812235100110150;08;2;35;065;2017;08;15;7;2;6;4;0;1;1;0;0;0;0;473867,204600000000000;5403819,989799999600000;8,644229569000061;48,786828481000043
52797;08170812121400119570;08;1;25;038;2017;08;16;7;3;3;6;1;0;0;0;1;0;0;499004,747399999990000;5434904,756799999600000;8,986374682000076;49,067006933000073
52808;08170825436500123630;08;4;36;094;2017;08;07;6;2;5;3;1;1;0;0;0;0;0;571717,195399999970000;5283052,202999999700000;9,955832736000048;47,696872466000059
52809;08170825436400126270;08;4;36;082;2017;08;12;6;3;5;2;1;0;0;0;1;0;0;547891,969999999970000;5295977,526999999800000;9,639744167000060;47,815367355000035
52810;08170825435200115170;08;4;35;018;2017;08;19;6;3;8;7;1;0;0;0;0;0;0;523985,931999999970000;5280379,412300000000000;9,319553270000029;47,676359612000056
52817;08170825416010114670;08;4;15;087;2017;08;22;6;2;7;7;1;0;0;0;0;2;0;510609,605099999990000;5382251,025799999900000;9,143885881000074;48,593251051000038
52819;08170825416010113940;08;4;15;027;2017;08;13;6;2;9;1;1;0;0;0;0;0;0;529048,241599999950000;5360865,205000000100000;9,392455937000023;48,400276118000079
52824;08170825336210129150;08;3;36;105;2017;08;08;6;3;1;5;1;1;0;0;0;0;0;397773,145000000020000;5268216,036999999500000;7,641105392000043;47,559310738000079
52831;08170825311010136140;08;3;11;000;2017;08;21;6;2;8;1;1;0;0;1;0;2;1;414615,356099999980000;5317574,889499999600000;7,855229327000075;48,005764224000075
52841;08170825235100123920;08;2;35;050;2017;08;13;6;3;9;1;1;0;0;0;0;0;0;470900,168100000010000;5395123,292999999600000;8,604451952000034;48,708463005000056
52844;08170825222600124160;08;2;22;000;2017;08;22;6;3;4;6;1;0;0;0;0;2;0;462034,874599999980000;5484929,081600000200000;8,475504737000051;49,515795682000032
52859;08170825127202116590;08;1;27;014;2017;08;17;6;3;6;4;0;1;1;0;0;0;0;578242,488999999940000;5443275,991000000400000;10,072687507000069;49,137327790000029
52862;08170825118200127860;08;1;18;080;2017;08;22;6;3;5;3;1;1;0;0;0;2;0;509400,068399999990000;5408555,300599999700000;9,128081579000025;48,829904857000031
52863;08170825118100138030;08;1;18;079;2017;08;15;6;3;0;7;1;0;0;0;0;0;0;510013,288999999990000;5421891,587000000300000;9,136763862000066;48,949865351000028
52868;08170825115100245610;08;1;15;003;2017;08;23;6;3;5;3;1;1;0;0;0;2;0;501388,955299999970000;5393004,077399999800000;9,018872890000068;48,690075767000053
52872;08170824437100146960;08;4;37;100;2017;08;10;5;3;1;5;1;0;0;0;1;0;0;537232,929600000030000;5317632,366700000100000;9,499236852000024;48,010900745000072
52876;08170824435200111050;08;4;35;036;2017;08;11;5;3;8;7;1;0;0;0;0;0;0;519228,793400000020000;5282973,241899999800000;9,256291195000074;47,699856822000072
52878;08170824435100136120;08;4;35;035;2017;08;21;5;3;0;1;1;0;0;0;0;2;1;542265,241599999950000;5282768,336699999900000;9,563301760000059;47,696916742000042
52880;08170824426100128470;08;4;26;021;2017;08;07;5;3;0;7;1;0;0;0;1;0;1;557185,178900000060000;5327626,995000000100000;9,768081759000040;48,099341321000054
52881;08170824426100128370;08;4;26;021;2017;08;13;5;3;3;2;1;0;0;0;1;0;0;558656,557799999950000;5327817,481100000400000;9,787868832000072;48,100921186000051
52887;08170824335200113810;08;3;35;079;2017;08;18;5;2;5;1;1;1;0;0;0;0;1;497471,310799999980000;5295514,045199999600000;8,966223218000039;47,812974823000047
52888;08170824335010139710;08;4;35;035;2017;08;22;5;2;0;7;1;0;0;0;0;2;1;541609,428500000040000;5281204,540500000100000;9,554412517000060;47,682889444000068
52889;08170824335010129440;08;3;35;075;2017;08;11;5;2;0;6;1;0;0;0;0;0;0;490874,300999999980000;5289782,277999999900000;8,878224793000072;47,761343488000080
52901;08170824317100126680;08;3;17;126;2017;08;14;5;3;6;6;1;0;1;0;0;0;0;441052,714600000010000;5383230,569100000000000;8,200465927000039;48,599377636000042
52907;08170824235200134300;08;2;35;020;2017;08;18;5;3;8;1;1;0;0;0;0;0;0;475599,534999999970000;5381283,313000000100000;8,669143704000021;48,584159841000030
52908;08170828121200148930;08;1;21;000;2017;08;14;2;3;5;3;1;1;0;0;0;0;0;515865,667599999990000;5442472,241499999500000;9,217502385000046;49,134875870000030
52926;08170824216300111150;08;2;16;017;2017;08;09;5;3;6;6;1;0;1;0;0;0;0;449171,011200000010000;5401755,453999999900000;8,308291553000061;48,766729295000061
52936;08170824119300109970;08;1;19;067;2017;08;06;5;3;0;7;1;0;0;0;0;0;0;539647,460100000030000;5410428,737400000000000;9,540389865000066;48,845562778000044
52937;08170824119100136550;08;1;19;008;2017;08;11;5;3;5;2;1;0;0;0;1;0;0;530073,747600000000000;5422722,283699999600000;9,410810773000037;48,956687623000050
52938;08170824118500114840;08;1;18;049;2017;08;18;5;3;4;6;1;1;0;0;0;0;0;518740,243699999990000;5421063,901600000400000;9,255919634000065;48,942216917000053
52941;08170824117100111200;08;1;17;042;2017;08;19;5;3;0;1;1;0;0;0;0;1;0;554184,370499999960000;5393158,089999999900000;9,736236591000022;48,689110353000046
52946;08170828116010137740;08;1;16;053;2017;08;16;2;2;8;7;1;0;0;0;1;0;0;538742,334799999950000;5387998,148199999700000;9,525943916000074;48,643842527000061
52950;08170827436300146060;08;4;36;081;2017;08;13;1;3;0;7;1;0;0;0;1;0;1;562749,933100000020000;5281948,868300000200000;9,836174195000069;47,687879325000040
52952;08170827435100119390;08;4;35;016;2017;08;15;1;3;5;3;1;1;0;0;0;0;0;531690,339599999950000;5280491,790300000500000;9,422201093000069;47,677038970000069
52958;08170823436400148650;08;4;36;011;2017;08;07;4;2;0;1;1;0;0;0;0;0;0;548713,375000000000000;5297150,917100000200000;9,650847766000027;47,825862545000064
52962;08170823435117107460;08;4;35;057;2017;08;09;4;3;4;6;1;0;0;0;0;0;0;543668,491000000040000;5279498,906999999700000;9,581675883000060;47,667407623000031
52966;08170827417100118210;08;4;17;079;2017;08;15;1;3;8;1;1;0;0;0;0;0;1;503540,921900000020000;5340209,165799999600000;9,047666787000026;48,215099296000062
52972;08170823416100111140;08;4;16;036;2017;08;17;4;3;6;4;0;1;1;0;0;0;0;495234,989000000000000;5368935,448599999800000;8,935529811000038;48,473531311000045
52974;08170823415400121970;08;4;15;080;2017;08;20;4;3;0;1;1;0;0;0;0;0;0;511038,690999999990000;5373723,450199999800000;9,149478895000073;48,516527140000051
52978;08170823335010133630;08;3;35;063;2017;08;19;4;2;5;3;1;1;0;0;0;1;0;498487,886600000030000;5291904,249200000400000;8,979814638000050;47,780498851000061
52980;08170823317100109710;08;3;17;001;2017;08;15;4;3;4;6;1;0;0;0;0;0;0;427929,424300000010000;5391643,971300000300000;8,021028895000029;48,673681889000079
52983;08170823311100124070;08;3;15;015;2017;08;06;4;3;3;6;1;0;0;0;1;0;0;398952,295500000010000;5316175,188000000100000;7,645616920000066;47,990890072000070
52984;08170827335400138400;08;3;35;079;2017;08;18;1;3;3;6;1;1;0;0;0;0;0;500334,099899999970000;5299379,871199999900000;9,004465698000047;47,847762298000077
52985;08170827335300122220;08;3;35;077;2017;08;14;1;3;0;1;1;0;0;0;0;0;1;493687,170300000000000;5292254,239699999800000;8,915724322000074;47,783618738000030
52987;08170827327200122290;08;3;27;051;2017;08;15;1;2;0;1;1;0;0;0;0;0;0;484742,968700000030000;5331556,754999999900000;8,794925912000053;48,137081266000052
53005;08170823212702108850;08;2;15;017;2017;08;14;4;3;6;7;0;1;1;0;0;0;0;457646,717400000020000;5416259,031000000400000;8,422128323000038;48,897829617000070
53006;08170823212502154240;08;2;12;000;2017;08;16;4;3;5;2;1;1;0;0;0;0;0;455998,501899999970000;5429215,804999999700000;8,398240902000055;49,014263385000049
53008;08170827325010138990;08;3;25;049;2017;08;14;1;3;5;3;1;0;0;1;0;0;0;470845,046800000010000;5336970,266599999700000;8,607752327000071;48,185300026000050
53009;08170827317500140890;08;3;17;096;2017;08;11;1;3;3;2;1;1;0;0;0;0;0;421031,808000000020000;5368450,526999999800000;7,931755041000031;48,464229080000052
53020;08170823211010110310;08;3;17;056;2017;08;16;4;2;0;7;1;0;0;0;0;0;0;434205,473899999980000;5383801,987200000300000;8,107513658000073;48,603835430000061
53024;08170823126200109590;08;1;26;011;2017;08;12;4;3;5;3;1;1;0;0;0;0;0;532049,464000000040000;5445854,870000000100000;9,439630021000028;49,164671928000075
53028;08170823119010112800;08;1;19;090;2017;08;01;4;2;6;4;0;1;1;0;0;2;0;533722,417299999970000;5406031,216000000000000;9,459273596000060;48,806354662000047
53032;08170823116500134720;08;1;16;049;2017;08;12;4;3;5;2;1;0;0;0;1;0;0;523025,995000000000000;5385017,977000000000000;9,312426702000039;48,617809323000074
53042;08170827212702118000;08;2;15;110;2017;08;14;1;3;0;1;1;0;0;0;0;0;0;459757,227699999990000;5419768,106100000400000;8,450576840000053;48,929535628000053
53043;08170827211010152040;08;3;17;057;2017;08;04;1;1;6;4;0;1;1;0;0;2;0;413775,256200000000000;5376337,541500000300000;7,831983282000067;48,534216213000036
53044;08170827211010141670;08;2;16;007;2017;08;12;1;2;6;6;1;0;1;0;0;0;0;436947,675700000020000;5395176,093700000100000;8,142974003000063;48,706429490000062
53052;08170822335300148640;08;3;35;075;2017;08;16;3;3;5;2;1;1;0;0;0;0;0;488608,479999999980000;5288032,392500000100000;8,848035157000027;47,745562754000048
53060;08170822317300106720;08;3;17;031;2017;08;17;3;3;5;3;1;1;0;0;0;0;0;415465,150599999990000;5359416,662200000100000;7,858288478000077;48,382248391000076
53064;08170822299200151460;08;2;12;000;2017;08;19;3;3;1;5;1;1;0;0;0;0;0;461471,103599999970000;5426756,684600000300000;8,473313309000048;48,992509055000028
53110;08170826416010116990;08;4;15;061;2017;08;10;7;2;6;4;0;1;1;0;0;0;0;515061,625999999990000;5375252,036999999500000;9,204009816000053;48,530195152000033
53112;08170826415400128980;08;4;15;061;2017;08;20;7;3;2;6;1;1;0;0;0;1;0;515194,848200000010000;5371335,130400000100000;9,205671636000034;48,494954183000061
53115;08170826415200140550;08;4;15;053;2017;08;13;7;3;5;2;1;1;0;0;0;0;0;536765,120000000000000;5362118,963999999700000;9,496820930000069;48,411152361000063
53116;08170822115300104560;08;1;15;028;2017;08;14;3;3;1;5;1;1;0;0;0;0;0;499131,719300000000000;5401076,855299999900000;8,988184948000026;48,762699785000052
53118;08170821435200102700;08;4;35;052;2017;08;22;2;3;5;3;1;1;0;0;0;2;0;521600,917000000020000;5289790,434999999600000;9,288245943000050;47,761119533000056
53127;08170821327100102340;08;3;27;054;2017;08;09;2;3;4;2;1;0;0;0;1;0;0;483125,761200000010000;5315911,141400000100000;8,773806349000040;47,996276652000063
53146;08170821222014100490;08;2;26;096;2017;08;05;2;2;5;3;1;0;0;0;1;2;0;475787,346100000020000;5488779,512099999900000;8,665256868000029;49,551134149000063
53148;08170826325102139940;08;3;25;045;2017;08;13;7;3;8;1;1;0;0;0;0;0;0;468500,089700000010000;5348559,836500000200000;8,575342373000069;48,289454394000074
53150;08170821221200102660;08;2;21;000;2017;08;23;2;3;5;3;1;1;0;0;0;2;0;476566,793599999980000;5472512,133899999800000;8,676996415000076;49,404844226000080
53162;08170821119400101360;08;1;19;079;2017;08;13;2;3;0;1;1;0;0;0;0;0;0;522929,291800000010000;5409257,248399999900000;9,312462622000055;48,835867217000043
53163;08170821118400117370;08;1;18;048;2017;08;17;2;3;0;7;1;0;0;0;0;0;0;514603,702400000010000;5416943,755300000300000;9,199283277000063;48,905264890000069
53167;08170821117200255510;08;1;17;024;2017;08;15;2;3;4;6;1;0;0;0;0;0;0;563274,075700000040000;5382452,740199999900000;9,858095545000026;48,591958503000058
53172;08170826325010116280;08;3;26;027;2017;08;13;7;2;6;4;0;1;1;0;0;0;0;463863,973500000020000;5304579,495299999600000;8,516566976000036;47,893527803000040
53176;08170826311500132580;08;3;15;113;2017;08;16;7;3;0;7;0;0;1;1;0;0;0;444290,280299999980000;5314807,441700000300000;8,253402495000046;47,984142809000048
53178;08170821111500102230;08;1;11;000;2017;08;09;2;3;5;3;1;0;0;0;1;0;0;514343,559699999980000;5406016,845800000200000;9,195350524000048;48,806974790000027
53185;08170820426010113720;08;4;26;028;2017;08;11;1;3;5;3;1;1;0;0;0;0;0;569368,177000000030000;5343177,917000000400000;9,934234492000030;48,238023086000055
53191;08170820415400100400;08;4;15;061;2017;08;12;1;3;7;5;1;0;0;1;0;0;0;511401,820000000010000;5365979,714200000300000;9,154184854000050;48,446854925000025
53203;08170820317600131520;08;3;17;039;2017;08;14;1;3;8;1;1;0;0;0;0;0;0;439160,919400000010000;5342485,212299999800000;8,180719843000077;48,232667479000042
53206;08170820311400128590;08;3;15;048;2017;08;15;1;2;0;2;1;0;0;1;0;0;0;397819,252900000020000;5307930,960300000400000;7,632393217000072;47,916555757000026
53222;08170826199200130210;08;1;15;004;2017;08;12;7;2;0;7;1;0;0;0;0;0;0;487714,549999999990000;5374089,747000000400000;8,833627572000069;48,519799309000064
53224;08170826136200118690;08;1;36;018;2017;08;18;7;2;0;1;1;0;0;0;0;0;0;591907,963299999940000;5425469,321999999700000;10,255952609000076;48,975293700000066
53233;08170826127010117680;08;1;27;099;2017;08;09;7;2;6;2;0;0;1;0;1;0;0;560588,741500000000000;5446342,356700000400000;9,831150346000072;49,166902800000059
53235;08170820221000098510;08;2;26;105;2017;08;12;1;2;5;3;1;1;0;1;0;0;0;470896,347000000010000;5479658,603000000100000;8,598312091000025;49,468879903000072
53249;08170820116010099760;08;1;16;008;2017;08;13;1;3;5;3;1;1;0;0;0;0;0;521121,304200000010000;5379824,140800000200000;9,286319242000047;48,571152051000070
53257;08170903311010154320;08;3;15;089;2017;09;15;1;3;5;3;1;1;0;0;0;0;0;406638,920999999970000;5310117,076000000400000;7,749933094000028;47,937565205000055
53265;08170906226500175170;08;2;26;085;2017;09;17;4;3;5;3;1;0;0;0;1;0;0;493019,161000000020000;5455456,587000000300000;8,904073834000030;49,251839165000035
53272;08170906215302162070;08;2;15;025;2017;09;15;4;3;6;4;0;1;1;0;0;0;0;475001,192500000000000;5434088,954500000000000;8,657812119000028;49,059161915000061
53275;08170906215202169970;08;2;15;064;2017;09;18;4;3;0;6;1;0;0;0;0;0;0;484595,809000000010000;5447076,809000000400000;8,788647802000071;49,176307133000080
53282;08170903211100155720;08;2;11;000;2017;09;16;1;3;8;7;1;0;0;0;0;0;0;443301,917800000000000;5402234,256900000400000;8,228362928000024;48,770529194000062
53297;08170902421100154090;08;4;25;020;2017;09;12;7;3;5;2;1;1;0;0;0;0;0;558980,348000000000000;5361105,969600000400000;9,796856786000035;48,400352097000052
53302;08170902317500179820;08;3;17;096;2017;09;02;7;3;0;7;1;0;0;0;0;2;0;421338,290900000020000;5369614,546099999900000;7,935681300000056;48,474737713000081
53310;08170906211100174770;08;2;16;049;2017;09;17;4;3;2;6;0;1;1;0;0;0;0;438898,568800000010000;5401145,889000000400000;8,168603181000037;48,760322501000076
53318;08170906126010170580;08;1;25;006;2017;09;17;4;2;5;3;1;1;0;0;0;0;0;506904,516699999980000;5455842,900000000400000;9,094884056000069;49,255314996000038
53325;08170906121200190520;08;1;21;000;2017;09;14;4;3;5;3;1;1;0;0;0;0;0;515251,791000000030000;5442845,536000000300000;9,209100937000073;49,138249328000029
53339;08170902121300153400;08;1;21;000;2017;09;12;7;3;9;7;0;1;1;0;0;0;0;514059,792900000000000;5444380,460300000400000;9,192812394000043;49,152084929000068
53348;08170901426010173420;08;4;26;021;2017;09;16;6;3;8;1;1;0;0;0;0;0;0;558598,293500000030000;5327928,360200000000000;9,787101537000069;48,101924037000060
53372;08170905436200175920;08;4;36;095;2017;09;08;3;3;5;3;1;1;0;0;0;0;0;537311,065100000010000;5293904,192099999600000;9,498231605000058;47,797413891000076
53383;08170901216100152820;08;2;16;043;2017;09;22;6;3;5;3;1;1;0;0;0;2;0;440171,300800000030000;5413474,847400000300000;8,184121417000029;48,871345033000068
53384;08170901216100152770;08;2;16;043;2017;09;11;6;3;0;1;1;0;0;0;0;0;0;441645,543300000020000;5411660,477000000000000;8,204482197000061;48,855165329000044
53400;08170905336300232390;08;3;36;107;2017;09;20;3;3;0;7;1;0;0;0;0;2;0;407540,924400000020000;5288201,331000000200000;7,766689388000032;47,740556317000028
53405;08170901127100175470;08;1;27;052;2017;09;12;6;3;5;3;1;1;0;0;0;0;1;540560,851600000050000;5435987,106100000400000;9,555385551000029;49,075407860000041
53406;08170905335010174020;08;4;36;009;2017;09;18;3;3;5;3;1;1;0;0;0;0;0;556574,010800000050000;5308363,796900000400000;9,757331694000072;47,926096887000028
53410;08170906311400219890;08;3;15;050;2017;09;17;4;2;5;3;1;1;0;0;0;0;0;402040,756999999980000;5303158,250799999600000;7,689962537000042;47,874284165000063
53418;08170901117010178990;08;1;17;019;2017;09;10;6;2;3;3;1;1;0;0;0;0;1;552012,407000000010000;5394187,813000000100000;9,706856832000028;48,698557942000036
53451;08170831335010148980;08;3;35;066;2017;08;00;5;2;0;1;1;0;0;0;0;2;1;509452,875600000030000;5281811,225999999800000;9,125968072000035;47,689618452000047
53459;08170905221000158600;08;2;21;000;2017;09;12;3;3;5;3;1;1;0;0;0;0;0;477459,107000000020000;5474333,078999999900000;8,689192479000042;49,421257036000043
53466;08170831226600256140;08;2;26;096;2017;08;13;5;3;0;2;1;0;0;0;1;0;0;475746,397899999980000;5488498,636900000300000;8,664708056000052;49,548606149000079
53469;08170831211010132460;08;2;16;007;2017;08;10;5;3;5;3;1;1;0;0;0;0;1;435696,534999999970000;5394766,561999999900000;8,126033961000076;48,702617996000072
53481;08170905135010179080;08;1;35;025;2017;09;12;3;2;6;4;0;1;1;0;0;0;0;581604,061200000000000;5399617,786999999500000;10,110021960000040;48,744228314000054