OBJECTID;UIDENTSTLA;ULAND;UREGBEZ;UKREIS;UGEMEINDE;UJAHR;UMONAT;USTUNDE;UWOCHENTAG;UKATEGORIE;UART;UTYP1;IstRad;IstPKW;IstFuss;IstKrad;IstSonstig;LICHT;STRZUSTAND;LINREFX;LINREFY;XGCSWGS84;YGCSWGS84
53501;08170905118500157460;08;1;18;070;2017;09;12;3;3;5;3;1;1;0;0;0;0;0;520195,475199999990000;5423860,529199999800000;9,275930980000055;48,967328410000050
53512;08170904435210176970;08;4;35;034;2017;09;09;2;3;5;3;1;1;0;0;0;0;0;529776,334299999990000;5284669,346699999600000;9,396987215000024;47,714717318000055
53513;08170830426010138410;08;4;21;000;2017;08;05;4;3;5;3;1;1;0;0;0;2;0;568879,405999999960000;5353090,828999999900000;9,929268910000076;48,327248572000030
53516;08170830335314142810;08;3;35;075;2017;08;07;4;3;2;6;1;0;0;0;0;0;0;493334,662300000030000;5287330,338999999700000;8,911093894000032;47,739312134000045
53522;08170830325102143990;08;3;25;015;2017;08;16;4;3;3;6;1;1;0;0;0;0;0;470084,099899999970000;5343898,124699999600000;8,597026074000041;48,247591975000034
53523;08170830325010143710;08;4;17;079;2017;08;18;4;2;2;6;1;1;0;1;0;0;0;497385,710700000000000;5344470,234600000100000;8,964780950000034;48,253439848000028
53525;08170830317500128750;08;3;17;096;2017;08;16;4;3;4;6;1;0;0;0;0;0;0;421745,014599999990000;5368811,951000000400000;7,941333627000063;48,467569196000056
53529;08170830311100144110;08;3;15;059;2017;08;19;4;3;0;1;1;0;0;0;0;0;0;397395,849999999980000;5321480,551900000300000;7,623491701000035;48,038361689000055
53531;08170904435100168550;08;4;35;016;2017;09;14;2;3;5;3;1;1;0;0;0;0;0;536811,662099999960000;5279615,427100000000000;9,490354696000054;47,668882668000037
53537;08170904417100183980;08;4;17;079;2017;09;16;2;3;5;3;1;1;0;0;0;0;0;500524,560000000000000;5339450,571000000500000;9,007060526000032;48,208283994000055
53555;08170830221000139140;08;2;26;013;2017;08;09;4;2;8;7;1;0;0;0;0;0;0;499547,614000000000000;5480343,673000000400000;8,993755315000044;49,475739326000053
53557;08170830212202166200;08;2;12;000;2017;08;16;4;3;0;7;1;0;0;0;0;0;0;457051,603300000020000;5428284,849600000300000;8,412740684000028;49,005963528000052
53568;08170904415100156890;08;4;15;050;2017;09;15;2;3;3;2;1;0;0;0;0;0;0;520752,859999999990000;5376315,508200000000000;9,281149749000065;48,539599982000027
53570;08170904337010161530;08;3;37;066;2017;09;12;2;2;0;1;1;0;0;0;0;0;0;431670,207500000020000;5270705,727699999700000;8,091236400000071;47,586163128000067
53571;08170904335200179680;08;3;35;063;2017;09;14;2;3;5;2;1;1;0;0;0;0;0;498775,581999999990000;5290682,195100000100000;8,983658559000048;47,769503980000081
53572;08170830121600140070;08;1;25;098;2017;08;15;4;2;0;3;1;0;1;0;0;0;0;519628,228400000020000;5438840,129999999900000;9,268906094000045;49,102095135000070
53573;08170830121400145830;08;1;25;013;2017;08;13;4;2;5;7;1;1;0;0;0;0;0;504947,827999999980000;5436167,728000000100000;9,067752731000041;49,078348914000060
53607;08170829415400124240;08;4;15;061;2017;08;13;3;3;0;1;1;0;0;0;0;0;0;515662,515200000020000;5372219,044300000200000;9,212034913000025;48,502894689000073
53610;08170829337100122810;08;3;37;090;2017;08;06;3;3;8;1;1;0;0;0;0;0;0;422974,309499999970000;5273212,775100000200000;7,975161464000053;47,607743005000032
53616;08170829327200126900;08;3;27;046;2017;08;16;3;3;5;7;1;1;0;0;0;0;0;480186,230400000000000;5323989,959499999900000;8,734029534000058;48,068877750000070
53619;08170829317500144930;08;3;17;096;2017;08;15;3;2;0;7;1;0;0;0;0;0;0;421807,903700000020000;5368846,719800000100000;7,942177765000054;48,467889761000038
53620;08170829317300130500;08;3;17;065;2017;08;18;3;3;5;3;1;1;0;0;0;0;0;414214,560999999990000;5354611,180999999900000;7,842381725000053;48,338855309000053
53626;08170829311400136400;08;3;15;076;2017;08;15;3;2;5;3;1;1;0;0;0;0;0;391994,392100000000000;5296721,178299999800000;7,557258370000056;47,814774186000079
53628;08170829311400128380;08;3;15;008;2017;08;17;3;3;5;4;0;1;1;0;0;0;0;402442,271000000010000;5300918,314899999600000;7,695836235000058;47,854196925000053
53635;08170904136300156480;08;1;36;065;2017;09;15;2;3;6;7;0;1;1;0;0;0;0;558703,594999999970000;5405005,906999999700000;9,799324364000029;48,795274449000033
53640;08170904126200161600;08;1;26;066;2017;09;18;2;3;5;3;1;1;0;0;0;0;0;536095,363900000000000;5450220,013600000200000;9,495518435000065;49,203711745000078
53641;08170906399100175340;08;3;11;000;2017;09;13;4;3;1;6;1;1;0;0;0;0;0;412450,586000000010000;5318481,011400000200000;7,826027012000054;48,013622182000063
53644;08170904126010155480;08;1;25;013;2017;09;15;2;2;5;3;1;1;0;0;0;0;0;504539,970500000000000;5435787,665699999800000;9,062163500000054;49,074933210000040
53660;08170829121500369280;08;1;25;113;2017;08;19;3;2;3;6;1;1;0;0;0;0;0;529625,700700000040000;5451408,044300000200000;9,406792942000038;49,214745029000028
53661;08170829121400143950;08;1;25;056;2017;08;19;3;3;5;3;1;1;0;0;0;0;0;509606,582600000020000;5435130,688799999700000;9,131522293000046;49,068965177000052
53669;08170904121600155980;08;1;25;059;2017;09;20;2;2;8;1;1;0;0;0;0;2;0;526864,775999999950000;5440870,546000000100000;9,368179835000035;49,120085749000054
53671;08170904121200185160;08;1;21;000;2017;09;16;2;3;5;3;1;1;0;0;0;0;0;516231,223699999970000;5444476,131500000100000;9,222594475000051;49,152891959000044
53675;08170829116010137890;08;1;16;077;2017;08;09;3;3;3;6;1;1;0;0;0;0;0;517303,435000000000000;5391156,924999999800000;9,235037803000068;48,673220349000076
53678;08170829115300123020;08;1;15;050;2017;08;06;3;3;5;3;1;1;0;0;0;1;0;490479,757700000020000;5399879,808000000200000;8,870482010000046;48,751858976000051
53682;08170829111500127820;08;1;11;000;2017;08;09;3;3;5;3;1;1;0;0;0;0;0;514105,549799999980000;5406043,736899999900000;9,192109918000028;48,807222147000061
53686;08170828436500142840;08;4;36;003;2017;08;13;2;3;5;3;1;1;0;0;0;0;0;577906,022000000000000;5303853,451999999600000;10,042037084000071;47,883284550000042
53697;08170906335010179750;08;4;35;016;2017;09;15;4;1;5;3;1;1;0;0;0;0;0;535704,008999999960000;5277956,129999999900000;9,475465009000061;47,654015398000070
53699;08170904111500156130;08;1;11;000;2017;09;23;2;3;1;5;1;1;0;0;0;2;0;518289,866700000010000;5403519,418899999900000;9,248985136000044;48,784404697000070
53700;08170828435100122660;08;4;35;016;2017;08;15;2;3;5;2;1;1;0;0;0;0;1;539514,365100000050000;5280151,121000000300000;9,526403368000047;47,673542978000057
53702;08170828426010121190;08;4;26;035;2017;08;14;2;2;3;3;1;1;0;0;0;0;0;539839,583800000020000;5332118,560399999800000;9,535537367000075;48,141071124000064
53708;08170828335400135540;08;3;35;079;2017;08;15;2;3;0;7;1;0;0;0;0;0;1;500094,260699999980000;5299184,321000000500000;9,001259880000021;47,846002929000065
53709;08170828335200139280;08;3;35;063;2017;08;15;2;3;5;3;1;1;0;0;0;0;0;496950,122600000000000;5287946,976400000000000;8,959314639000070;47,744887611000081
53715;08170828299200151690;08;2;12;000;2017;08;09;2;3;6;4;1;0;1;0;0;0;0;455732,551299999990000;5428217,833900000000000;8,394712836000053;49,005267512000046
53716;08170828299200129430;08;2;15;108;2017;08;17;2;1;5;2;1;1;0;0;0;0;0;450079,340499999990000;5424795,322200000300000;8,317839980000031;48,974050670000054
53721;08170903435100153710;08;4;35;016;2017;09;01;1;3;0;1;1;0;0;0;0;2;1;536827,964200000050000;5279735,234699999900000;9,490581944000041;47,669959694000056
53728;08170903337200170310;08;3;37;126;2017;09;22;1;3;6;6;0;1;1;0;0;2;0;438697,237499999990000;5275378,164300000300000;8,184029668000051;47,628902847000063
53734;08170828235010121530;08;2;31;000;2017;08;19;2;3;1;5;1;1;0;0;0;0;0;477912,108499999970000;5414307,310600000400000;8,698730652000052;48,881326636000040
53738;08170828226700119140;08;2;26;054;2017;08;01;2;3;3;6;1;0;0;0;0;2;0;481761,874100000020000;5456011,946499999600000;8,749359276000064;49,256602702000066
53743;08170903317300167450;08;3;17;114;2017;09;00;1;3;6;4;0;1;1;0;0;2;1;405663,072200000000000;5347178,696999999700000;7,728674790000071;48,270784871000046
53745;08170828221200125180;08;2;21;000;2017;08;15;2;2;3;2;1;1;0;0;0;0;0;476551,067600000010000;5472952,497299999900000;8,676753647000055;49,408804617000044
53755;08170828128010137950;08;1;28;139;2017;08;11;2;3;6;3;0;1;1;0;0;0;0;552918,958899999970000;5488535,776100000400000;9,731554007000057;49,547113579000040
53762;08170914121200214510;08;1;21;000;2017;09;18;5;3;0;5;1;1;0;0;0;0;1;515436,974600000020000;5441836,687599999800000;9,211601143000053;49,129169762000060
53766;08170914118300181020;08;1;18;081;2017;09;07;5;3;6;7;0;0;1;0;1;1;1;520385,714199999990000;5414997,218500000400000;9,278087087000074;48,887591154000063
53769;08170908211010166220;08;2;16;063;2017;09;20;6;2;3;6;1;1;0;0;0;1;0;431906,658300000010000;5398244,637099999900000;8,073957416000042;48,733500666000054
53772;08170914117300211360;08;1;17;026;2017;09;19;5;3;5;3;1;1;0;0;0;0;0;547040,276599999980000;5395098,721099999700000;9,639393205000033;48,707146775000069
53779;08170914111500257420;08;1;11;000;2017;09;10;5;3;5;3;1;1;0;0;0;0;1;514357,086799999990000;5406015,467199999800000;9,195534705000057;48,806962076000048
53784;08170913436200180230;08;4;36;064;2017;09;06;4;3;6;4;0;0;1;0;1;1;0;545314,647099999940000;5290401,548499999600000;9,604735868000034;47,765386887000034
53788;08170913416010177610;08;4;15;061;2017;09;17;4;3;5;3;1;1;0;0;0;0;1;512932,443000000030000;5371774,541000000200000;9,175062359000037;48,498957923000034
53798;08170913317500179050;08;3;17;096;2017;09;16;4;3;8;7;1;0;0;0;0;0;1;421101,281000000020000;5371929,860000000300000;7,932037858000058;48,495533942000066
53806;08170913222700213680;08;2;22;000;2017;09;22;4;3;3;2;1;1;0;0;0;2;1;461053,516000000000000;5481487,019000000300000;8,462287053000068;49,484774015000028
53807;08170913222700182250;08;2;22;000;2017;09;23;4;3;3;6;1;1;0;0;0;2;1;461876,488200000020000;5481315,026899999900000;8,473665456000049;49,483279292000077
53818;08170913222014176460;08;2;22;000;2017;09;07;4;3;6;4;0;0;1;1;0;0;0;463904,450000000010000;5481981,771999999900000;8,501601548000053;49,489400339000042
53820;08170908119100189010;08;1;19;008;2017;09;09;6;2;0;1;1;0;0;0;0;0;0;531288,884700000050000;5421681,826500000400000;9,427329266000072;48,947267946000068
53822;08170913215202176580;08;2;15;064;2017;09;10;4;3;2;6;1;1;0;0;0;0;0;479077,335299999980000;5451839,203900000100000;8,712684780000075;49,218982413000049
53827;08170908118100176170;08;1;18;079;2017;09;07;6;3;2;2;1;1;0;0;0;0;0;509200,052399999990000;5423197,222099999900000;9,125686017000021;48,961623040000063
53840;08170916117300222430;08;1;17;026;2017;09;14;7;3;6;4;1;0;1;0;0;0;0;548946,464099999980000;5394781,098600000100000;9,665263538000033;48,704142919000049
53846;08170913111500205920;08;1;11;000;2017;09;11;4;2;2;6;1;1;0;0;0;0;0;513351,055999999980000;5402465,021999999900000;9,181717883000033;48,775045057000057
53852;08170912435200176450;08;4;35;059;2017;09;18;3;3;5;3;1;1;0;0;0;0;0;513116,811500000010000;5290942,429399999800000;9,175068240000030;47,771713103000081
53853;08170912435100174580;08;4;35;029;2017;09;21;3;3;0;1;1;0;0;0;0;2;1;542255,259199999970000;5271544,157100000400000;9,562084225000035;47,595929974000057
53863;08170908115100197530;08;1;15;003;2017;09;15;6;3;5;3;1;1;0;0;0;0;0;500421,961899999990000;5393032,231999999800000;9,005733576000068;48,690330451000079
53865;08170908111500177310;08;1;11;000;2017;09;15;6;3;2;4;0;1;1;1;0;0;0;512352,510000000010000;5406862,618599999700000;9,168259231000036;48,814626020000048
53866;08170915437100200130;08;4;37;100;2017;09;12;6;2;5;3;1;1;0;0;0;0;0;537227,426300000050000;5317625,207700000100000;9,499162443000046;48,010836657000027
53923;08170915317100215830;08;3;17;001;2017;09;18;6;3;5;3;1;1;0;0;0;0;0;431920,188100000030000;5386610,707100000200000;8,076057504000062;48,628855607000048
53926;08170912221200176260;08;2;21;000;2017;09;13;3;3;5;2;1;1;0;0;0;0;0;476798,994100000010000;5472190,751600000100000;8,680215790000034;49,401962339000079
53927;08170915317000194680;08;3;17;021;2017;09;15;6;2;6;4;0;1;1;0;0;0;0;425418,865600000020000;5372672,707800000000000;7,990337665000027;48,502743213000031
53932;08170912216100189620;08;2;16;043;2017;09;17;3;3;5;3;1;1;0;0;0;0;0;441341,359699999970000;5413186,143899999600000;8,200117160000048;48,868859951000047
53935;08170912211010260300;08;2;11;000;2017;09;06;3;3;6;4;0;1;1;0;0;1;1;442500,227699999990000;5403088,055300000100000;8,217333940000060;48,778135660000032
53997;08170911335100204090;08;3;35;002;2017;09;15;2;3;5;2;1;1;0;0;0;0;0;505334,024500000000000;5284833,035100000000000;9,071117706000052;47,716854753000064
54001;08170911317300175070;08;3;17;065;2017;09;17;2;3;0;7;1;0;0;0;0;0;0;420210,339700000010000;5353719,801400000200000;7,923444251000035;48,331623015000048
54011;08170915222014199860;08;2;22;000;2017;09;12;6;2;0;7;1;0;0;0;0;0;0;459885,541499999990000;5482078,234100000000000;8,446102254000039;49,490015582000069
54012;08170911311010194970;08;3;36;084;2017;09;17;2;2;6;1;0;1;1;0;0;0;0;405629,501999999980000;5277636,873999999800000;7,743484521000028;47,645246942000028
54026;08170911226400204620;08;2;26;063;2017;09;17;2;3;5;3;1;1;0;0;0;0;0;471202,477599999980000;5471389,426500000100000;8,603137700000048;49,394515535000039
54031;08170911215502258160;08;2;15;106;2017;09;18;2;2;6;4;0;0;1;1;0;0;0;465684,331999999990000;5452621,162800000000000;8,528707109000038;49,225412252000069
54038;08170907231202184360;08;2;36;070;2017;09;11;5;3;5;3;1;1;0;0;0;0;0;467845,911000000020000;5416790,809000000400000;8,561240146000046;48,903226568000036
54042;08170907221400162910;08;2;21;000;2017;09;22;5;3;2;2;1;1;0;0;0;2;0;473274,618399999980000;5474729,095300000200000;8,631468690000077;49,424649641000030
54044;08170907216300165760;08;2;16;024;2017;09;16;5;3;6;4;0;1;1;0;0;0;0;445318,441500000020000;5408590,561900000100000;8,254958160000058;48,827885710000032
54050;08170907216300162040;08;2;16;017;2017;09;10;5;3;2;6;1;1;0;0;0;0;0;451281,303000000010000;5401363,757000000200000;8,337053877000074;48,763374606000070
54063;08170911121500170910;08;1;25;005;2017;09;16;2;3;5;3;1;1;0;0;0;0;0;515616,468600000020000;5453368,068900000300000;9,214509371000077;49,232893115000081
54069;08170911116200187390;08;1;16;077;2017;09;08;2;3;5;3;1;0;0;0;0;0;0;515483,250600000030000;5391545,502000000300000;9,210328421000043;48,676763803000028
54077;08170915118600214930;08;1;18;050;2017;09;07;6;3;5;3;1;1;0;0;0;0;0;505885,962600000030000;5416669,977699999700000;9,080316577000076;48,902946260000078
54086;08170910436200199810;08;4;36;095;2017;09;16;1;2;5;3;1;0;0;0;0;0;0;537974,851799999950000;5293794,779900000400000;9,507085517000064;47,796390679000069
54087;08170910416010173670;08;4;16;041;2017;09;03;1;1;6;6;0;1;1;0;0;2;0;498364,829000000030000;5374172,110799999900000;8,977855762000047;48,520658374000050
54089;08170910337010168520;08;3;37;096;2017;09;13;1;1;6;4;0;1;1;0;0;0;0;420606,588200000000000;5268153,468600000300000;7,944579395000062;47,561942164000072
54093;08170910336200192600;08;3;36;105;2017;09;14;1;2;3;6;1;0;0;0;0;0;0;402599,043999999990000;5266783,957999999600000;7,705555772000025;47,547170364000067
54096;08170910335400201070;08;3;35;079;2017;09;16;1;3;6;4;0;1;1;0;0;0;0;501151,779700000010000;5299191,617700000300000;9,015394597000068;47,846067555000047
54102;08170910317500203690;08;3;17;100;2017;09;13;1;3;5;3;1;1;0;0;0;0;0;423917,735099999990000;5366415,837700000000000;7,971157732000052;48,446282718000077
54114;08170915116010193040;08;1;16;079;2017;09;12;6;2;3;6;1;1;0;0;0;0;0;539118,704200000040000;5375225,788499999800000;9,529850571000054;48,528920477000042
54126;08170915111340186620;08;1;11;000;2017;09;12;6;3;6;4;1;0;1;0;0;0;0;512239,812299999990000;5406497,813900000400000;9,166713250000043;48,811346515000025
54131;08170910216200169350;08;3;17;068;2017;09;13;1;3;8;7;1;0;0;0;0;0;0;435544,497399999990000;5388469,089300000100000;8,124949439000034;48,645956060000060
54132;08170910216100178680;08;2;16;052;2017;09;15;1;3;1;5;1;1;0;0;0;0;0;441265,880500000030000;5416594,908200000400000;8,198598214000072;48,899514361000058
54137;08170910136100214210;08;1;36;088;2017;09;23;1;2;0;7;1;0;0;0;0;2;0;580215,230600000010000;5411567,999200000400000;10,093467926000073;48,851892473000078
54153;08170914327210220220;08;3;27;049;2017;09;15;5;3;5;3;1;1;0;0;0;0;0;472931,858000000010000;5324167,267799999600000;8,636640873000033;48,070206314000075
54161;08170910116500192340;08;1;16;049;2017;09;02;1;3;0;7;1;0;0;0;0;2;1;525841,126000000050000;5388196,899000000200000;9,350821119000045;48,646297035000032
54167;08170909435200200330;08;4;35;036;2017;09;19;7;2;8;1;1;0;0;0;0;1;1;519950,213999999980000;5282507,481999999800000;9,265885247000028;47,695644238000057
54170;08170909417100167020;08;4;17;063;2017;09;23;7;3;6;6;0;0;1;0;1;2;1;506493,757900000030000;5337694,340699999600000;9,087378419000061;48,192450425000061
54179;08170909335300198300;08;3;35;075;2017;09;12;7;3;5;3;1;1;0;0;0;0;1;487267,544300000010000;5290249,834599999700000;8,830081977000077;47,765489182000067
54188;08170914311010195060;08;3;36;091;2017;09;07;5;2;5;3;1;0;0;0;0;0;0;396056,453700000010000;5273644,681200000500000;7,617006519000029;47,607869993000065
54236;08170909118400168580;08;1;18;048;2017;09;18;7;3;6;2;0;1;1;0;0;1;1;513065,619000000010000;5416818,589999999900000;9,178290577000041;48,904173296000067
54249;08170914222600208270;08;2;22;000;2017;09;16;5;3;3;6;1;1;0;0;0;0;0;463902,914800000030000;5483688,692200000400000;8,501424408000048;49,504753138000069
54252;08170908436400193420;08;4;36;082;2017;09;17;6;3;5;3;1;1;0;0;0;0;0;547903,209099999980000;5295609,091000000000000;9,639853566000056;47,812051729000075
54265;08170908335200164620;08;3;35;063;2017;09;13;6;3;5;2;1;1;0;0;0;0;0;496391,604500000020000;5287292,594899999900000;8,951869438000074;47,738996871000040
54266;08170908335100166800;08;3;35;043;2017;09;16;6;3;0;7;1;0;0;0;0;0;0;513522,296600000000000;5280259,394299999800000;9,180148455000051;47,675583280000069
54275;08170914136010183950;08;1;36;065;2017;09;07;5;2;6;4;0;1;1;0;0;0;0;562281,577999999980000;5407928,836000000100000;9,848481246000063;48,821217870000055
54289;08170914127010189190;08;1;27;014;2017;09;13;5;2;5;3;1;0;0;0;0;0;1;578642,986400000050000;5442477,837600000200000;10,078021536000051;49,130098210000028
54294;08170908311400165370;08;3;15;022;2017;09;11;6;3;0;1;1;1;0;0;0;0;0;398557,576000000000000;5299931,414500000000000;7,644151338000029;47,844718293000028
54295;08170908311100194470;08;3;15;133;2017;09;14;6;2;0;2;1;1;0;0;0;0;0;399014,929300000020000;5327159,383000000400000;7,643865184000049;48,089698464000037
54298;08170908299200171130;08;2;12;000;2017;09;17;6;3;5;3;1;1;0;0;0;0;0;456746,946999999990000;5428271,035000000100000;8,408576638000056;49,005817988000047
54306;08170908221200167100;08;2;21;000;2017;09;17;6;3;3;2;1;1;0;0;0;0;0;477583,385899999990000;5472082,268899999600000;8,691033177000065;49,401015948000065
54313;08170925211100247320;08;2;11;000;2017;09;07;2;3;5;3;1;1;0;0;0;1;0;441453,360300000000000;5403703,458200000200000;8,202998144000048;48,783573624000041
54314;08170925211010215580;08;2;11;000;2017;09;08;2;3;5;3;1;1;0;0;0;0;0;443292,503399999990000;5402245,072399999900000;8,228233323000040;48,770625624000047
54319;08170920299200205060;08;2;12;000;2017;09;09;4;2;5;3;1;0;0;0;1;0;0;455477,173699999980000;5428234,820299999800000;8,391219296000031;49,005401937000045
54325;08170917235200193440;08;2;35;046;2017;09;12;1;3;0;1;1;0;0;0;0;0;0;480304,195799999990000;5381761,501000000200000;8,732912727000041;48,588627316000043
54329;08170925136100258110;08;1;36;088;2017;09;07;2;3;5;1;1;0;0;1;0;0;0;580587,860100000050000;5412364,517599999900000;10,098703298000032;48,859008226000071
54334;08170925135200236890;08;1;35;019;2017;09;16;2;3;3;2;1;1;0;0;0;0;0;582685,658399999960000;5392456,521900000100000;10,123296584000059;48,679674852000062
54347;08170925116500243570;08;1;16;049;2017;09;01;2;3;5;3;1;1;0;0;0;2;0;524874,456000000010000;5385831,758999999600000;9,337555798000039;48,625059383000064
54348;08170925115200247250;08;1;15;021;2017;09;16;2;3;1;5;1;1;0;0;0;0;0;489646,349700000020000;5383716,796600000000000;8,859548777000043;48,606441728000050
54350;08170925115100260550;08;1;15;002;2017;09;07;2;3;5;2;1;1;0;0;0;0;0;499563,147799999980000;5386293,576500000400000;8,994071210000072;48,629708487000073
54351;08170925115100259320;08;1;15;002;2017;09;13;2;3;0;2;1;1;0;0;0;0;0;499681,200000000010000;5386434,030000000300000;8,995673261000036;48,630972106000058
54353;08170925115100234130;08;1;15;003;2017;09;06;2;3;0;7;1;0;0;0;0;2;0;499792,155299999980000;5392494,318199999600000;8,997176098000068;48,685491430000070
54354;08170925115100222170;08;1;15;003;2017;09;15;2;3;5;3;1;1;0;0;0;0;0;501114,919500000020000;5392098,037399999800000;9,015146894000054;48,681925482000054
54358;08170924435100214560;08;4;35;016;2017;09;14;1;3;3;2;1;1;0;0;0;0;0;535073,732399999980000;5277772,576399999700000;9,467057272000034;47,652398362000042
54366;08170924335200213170;08;3;35;055;2017;09;20;1;3;5;3;1;1;0;0;0;2;1;496484,968999999980000;5284064,836000000100000;8,953140833000020;47,709955244000071
54376;08170920222700201390;08;2;22;000;2017;09;16;4;3;5;3;1;1;0;0;0;0;0;461240,949599999990000;5481370,377100000200000;8,464886162000028;49,483736883000063
54378;08170920222014199400;08;2;22;000;2017;09;11;4;3;6;4;0;1;1;0;0;0;0;463349,568099999970000;5478219,200000000200000;8,494288724000057;49,455524526000033
54381;08170924325202212240;08;3;25;049;2017;09;15;1;3;0;1;1;0;0;0;0;0;0;472730,033600000020000;5335256,987200000300000;8,633222143000069;48,169969859000048
54382;08170920221200200510;08;2;21;000;2017;09;10;4;3;3;3;1;1;0;0;0;0;0;476319,163999999990000;5471761,504700000400000;8,673627894000049;49,398082850000037
54392;08170920136100208000;08;1;36;088;2017;09;16;4;3;5;3;1;1;0;0;0;0;0;581811,551300000050000;5408975,510700000500000;10,114706583000043;48,828366801000072
54398;08170924317100233000;08;3;17;001;2017;09;10;1;3;5;3;1;1;0;0;0;0;0;427665,366199999990000;5389458,781000000400000;8,017824637000047;48,653995961000078
54412;08170924235010217230;08;2;31;000;2017;09;17;1;3;5;3;1;1;0;0;0;0;0;478111,600299999990000;5415647,198599999800000;8,701379833000033;48,893386904000067
54416;08170924216100244860;08;2;16;052;2017;09;16;1;3;1;5;1;1;0;0;0;0;0;441280,543000000010000;5416669,201000000400000;8,198787576000029;48,900184006000075
54428;08170925416010241080;08;4;15;061;2017;09;16;2;3;5;2;1;1;0;0;0;0;0;515112,352799999990000;5370218,284199999600000;9,204514610000047;48,484908622000034
54429;08170920119300239640;08;1;19;067;2017;09;10;4;3;0;3;1;0;0;0;1;0;1;538717,668700000040000;5405438,242200000200000;9,527246375000061;48,800729419000049
54437;08170920116010226110;08;1;16;077;2017;09;12;4;3;5;1;1;1;0;0;0;0;2;515726,331999999990000;5390919,428500000400000;9,213606667000022;48,671125529000051
54443;08170919435100231430;08;4;35;035;2017;09;17;3;3;0;1;1;0;0;0;0;0;0;542299,643000000040000;5282732,433500000300000;9,563756749000049;47,696591462000072
54468;08170917116500191030;08;1;16;016;2017;09;14;1;3;3;6;1;0;0;0;0;0;0;530391,953499999950000;5382541,474800000000000;9,412187510000024;48,595216227000037
54469;08170925335400224630;08;3;35;079;2017;09;07;2;3;5;2;1;1;0;0;0;0;0;500657,194399999980000;5299493,081299999700000;9,008784467000055;47,848780648000059
54470;08170919327200230440;08;3;27;007;2017;09;16;3;3;2;6;1;0;0;1;0;0;0;486455,208600000010000;5329981,880900000200000;8,817990561000045;48,122950981000031
54477;08170923416100211160;08;4;16;050;2017;09;16;7;3;0;1;1;0;0;0;0;0;0;485755,625999999990000;5364881,434999999600000;8,807413334000046;48,436916402000065
54496;08170919299200220750;08;2;12;000;2017;09;08;3;3;5;3;1;0;0;0;1;0;1;456443,751999999980000;5423848,720999999900000;8,404905001000032;48,966017276000059
54497;08170919299200198010;08;2;12;000;2017;09;15;3;2;5;7;1;0;0;0;1;0;0;455666,677499999990000;5427523,322200000300000;8,393887987000028;48,999015575000044
54500;08170923326200250970;08;3;26;074;2017;09;23;7;3;4;2;1;0;0;0;1;2;0;465395,559000000010000;5324520,122999999700000;8,535449100000051;48,073016437000035
54503;08170923325010209770;08;3;25;011;2017;09;13;7;2;6;7;0;0;1;0;1;0;0;473616,584299999990000;5340796,556800000400000;8,644801603000076;48,219845174000056
54522;08170923222700209650;08;2;22;000;2017;09;13;7;3;0;7;1;0;0;0;0;0;0;462308,210000000020000;5481873,626699999900000;8,479572308000059;49,488330574000031
54523;08170923222014220910;08;2;22;000;2017;09;23;7;2;6;3;0;1;1;0;0;2;0;460911,686999999980000;5483557,710000000000000;8,460124171000075;49,503389610000056
54526;08170923215102213430;08;2;12;000;2017;09;12;7;3;5;3;1;1;0;0;0;0;0;455775,593899999980000;5431343,860500000400000;8,394960597000022;49,033389471000078
54532;08170925327200246940;08;3;27;046;2017;09;14;2;2;0;1;1;0;0;0;0;0;0;481148,566799999970000;5324070,309100000200000;8,746943794000060;48,069629829000064
54546;08170919221300198680;08;2;26;012;2017;09;17;3;3;4;6;1;0;0;0;0;0;0;475583,886999999990000;5477702,325000000200000;8,663128755000059;49,451490270000079
54549;08170916336200207970;08;3;36;105;2017;09;19;7;3;5;2;1;1;0;0;0;1;0;401542,001300000000000;5267082,832000000400000;7,691444660000059;47,549699509000050
54568;08170923118500211050;08;1;18;063;2017;09;12;7;3;5;2;1;1;0;0;0;0;0;514963,827500000010000;5423162,832999999600000;9,204425830000048;48,961201027000072
54573;08170923117010246610;08;4;25;011;2017;09;18;7;3;8;1;1;0;0;0;0;0;0;588907,656300000030000;5376323,125900000300000;10,204348644000049;48,533712137000066
54576;08170923116010211710;08;1;16;071;2017;09;09;7;3;5;3;1;0;0;0;1;0;0;527338,589900000020000;5391261,449900000400000;9,371352826000077;48,673801904000072
54578;08170923111320210840;08;1;11;000;2017;09;20;7;3;6;4;0;1;1;0;0;2;0;515799,016400000020000;5405208,230899999800000;9,215141700000061;48,799665306000065
54584;08170916326100188920;08;3;26;027;2017;09;13;7;3;5;3;1;1;0;0;0;0;1;461903,553599999980000;5308337,061200000300000;8,490009195000027;47,927221111000051
54586;08170919211010220580;08;2;16;043;2017;09;06;3;2;5;2;1;1;0;0;0;2;1;440146,204600000000000;5413469,736999999700000;8,183779966000031;48,871296643000051
54590;08170916317300235170;08;3;17;065;2017;09;09;7;3;0;1;1;0;0;0;0;0;0;411593,546399999990000;5352463,628899999900000;7,807471218000046;48,319177342000046
54596;08170922435210231800;08;4;35;034;2017;09;14;6;3;0;1;1;0;0;0;0;0;0;525502,633000000030000;5282954,411000000300000;9,339909706000071;47,699470163000058