OBJECTID;UIDENTSTLA;ULAND;UREGBEZ;UKREIS;UGEMEINDE;UJAHR;UMONAT;USTUNDE;UWOCHENTAG;UKATEGORIE;UART;UTYP1;IstRad;IstPKW;IstFuss;IstKrad;IstSonstig;LICHT;STRZUSTAND;LINREFX;LINREFY;XGCSWGS84;YGCSWGS84
54619;08170919135200196930;08;1;35;019;2017;09;08;3;3;5;3;1;1;0;0;0;0;0;585539,575599999980000;5391131,065499999600000;10,161785113000064;48,667368805000081
54624;08170925235100232780;08;2;35;007;2017;09;07;2;2;0;7;1;0;0;0;0;1;0;483625,642600000020000;5396240,945299999800000;8,777380471000072;48,718981380000059
54634;08170916235100199470;08;2;35;065;2017;09;13;7;3;5;3;1;0;0;0;1;0;1;473292,204900000010000;5405102,024899999600000;8,636318372000062;48,798336934000076
54655;08170922299200216200;08;2;15;009;2017;09;07;6;2;6;4;0;1;1;0;0;0;0;469607,857699999990000;5441078,972000000100000;8,583463423000069;49,121796299000039
54660;08170922226600241710;08;2;26;082;2017;09;11;6;3;5;2;1;1;0;0;0;0;0;475492,727200000020000;5480409,039500000000000;8,661703463000038;49,475832776000061
54662;08170925316100258350;08;3;16;038;2017;09;17;2;2;4;2;1;1;0;0;0;0;0;396547,932399999990000;5331445,010200000400000;7,609706247000077;48,127849268000034
54671;08170919111500209570;08;1;11;000;2017;09;08;3;3;5;3;1;1;0;0;0;0;1;519134,536399999980000;5401017,201899999800000;9,260367322000036;48,761869642000079
54672;08170919111500195490;08;1;11;000;2017;09;06;3;3;5;3;1;1;0;0;0;2;0;507790,237100000030000;5407481,707800000000000;9,106126309000047;48,820269233000033
54679;08170922212702250840;08;2;15;108;2017;09;16;6;3;4;6;1;0;0;0;0;0;0;451190,565500000030000;5426150,691599999600000;8,332860948000075;48,986331053000072
54688;08170922199200237970;08;1;18;054;2017;09;23;6;1;6;4;0;1;1;0;0;2;0;518121,848000000000000;5422695,274400000500000;9,247547400000030;48,956910540000081
54694;08170922136100208860;08;1;36;033;2017;09;17;6;3;5;2;1;1;0;0;0;0;0;580504,971600000050000;5415689,494900000300000;10,098227912000027;48,888924368000062
54699;08170922126010235050;08;1;26;060;2017;09;13;6;2;0;7;0;1;1;0;0;0;0;545014,975100000040000;5460359,645600000400000;9,619099812000059;49,294324514000039
54712;08170918416010196070;08;4;15;061;2017;09;07;2;2;5;3;1;1;0;0;0;0;1;516536,841599999990000;5370171,420099999800000;9,223790134000069;48,484451150000041
54713;08170922118010214450;08;1;18;019;2017;09;17;6;2;6;4;0;0;1;1;0;0;0;504850,402400000020000;5405282,118900000100000;9,066051016000074;48,800511846000063
54715;08170922117200241260;08;1;17;024;2017;09;19;6;3;5;3;1;1;0;0;0;1;0;561350,286500000050000;5385978,004099999600000;9,832529989000022;48,623860685000068
54718;08170922117100210190;08;1;17;015;2017;09;16;6;3;5;3;1;1;0;0;0;0;0;559719,457000000050000;5392855,255599999800000;9,811393964000047;48,685881156000050
54721;08170918336200227520;08;3;36;069;2017;09;18;2;3;6;7;1;0;1;0;0;1;0;407907,370400000010000;5267453,882299999700000;7,775945238000077;47,553971339000043
54723;08170918327100509290;08;3;27;050;2017;09;12;2;2;5;3;1;1;0;0;0;0;0;487217,284300000000000;5316150,093999999600000;8,828644465000025;47,998521446000041
54725;08170918325302192840;08;3;25;053;2017;09;15;2;3;6;4;0;1;1;0;0;0;0;454157,044500000020000;5342228,482099999700000;8,382676483000068;48,231619422000051
54729;08170922111500240420;08;1;11;000;2017;09;18;6;3;5;3;1;1;0;0;0;0;0;513354,339900000020000;5404482,231499999800000;9,181828122000070;48,793191621000062
54732;08170921437100203150;08;4;37;100;2017;09;14;5;3;5;3;1;1;0;0;0;0;0;537307,724000000050000;5318067,565000000400000;9,500277563000054;48,014811784000074
54735;08170921435115205050;08;4;35;035;2017;09;12;5;3;5;3;1;1;0;0;0;0;0;541789,573600000000000;5281551,659599999900000;9,556845928000030;47,686000942000078
54742;08170918311010195500;08;3;36;091;2017;09;18;2;3;6;4;0;0;1;0;1;0;0;394232,344500000010000;5271603,990299999700000;7,593236022000042;47,589218638000034
54743;08170918299200230280;08;2;12;000;2017;09;17;2;2;2;6;1;0;0;0;0;0;0;459504,940100000010000;5428002,241200000000000;8,446313132000057;49,003587266000068
54750;08170918235010229130;08;2;36;072;2017;09;06;2;2;6;4;0;0;1;1;0;1;0;466317,584600000000000;5413689,309700000100000;8,540641639000057;48,875245803000041
54751;08170918231102194060;08;2;36;028;2017;09;18;2;3;6;4;1;0;1;0;0;0;0;493965,759700000000000;5422346,556800000400000;8,917576104000034;48,954009746000054
54763;08170921336410206100;08;3;36;045;2017;09;07;5;3;6;4;0;1;1;0;0;0;0;399899,484000000000000;5285342,003499999600000;7,665445065000029;47,713695694000080
54764;08170921335315260460;08;3;35;081;2017;09;16;5;3;6;4;0;1;1;0;0;0;0;489987,071000000000000;5296397,249300000300000;8,866232798000056;47,820848465000040
54765;08170921335010205930;08;4;36;039;2017;09;07;5;3;5;3;1;0;0;0;1;0;0;549572,652000000000000;5288530,586500000200000;9,661342968000042;47,748240448000047
54773;08170921317310216170;08;3;17;026;2017;09;14;5;3;5;3;1;1;0;0;0;0;0;410883,835299999980000;5346335,634100000400000;7,799193207000030;48,263957927000035
54778;08170918221000236990;08;2;21;000;2017;09;14;2;3;6;4;0;0;1;0;1;0;0;476732,593799999970000;5472104,687199999600000;8,679305638000074;49,401185668000039
54781;08170921311010201810;08;3;15;109;2017;09;06;5;3;4;6;1;0;0;1;0;0;0;422676,071600000020000;5313366,755400000100000;7,964039747000072;47,968935029000079
54811;08170921222014239580;08;2;22;000;2017;09;10;5;1;6;4;0;0;1;0;1;0;0;463575,994799999990000;5486039,497999999700000;8,496692215000053;49,525877826000055
54815;08170921221000240940;08;2;26;076;2017;09;18;5;2;6;4;0;1;1;0;0;1;0;475191,814200000020000;5465592,597500000100000;8,658475522000060;49,342549391000034
54819;08170921215402221330;08;2;15;009;2017;09;06;5;3;5;3;1;0;0;0;0;2;0;469558,919700000030000;5441789,902700000400000;8,582739073000028;49,128188828000077
54829;08170918126010196250;08;1;26;066;2017;09;07;2;2;6;4;0;1;1;0;0;1;1;536849,562000000030000;5449598,176000000000000;9,505814625000028;49,198073465000050
54843;08170921135200225040;08;1;35;019;2017;09;17;5;3;8;1;1;0;0;0;0;0;0;585321,895099999970000;5389639,185999999800000;10,158521653000037;48,653980160000060
54847;08170918111500197670;08;1;11;000;2017;09;18;2;2;6;2;0;1;1;0;0;0;0;509187,579499999990000;5397404,434999999600000;9,124937093000028;48,729595514000039
54868;08170921111320207530;08;1;11;000;2017;09;18;5;3;5;2;1;1;0;0;0;0;0;515968,394099999980000;5405607,434999999600000;9,217463693000070;48,803252163000082
54873;08170917416200190510;08;4;16;041;2017;09;12;1;3;0;7;1;0;0;0;0;0;0;500401,766300000020000;5370455,243700000500000;9,005437326000049;48,487221971000054
54874;08170916135010195970;08;1;35;019;2017;09;19;7;2;6;2;0;1;1;0;0;1;1;585240,651399999970000;5392449,496000000300000;10,157997797000064;48,679268021000041
54875;08170926121100238910;08;1;25;026;2017;09;13;3;3;6;4;0;1;1;0;0;0;0;492675,471000000020000;5438565,966000000000000;8,899658663000025;49,099898484000050
54876;08170917416010195960;08;4;15;073;2017;09;04;1;2;6;3;0;0;1;0;1;2;1;516578,476199999980000;5348397,677100000000000;9,223494239000047;48,288562343000081
54884;08170917311010226450;08;3;36;091;2017;09;10;1;2;0;3;1;0;0;1;0;0;0;395833,577800000030000;5274378,741100000200000;7,613867498000047;47,614437197000029
54887;08170920435100201650;08;4;35;024;2017;09;17;4;3;4;2;1;1;0;0;0;0;0;528530,300900000030000;5279398,177100000000000;9,380030388000023;47,667346365000071
54891;08170916127202223130;08;1;27;014;2017;09;15;7;2;3;6;1;1;0;0;0;0;0;578339,325700000040000;5443472,876199999800000;10,074053138000068;49,139086199000076
54893;08170920336300240100;08;3;36;081;2017;09;15;4;3;2;7;1;1;0;0;0;0;0;409848,069000000020000;5278235,929300000000000;7,799516990000029;47,651237263000041
54898;08170917299200228340;08;2;12;000;2017;09;12;1;3;5;3;1;0;0;0;1;0;0;454472,251899999970000;5428269,224399999700000;8,377475529000037;49,005638091000037
54908;08170920317000228310;08;3;17;122;2017;09;10;4;2;9;7;1;0;0;0;0;0;0;417762,078800000020000;5367312,907499999700000;7,887755756000047;48,453577452000047
54911;08170920311010201720;08;3;15;073;2017;09;17;4;3;5;2;1;1;0;0;0;0;0;412570,873000000020000;5313180,492999999800000;7,828719146000026;47,965958797000042
54927;08170929436412253640;08;4;36;009;2017;09;21;6;3;4;6;1;1;0;0;0;2;1;556361,896100000010000;5307521,273799999600000;9,754382245000045;47,918535793000046
54930;08170929435100258800;08;4;35;016;2017;09;23;6;3;0;1;1;0;0;0;0;2;0;536184,019300000040000;5277959,034199999600000;9,481857244000025;47,654014861000064
54933;08170929435010237600;08;4;37;078;2017;09;19;6;2;2;6;1;1;0;0;0;1;0;507772,134000000020000;5317226,547000000300000;9,104207078000059;48,008287029000030
54934;08170929435010232110;08;4;37;056;2017;09;12;6;3;5;2;1;1;0;0;0;0;0;527851,497500000060000;5300886,485399999700000;9,372366020000072;47,860714201000064
54957;08170929317500232810;08;3;17;096;2017;09;22;6;2;6;6;1;0;1;0;0;2;0;422102,028999999980000;5369436,104000000300000;7,946046345000070;48,473227727000051
54958;08170926221000219660;08;2;21;000;2017;09;11;3;2;0;7;1;0;0;0;0;0;0;478317,981900000010000;5473525,296799999700000;8,701079127000071;49,414022387000045
54966;08170929317200254530;08;3;17;057;2017;09;17;6;3;5;3;1;1;0;0;0;0;0;414175,283700000030000;5384201,655399999600000;7,835778148000031;48,605004317000066
54969;08170929317100233110;08;3;17;001;2017;09;00;6;3;5;7;1;1;0;0;0;2;0;432147,538999999990000;5386635,899700000000000;8,079138448000037;48,629106924000041
54976;08170929311010233600;08;3;15;098;2017;09;14;6;3;0;1;1;0;0;0;0;0;0;408395,737399999980000;5313153,611700000200000;7,772803906000036;47,965133051000066
54990;08170929231102245060;08;2;36;061;2017;09;14;6;3;5;3;1;1;0;0;0;0;0;489023,326000000000000;5433159,368999999900000;8,849773507000066;49,051209289000042
55003;08170929121400253580;08;1;25;058;2017;09;06;6;3;5;3;1;1;0;0;0;0;0;508633,401100000020000;5443866,425699999600000;9,118385450000062;49,147561280000048
55010;08170929118010245950;08;4;16;036;2017;09;05;6;1;6;4;0;1;1;0;0;2;1;491512,150399999980000;5374518,599800000000000;8,885046700000032;48,523720254000068
55018;08170929111320236240;08;1;11;000;2017;09;13;6;3;6;4;0;0;1;0;1;0;0;517221,703400000000000;5405230,875099999800000;9,234515801000043;48,799831223000069
55021;08170926215202258300;08;2;15;100;2017;09;07;3;3;5;2;1;1;0;0;0;0;0;474579,948299999990000;5451898,942800000300000;8,650922858000058;49,219349649000037
55024;08170926126200248780;08;1;26;011;2017;09;14;3;3;6;4;0;1;1;0;0;0;0;531697,566800000030000;5447253,031100000300000;9,434913266000024;49,177266787000065
55029;08170928436500240350;08;4;36;064;2017;09;21;5;3;3;6;1;0;0;0;1;2;0;542609,464900000020000;5288913,059200000000000;9,568490485000041;47,752179293000040
55030;08170928435100240730;08;4;35;016;2017;09;07;5;3;5;3;1;1;0;0;0;0;0;534810,887499999950000;5278416,947700000400000;9,463608549000071;47,658210246000067
55038;08170928325010228080;08;3;26;027;2017;09;14;5;2;5;3;1;1;0;0;0;0;0;462213,266400000020000;5308976,981700000400000;8,494098953000048;47,932996777000028
55041;08170928317000228420;08;3;17;009;2017;09;17;5;2;5;3;1;1;0;0;0;0;0;426176,916000000030000;5361526,024299999700000;8,002564282000037;48,402567143000056
55047;08170928299200232020;08;2;12;000;2017;09;08;5;1;5;3;1;1;0;0;0;0;0;452089,435899999980000;5427815,785500000200000;8,344949725000049;49,001379021000048
55048;08170928237100251960;08;2;37;028;2017;09;10;5;3;5;3;1;0;0;0;0;0;0;457664,350299999990000;5368194,894999999600000;8,427291979000074;48,465462098000046
55049;08170928235100250010;08;2;35;085;2017;09;12;5;3;6;4;0;1;1;0;0;0;0;480361,334399999990000;5398144,351499999900000;8,732909976000030;48,736010030000045
55051;08170928226600228270;08;2;26;107;2017;09;15;5;3;6;4;0;1;1;0;0;0;0;475098,162499999980000;5484375,259700000300000;8,656007100000068;49,511491608000028
55053;08170928222014227530;08;2;26;003;2017;09;08;5;2;5;3;1;1;0;0;0;0;0;461651,392700000030000;5463661,354899999700000;8,472262487000023;49,324477374000026
55057;08170928216100233180;08;2;16;043;2017;09;14;5;3;5;3;1;1;0;0;0;0;0;442621,555100000000000;5412618,909500000100000;8,217652027000042;48,863877458000047
55062;08170928136200243250;08;1;36;019;2017;09;07;5;3;0;6;1;0;0;0;0;0;0;582469,071899999980000;5424256,252999999600000;10,126748753000072;48,965715460000069
55068;08170928126010257850;08;1;21;000;2017;09;07;5;2;6;4;0;1;1;0;0;0;0;516129,463999999980000;5443740,617999999800000;9,221169505000034;49,146278465000080
55074;08170928121200258870;08;1;21;000;2017;09;07;5;2;3;7;1;0;0;0;1;0;0;516052,678900000000000;5442420,695299999800000;9,220064050000076;49,134407336000038
55078;08170928119100258560;08;1;19;008;2017;09;23;5;3;0;1;1;0;0;0;0;2;0;532120,400999999950000;5421064,217000000200000;9,438636697000050;48,941669648000072
55080;08170928119010231270;08;1;19;079;2017;09;11;5;2;3;6;1;1;0;0;0;0;0;523438,778899999980000;5410305,578200000300000;9,319465375000050;48,845278679000046
55081;08170928117010256600;08;4;25;071;2017;09;15;5;2;0;7;0;1;1;0;0;0;0;550882,732700000050000;5370937,371899999700000;9,688657095000053;48,489499438000053
55089;08170927436100228280;08;4;36;055;2017;09;18;4;3;3;6;1;1;0;0;0;0;0;582828,444499999980000;5299010,987200000300000;10,106937089000041;47,839106752000077
55099;08170927325010233190;08;3;26;041;2017;09;07;4;2;6;7;0;1;1;0;0;1;0;462797,710900000010000;5332913,989000000100000;8,499843082000041;48,148387001000060
55101;08170927317000230200;08;3;17;150;2017;09;06;4;2;6;4;0;1;1;0;0;1;0;407919,803699999990000;5359572,682300000500000;7,756372220000060;48,382595429000048
55104;08170926211010222750;08;2;16;043;2017;09;12;3;3;0;4;0;0;1;0;1;0;0;441723,579499999990000;5411706,504800000200000;8,205539367000029;48,855586683000070
55106;08170926136300256760;08;1;36;065;2017;09;17;3;3;5;3;1;1;0;0;0;0;0;561534,549499999960000;5403808,750000000000000;9,837687933000041;48,784232303000067
55118;08170927226600241840;08;2;26;096;2017;09;17;4;3;4;7;1;0;0;0;0;0;0;475701,508399999990000;5488923,074099999900000;8,664061316000073;49,552421992000063
55122;08170927221400252580;08;2;21;000;2017;09;08;4;3;0;5;1;1;0;0;0;0;0;477524,079299999980000;5471027,075899999600000;8,690275459000077;49,391522442000053
55126;08170927215402222140;08;2;15;009;2017;09;00;4;3;0;3;0;0;1;1;0;2;0;470726,233899999990000;5441441,703900000100000;8,598764495000069;49,125113427000031
55128;08170927212302271390;08;2;12;000;2017;09;08;4;3;5;3;1;0;0;0;1;0;0;455189,740200000000000;5428559,764299999900000;8,387253458000032;49,008304035000037
55132;08170927135100226100;08;1;35;031;2017;09;17;4;2;0;1;1;0;0;0;0;0;0;595068,417900000000000;5379086,477000000000000;10,288412256000072;48,557662707000077
55134;08170927126100241120;08;1;26;086;2017;09;09;4;3;1;6;0;1;1;0;0;0;0;542603,737300000040000;5460836,890700000300000;9,585990347000063;49,298790083000029
55146;08170927117300249920;08;1;17;026;2017;09;09;4;2;5;3;1;1;0;0;0;0;0;548744,503600000050000;5393999,367800000100000;9,662426467000046;48,697126688000026
55151;08170927116200255360;08;1;16;078;2017;09;14;4;3;4;6;1;0;0;0;1;0;0;512462,550500000010000;5391039,977300000400000;9,169279435000021;48,672283667000045
55161;08170926426010234890;08;4;25;033;2017;09;17;3;3;5;3;1;0;0;0;1;0;0;562347,867399999990000;5346545,341300000400000;9,840193909000050;48,269045128000073
55171;08170926335210223120;08;3;35;061;2017;09;13;3;3;8;3;1;0;0;0;1;0;0;494664,107599999990000;5278574,679800000000000;8,928933924000035;47,660544118000075
55177;08170926317512223930;08;3;17;122;2017;09;09;3;3;0;7;1;0;0;0;0;0;0;418098,112299999980000;5367341,138500000400000;7,892294102000051;48,453875213000060
55190;08171005215102283520;08;2;12;000;2017;10;15;5;3;5;3;1;1;0;0;0;0;0;454878,465199999980000;5431793,363599999800000;8,382637575000047;49,037367768000081
55191;08171005212302272770;08;2;12;000;2017;10;17;5;3;0;7;1;0;0;0;0;0;1;455205,721399999980000;5428810,389700000200000;8,387444320000043;49,010559593000039
55195;08171005136300283550;08;1;36;079;2017;10;14;5;3;0;7;1;0;0;0;0;0;0;559939,331200000020000;5402846,057799999600000;9,815833729000076;48,775728616000038
55198;08171005127202286020;08;1;27;014;2017;10;15;5;3;5;3;1;1;0;0;0;0;0;578617,665700000010000;5442535,011300000400000;10,077685656000028;49,130615660000046
55206;08171005121600270030;08;1;25;102;2017;10;19;5;2;6;2;0;1;1;0;0;2;1;521872,920999999970000;5444110,582000000400000;9,299943709000047;49,149428685000032
55211;08171005118200293860;08;1;18;027;2017;10;20;5;3;6;4;0;1;1;0;0;2;1;502097,268999999970000;5412354,835000000000000;9,028596041000071;48,864152525000065
55215;08171005117200506730;08;1;17;024;2017;10;18;5;3;6;4;0;1;1;0;0;1;1;561612,966699999990000;5385959,025100000200000;9,836091373000045;48,623664144000031
55234;08171004336400267380;08;3;36;091;2017;10;21;4;2;0;6;1;0;0;0;0;2;0;394925,365200000000000;5271692,824900000400000;7,602429439000048;47,590130378000026
55240;08171004325302295180;08;3;25;053;2017;10;06;4;3;6;7;1;0;1;0;0;2;0;456705,822400000000000;5340551,079699999700000;8,417167906000032;48,216708038000036
55277;08171004116010268090;08;1;16;056;2017;10;05;4;2;5;3;1;1;0;0;0;2;0;530014,239999999990000;5395548,379999999900000;9,408008002000031;48,712243681000075
55279;08171004115100299790;08;1;15;002;2017;10;18;4;3;5;3;1;1;0;0;0;1;0;499930,369100000010000;5386700,896900000100000;8,999054928000021;48,633372969000050
55280;08171004115100267970;08;1;15;003;2017;10;07;4;3;5;3;1;1;0;0;0;1;0;499631,076000000000000;5392605,417999999600000;8,994987479000031;48,686490821000064
55290;08171003436500266720;08;4;35;016;2017;10;14;3;3;4;2;1;1;0;0;0;0;0;536342,846099999970000;5277808,545800000400000;9,483959728000059;47,652651953000031
55308;08171003212402270280;08;2;12;000;2017;10;18;3;3;0;7;1;1;0;0;0;1;0;455966,915800000020000;5428230,267400000200000;8,397915865000073;49,005396119000068
55318;08171003117300265870;08;1;17;026;2017;10;20;3;3;5;3;1;1;0;0;0;2;0;548720,607399999980000;5394340,539200000500000;9,662141998000038;48,700197558000070
55320;08171003111140312230;08;1;11;000;2017;10;18;3;3;6;2;0;1;1;0;0;0;0;511611,321500000020000;5401964,505800000400000;9,158024762000025;48,770577345000049
55344;08171002222014263790;08;2;22;000;2017;10;08;2;2;5;3;1;0;0;0;1;0;1;462843,565000000000000;5482765,957999999600000;8,486879991000023;49,496389652000062
55356;08171002127202276990;08;1;27;014;2017;10;19;2;3;0;1;1;0;0;0;0;1;1;576981,309699999980000;5443822,002700000100000;10,055504405000022;49,142397876000075
55359;08171002126200264480;08;1;26;069;2017;10;10;2;2;0;7;1;0;0;1;0;0;1;536770,863999999940000;5447360,864000000100000;9,504529751000064;49,177953630000047
55374;08171001426100264380;08;4;26;021;2017;10;15;1;3;5;3;1;1;0;0;0;0;0;558925,147200000010000;5328917,815100000200000;9,791628140000057;48,110795179000036
55375;08171001426010271990;08;1;17;026;2017;10;20;1;2;0;1;1;0;0;0;0;2;0;547549,796800000010000;5394865,376000000200000;9,646291502000054;48,705009078000046
55379;08171001335010301710;08;3;35;015;2017;10;16;1;2;0;7;1;0;0;0;0;0;0;477090,232900000000000;5282638,974399999700000;8,694665126000075;47,696729175000030
55384;08171001325010314880;08;3;25;045;2017;10;16;1;2;5;3;1;0;0;0;1;0;0;468119,749300000020000;5351267,660199999800000;8,570010513000057;48,313796173000071
55387;08171001317600295430;08;3;17;040;2017;10;02;1;3;8;1;1;1;0;0;0;2;1;432385,691500000020000;5347821,184700000100000;8,088640897000062;48,279981737000071
55390;08171001317200272030;08;3;17;057;2017;10;17;1;3;5;3;1;1;0;0;0;0;0;411900,867800000010000;5380953,651100000400000;7,805621131000066;48,575474787000076
55392;08171001316100263670;08;3;16;024;2017;10;13;1;3;5;3;1;0;0;0;1;0;0;409263,121600000010000;5334572,435999999800000;7,779876290000061;48,157920114000035
55410;08171001226700335290;08;2;26;060;2017;10;10;1;3;4;6;1;1;0;0;0;0;0;480148,895200000030000;5463840,442699999500000;8,726804018000053;49,326970261000042
55416;08171001135200263370;08;1;35;019;2017;10;10;1;3;0;1;1;0;0;0;0;0;0;585478,319999999950000;5392037,194000000100000;10,161140603000035;48,675527168000031
55437;08170930437100236660;08;4;37;076;2017;09;15;7;3;5;3;1;0;0;1;0;0;0;525814,124799999990000;5323288,701299999800000;9,346472640000059;48,062353921000067
55440;08170930436500235070;08;4;35;013;2017;09;12;7;2;3;6;1;1;0;0;0;0;0;541205,574600000050000;5277713,703900000100000;9,548702460000072;47,651507220000042
55450;08170930335112261130;08;3;35;043;2017;09;19;7;3;0;6;1;1;0;0;0;1;1;510865,375699999980000;5282207,604600000200000;9,144800721000024;47,693162719000043
55452;08170930335010238720;08;3;35;063;2017;09;13;7;3;4;6;1;0;0;0;0;0;0;498504,273899999970000;5293146,446399999800000;8,980029113000057;47,791675588000032
55458;08170930317200245380;08;3;17;057;2017;09;14;7;3;0;7;1;0;0;0;0;0;0;413178,798499999980000;5380966,718200000000000;7,822939745000042;48,575770704000035
55460;08170930317100254430;08;3;17;102;2017;09;12;7;3;0;7;1;0;0;0;0;0;0;437708,343899999980000;5379744,530799999800000;8,155631941000024;48,567695857000047
55467;08170930299200387660;08;2;12;000;2017;09;23;7;3;0;7;1;0;1;0;0;2;1;459103,476299999980000;5428119,650600000300000;8,440812385000072;49,004616914000053
55474;08170930221000252450;08;2;26;060;2017;09;21;7;2;6;4;0;1;1;0;0;2;1;476758,116099999980000;5463883,976800000300000;8,680137421000040;49,327242128000080
55490;08171011299400311070;08;2;31;000;2017;10;12;4;3;6;4;0;1;1;0;0;0;0;477378,841000000010000;5416293,530000000300000;8,691347264000058;48,899174755000047
55503;08171011221000304890;08;2;21;000;2017;10;18;4;3;6;7;1;0;1;0;1;0;0;477550,674300000010000;5471965,674399999900000;8,690588911000077;49,399965991000045
55508;08171011136010285620;08;1;36;003;2017;10;16;4;2;5;3;1;1;0;0;0;0;0;572741,995000000000000;5424217,730000000400000;9,993866232000073;48,966590378000035
55522;08171011111500289730;08;1;11;000;2017;10;15;4;3;5;2;1;1;0;0;0;0;0;513036,618699999990000;5407010,426500000100000;9,177582442000073;48,815941702000032
55523;08171011111130320030;08;1;11;000;2017;10;06;4;3;3;6;1;1;0;0;0;1;0;510059,445899999990000;5402639,034199999600000;9,136921014000052;48,776672389000055
55528;08171010435100281870;08;4;35;016;2017;10;17;3;3;0;7;1;0;0;0;0;0;0;536649,342300000020000;5277802,635999999900000;9,488040539000053;47,652581491000035
55529;08171010435010283770;08;4;35;052;2017;10;19;3;2;6;6;1;0;1;0;0;2;0;521998,479799999970000;5292039,668499999700000;9,293664919000037;47,781343407000065
55532;08171010335010284470;08;3;35;079;2017;10;14;3;2;0;7;1;0;0;0;0;0;0;499733,156000000020000;5297293,478900000500000;8,996434554000075;47,828990136000073
55533;08171010325010315290;08;4;17;008;2017;10;12;3;3;6;4;0;1;1;0;0;0;0;493145,539800000030000;5351378,553899999700000;8,907546385000046;48,315560434000076
55546;08171010226300319180;08;2;26;056;2017;10;10;3;3;6;5;0;0;1;0;1;0;1;484833,804899999990000;5471334,028099999800000;8,790992955000036;49,394509415000073
55547;08171010221000291210;08;2;26;098;2017;10;14;3;2;6;4;0;1;1;0;0;0;1;480959,891999999990000;5461135,587000000300000;8,738094070000045;49,302665847000071
55555;08171010135200320860;08;1;35;010;2017;10;07;3;2;6;4;0;1;1;0;0;0;0;599606,079299999980000;5395084,706100000100000;10,353735288000053;48,700841364000041
55556;08171010135100285780;08;1;35;016;2017;10;18;3;3;5;3;1;1;0;0;0;0;0;592084,321699999970000;5386247,028400000200000;10,249567716000058;48,622510964000071
55557;08171010127202315440;08;1;27;014;2017;10;19;3;3;6;7;0;1;1;0;0;1;0;578959,719300000000000;5443705,419499999800000;10,082602873000042;49,141098216000046
55569;08171010117010328400;08;4;25;084;2017;10;17;3;2;0;2;1;1;0;0;0;0;1;558414,865699999970000;5376821,884300000000000;9,791413103000025;48,541778670000042
55573;08171010116010286980;08;1;16;019;2017;10;16;3;3;5;3;1;1;0;0;0;0;0;523579,047199999970000;5397759,067099999600000;9,320657206000021;48,732407383000066
55576;08171010111330286660;08;1;11;000;2017;10;22;3;3;5;3;1;1;0;0;0;2;0;514852,889599999990000;5406112,111300000000000;9,202290689000051;48,807819821000066
55585;08171009335010292620;08;4;35;016;2017;10;14;2;3;5;2;1;1;0;0;0;0;0;535640,449900000010000;5279557,264000000400000;9,474749222000071;47,668424964000053
55588;08171009325302310840;08;3;25;053;2017;10;20;2;3;6;6;0;0;1;0;1;2;0;454700,248399999980000;5341954,122399999800000;8,390020196000023;48,229190235000033
55590;08171009317500298770;08;3;17;096;2017;10;13;2;3;6;4;0;0;1;0;1;0;0;422312,284199999990000;5364091,198200000500000;7,949882417000026;48,425176491000059
55591;08171009317210291550;08;3;17;153;2017;10;13;2;3;0;7;1;0;0;0;0;0;0;420802,355700000010000;5389359,515700000300000;7,924672560000033;48,652270919000046
55599;08171009235200311860;08;2;35;006;2017;10;08;2;3;6;4;0;1;1;0;0;0;1;474204,056400000000000;5380486,358900000300000;8,650271635000024;48,576934438000080
55605;08171009226700279650;08;2;26;098;2017;10;10;2;3;6;2;0;0;1;0;1;0;0;478587,108499999970000;5460430,958200000200000;8,705493480000030;49,296249113000044
55615;08171009126010310770;08;1;21;000;2017;10;00;2;2;6;2;0;1;1;0;0;2;1;514900,661000000020000;5442835,060999999800000;9,204286615000058;49,138163719000033
55618;08171009119010377380;08;1;19;067;2017;10;15;2;2;5;2;1;1;0;0;0;0;0;538758,669699999970000;5405195,114400000300000;9,527781743000048;48,798539796000057
55621;08171009117200352850;08;1;17;024;2017;10;07;2;3;0;7;1;1;0;0;0;1;1;559923,058500000040000;5386584,862900000100000;9,813252123000041;48,629457922000029
55636;08171008426010298840;08;1;17;010;2017;10;21;1;2;6;7;0;1;1;0;0;2;1;568905,281599999990000;5392896,200600000100000;9,936190163000049;48,685302920000026
55662;08171007436211334650;08;4;36;083;2017;10;20;7;3;2;2;1;1;0;0;0;2;0;531248,534199999990000;5301060,610600000200000;9,417794770000057;47,862124559000051
55666;08171007426010278400;08;4;25;033;2017;10;09;7;2;6;4;0;1;1;0;0;0;1;552857,063800000000000;5347976,759100000400000;9,712486964000050;48,282785539000031
55677;08171007335010275570;08;3;35;022;2017;10;16;7;2;0;1;1;0;0;0;0;0;0;480777,193700000000000;5302475,591799999600000;8,742924784000024;47,875328056000058
55679;08171007325302274430;08;3;25;053;2017;10;08;7;3;6;7;0;1;1;0;0;0;0;454546,347799999990000;5340911,115000000200000;8,388059846000033;48,219795994000037
55700;08171007119300274190;08;1;19;001;2017;10;14;7;3;0;7;1;0;0;0;0;0;0;550830,105699999960000;5411529,643799999700000;9,692934182000045;48,854650542000059