OBJECTID;UIDENTSTLA;ULAND;UREGBEZ;UKREIS;UGEMEINDE;UJAHR;UMONAT;USTUNDE;UWOCHENTAG;UKATEGORIE;UART;UTYP1;IstRad;IstPKW;IstFuss;IstKrad;IstSonstig;LICHT;STRZUSTAND;LINREFX;LINREFY;XGCSWGS84;YGCSWGS84
55704;08171007118400274700;08;1;18;048;2017;10;22;7;3;5;3;1;1;0;0;0;2;1;514892,874000000010000;5414927,495000000100000;9,203155799000058;48,887120286000027
55723;08171006337010301270;08;3;37;053;2017;10;07;6;3;6;4;0;1;1;0;0;0;1;457381,129499999980000;5268561,263799999800000;8,433368908000034;47,569067876000076
55732;08171006317000284820;08;3;17;096;2017;10;18;6;2;5;3;1;1;0;0;0;0;0;421411,617800000010000;5369645,313799999700000;7,936667475000036;48,475023635000070
55741;08171011317114288730;08;3;17;067;2017;10;09;4;3;1;5;1;0;0;0;1;0;1;434528,943700000000000;5374633,451000000400000;8,113343677000046;48,521396327000048
55758;08171006136100272420;08;1;36;088;2017;10;21;6;3;0;1;1;0;0;0;0;2;1;580870,153199999940000;5409503,326399999700000;10,101986364000027;48,833237391000068
55759;08171006128010271420;08;1;28;139;2017;10;12;6;2;6;2;0;1;1;0;0;0;1;552980,176899999960000;5488329,925699999600000;9,732372537000060;49,545256803000029
55766;08171006121300272610;08;1;21;000;2017;10;08;6;3;3;2;1;1;0;0;0;0;0;513916,329000000030000;5443323,319400000400000;9,190808460000028;49,142578860000071
55780;08171006117010286200;08;1;17;024;2017;10;17;6;2;6;4;0;1;1;0;0;1;1;561657,447099999990000;5386094,077600000400000;9,836714989000029;48,624874591000037
55803;08171005416010270690;08;4;15;050;2017;10;18;5;3;5;3;1;1;0;0;0;1;1;520590,652999999990000;5376374,628600000400000;9,278955196000027;48,540137188000074
55804;08171005416010269330;08;4;15;061;2017;10;16;5;2;0;1;1;0;0;0;0;0;0;514228,270599999990000;5375639,689399999600000;9,192735316000039;48,533702039000048
55812;08171011326210507580;08;3;26;074;2017;10;15;4;3;5;3;1;1;0;0;0;0;0;468109,438700000000000;5323007,111700000200000;8,571993634000023;48,059545643000035
55818;08171005325202301350;08;3;27;050;2017;10;16;5;3;4;6;1;0;0;0;0;0;0;486538,735099999990000;5314869,775999999600000;8,819588543000066;47,986988299000075
55845;08171012317500326610;08;3;17;096;2017;10;15;5;3;8;1;1;0;0;0;0;0;0;421811,632199999990000;5368848,652499999900000;7,942227836000029;48,467907609000065
55848;08171012317100293940;08;3;17;056;2017;10;18;5;2;5;3;1;1;0;0;0;0;0;434901,363799999990000;5382432,695000000300000;8,117166718000021;48,591591166000057
55849;08171016325202304860;08;3;25;060;2017;10;17;2;2;0;1;1;0;0;0;0;0;0;469407,670900000030000;5339211,210000000000000;8,588253025000029;48,205393394000055
55857;08171016317500304660;08;3;17;096;2017;10;16;2;3;5;7;1;1;0;0;0;0;0;421131,994200000020000;5368803,216099999800000;7,933043567000027;48,467414051000048
55861;08171016317300315040;08;3;17;031;2017;10;06;2;2;0;7;1;0;0;0;0;2;0;416712,059799999990000;5358712,223199999900000;7,875265201000048;48,376077934000079
55867;08171016311010302240;08;3;36;091;2017;10;12;2;3;5;3;1;1;0;0;0;0;0;394306,873000000020000;5271797,404299999600000;7,594180383000037;47,590970572000060
55870;08171016299200303410;08;2;15;046;2017;10;19;2;3;6;4;0;1;1;0;0;2;0;451146,118000000020000;5414735,343999999600000;8,333621641000036;48,883645254000044
55889;08171012212202289460;08;2;12;000;2017;10;08;5;3;2;7;1;1;0;0;0;0;0;458985,267700000030000;5428827,123200000300000;8,439124699000047;49,010972908000042
55890;08171016216100304280;08;2;16;043;2017;10;07;2;2;6;3;0;1;1;0;0;0;0;442720,155399999990000;5412680,131799999600000;8,218987729000048;48,864437265000049
55899;08171016136100305370;08;1;36;088;2017;10;14;2;3;6;4;0;1;1;0;0;0;0;580131,785099999980000;5409748,163099999500000;10,091974690000029;48,835535238000034
55914;08171012136010292150;08;1;36;088;2017;10;11;5;3;5;3;1;1;0;0;0;0;0;580123,451699999980000;5409758,586400000400000;10,091863188000048;48,835630063000053
55917;08171016118100343170;08;1;18;079;2017;10;06;2;3;5;3;1;1;0;0;0;2;0;510648,034600000010000;5422425,279000000100000;9,145447293000075;48,954655660000071
55918;08171016118010305130;08;1;15;054;2017;10;15;2;2;6;4;0;1;1;0;0;0;0;493113,916499999990000;5395656,214300000100000;8,906388887000048;48,713898132000054
55925;08171016116200365140;08;1;16;047;2017;10;17;2;3;5;3;1;1;0;0;0;0;0;520580,351299999980000;5391974,511800000400000;9,279589340000030;48,680475961000070
55930;08171016116010306390;08;1;16;080;2017;10;09;2;3;6;4;0;0;1;0;1;0;0;521992,092599999970000;5395720,455900000400000;9,298967425000058;48,714126216000068
55932;08171016111500308650;08;1;11;000;2017;10;18;2;3;5;3;1;1;0;0;0;2;0;512294,875600000030000;5402242,066100000400000;9,167335877000028;48,773061129000041
55944;08171015415400322350;08;4;15;061;2017;10;15;1;3;3;2;1;1;0;0;0;0;0;514809,137999999980000;5369995,166000000200000;9,200403340000037;48,482908586000065
55959;08171015326300338110;08;3;26;052;2017;10;11;1;3;0;1;1;0;0;0;0;0;0;446015,853400000020000;5328220,617399999900000;8,274834064000061;48,104961038000056
55981;08171015235010378750;08;2;36;073;2017;10;12;1;3;5;2;1;1;0;0;0;0;0;480112,003700000000000;5424220,007399999500000;8,728252485000041;48,970572091000065
55986;08171015226300354880;08;2;26;056;2017;10;16;1;2;0;7;1;0;0;0;0;0;0;484949,495999999980000;5471681,082100000200000;8,792574150000064;49,397634015000051
55995;08171015199200340190;08;1;15;044;2017;10;16;1;2;5;3;1;0;0;1;0;0;0;505397,959299999990000;5390228,983699999700000;9,073310298000024;48,665088903000026
55997;08171015136300324100;08;1;36;065;2017;10;13;1;3;0;1;1;0;0;0;0;0;0;559132,542099999960000;5402123,219899999900000;9,804749742000070;48,769303831000059
55998;08171015136100298980;08;1;36;002;2017;10;12;1;3;0;7;1;0;0;0;0;0;0;565152,360200000000000;5418675,735799999900000;9,889297536000072;48,917588957000078
55999;08171015135200339110;08;1;35;019;2017;10;13;1;2;0;1;1;0;0;0;0;0;0;586533,971400000040000;5391003,786100000100000;10,175261270000021;48,666087036000079
56010;08171012116010297770;08;1;16;049;2017;10;19;5;3;5;3;1;1;0;0;0;2;0;524480,661599999990000;5386141,391300000300000;9,332230237000033;48,627860389000034
56014;08171015119100331920;08;1;19;038;2017;10;17;1;3;5;3;1;1;0;0;0;0;0;525429,861999999960000;5421689,765999999800000;9,347311627000067;48,947608048000063
56033;08171014416010297810;08;4;15;091;2017;10;14;7;2;6;4;0;0;1;1;0;0;0;515459,682299999990000;5363385,257700000000000;9,208962563000057;48,423427446000062
56040;08171014335200298190;08;3;35;063;2017;10;15;7;3;0;7;1;0;0;0;0;0;0;496734,038600000030000;5287631,418999999800000;8,956434449000028;47,742047297000056
56055;08171014235100345840;08;2;35;085;2017;10;17;7;3;6;2;0;1;1;0;0;0;0;481032,026100000020000;5395583,261199999600000;8,742149234000067;48,712991351000028
56062;08171014199200314170;08;1;18;048;2017;10;23;7;3;6;4;0;1;1;0;0;2;0;512395,696500000020000;5415267,557000000000000;9,169101934000025;48,890234379000049
56100;08171013435100316560;08;4;35;016;2017;10;13;6;3;5;3;1;0;0;0;0;0;0;539262,792900000000000;5279988,867800000100000;9,523037524000074;47,672098459000040
56115;08171011337010319270;08;3;37;053;2017;10;16;4;2;6;4;0;1;1;0;0;0;0;457445,942500000000000;5268719,980100000300000;8,434215194000046;47,570500168000081
56117;08171013415100336620;08;4;15;050;2017;10;12;6;3;0;6;1;0;0;0;0;0;0;521435,555999999980000;5376432,820700000000000;9,290404500000022;48,540632394000056
56122;08171013335010296220;08;3;35;075;2017;10;16;6;3;5;2;1;1;0;0;0;0;0;487331,743800000000000;5290195,085900000300000;8,830940329000043;47,764997845000039
56128;08171013325302331250;08;3;25;001;2017;10;16;6;3;5;3;1;1;0;0;0;0;0;455573,070400000030000;5346241,862700000400000;8,401322369000070;48,267825802000061
56133;08171013317500294930;08;3;17;047;2017;10;18;6;3;0;7;1;0;0;0;0;0;0;421108,614999999990000;5361255,354000000300000;7,934148444000073;48,399518515000068
56134;08171013317112311180;08;3;17;098;2017;10;15;6;3;0;6;1;1;0;0;0;0;0;438114,589500000000000;5364396,116800000000000;8,163413028000036;48,429670363000071
56138;08171013311500292810;08;3;15;016;2017;10;13;6;2;6;4;0;1;1;0;0;0;0;431562,556400000000000;5309969,586100000000000;8,083621670000071;47,939385794000032
56154;08171011415300343660;08;4;15;059;2017;10;16;4;3;0;7;0;1;1;0;0;0;0;514876,880799999980000;5366633,266599999700000;9,201200465000056;48,452662007000072
56155;08171013235010301420;08;2;31;000;2017;10;17;6;3;0;4;0;1;1;0;0;0;0;477843,773899999970000;5415669,080000000100000;8,697724784000059;48,893574222000041
56157;08171013221000318870;08;2;21;000;2017;10;03;6;2;6;6;0;0;1;0;1;2;0;473402,788799999980000;5470361,399500000300000;8,633528579000029;49,385368718000052
56164;08171013215502333520;08;2;15;111;2017;10;15;6;3;4;3;1;0;0;1;0;0;0;457491,115100000000000;5445511,704800000400000;8,416938724000033;49,160949880000032
56167;08171013215402291280;08;2;15;009;2017;10;07;6;3;3;2;1;1;0;0;0;1;0;471119,273999999980000;5442597,069000000100000;8,604068741000049;49,135524760000067
56170;08171013212302293790;08;2;12;000;2017;10;07;6;3;9;7;1;0;0;0;0;0;0;456390,748000000020000;5428230,283699999600000;8,403710781000029;49,005426359000069
56182;08171013121600330390;08;1;25;110;2017;10;10;6;3;5;3;1;1;0;0;0;0;0;526259,793999999990000;5442916,900999999600000;9,360022031000028;49,138519339000027
56183;08171013121300328260;08;1;21;000;2017;10;20;6;3;3;2;1;1;0;0;0;2;0;513964,270900000000000;5443302,232300000300000;9,191465063000067;49,142388086000039
56187;08171013118200336110;08;1;18;011;2017;10;18;6;3;0;7;1;0;0;0;0;0;0;498997,164999999980000;5410954,724499999500000;8,986329880000028;48,851560091000067
56194;08171011335010287840;08;3;35;055;2017;10;16;4;3;0;3;1;1;0;0;0;0;0;495073,969500000010000;5285854,902800000300000;8,934310452000034;47,726052372000026
56200;08171013111500294030;08;1;11;000;2017;10;08;6;3;5;3;1;1;0;0;0;0;0;511447,924699999970000;5406421,851900000100000;9,155925211000067;48,810678264000046
56216;08171017317000337670;08;3;17;034;2017;10;17;3;2;0;7;1;0;0;0;0;0;0;427445,737800000000000;5360958,116100000200000;8,019803064000030;48,397605996000038
56219;08171017317000307220;08;3;17;096;2017;10;18;3;2;5;3;1;1;0;0;0;1;0;421615,963999999980000;5369689,233000000000000;7,939423633000047;48,475444192000054
56223;08171022317100370170;08;3;17;089;2017;10;16;1;3;5;3;1;1;0;0;0;0;1;430681,914999999980000;5376439,737300000200000;8,060951130000035;48,537231108000071
56234;08171022199200332240;08;1;18;081;2017;10;16;1;2;5;3;1;0;0;0;1;0;0;520661,837100000000000;5413598,853400000400000;9,281783033000068;48,875002745000074
56252;08171017311010330130;08;3;36;019;2017;10;18;3;3;4;6;1;0;0;0;0;0;0;394724,458999999970000;5275838,076000000400000;7,598762302000068;47,627384787000040
56255;08171017311010320020;08;3;36;105;2017;10;13;3;3;5;3;1;1;0;0;1;0;0;398835,639800000000000;5267553,930400000000000;7,655377440000052;47,553521267000065
56261;08171021436300347230;08;4;36;081;2017;10;18;7;3;2;6;1;1;0;0;0;2;0;563018,364199999950000;5281057,045900000300000;9,839622009000038;47,679829730000051
56263;08171017299200310120;08;2;15;096;2017;10;17;3;3;6;7;0;1;1;0;0;0;0;463885,405499999990000;5418316,857900000200000;8,507063871000071;48,916735761000041
56264;08171021436200339390;08;4;36;082;2017;10;06;7;3;3;6;1;1;0;0;0;2;0;546851,529699999960000;5293828,167100000200000;9,625614504000055;47,796106268000074
56271;08171021335100324710;08;3;35;043;2017;10;16;7;3;6;6;1;0;1;0;0;0;0;514792,500000000000000;5280133,742999999800000;9,197066165000024;47,674424898000041
56275;08171021317600326940;08;3;17;040;2017;10;15;7;3;0;7;1;0;0;0;0;0;0;431442,465000000030000;5348653,650000000400000;8,075793955000052;48,287368789000027
56287;08171017222400349170;08;2;22;000;2017;10;12;3;3;0;7;1;0;0;0;0;0;0;468480,298699999980000;5479293,944799999700000;8,564995866000061;49,465479333000076
56289;08171021235200327180;08;2;35;080;2017;10;18;7;3;6;4;0;0;1;1;0;0;0;478667,303699999990000;5385858,454300000300000;8,710505157000057;48,625430370000061
56290;08171017216200331780;08;2;16;063;2017;10;22;3;3;5;3;1;1;0;0;0;2;0;429337,647300000010000;5399907,756199999700000;8,038739681000038;48,748173970000039
56297;08171021226300366000;08;2;26;029;2017;10;13;7;3;6;7;0;1;1;0;0;0;0;486398,211000000010000;5483566,776999999800000;8,812132077000058;49,504578296000034
56299;08171021221200325280;08;2;21;000;2017;10;00;7;3;6;3;0;1;1;0;0;2;1;476598,266400000020000;5472422,543700000300000;8,677435508000031;49,404039588000046
56301;08171021215502364420;08;2;15;029;2017;10;12;7;3;6;7;0;1;1;0;0;0;0;466996,963800000030000;5447847,447100000500000;8,547126553000055;49,182544748000055
56304;08171021136300340750;08;1;36;065;2017;10;02;7;3;0;1;1;0;0;0;0;2;0;557957,725800000010000;5405157,803999999500000;9,789190849000022;48,796710752000081
56308;08171017212702325730;08;2;15;017;2017;10;07;3;3;5;2;1;1;0;0;0;0;0;458212,704000000030000;5420444,854000000300000;8,429421601000058;48,935520791000044
56310;08171017211100328070;08;2;16;049;2017;10;20;3;3;5;3;1;1;0;0;0;2;0;438887,486800000010000;5401503,441900000000000;8,168399309000051;48,763537616000065
56316;08171021117100383530;08;1;17;019;2017;10;18;7;3;5;3;1;1;0;0;0;2;1;553065,024600000000000;5393868,091699999800000;9,721119820000070;48,695593278000047
56319;08171017199200374850;08;1;15;024;2017;10;19;3;2;5;2;1;1;0;0;0;2;0;500455,199000000020000;5387000,240000000200000;9,006178562000059;48,636065755000061
56324;08171021116010359410;08;1;16;019;2017;10;19;7;3;4;2;1;1;0;0;0;2;0;525035,342500000030000;5398194,956899999600000;9,340487844000052;48,736271781000028
56330;08171021111210324840;08;1;11;000;2017;10;22;7;3;6;2;0;0;1;0;1;2;1;508066,000400000020000;5397157,953099999600000;9,109680534000063;48,727393684000049
56370;08171017121100326140;08;1;25;006;2017;10;16;3;3;5;3;1;1;0;0;0;0;0;505982,975199999990000;5453720,026399999900000;9,082188255000062;49,236228983000046
56383;08171020136010359300;08;1;36;088;2017;10;18;6;3;6;2;0;1;1;0;0;0;0;575129,627300000050000;5413595,476900000100000;10,024526785000035;48,870764995000059
56386;08171020128100323440;08;1;28;126;2017;10;17;6;3;6;4;0;1;1;0;0;0;0;565021,491599999950000;5481651,753800000100000;9,897706310000046;49,484022199000037
56388;08171020128010331630;08;1;28;139;2017;10;16;6;2;6;4;0;1;1;0;0;0;0;553007,653999999980000;5488259,830000000100000;9,732742906000055;49,544623956000066
56390;08171017119010307510;08;1;19;090;2017;10;19;3;3;6;2;0;0;1;0;1;2;0;531933,837100000000000;5406703,658599999700000;9,434967571000072;48,812498201000039
56393;08171020121200320980;08;1;21;000;2017;10;11;6;2;5;2;1;1;0;0;0;0;0;515672,770599999990000;5444161,722600000000000;9,214923691000024;49,150078261000033
56403;08171020116010385300;08;1;16;077;2017;10;12;6;3;0;3;1;1;0;0;0;0;0;516952,233699999980000;5390553,547100000100000;9,230242639000039;48,667801959000030
56406;08171020111500337580;08;1;11;000;2017;10;19;6;3;5;7;1;1;0;0;0;2;0;515862,830699999990000;5398897,921400000300000;9,215767306000032;48,742896696000059
56409;08171019436500355310;08;4;37;044;2017;10;22;5;3;6;2;0;1;1;0;0;2;0;532990,547200000030000;5323152,633600000300000;9,442780163000066;48,060798938000062
56417;08171017117100310820;08;1;17;019;2017;10;10;3;3;0;6;1;1;0;0;0;0;0;552705,839000000040000;5393982,173000000400000;9,716253674000029;48,696649931000081
56420;08171019435200321170;08;4;35;036;2017;10;16;5;2;6;4;0;0;1;1;0;0;0;519991,866800000020000;5282336,207800000000000;9,266432516000066;47,694101899000032
56427;08171019416100316530;08;4;16;036;2017;10;17;5;3;2;1;1;1;0;0;0;0;0;491427,534600000010000;5366922,476599999700000;8,884056620000024;48,455381349000049
56429;08171019416010315520;08;4;15;061;2017;10;07;5;3;5;3;1;1;0;0;0;1;0;515208,942300000000000;5372518,419499999800000;9,205905516000030;48,505599116000042
56437;08171019335010331370;08;3;35;063;2017;10;11;5;2;3;6;1;0;0;0;0;0;0;496926,163699999980000;5287960,228199999800000;8,958994934000032;47,745006731000046
56463;08171019235010318000;08;2;36;031;2017;10;17;5;3;2;6;1;1;0;0;0;0;0;481846,336699999990000;5420191,451600000300000;8,752129581000077;48,934386174000053
56465;08171019231102317940;08;2;36;046;2017;10;17;5;3;0;7;1;0;0;0;0;0;0;484574,495899999980000;5417689,591900000300000;8,789474244000076;48,911954289000050
56478;08171017111500366060;08;1;11;000;2017;10;17;3;2;0;2;1;1;0;0;0;0;0;513169,234000000000000;5400499,240100000100000;9,179180238000072;48,757364878000033
56483;08171019136300333220;08;1;36;065;2017;10;07;5;3;5;3;1;1;0;0;0;0;0;558414,581000000010000;5406485,794999999900000;9,795599997000068;48,808613350000030
56492;08171019121100352670;08;1;25;006;2017;10;19;5;3;5;3;1;1;0;0;0;2;0;507308,973300000010000;5454366,140499999700000;9,100415274000056;49,242026531000079
56493;08171019119200355880;08;1;19;020;2017;10;14;5;2;0;7;1;0;0;0;0;0;0;519268,652999999990000;5406567,818900000300000;9,262452512000039;48,811798058000079
56494;08171019119010320130;08;1;19;087;2017;10;17;5;2;6;4;0;1;1;0;0;0;0;529105,253299999980000;5423830,510700000500000;9,397660620000067;48,966702989000055
56499;08171017111210312360;08;1;11;000;2017;10;17;3;3;5;2;1;1;0;0;0;0;0;507573,075000000010000;5397444,973000000200000;9,102983076000044;48,729981907000081
56507;08171019111500317010;08;1;11;000;2017;10;20;5;3;5;3;1;0;0;0;1;2;0;514856,826599999970000;5406113,273500000100000;9,202344351000022;48,807830182000032
56528;08171018317010387270;08;3;17;057;2017;10;18;4;2;5;2;1;1;0;0;0;0;0;412875,447500000010000;5373449,305499999800000;7,820400410000048;48,508113800000046
56535;08171018311400349330;08;3;15;074;2017;10;19;4;3;6;1;1;0;1;0;0;2;0;398913,902999999990000;5297425,586000000100000;7,649497592000046;47,822234641000080
56538;08171018311010311060;08;3;11;000;2017;10;13;4;3;5;2;1;1;0;0;0;0;0;412217,803699999990000;5318709,310200000200000;7,822859508000022;48,015643852000039
56550;08171018226600314210;08;2;26;082;2017;10;13;4;3;2;5;1;1;0;0;0;0;0;475286,550200000000000;5480399,228799999700000;8,658858077000048;49,475736173000030
56553;08171018216100352360;08;2;16;039;2017;10;15;4;3;5;3;1;1;0;0;0;0;0;444823,839199999990000;5415176,861399999800000;8,247332016000030;48,887086147000048
56554;08171018212702312910;08;2;15;017;2017;10;07;4;3;6;4;0;1;1;0;0;1;0;457258,425300000000000;5420868,581399999600000;8,416347807000022;48,939267134000033
56574;08171018119100355210;08;1;19;008;2017;10;16;4;3;6;4;0;1;1;0;0;0;0;531071,515600000040000;5421652,046600000000000;9,424358352000070;48,947011022000027
56584;08171018116010312240;08;1;16;070;2017;10;18;4;3;5;2;1;1;0;0;0;2;0;539857,144699999950000;5384585,789300000300000;9,540749160000075;48,613075540000068
56586;08171018115100358570;08;1;15;003;2017;10;15;4;3;5;2;1;0;0;0;1;0;0;496738,422100000030000;5392935,667899999800000;8,955682775000071;48,689453370000081
56587;08171018115100316840;08;1;15;003;2017;10;18;4;3;5;3;1;1;0;0;0;0;0;498456,297599999990000;5392806,718700000100000;8,979025170000057;48,688299944000050
56589;08171017436500310130;08;4;36;009;2017;10;17;3;2;5;3;1;1;0;0;0;0;0;555826,585599999990000;5309307,991800000000000;9,747449522000068;47,934656907000033
56590;08171017436500304350;08;4;36;081;2017;10;04;3;3;0;1;1;0;0;0;0;2;0;557834,373000000020000;5277468,918999999800000;9,770085137000024;47,648032302000047
56593;08171016417213302400;08;4;17;057;2017;10;10;2;3;9;1;1;0;0;0;0;0;0;482166,740400000010000;5339336,186200000300000;8,759971973000063;48,207004546000064
56597;08171017421200322970;08;4;25;075;2017;10;06;3;3;6;7;0;1;1;0;0;1;1;569252,996200000050000;5375454,537700000200000;9,938003518000073;48,528376286000025
56609;08171017335010329800;08;4;35;024;2017;10;16;3;2;5;3;1;1;0;0;0;0;0;528684,196600000020000;5280115,322200000300000;9,382127368000056;47,673792074000062
56612;08171017325202354820;08;3;25;049;2017;10;18;3;3;5;3;1;1;0;0;0;0;0;478519,974999999980000;5335774,457999999600000;8,711068859000022;48,174847535000026
56614;08171017325010313450;08;2;37;019;2017;10;14;3;2;6;4;0;1;1;0;0;0;0;463227,205000000020000;5368608,115600000100000;8,502505631000076;48,469529331000047
56616;08171017325010307870;08;4;17;044;2017;10;09;3;2;6;2;0;1;1;0;0;0;0;497245,381700000030000;5336389,150700000100000;8,962942977000068;48,180735003000052
56619;08171030216100360060;08;2;16;043;2017;10;13;2;2;0;7;1;0;0;0;0;0;0;443934,395399999980000;5412168,697700000400000;8,235612431000050;48,859947849000037
56626;08171027215502363380;08;2;15;099;2017;10;09;6;3;5;3;1;1;0;0;0;0;1;462457,288000000000000;5445420,202999999700000;8,485061307000024;49,160450657000069
56642;08171027121500354600;08;1;25;063;2017;10;13;6;2;8;1;1;0;0;0;0;0;1;525123,696000000000000;5466751,519000000300000;9,345940982000059;49,352960868000082
56643;08171027121400373740;08;1;25;013;2017;10;19;6;3;6;2;0;1;1;0;0;2;0;505702,782400000030000;5437012,085500000000000;9,078102546000025;49,085937783000077
56647;08171027299200374600;08;2;12;000;2017;10;08;6;3;6;2;0;1;1;0;0;2;1;459094,850700000010000;5429608,996500000400000;8,440544360000047;49,018013261000078
56649;08171027317210374760;08;3;17;153;2017;10;18;6;3;5;3;1;1;0;0;0;1;0;423935,522500000020000;5395637,981700000400000;7,966051306000054;48,709132792000048
56650;08171027121200350580;08;1;21;000;2017;10;23;6;3;6;4;0;0;1;0;1;2;0;516249,653400000010000;5443739,784400000200000;9,222817512000063;49,146267798000054
56657;08171027117400365890;08;1;17;051;2017;10;16;6;3;3;2;1;1;0;0;0;0;0;542256,961200000020000;5395367,136300000400000;9,574407254000050;48,709903788000076
56661;08171027117010359150;08;1;17;024;2017;10;15;6;3;2;6;1;1;0;0;0;0;1;562094,902400000020000;5385774,745400000400000;9,842602938000027;48,621958846000041
56667;08171027116200366320;08;1;16;077;2017;10;07;6;3;2;6;1;1;0;0;0;2;0;514152,534199999990000;5389404,192099999600000;9,192178481000042;48,657531976000030
56668;08171027116200351220;08;1;16;077;2017;10;07;6;3;0;1;1;0;0;0;0;2;0;514492,092999999990000;5389534,313600000000000;9,196793908000075;48,658694777000051
56670;08171027111500369000;08;1;11;000;2017;10;15;6;2;6;4;0;1;1;0;0;0;0;515917,349500000010000;5408911,698800000400000;9,216896759000065;48,832978092000076
56672;08171027111240356970;08;1;11;000;2017;10;07;6;3;5;2;1;1;0;0;0;1;0;513949,545800000020000;5403690,223000000200000;9,189905307000061;48,786053725000045
56673;08171026435200376830;08;4;35;059;2017;10;13;5;3;4;6;1;0;0;0;0;0;0;513991,288500000020000;5291379,681800000400000;9,186753786000054;47,775628884000071
56676;08171027226600366950;08;2;26;096;2017;10;18;6;3;5;3;1;1;0;0;0;2;0;475210,354200000000000;5486155,671299999600000;8,657445038000049;49,527510371000062
56685;08171026416010372500;08;4;16;036;2017;10;17;5;2;3;2;1;0;0;0;1;0;0;485933,951000000000000;5371079,382000000200000;8,809615880000024;48,492679663000047
56698;08171030117010379660;08;4;25;071;2017;10;11;2;3;6;4;0;1;1;0;0;0;0;550973,550000000050000;5370960,622999999700000;9,689888979000045;48,489701239000055
56699;08171030221000367620;08;2;26;085;2017;10;08;2;2;4;2;1;1;0;0;0;0;0;491083,228300000020000;5455007,560300000000000;8,877481554000042;49,247774928000069
56713;08171026311010368510;08;3;36;050;2017;10;19;5;3;3;2;1;1;0;0;0;2;0;399298,476000000020000;5274878,771999999900000;7,659846384000048;47,619482926000046
56720;08171026226700372260;08;2;26;041;2017;10;10;5;3;2;6;1;1;0;0;0;0;0;477422,938100000030000;5466702,892400000200000;8,689127104000022;49,352623096000059
56722;08171026222014355540;08;2;22;000;2017;10;09;5;3;5;2;1;1;0;0;0;0;0;462321,455900000000000;5481896,196399999800000;8,479753041000038;49,488534400000049
56723;08171026221000348080;08;2;21;000;2017;10;09;5;2;0;7;1;0;0;0;0;0;0;479498,144800000010000;5473784,068300000400000;8,717335956000056;49,416390914000033
56724;08171029335010377210;08;3;35;043;2017;10;00;1;2;6;4;0;1;1;0;0;2;1;510153,496999999970000;5281870,048100000200000;9,135305825000046;47,690137084000071
56726;08171030135200383320;08;1;35;019;2017;10;11;2;3;6;3;0;1;1;0;0;0;0;584173,290400000060000;5392418,924100000400000;10,143494461000046;48,679137875000038
56731;08171026216100342430;08;2;16;043;2017;10;06;5;3;5;3;1;1;0;0;0;2;0;440150,283300000010000;5413466,416600000100000;8,183836067000073;48,871267170000067
56743;08171028212402357330;08;2;12;000;2017;10;12;7;3;5;3;1;1;0;0;0;0;0;456438,598899999980000;5424560,779099999900000;8,404758359000027;48,972422003000077
56758;08171026115100374870;08;1;15;003;2017;10;16;5;3;5;3;1;1;0;0;0;0;0;500209,431199999990000;5392234,810999999800000;9,002845326000056;48,683156874000076
56765;08171026111110351000;08;1;11;000;2017;10;16;5;3;6;7;0;0;1;0;1;0;0;513248,273600000010000;5402301,435899999900000;9,180313675000036;48,773575646000040
56766;08171025436500360940;08;4;36;064;2017;10;19;4;3;5;3;1;1;0;0;0;2;0;545542,182400000050000;5292584,614400000300000;9,608001138000077;47,785011967000059
56769;08171027317000349420;08;3;17;031;2017;10;14;6;2;6;7;0;1;1;0;0;0;0;417053,868499999980000;5358375,338000000500000;7,879946600000039;48,373092723000070
56770;08171025426010355120;08;4;26;021;2017;10;16;4;2;5;3;1;1;0;0;0;0;0;559153,071499999960000;5326372,939000000200000;9,794337097000039;48,087879922000070
56774;08171025417300360270;08;4;17;008;2017;10;22;4;3;8;1;1;0;0;0;0;2;0;492113,780399999990000;5351075,237400000000000;8,893635611000036;48,312819566000030
56775;08171027426010358160;08;4;25;064;2017;10;07;6;2;3;6;1;1;0;0;0;2;0;571120,860400000010000;5347967,622399999800000;9,958641126000032;48,280914775000042
56778;08171030222014368340;08;2;22;000;2017;10;11;2;2;6;4;0;1;1;0;0;0;0;465212,436700000020000;5484952,724200000100000;8,519399564000025;49,516199005000033
56780;08171025416010343890;08;4;15;089;2017;10;16;4;2;0;7;1;1;0;0;0;0;0;521134,194299999970000;5359169,512600000000000;9,285449589000052;48,385335908000059
56784;08171025337010342700;08;3;37;076;2017;10;16;4;3;4;2;1;0;0;1;0;0;0;426501,400599999990000;5267163,412499999600000;8,023095782000041;47,553729319000070
56790;08171025335100359720;08;3;35;002;2017;10;19;4;3;0;5;1;1;0;0;0;2;0;505563,918999999990000;5285657,839999999900000;9,074193387000037;47,724274094000066
56791;08171028136100368260;08;1;36;088;2017;10;13;7;3;0;1;1;0;0;0;0;0;0;581082,262299999940000;5409355,094899999900000;10,104846813000051;48,831876505000025
56795;08171025325010368540;08;3;25;053;2017;10;15;4;2;6;4;0;1;1;0;0;0;0;454267,925099999990000;5341209,201100000200000;8,384279520000064;48,222457660000032