OBJECTID;UIDENTSTLA;ULAND;UREGBEZ;UKREIS;UGEMEINDE;UJAHR;UMONAT;USTUNDE;UWOCHENTAG;UKATEGORIE;UART;UTYP1;IstRad;IstPKW;IstFuss;IstKrad;IstSonstig;LICHT;STRZUSTAND;LINREFX;LINREFY;XGCSWGS84;YGCSWGS84
56798;08171025317300342260;08;3;17;065;2017;10;17;4;3;5;2;1;1;0;0;0;0;0;414164,554000000000000;5355129,189000000200000;7,841601477000040;48,343507900000077
56803;08171030115200371970;08;1;15;015;2017;10;08;2;2;9;7;1;0;0;0;0;0;0;493377,538899999990000;5387343,211000000100000;8,910105785000042;48,639116272000081
56806;08171030115400359920;08;1;15;045;2017;10;08;2;3;0;7;1;0;0;0;0;0;0;500372,387300000000000;5394192,791500000300000;9,005061008000041;48,700770985000077
56808;08171025317100370490;08;3;17;001;2017;10;07;4;2;5;2;1;0;0;0;1;1;0;432459,960800000000000;5386423,977300000400000;8,083412448000047;48,627234492000071
56824;08171025221200370820;08;2;21;000;2017;10;21;4;3;0;7;1;0;0;0;0;2;0;476620,964700000010000;5472380,704800000400000;8,677750834000051;49,403664126000081
56826;08171025215402500700;08;2;15;009;2017;10;07;4;3;4;2;1;0;0;1;0;1;0;467094,113499999980000;5436464,935100000400000;8,549388536000038;49,080162774000030
56828;08171028325202353330;08;3;26;074;2017;10;14;7;3;8;1;1;0;0;0;0;0;0;468093,867299999980000;5324944,433000000200000;8,571640041000023;48,076974611000026
56852;08171025135100340670;08;1;35;016;2017;10;09;4;3;2;1;1;1;0;0;0;0;0;591512,806499999950000;5386351,200500000300000;10,241837251000049;48,623531770000056
56854;08171025127202343010;08;1;27;014;2017;10;15;4;3;5;3;1;1;0;0;0;0;0;578396,216000000010000;5442785,927000000100000;10,074699384000041;49,132900645000063
56855;08171025126010368190;08;1;25;069;2017;10;19;4;2;6;4;0;1;1;0;0;2;0;524414,617399999990000;5454139,338999999700000;9,335406812000031;49,239543142000059
56864;08171025118300371530;08;1;18;051;2017;10;07;4;3;0;7;1;1;0;0;0;2;0;509256,669999999980000;5414918,686999999900000;9,126271599000063;48,887150867000059
56868;08171025118010359690;08;1;18;019;2017;10;15;4;3;6;2;0;1;1;0;0;0;0;504605,344300000000000;5405070,473000000200000;9,062711533000027;48,798609759000044
56874;08171030116100379370;08;1;16;056;2017;10;19;2;3;3;2;1;1;0;0;0;2;0;530497,942700000010000;5395605,419300000200000;9,414587404000031;48,712733325000045
56875;08171025118010342140;08;1;15;021;2017;10;09;4;2;6;4;0;0;1;0;1;0;0;490215,666099999970000;5382495,546299999600000;8,867300530000023;48,595464254000035
56879;08171025116200360250;08;1;16;077;2017;10;09;4;3;6;7;1;0;1;0;0;0;0;515938,716299999970000;5391705,667700000100000;9,216521713000077;48,678193201000056
56882;08171025116010347630;08;1;16;049;2017;10;15;4;3;5;6;1;1;0;0;0;0;0;525104,498999999950000;5385790,297000000300000;9,340675001000022;48,624677198000029
56884;08171025116010347590;08;1;16;006;2017;10;12;4;3;5;3;1;1;0;0;0;0;0;515712,454000000030000;5381997,556800000400000;9,213079950000065;48,590863534000050
56893;08171024435117342990;08;4;35;057;2017;10;08;3;3;5;3;1;1;0;0;0;0;0;542132,034499999950000;5279620,307699999800000;9,561222616000066;47,668601826000042
56895;08171024435100368650;08;4;35;013;2017;10;06;3;3;5;3;1;0;0;0;1;2;0;539631,218499999960000;5275539,349000000400000;9,527541931000030;47,632042090000027
56901;08171024416211349500;08;4;16;015;2017;10;07;3;3;5;2;1;1;0;1;0;2;0;505896,724800000030000;5366957,662600000400000;9,079754284000046;48,455728667000074
56915;08171024335112339020;08;3;35;043;2017;10;08;3;3;0;1;1;0;0;0;0;0;0;511077,715000000030000;5281862,690000000400000;9,147621757000024;47,690055695000069
56925;08171024325010368500;08;3;27;025;2017;10;09;3;2;0;7;0;0;1;0;1;0;0;478997,297499999990000;5309077,694299999600000;8,718800173000034;47,934672921000072
56927;08171024317114340140;08;3;17;089;2017;10;07;3;3;4;6;1;0;0;0;0;2;1;428993,495999999980000;5376434,315100000200000;8,038082439000050;48,536993512000038
56932;08171024311010339880;08;3;36;019;2017;10;14;3;3;5;3;1;1;0;0;0;0;0;394238,478599999970000;5276895,001899999600000;7,592040434000069;47,636812706000057
56933;08171024311010334600;08;3;36;081;2017;10;08;3;3;5;3;1;1;0;0;0;0;1;412221,664999999980000;5278005,022400000100000;7,831163795000066;47,649486395000054
56944;08171028435100379280;08;4;35;016;2017;10;15;7;3;0;1;1;1;0;0;0;0;0;535063,194999999950000;5281198,708999999800000;9,467191969000055;47,683225256000071
56963;08171024221200358500;08;2;21;000;2017;10;10;3;3;0;3;1;0;0;0;1;0;1;477469,032000000010000;5471830,476400000000000;8,689471349000030;49,398746887000073
56967;08171024211010339780;08;3;17;001;2017;10;20;3;3;6;7;0;1;1;0;0;2;0;429135,456300000020000;5387921,873800000200000;8,038045864000026;48,640340095000056
56978;08171024121200382400;08;1;21;000;2017;10;06;3;3;0;1;1;0;0;0;0;1;1;515751,832999999980000;5440678,898000000000000;9,215871797000034;49,118747039000027
56985;08171024118400333980;08;1;18;048;2017;10;06;3;3;5;2;1;1;0;0;0;2;1;511586,046299999990000;5415252,741399999700000;9,158056321000061;48,890116768000041
56986;08171024118300380860;08;1;18;081;2017;10;15;3;3;6;4;0;1;1;0;0;0;0;520471,879100000020000;5414965,458100000400000;9,279260881000027;48,887302607000038
56987;08171024118200337190;08;1;18;019;2017;10;08;3;3;5;3;1;1;0;0;0;0;0;504973,584700000010000;5406050,392900000300000;9,067737774000023;48,807422202000055
56989;08171024118010344150;08;1;18;076;2017;10;06;3;3;6;2;0;0;1;0;1;2;1;504624,206300000020000;5422969,563000000100000;9,063170817000071;48,959626263000075
57005;08171023435100385890;08;4;35;016;2017;10;19;2;2;0;1;1;0;0;0;0;0;1;535721,210500000040000;5277791,476499999900000;9,475680616000034;47,652532991000044
57006;08171023435100354160;08;4;35;035;2017;10;06;2;3;4;2;1;1;0;0;0;2;1;542066,945199999960000;5282528,403599999800000;9,560635899000033;47,694770951000066
57008;08171023435100332390;08;4;35;016;2017;10;08;2;3;5;3;1;1;0;0;0;0;1;535028,570300000020000;5277777,950699999900000;9,466456325000024;47,652449163000028
57016;08171028212402380110;08;2;12;000;2017;10;17;7;3;5;3;1;1;0;0;0;1;0;455635,180700000030000;5427087,901700000300000;8,393504951000068;48,995096654000065
57020;08171023336410334300;08;3;36;078;2017;10;12;2;3;0;1;1;0;0;0;0;0;1;393364,040199999990000;5290139,912899999900000;7,577165021000042;47,755805840000050
57025;08171023335100377900;08;3;35;043;2017;10;13;2;3;0;7;1;0;0;0;0;0;0;513467,164600000020000;5279356,391200000400000;9,179386127000043;47,667459516000065
57026;08171030235111379980;08;2;35;033;2017;10;13;2;3;8;2;1;0;0;0;1;0;0;458535,794700000030000;5405062,493300000200000;8,435391831000061;48,797172233000026
57029;08171023335010331290;08;3;35;100;2017;10;16;2;2;3;6;1;0;0;0;0;0;0;489511,259700000000000;5287196,288999999900000;8,860098512000036;47,738055171000042
57037;08171023311010331650;08;3;11;000;2017;10;18;2;3;5;3;1;1;0;0;0;2;1;411679,345500000000000;5319207,058000000200000;7,815537929000072;48,020047003000059
57048;08171023216200356770;08;2;16;007;2017;10;22;2;3;5;2;1;1;0;0;0;2;1;435829,831000000010000;5394623,118999999900000;8,127867698000046;48,701341448000051
57052;08171023212710339990;08;2;15;096;2017;10;06;2;3;0;3;1;1;0;0;0;2;0;464253,853999999990000;5420236,374699999600000;8,511924468000075;48,934023980000063
57058;08171023135100357130;08;1;35;016;2017;10;16;2;3;3;2;1;1;0;0;0;0;0;589900,847799999990000;5390251,836100000000000;10,220814510000025;48,658848373000069
57071;08171023121100368130;08;1;25;026;2017;10;11;2;3;6;7;0;0;1;0;1;0;0;495441,913300000010000;5446264,955099999900000;8,937470064000024;49,169180694000033
57074;08171023119300357160;08;1;19;067;2017;10;17;2;2;5;3;1;1;0;0;0;1;1;539669,027000000000000;5410617,155000000300000;9,540702053000075;48,847256302000062
57085;08171023115200351570;08;1;15;021;2017;10;22;2;3;5;3;1;1;0;0;0;2;1;490308,509499999990000;5382690,583399999900000;8,868555159000039;48,597220295000056
57089;08171023111213625850;08;1;11;000;2017;10;07;2;3;5;2;1;1;0;0;0;0;0;514984,690999999990000;5395300,968999999600000;9,203692145000048;48,710560301000044
57098;08171110111310407810;08;1;11;000;2017;11;22;6;3;0;1;1;0;0;0;0;2;1;516745,369499999970000;5405858,646200000300000;9,228055002000076;48,805491575000076
57107;08171109335010429140;08;3;35;075;2017;11;06;5;3;5;3;1;1;0;0;0;2;0;488513,886799999980000;5290263,945100000100000;8,846714313000064;47,765639560000068
57108;08171107226600398320;08;2;26;096;2017;11;07;3;3;0;7;1;1;0;0;0;0;0;476090,710199999970000;5489652,643799999700000;8,669397836000030;49,558999673000073
57111;08171107216200504990;08;2;16;028;2017;11;19;3;3;5;3;1;0;0;0;1;2;0;426168,729600000020000;5396074,489400000300000;7,996324385000037;48,713327433000075
57123;08171107127100398960;08;1;27;076;2017;11;18;3;3;5;3;1;1;0;0;0;2;1;553002,191499999960000;5438980,674100000400000;9,726120379000065;49,101388926000027
57126;08171109325102459990;08;3;25;057;2017;11;17;5;3;6;4;0;1;1;0;0;2;0;472918,625799999980000;5356819,783900000200000;8,634377558000040;48,363969449000081
57133;08171107116010425780;08;1;16;080;2017;11;20;3;3;6;2;0;1;1;0;0;2;1;519442,346200000030000;5397009,739299999500000;9,264366554000048;48,725809281000068
57135;08171107115300432370;08;1;15;028;2017;11;09;3;3;6;2;0;1;1;0;0;0;1;500844,740100000000000;5404847,145999999700000;9,011502473000064;48,796617209000033
57136;08171109317010416420;08;3;17;096;2017;11;03;5;2;0;7;0;0;1;0;1;2;0;419300,596499999990000;5373147,196100000300000;7,907433287000060;48,506254891000026
57141;08171107111500401690;08;1;11;000;2017;11;18;3;2;5;3;1;1;0;0;0;2;1;513329,331400000020000;5400054,790199999700000;9,181344117000037;48,753363219000050
57148;08171106435010421730;08;4;35;067;2017;11;07;2;2;6;4;0;1;1;0;0;1;1;528464,455800000000000;5291443,038999999900000;9,379940503000057;47,775722046000055
57153;08171110118500410620;08;1;18;049;2017;11;16;6;3;2;6;1;1;0;0;0;1;1;520181,386500000020000;5421010,000000000000000;9,275597201000039;48,941686697000080
57160;08171109299200438380;08;2;12;000;2017;11;20;5;2;5;3;1;1;0;0;0;2;1;456364,273500000010000;5426310,102800000500000;8,403555065000035;48,988152204000073
57166;08171106317300433820;08;3;17;065;2017;11;07;2;3;5;3;1;1;0;0;0;0;0;416929,977300000030000;5354778,878899999900000;7,878984002000038;48,340726632000042
57169;08171106317000396740;08;3;17;089;2017;11;05;2;3;8;7;0;1;1;0;0;2;1;431662,236700000010000;5376218,610799999900000;8,074265951000029;48,535349587000042
57200;08171106128010500240;08;1;28;039;2017;11;18;2;2;6;1;0;1;1;0;0;2;0;521797,158799999980000;5509669,379099999600000;9,302511104000075;49,739119462000076
57208;08171106118100487560;08;1;18;079;2017;11;19;2;2;0;7;1;0;0;0;0;2;0;509853,619799999990000;5421679,108099999800000;9,134577928000056;48,947956525000052
57210;08171109221000414320;08;2;21;000;2017;11;18;5;3;0;7;1;0;0;0;0;2;1;477537,012500000010000;5470496,159900000300000;8,690483683000025;49,386747396000032
57215;08171106116500398330;08;1;16;049;2017;11;15;2;3;4;6;1;0;0;0;1;0;0;525927,291899999950000;5388336,712299999800000;9,351999644000046;48,647551227000065
57220;08171106115300422720;08;1;15;050;2017;11;08;2;3;2;6;1;1;0;0;0;0;0;490337,092500000030000;5400259,375300000400000;8,868532220000077;48,755271358000073
57226;08171106111500396080;08;1;11;000;2017;11;06;2;3;6;2;0;1;1;0;0;1;0;507483,136000000000000;5405698,658699999600000;9,101910168000075;48,804232883000054
57236;08171105416100393300;08;4;16;048;2017;11;05;1;3;0;7;1;0;0;0;0;2;1;496563,912599999980000;5375600,869400000200000;8,953455153000050;48,533504720000053
57262;08171109116010426990;08;1;16;049;2017;11;17;5;3;6;4;0;1;1;0;0;2;1;525154,084799999950000;5385877,570299999800000;9,341353177000030;48,625460320000059
57265;08171109116010405810;08;1;16;019;2017;11;16;5;3;6;4;0;1;1;0;0;1;0;524801,289899999970000;5397756,385800000300000;9,337278327000036;48,732335811000041
57279;08171104436200419680;08;4;36;064;2017;11;16;7;2;5;3;1;1;0;0;1;0;0;545189,503600000050000;5290665,854700000000000;9,603093380000075;47,767773651000027
57281;08171109115400405070;08;1;15;045;2017;11;17;5;3;5;3;1;1;0;0;0;2;1;500718,797100000030000;5394587,731100000400000;9,009769650000067;48,704323592000037
57282;08171104435100395800;08;4;35;016;2017;11;15;7;3;0;3;1;1;0;0;0;0;0;538474,543999999990000;5280598,707000000400000;9,512591075000046;47,677632773000028
57291;08171109111500437110;08;1;11;000;2017;11;16;5;3;0;2;1;1;0;0;0;0;1;514633,493599999990000;5406047,705299999600000;9,199300322000056;48,807245639000030
57295;08171108426010406170;08;4;25;028;2017;11;16;4;2;4;6;1;0;0;0;0;0;0;579114,584200000040000;5342070,646400000000000;10,065267947000052;48,226921559000061
57306;08171104237100439270;08;2;37;004;2017;11;16;7;2;5;3;1;1;0;0;0;0;0;453625,490899999980000;5373249,525200000000000;8,372097264000047;48,510648109000044
57309;08171104226700407860;08;2;26;041;2017;11;13;7;3;5;3;1;1;0;0;0;0;0;477433,714600000010000;5467368,597799999600000;8,689237765000030;49,358611467000060
57310;08171108417100400560;08;4;17;079;2017;11;19;4;3;2;4;0;1;1;0;0;2;1;501922,230600000010000;5341828,583499999700000;9,025883817000022;48,229675902000054
57324;08171108335100401320;08;3;35;043;2017;11;20;4;3;5;2;1;1;0;0;0;2;0;513697,828700000010000;5279702,737200000300000;9,182469478000030;47,670570975000032
57327;08171108317100422550;08;3;17;001;2017;11;06;4;3;5;2;1;1;0;0;0;2;1;431808,113599999980000;5386590,527700000400000;8,074540016000071;48,628661882000074
57338;08171104111310393460;08;1;11;000;2017;11;15;7;3;2;6;1;1;0;0;0;0;0;516652,507400000000000;5404486,882399999500000;9,226734699000076;48,793153874000041
57339;08171104111140392790;08;1;11;000;2017;11;21;7;3;0;7;1;0;0;0;0;2;0;511982,663799999980000;5402111,167600000300000;9,163082812000027;48,771889665000060
57341;08171103436300391700;08;4;36;081;2017;11;15;6;3;5;3;1;1;0;0;0;0;0;560895,740100000050000;5280248,082499999600000;9,811231486000054;47,672755100000074
57356;08171103317600399710;08;3;17;146;2017;11;14;6;3;2;7;1;1;0;0;0;0;0;430470,866099999980000;5355176,917100000200000;8,061622338000063;48,345942728000068
57377;08171103235100391980;08;2;35;085;2017;11;14;6;3;6;4;0;1;1;0;0;0;0;481058,189499999980000;5395560,052600000100000;8,742505961000063;48,712783363000028
57383;08171103215302414800;08;2;15;059;2017;11;14;6;3;0;7;1;0;0;0;1;0;0;484395,422000000020000;5433465,860000000300000;8,786424709000073;49,053866498000048
57388;08171103135200415560;08;1;35;019;2017;11;15;6;3;6;4;0;1;1;0;0;0;0;582364,075199999960000;5392471,927899999500000;10,118931771000064;48,679855932000066
57408;08171110116500436320;08;1;16;071;2017;11;19;6;3;4;6;1;0;0;0;0;2;1;529778,463499999950000;5390250,272300000300000;9,404421141000057;48,664593841000055
57421;08171103111140390690;08;1;11;000;2017;11;15;6;3;5;3;1;1;0;0;0;0;0;509471,950399999970000;5402920,638600000200000;9,128931012000066;48,779214908000029
57439;08171108116500454060;08;1;16;041;2017;11;05;4;3;5;3;1;1;0;0;0;2;1;519718,536000000020000;5384079,515999999800000;9,267505610000058;48,609479805000035
57456;08171102317600397760;08;3;17;129;2017;11;06;5;3;5;3;1;1;0;0;0;2;0;430060,675999999980000;5350398,417000000400000;8,056879983000044;48,302912653000078
57457;08171108111500400340;08;1;11;000;2017;11;07;4;3;5;3;1;1;0;0;0;0;1;512149,197900000030000;5399057,245799999700000;9,165259171000059;48,744413483000073
57461;08171107437100399020;08;4;37;100;2017;11;16;3;3;5;3;1;1;0;0;0;1;1;537293,290999999970000;5318049,429999999700000;9,500082454000051;48,014649470000052
57464;08171102235010394870;08;2;36;074;2017;11;10;5;3;6;2;0;1;1;0;0;0;0;473221,102300000030000;5420072,803299999800000;8,634370388000036;48,933005672000036
57480;08171107435100491240;08;4;35;016;2017;11;17;3;3;5;3;1;1;0;0;0;1;0;532352,697999999970000;5279051,938000000100000;9,430918587000065;47,664051160000042
57481;08171107435100488360;08;4;35;035;2017;11;10;3;3;5;3;1;0;0;0;1;0;1;540023,856700000000000;5281702,193799999500000;9,533332638000047;47,687467107000032
57493;08171102116500491640;08;1;16;046;2017;11;11;5;3;3;6;1;1;0;0;0;0;0;527696,330300000030000;5379070,637400000400000;9,375398003000043;48,564117338000074
57494;08171107435010403030;08;4;37;078;2017;11;17;3;2;6;4;0;1;1;0;0;2;1;508756,718400000010000;5315544,837899999700000;9,117373817000043;47,993143677000035
57495;08171102116200397960;08;1;16;077;2017;11;09;5;3;6;7;0;1;1;0;0;0;0;516357,027000000000000;5389734,398000000000000;9,222126311000068;48,660448705000078
57502;08171102111500397670;08;1;11;000;2017;11;11;5;3;5;3;1;1;0;0;0;0;0;507989,372099999980000;5407698,544099999600000;9,108843342000057;48,822217337000041
57506;08171101335100425170;08;3;35;043;2017;11;12;4;3;0;1;1;0;0;0;0;0;0;511477,237399999980000;5287428,138799999800000;9,153092383000058;47,740124425000033
57507;08171107426010419540;08;1;17;026;2017;11;21;3;2;6;4;0;1;1;0;0;2;1;550661,288100000010000;5392053,402099999600000;9,688234602000023;48,679469133000055
57521;08171101212402413280;08;2;12;000;2017;11;15;4;3;5;2;1;1;0;0;0;0;0;456408,067800000020000;5425473,438500000200000;8,404243364000024;48,980629373000056
57527;08171101119300388430;08;1;19;067;2017;11;14;4;3;5;3;1;1;0;0;0;0;0;538750,724900000030000;5406855,160699999900000;9,527830262000066;48,813473302000034
57528;08171101118100405530;08;1;18;079;2017;11;04;4;3;6;7;0;1;1;0;0;2;0;509898,681500000010000;5422267,986200000200000;9,135207679000075;48,953253158000052
57538;08171031326200382130;08;3;26;003;2017;10;16;3;2;0;1;1;0;0;0;0;0;0;470402,688199999980000;5313958,138899999700000;8,603395682000041;47,978243089000046
57540;08171031317600363540;08;3;17;146;2017;10;12;3;2;6;4;1;0;1;0;0;0;0;430515,630200000010000;5355213,353199999800000;8,062220384000057;48,346275413000058
57542;08171107317512397040;08;3;17;096;2017;11;00;3;3;6;6;0;0;1;0;1;2;0;420149,066899999980000;5367985,637000000100000;7,919904659000054;48,459936013000060
57543;08171031317500365270;08;3;17;096;2017;10;12;3;3;5;3;1;1;0;0;0;0;0;420759,765799999990000;5368287,533599999700000;7,928106525000032;48,462728760000061
57556;08171107316100398910;08;3;16;043;2017;11;12;3;3;0;3;1;1;0;0;0;0;0;411447,444000000020000;5332735,411000000300000;7,809624107000047;48,141704063000077
57559;08171031221200362680;08;2;21;000;2017;10;01;3;3;4;6;1;0;0;0;0;2;0;476562,956699999980000;5472707,388799999800000;8,676932004000037;49,406600365000031
57578;08171030436300360900;08;4;36;081;2017;10;14;2;3;5;2;1;0;0;0;1;0;0;562962,198699999950000;5281291,585500000000000;9,838907603000052;47,681945291000034
57585;08171107299200411190;08;2;12;000;2017;11;18;3;3;5;3;1;1;0;0;0;2;1;452757,417599999990000;5429520,921600000000000;8,353883560000043;49,016768257000081
57587;08171107299200403200;08;2;15;108;2017;11;17;3;2;6;4;0;1;1;0;0;1;0;447444,882800000020000;5423741,324400000300000;8,281979459000070;48,964351533000070
57592;08171030335300387090;08;3;35;075;2017;10;21;2;3;0;7;1;0;0;0;0;2;0;488226,268099999990000;5288392,196499999600000;8,842926664000061;47,748793245000059
57593;08171030335100377450;08;3;35;043;2017;10;05;2;3;5;3;1;1;0;0;0;2;1;513668,718999999980000;5280173,838999999700000;9,182096454000032;47,674810404000027
57597;08171030311200361900;08;3;11;000;2017;10;21;2;3;0;2;1;1;0;0;0;2;0;414754,919300000010000;5319060,310300000000000;7,856804762000024;48,019144771000072
57610;08171116437212440880;08;4;37;107;2017;11;12;5;3;5;3;1;1;0;0;0;0;1;505784,826100000010000;5330023,317599999700000;9,077734887000077;48,123441618000072
57614;08171116417310429510;08;4;17;008;2017;11;12;5;3;0;7;0;1;1;0;0;0;0;493819,612900000010000;5350949,235799999900000;8,916644628000029;48,311704944000041
57615;08171116416100427460;08;4;16;036;2017;11;16;5;3;3;2;1;1;0;0;0;2;0;493461,674799999980000;5363617,299300000100000;8,911620110000058;48,425670803000060
57625;08171116317000430240;08;3;17;110;2017;11;18;5;1;6;4;0;1;1;0;0;2;0;427222,991700000010000;5382074,510900000100000;8,013114697000049;48,587524016000032
57646;08171117335010448540;08;4;36;082;2017;11;14;6;2;5;3;1;1;0;0;0;0;0;547529,250000000000000;5294614,116000000400000;9,634749749000036;47,803127734000043
57647;08171117335010439840;08;4;35;035;2017;11;16;6;2;0;2;1;1;0;0;0;0;0;542248,758000000030000;5282852,438000000100000;9,563090228000021;47,697674499000073
57648;08171116127010429520;08;1;27;089;2017;11;07;5;2;6;4;0;1;1;0;0;1;0;564273,379700000050000;5437418,003399999800000;9,880267601000071;49,086259177000045
57649;08171116121600461150;08;1;25;102;2017;11;07;5;3;6;4;0;1;1;0;0;0;0;521931,816500000020000;5444149,308000000200000;9,300753441000040;49,149774934000050
57650;08171117335010431130;08;4;35;057;2017;11;12;6;3;5;3;1;1;0;0;0;0;0;544547,908399999960000;5279855,021900000100000;9,593425634000028;47,670551688000046
57657;08171116118500466590;08;1;18;049;2017;11;16;5;3;6;2;0;1;1;0;0;1;0;518983,928000000010000;5420709,767000000000000;9,259230890000026;48,939023826000039
57659;08171116118200451150;08;1;18;027;2017;11;17;5;2;6;4;0;1;1;0;0;2;0;501953,276300000030000;5413026,574400000300000;9,026635923000072;48,870195844000079
57666;08171115436300442310;08;4;36;081;2017;11;10;4;3;0;1;1;0;0;0;0;0;1;562730,785900000020000;5281963,707299999900000;9,835921210000038;47,688014686000031
57670;08171115416010454800;08;4;15;050;2017;11;17;4;2;6;4;0;1;1;0;0;2;0;521396,995999999980000;5375688,921000000100000;9,289843898000072;48,533941420000076
57673;08171117325302452640;08;3;25;053;2017;11;13;6;3;0;2;0;1;1;0;0;0;1;454440,373599999990000;5341874,478000000100000;8,386529646000042;48,228455112000063
57680;08171115327100462740;08;3;27;050;2017;11;07;4;3;6;4;0;1;1;0;0;1;0;486847,496500000010000;5314693,131400000300000;8,823732037000070;47,985405423000032
57685;08171121212502447400;08;2;12;000;2017;11;07;3;3;5;2;1;0;0;0;1;0;0;455372,723400000020000;5429725,737499999800000;8,389627256000040;49,018805322000048
57690;08171115326111429560;08;3;26;017;2017;11;15;4;3;6;4;0;1;1;0;0;0;0;440698,785700000010000;5322469,741499999500000;8,204215340000076;48,052752181000074
57696;08171115317300466310;08;3;17;065;2017;11;17;4;3;6;2;0;1;1;0;0;2;0;416290,801700000010000;5354450,359799999700000;7,870425463000061;48,337687260000052
57698;08171121127202499840;08;1;27;008;2017;11;17;3;3;3;6;1;0;0;0;1;2;1;568299,470399999990000;5459761,799300000100000;9,939196398000036;49,286788320000028
57700;08171115237200463180;08;2;37;054;2017;11;16;4;3;6;4;0;1;1;0;0;0;0;468036,043200000010000;5374821,088399999800000;8,567086065000069;48,525684972000079
57726;08171115136100428370;08;1;36;021;2017;11;21;4;3;5;3;1;1;0;0;0;2;0;575502,285000000030000;5407467,464999999900000;10,028478453000048;48,815601884000046
57740;08171115119400481680;08;1;19;041;2017;11;17;4;2;6;4;0;1;1;0;0;2;0;526554,554600000030000;5409996,836699999900000;9,361911862000056;48,842375848000074
57757;08171115111500462600;08;1;11;000;2017;11;20;4;3;5;3;1;1;0;0;0;2;0;511083,244100000010000;5403810,454900000200000;9,150887661000070;48,787193007000042
57758;08171115111500428610;08;1;11;000;2017;11;15;4;3;6;2;0;1;1;0;0;0;0;514700,751700000020000;5400985,139700000200000;9,200035256000035;48,761701720000076
57766;08171121117010482130;08;1;17;024;2017;11;12;3;3;5;3;1;1;0;0;0;0;1;561624,272000000000000;5385993,572999999900000;9,836249904000056;48,623973797000076
57768;08171121116200497980;08;1;16;077;2017;11;14;3;3;2;6;1;1;0;0;0;0;1;515655,653799999970000;5390804,329099999700000;9,212642313000060;48,670091863000039
57770;08171114436500453420;08;4;36;081;2017;11;11;3;2;6;4;0;1;1;0;0;0;0;563123,214599999950000;5281434,331700000000000;9,841073382000047;47,683213834000071
57774;08171114421100424790;08;4;25;033;2017;11;13;3;3;6;4;0;0;1;0;1;0;0;553068,853000000000000;5348730,546000000100000;9,715436252000075;48,289548911000054
57776;08171114335010473030;08;3;35;035;2017;11;19;3;3;6;4;0;1;1;0;0;2;0;483312,629800000000000;5290092,953499999800000;8,777308975000040;47,763987377000035
57784;08171114317010477630;08;3;17;059;2017;11;15;3;3;3;6;1;1;0;0;0;0;0;411941,709600000000000;5351092,809399999700000;7,812452788000030;48,306895743000041
57790;08171117211010449830;08;3;17;001;2017;11;12;6;2;5;3;1;1;0;0;0;0;1;429258,223200000010000;5388693,851300000200000;8,039580280000052;48,647297868000067
57798;08171114235200448490;08;2;35;020;2017;11;14;3;3;6;6;0;1;1;0;0;0;0;477740,991900000020000;5383350,475100000400000;8,698069405000069;48,602836065000076
57807;08171114221010430540;08;2;21;000;2017;11;12;3;3;6;7;0;1;1;0;0;0;0;476564,239799999980000;5472589,437400000200000;8,676956652000058;49,405539461000046
57810;08171114216200420070;08;2;16;007;2017;11;10;3;3;5;3;1;1;0;0;0;0;0;436030,326699999980000;5395582,171000000100000;8,130443673000059;48,709988753000061
57819;08171120426113472170;08;4;26;019;2017;11;06;2;3;2;6;1;0;0;0;1;2;1;581535,643399999940000;5320237,829800000400000;10,093682810000075;48,030221370000049
57822;08171120417212439790;08;4;17;022;2017;11;08;2;3;6;7;0;1;1;0;0;0;0;486154,672800000000000;5348324,656700000200000;8,813353481000036;48,287971101000039
57833;08171114121600501290;08;1;25;046;2017;11;08;3;3;5;3;1;1;0;0;0;0;0;518533,841900000000000;5433739,963399999800000;9,253679436000027;49,056251026000041
57839;08171120336410444160;08;3;36;014;2017;11;11;2;3;6;4;0;1;1;0;0;0;0;393298,768800000020000;5278762,321899999900000;7,579078885000058;47,653455016000066
57840;08171114119400453390;08;1;19;090;2017;11;17;3;3;0;1;1;0;0;0;0;2;0;530862,157299999960000;5407222,705699999800000;9,420409787000040;48,817221529000051
57852;08171114116400423940;08;1;16;033;2017;11;17;3;3;0;7;1;0;1;0;0;2;0;531105,837399999960000;5389413,658300000200000;9,422384810000040;48,657003045000067
57868;08171113435100458400;08;4;35;016;2017;11;07;2;3;6;4;0;1;1;0;0;2;1;532602,410999999960000;5279771,840599999800000;9,434298245000036;47,670515910000063
57876;08171120299200439700;08;2;15;084;2017;11;06;2;2;5;3;1;1;0;0;0;2;0;473021,903400000010000;5448753,007199999900000;8,629739041000050;49,190984984000067
57877;08171113415400416090;08;4;15;061;2017;11;11;2;3;5;3;1;1;0;0;0;0;1;514975,450000000010000;5375599,092000000200000;9,202855041000021;48,533319424000069
57884;08171113326200475010;08;3;26;010;2017;11;07;2;3;6;4;0;1;1;0;0;1;1;466576,412799999990000;5326417,750199999700000;8,551152586000058;48,090151971000068
57886;08171113325010427800;08;4;17;079;2017;11;16;2;2;6;4;0;1;1;0;0;1;1;501329,087500000020000;5344361,904699999800000;9,017904795000050;48,252469226000073