OBJECTID;UIDENTSTLA;ULAND;UREGBEZ;UKREIS;UGEMEINDE;UJAHR;UMONAT;USTUNDE;UWOCHENTAG;UKATEGORIE;UART;UTYP1;IstRad;IstPKW;IstFuss;IstKrad;IstSonstig;LICHT;STRZUSTAND;LINREFX;LINREFY;XGCSWGS84;YGCSWGS84
57895;08171113317000448650;08;3;17;096;2017;11;18;2;2;6;6;1;0;1;0;0;2;1;422127,424400000020000;5369533,774100000000000;7,946371691000024;48,474109407000071
57901;08171120222200441960;08;2;22;000;2017;11;10;2;3;5;7;1;1;0;0;0;0;0;461981,298899999990000;5481519,733799999600000;8,475092729000039;49,485127099000067
57904;08171113316200433630;08;3;16;010;2017;11;19;2;3;5;3;1;1;0;0;0;2;1;430901,478999999990000;5335859,678999999500000;8,070588561000022;48,172220023000079
57911;08171113299200442840;08;2;15;017;2017;11;08;2;2;5;3;1;1;0;0;0;0;1;453778,109799999980000;5421482,344800000100000;8,368756076000068;48,944537777000050
57921;08171117119300432300;08;1;19;067;2017;11;07;6;3;6;4;0;1;1;0;0;0;1;539220,996599999950000;5405869,514700000200000;9,534141440000042;48,804577392000056
57924;08171113222400417820;08;2;26;028;2017;11;17;2;3;5;3;1;1;0;0;0;1;1;472470,056999999970000;5483918,043999999800000;8,619735246000062;49,507265491000055
57926;08171113222301454710;08;2;22;000;2017;11;10;2;3;5;3;1;0;0;0;1;0;1;466019,992800000010000;5481665,918600000400000;8,530838528000061;49,486681539000074
57941;08171117118010445050;08;1;18;046;2017;11;00;6;3;6;4;0;0;1;0;1;2;0;513064,904800000020000;5411629,852599999900000;9,178115013000024;48,857496675000050
57952;08171113136010440290;08;1;36;019;2017;11;06;2;1;4;6;1;0;0;0;0;2;1;582526,609799999980000;5424176,233599999900000;10,127518488000021;48,964988092000056
57962;08171113121500415960;08;1;25;005;2017;11;09;2;3;6;4;0;1;1;0;0;0;1;515803,875500000020000;5453016,796299999600000;9,217069747000039;49,229728542000032
57965;08171113118600457070;08;1;18;073;2017;11;16;2;3;6;4;0;1;1;0;0;1;1;496424,996500000010000;5423840,445299999800000;8,951154581000026;48,967467392000060
57968;08171113118200626550;08;1;18;011;2017;11;22;2;3;7;7;1;0;0;0;1;2;1;504912,057900000010000;5405968,168100000400000;9,066898826000056;48,806683004000035
57972;08171113117400473090;08;1;17;051;2017;11;18;2;3;6;4;0;1;1;0;0;2;0;542420,245000000000000;5395277,706000000200000;9,576617494000061;48,709088222000048
58020;08171112235010430180;08;2;31;000;2017;11;16;1;3;6;2;0;1;1;0;0;2;1;477647,785700000010000;5415173,024400000500000;8,695078113000022;48,889104836000058
58025;08171119212302471900;08;2;12;000;2017;11;11;1;3;5;2;1;1;0;0;0;0;0;455174,358000000010000;5428374,305999999900000;8,387063608000062;49,006634704000078
58053;08171119115100439260;08;1;15;022;2017;11;18;1;3;6;6;0;1;1;0;0;2;0;494449,766999999990000;5383907,025700000100000;8,924706340000057;48,608214105000059
58056;08171119111500484170;08;1;11;000;2017;11;16;1;2;2;6;1;1;0;0;0;0;1;513261,414400000010000;5400024,457299999900000;9,180419141000073;48,753091796000035
58059;08171111317600423450;08;3;17;145;2017;11;19;7;3;6;4;0;1;1;0;0;2;1;442277,803499999980000;5350007,380900000200000;8,221661905000076;48,300627840000061
58068;08171118417200451660;08;4;17;002;2017;11;11;7;3;0;1;1;0;0;0;0;0;0;492018,182800000010000;5343302,514000000400000;8,892493069000068;48,242889239000078
58091;08171111135200412320;08;1;35;019;2017;11;17;7;3;6;4;0;1;1;0;0;2;1;582998,626399999950000;5392474,083900000000000;10,127550968000037;48,679791280000074
58097;08171111126010457510;08;1;25;008;2017;11;17;7;1;6;4;0;1;1;0;0;1;1;524238,932800000010000;5431875,920900000300000;9,331654340000057;49,039285187000075
58109;08171110436200429630;08;4;36;064;2017;11;18;6;3;5;3;1;1;0;0;0;2;1;545254,228600000030000;5292293,562099999700000;9,604126752000070;47,782413659000042
58117;08171118215402437780;08;2;15;103;2017;11;14;7;3;5;3;1;1;0;0;0;0;0;465205,445200000020000;5442196,963299999900000;8,523032186000023;49,131619304000026
58118;08171118212402472050;08;2;12;000;2017;11;12;7;3;5;3;1;1;0;0;0;0;0;455737,091799999990000;5428245,987900000100000;8,394771847000072;49,005521086000044
58129;08171110317600426260;08;3;17;146;2017;11;18;6;3;2;2;1;1;0;0;0;2;1;432189,940400000020000;5355913,059799999900000;8,084701569000060;48,352751600000033
58137;08171110299200414890;08;2;15;108;2017;11;09;6;3;5;3;1;1;0;0;0;0;0;447447,837999999990000;5423741,088999999700000;8,282019860000048;48,964349667000079
58150;08171129325102476640;08;3;25;045;2017;11;06;4;3;6;4;0;1;1;0;0;2;1;471764,728899999990000;5349718,453300000200000;8,619275179000056;48,300032005000048
58174;08171126231102497450;08;2;36;040;2017;11;13;1;3;2;7;0;1;1;0;0;0;1;489628,319699999990000;5419073,466000000000000;8,858412878000024;48,924508508000031
58183;08171126119010485190;08;1;19;089;2017;11;05;1;2;0;7;1;0;0;0;0;2;1;533276,854700000030000;5411114,115399999500000;9,453618125000048;48,852102420000051
58212;08171129311010478590;08;3;11;000;2017;11;18;4;3;2;6;1;1;0;0;0;2;1;414311,612399999980000;5316754,248300000100000;7,851321731000041;47,998341600000060
58225;08171125235010487080;08;2;31;000;2017;11;18;7;2;6;4;0;1;1;0;0;2;1;478511,563000000020000;5415903,315999999600000;8,706822917000068;48,895704851000062
58250;08171130126200491460;08;1;26;066;2017;11;15;5;3;4;2;1;1;0;0;0;0;1;537134,303100000020000;5449933,752500000400000;9,509753977000059;49,201074775000052
58265;08171125115200462300;08;1;15;021;2017;11;19;7;2;5;7;1;1;0;0;0;2;1;490805,051099999980000;5382391,073699999600000;8,875296324000033;48,594533327000079
58268;08171125111230495340;08;1;11;000;2017;11;18;7;3;6;4;0;1;1;0;0;2;1;514969,018999999970000;5395308,732200000400000;9,203479393000066;48,710630515000048
58270;08171124437113456730;08;4;37;088;2017;11;07;6;3;2;6;1;1;0;0;0;2;0;517128,941400000010000;5307872,189399999600000;9,229287560000046;47,923941998000032
58274;08171124435100458340;08;4;35;035;2017;11;11;6;2;5;3;1;1;0;0;0;0;0;542238,771300000020000;5282796,434899999800000;9,562951708000071;47,697171280000077
58282;08171124335300506470;08;3;35;015;2017;11;16;6;3;5;3;1;1;0;0;0;1;0;476509,443700000000000;5282513,368400000000000;8,686931415000061;47,695578173000058
58290;08171124316200487590;08;3;16;055;2017;11;04;6;3;6;4;0;1;1;0;0;2;0;427026,886200000010000;5332464,791199999900000;8,019063340000059;48,141247755000052
58292;08171130121200485100;08;1;21;000;2017;11;17;5;3;6;2;0;1;1;0;0;0;1;516760,263099999980000;5443331,103099999900000;9,229802006000057;49,142577857000049
58296;08171129116200500930;08;1;16;078;2017;11;00;4;3;0;7;1;0;0;0;0;2;2;509447,273200000000000;5392412,714100000400000;9,128354270000045;48,684685844000057
58304;08171124311010472230;08;3;36;050;2017;11;18;6;3;3;2;1;1;0;0;0;2;1;399238,598999999990000;5275164,758000000400000;7,658983960000057;47,622046150000074
58307;08171129111500481330;08;1;11;000;2017;11;17;4;3;6;2;0;1;1;0;0;2;1;509492,441500000020000;5403112,391900000200000;9,129214361000038;48,780939596000053
58310;08171129111370479950;08;1;11;000;2017;11;20;4;3;6;4;0;1;1;0;0;2;0;507104,843400000010000;5407622,849299999900000;9,096791658000029;48,821547143000032
58323;08171124221200505690;08;2;21;000;2017;11;20;6;3;3;6;1;1;0;0;0;2;1;476564,967899999990000;5472663,503800000100000;8,676962317000061;49,406205704000058
58325;08171124221000463530;08;2;26;012;2017;11;12;6;3;5;3;1;1;0;0;0;0;0;475779,158000000000000;5478153,235999999600000;8,665795303000039;49,455553918000078
58327;08171130118200503790;08;1;18;011;2017;11;19;5;3;6;4;0;1;1;0;0;2;1;505080,234899999980000;5405350,589599999600000;9,069181636000053;48,801125967000075
58329;08171124216100507770;08;2;16;043;2017;11;12;6;3;5;3;1;1;0;0;0;0;0;441029,902999999990000;5411665,048999999600000;8,196089674000064;48,855148245000066
58332;08171124212713472580;08;2;15;108;2017;11;07;6;3;5;3;1;1;0;0;0;1;0;451212,592400000020000;5426177,151399999900000;8,333158819000062;48,986570800000038
58350;08171128416010499750;08;4;15;061;2017;11;05;3;2;5;3;1;1;0;0;0;2;0;513291,294700000030000;5371976,761099999800000;9,179926434000038;48,500769677000051
58352;08171128335010492650;08;3;35;075;2017;11;18;3;2;6;4;0;1;1;0;0;2;1;487936,961399999970000;5289055,796299999600000;8,839048630000036;47,754758665000054
58354;08171128325010507570;08;3;26;005;2017;11;18;3;3;6;4;0;1;1;0;0;2;1;465387,762600000020000;5298583,488500000000000;8,537431995000077;47,839665122000042
58356;08171128325010489540;08;3;26;041;2017;11;17;3;1;6;4;0;1;1;0;0;2;1;464943,043599999980000;5331147,124099999700000;8,528829917000053;48,132612999000060
58366;08171124119200484180;08;1;19;020;2017;11;13;6;3;5;3;1;1;0;0;0;0;1;518937,946999999990000;5407458,413900000000000;9,257989221000059;48,819819852000080
58369;08171128317500500690;08;3;17;096;2017;11;13;3;3;6;4;0;1;1;0;0;0;1;422179,433399999980000;5369665,025899999800000;7,947050825000076;48,475296445000026
58370;08171124118500496410;08;1;18;078;2017;11;16;6;3;0;7;1;0;0;0;0;0;1;513902,760899999990000;5419892,868300000200000;9,189818728000034;48,931810342000063
58372;08171128317210492240;08;3;17;153;2017;11;07;3;3;5;3;1;1;0;0;0;2;1;424811,069399999980000;5392849,264700000200000;7,978458368000077;48,684155409000027
58377;08171124116010490100;08;1;16;004;2017;11;19;6;2;6;4;0;1;1;0;0;2;1;527745,564800000050000;5396815,449500000100000;9,377254003000076;48,723747143000026
58378;08171130111500498170;08;1;11;000;2017;11;17;5;3;6;7;0;1;1;0;0;2;1;513929,694599999990000;5403618,317200000400000;9,189632623000023;48,785407313000064
58382;08171124116010467360;08;1;16;049;2017;11;18;6;3;6;4;0;1;1;0;0;2;1;524960,777899999990000;5385820,139899999800000;9,338726498000028;48,624951418000080
58389;08171128311010490120;08;3;15;051;2017;11;09;3;3;3;6;1;1;0;0;0;0;1;419739,120300000010000;5322861,211100000000000;7,922921265000070;48,053981566000061
58391;08171128299200500370;08;2;12;000;2017;11;19;3;2;6;4;0;1;1;0;0;2;1;456649,013299999990000;5428245,679399999800000;8,407240318000049;49,005583040000033
58397;08171124111500491870;08;1;11;000;2017;11;11;6;3;5;3;1;1;0;0;0;0;0;512972,070200000020000;5396521,139000000400000;9,176372399000059;48,721582090000027
58403;08171128299200480250;08;2;12;000;2017;11;08;3;3;5;3;1;0;0;0;1;1;1;452633,042499999980000;5429747,604600000200000;8,352156187000048;49,018797737000057
58410;08171123435114453190;08;4;35;013;2017;11;11;5;3;6;4;0;1;1;0;0;0;0;540570,429400000020000;5275171,739199999700000;9,540009383000040;47,628676400000074
58411;08171123435100462630;08;4;35;016;2017;11;14;5;2;0;7;1;0;0;0;0;0;0;536848,900999999950000;5278265,878999999700000;9,490736910000067;47,656738140000073
58412;08171123435100458230;08;4;35;016;2017;11;15;5;3;4;6;1;0;0;0;0;0;0;536871,106499999990000;5280161,143500000200000;9,491192575000071;47,673789296000052
58417;08171128235100497070;08;2;35;007;2017;11;06;3;3;4;2;1;1;0;0;0;2;1;483766,664999999980000;5396297,415000000000000;8,779295520000062;48,719493069000066
58418;08171123417100451730;08;4;17;079;2017;11;06;5;3;6;4;0;1;1;0;0;2;0;501973,254499999980000;5340415,572900000000000;9,026564301000065;48,216963122000038
58420;08171128235100474360;08;2;35;029;2017;11;06;3;3;6;7;0;1;1;0;0;1;1;488306,495999999980000;5394132,845999999900000;8,841078996000022;48,700122219000036
58425;08171123335010470940;08;4;35;057;2017;11;17;5;2;4;2;1;0;0;0;1;2;0;543602,460100000030000;5279489,417799999900000;9,580795434000038;47,667326702000025
58427;08171129426300478910;08;4;26;124;2017;11;12;4;2;5;3;1;1;0;0;0;0;1;545589,478400000020000;5332832,637000000100000;9,612901605000047;48,147109169000032
58450;08171128211010477550;08;2;16;028;2017;11;13;3;1;5;3;1;0;0;0;1;0;1;427117,446000000000000;5397754,168999999800000;8,008922574000053;48,728547274000050
58452;08171123299200452820;08;2;15;107;2017;11;07;5;3;5;2;1;1;0;0;0;2;0;462820,837000000000000;5456207,267000000000000;8,489048634000028;49,257501690000026
58457;08171123235010453840;08;2;31;000;2017;11;05;5;3;8;1;1;0;0;0;0;2;1;475917,731399999990000;5414710,713800000000000;8,671504888000072;48,884881235000080
58461;08171123226300465070;08;2;26;104;2017;11;07;5;3;6;4;0;1;1;0;0;1;0;490610,157799999990000;5466923,604199999900000;8,870701351000037;49,354954117000034
58468;08171123221200492060;08;2;21;000;2017;11;16;5;3;3;2;1;1;0;0;0;2;0;476591,289099999990000;5472437,450199999800000;8,677338457000076;49,404173401000037
58483;08171128118500507700;08;1;18;049;2017;11;16;3;2;6;2;0;1;1;0;0;2;1;519501,680799999970000;5421097,654199999800000;9,266319436000060;48,942497003000028
58485;08171128118200502700;08;1;18;019;2017;11;18;3;3;6;4;0;1;1;0;0;2;1;504518,266400000020000;5405366,396099999500000;9,061529039000050;48,801272500000039
58487;08171128118010505080;08;1;15;048;2017;11;17;3;2;6;4;0;1;1;0;0;2;1;509512,842599999970000;5387206,103199999800000;9,129125422000072;48,637845526000035
58490;08171129417100483060;08;4;17;079;2017;11;22;4;3;5;3;1;1;0;0;0;2;1;501019,132999999970000;5339675,024000000200000;9,013717970000073;48,210302764000062
58500;08171128111500488840;08;1;11;000;2017;11;09;3;3;5;3;1;1;0;0;0;0;0;512837,196000000000000;5402783,730000000400000;9,174733848000074;48,777922945000057
58504;08171123121600494000;08;1;25;110;2017;11;17;5;3;5;3;1;1;0;0;0;2;0;525005,462900000040000;5443691,329099999700000;9,342873525000073;49,145537839000042
58521;08171127416010471070;08;4;15;050;2017;11;17;2;3;6;2;0;1;1;0;0;2;0;520591,076300000020000;5376374,446800000000000;9,278960922000067;48,540135538000072
58527;08171123118010472490;08;1;15;046;2017;11;17;5;2;6;4;0;1;1;0;0;2;0;508821,190000000000000;5389657,844999999700000;9,119789321000042;48,659911899000065
58531;08171123111500490620;08;1;11;000;2017;11;14;5;2;6;4;0;0;1;0;1;0;0;515557,615600000020000;5405958,722500000100000;9,211882907000074;48,806422715000053
58537;08171127335010475790;08;3;35;063;2017;11;10;2;2;5;3;1;1;0;0;0;0;0;498744,154500000000000;5288197,328800000300000;8,983246298000040;47,747146167000039
58542;08171122426100447830;08;4;26;120;2017;11;06;4;3;1;5;1;0;0;0;1;2;0;561685,134700000050000;5323826,786799999900000;9,827967702000024;48,064734360000045
58552;08171122335300449880;08;3;35;080;2017;11;06;4;3;6;4;0;1;1;0;0;1;0;477376,236600000000000;5293873,029199999800000;8,697892501000069;47,797817216000055
58560;08171127317000495560;08;3;17;047;2017;11;15;2;2;4;6;1;1;0;0;0;0;0;420342,179999999990000;5365216,706199999900000;7,923043102000065;48,435054264000030
58561;08171122317510466940;08;3;17;034;2017;11;07;4;3;5;3;1;1;0;0;0;0;0;427285,010699999980000;5361242,323699999600000;8,017582770000047;48,400143993000029
58562;08171122317310448310;08;3;17;073;2017;11;08;4;3;4;7;1;0;0;0;0;0;0;411405,593999999980000;5348566,724000000400000;7,805754486000069;48,284099327000035
58563;08171127317000472620;08;3;17;034;2017;11;17;2;3;4;6;1;0;0;0;0;2;1;426567,959900000020000;5362420,752200000000000;8,007690342000046;48,410661073000028
58572;08171127311400470970;08;3;15;006;2017;11;13;2;3;5;3;1;1;0;0;0;0;0;401487,408000000000000;5309066,665000000000000;7,681215143000031;47,927345452000054
58575;08171122235118447840;08;2;35;079;2017;11;06;4;3;6;4;0;1;1;0;0;2;1;468494,447400000000000;5402587,138299999800000;8,571181595000041;48,775489136000033
58583;08171127235200489380;08;2;35;020;2017;11;17;2;3;6;4;0;1;1;0;0;2;1;476111,572400000000000;5381127,586000000100000;8,676095472000043;48,582778640000072
58584;08171122221000449960;08;2;26;056;2017;11;17;4;2;2;6;1;1;0;0;0;2;0;488066,593899999980000;5471416,989099999900000;8,835541674000069;49,395327597000062
58597;08171122136010467150;08;1;36;065;2017;11;19;4;2;6;4;0;1;1;0;0;2;0;562608,163300000010000;5406568,896300000100000;9,852722401000051;48,808952506000026
58599;08171127216200501520;08;2;16;007;2017;11;19;2;3;5;3;1;1;0;0;0;2;1;436410,369000000010000;5394295,327800000100000;8,135807288000024;48,698452397000040
58605;08171127212402469590;08;2;12;000;2017;11;08;2;3;5;2;1;0;0;0;0;0;1;455659,668500000030000;5427444,899299999700000;8,393800729000077;48,998309649000078
58624;08171122118100471650;08;1;18;079;2017;11;13;4;3;0;7;1;0;0;0;0;0;0;509920,627500000000000;5422170,654900000400000;9,135505071000068;48,952377247000072
58625;08171122118010452040;08;1;15;028;2017;11;13;4;2;6;4;0;1;1;0;0;0;0;501264,240999999980000;5407051,321000000500000;9,017221429000074;48,816445078000072
58629;08171122117010482240;08;4;25;108;2017;11;06;4;2;8;1;0;1;1;0;0;1;2;551805,399199999990000;5359250,255800000400000;9,699698418000025;48,384288775000073
58630;08171127126010467290;08;1;25;065;2017;11;06;2;2;6;4;0;1;1;0;0;2;1;516031,696999999990000;5447493,354000000300000;9,219978393000076;49,180037991000063
58634;08171127121500500150;08;1;25;005;2017;11;16;2;3;3;2;1;1;0;0;0;2;1;515765,946000000000000;5452844,185800000100000;9,216541995000057;49,228176855000072
58638;08171122111500468890;08;1;11;000;2017;11;18;4;3;6;4;0;1;1;0;0;2;0;515839,935799999980000;5406320,194699999900000;9,215741815000058;48,809667334000039
58647;08171127119200505380;08;1;19;020;2017;11;18;2;3;6;7;0;1;1;0;0;1;0;519180,454299999980000;5406578,437599999800000;9,261251693000077;48,811896311000055
58654;08171121416010464770;08;4;16;049;2017;11;18;3;3;5;3;1;1;0;0;0;2;0;491323,003600000000000;5369797,553100000100000;8,882583177000072;48,481245346000037
58655;08171121335010475410;08;3;35;075;2017;11;18;3;2;6;2;0;0;1;0;1;2;0;488605,580000000020000;5288036,764999999700000;8,847996356000067;47,745602045000055
58656;08171127111500489520;08;1;11;000;2017;11;10;2;3;3;6;1;1;0;0;0;0;0;518744,766599999970000;5402617,311300000200000;9,255136620000030;48,776275909000049
58666;08171121299200466610;08;2;12;000;2017;11;08;3;3;5;2;1;1;0;0;0;0;1;455721,056300000000000;5428067,894700000100000;8,394572020000055;49,003917969000042
58678;08171201135200538990;08;1;35;019;2017;12;15;6;3;6;4;0;0;1;0;1;0;1;584646,655799999950000;5392447,420800000400000;10,149929619000034;48,679330179000033
58681;08171201116010510160;08;1;16;056;2017;12;05;6;2;6;4;0;1;1;0;0;1;1;530498,389300000040000;5395600,399299999700000;9,414593104000062;48,712688145000072
58685;08171201117400512280;08;1;17;038;2017;12;15;6;3;6;4;0;1;1;0;0;0;1;547045,203199999990000;5397801,179700000200000;9,639768391000075;48,731456357000070
58686;08171201212502510980;08;2;12;000;2017;12;19;6;3;6;4;0;1;1;0;0;1;0;452787,131200000000000;5429139,539599999800000;8,354334284000061;49,013339993000045
58687;08171201215202533040;08;2;15;084;2017;12;16;6;3;3;6;1;1;0;0;0;2;0;473138,623000000020000;5445268,229700000000000;8,631573641000045;49,159643992000042
58691;08171201111140555790;08;1;11;000;2017;12;16;6;3;6;7;1;0;1;0;0;1;1;509895,939499999980000;5399132,322900000000000;9,134611180000036;48,745128753000074
58697;08171130435200504450;08;4;35;059;2017;11;16;5;3;6;4;0;1;1;0;0;1;0;513113,160700000010000;5290940,936099999600000;9,175019469000063;47,771699741000077
58698;08171201118400510380;08;1;18;048;2017;12;12;6;3;5;3;1;0;0;0;1;0;0;512817,838099999990000;5415284,476499999900000;9,174861287000056;48,890377994000062
58707;08171130222600623460;08;2;22;000;2017;11;16;5;3;6;4;0;1;1;0;0;2;1;461408,041499999990000;5484102,301900000300000;8,466926135000051;49,508319694000079
58735;08171130325010502720;08;2;37;028;2017;11;13;5;2;6;7;0;1;1;0;0;0;2;451655,724099999990000;5367872,434799999900000;8,346050948000027;48,462128131000043
58747;08171204426100516090;08;4;26;021;2017;12;17;2;3;5;2;1;1;0;0;0;2;1;558218,172700000000000;5327254,227199999600000;9,781904217000033;48,095894262000058
58748;08171204421300514580;08;4;21;000;2017;12;09;2;3;6;2;0;0;1;0;1;0;1;570786,700199999960000;5364270,779500000200000;9,956879948000051;48,427605281000069
58756;08171204337010514830;08;3;37;126;2017;12;07;2;2;6;4;0;1;1;0;0;1;1;444722,379599999990000;5274973,835199999600000;8,264271175000033;47,625807441000063
58788;08171204126010541720;08;1;21;000;2017;12;07;2;2;6;4;0;1;1;0;0;2;1;514577,852799999990000;5444131,052000000100000;9,199907864000068;49,149829339000064
58794;08171204121300584130;08;1;21;000;2017;12;10;2;2;6;7;0;1;1;0;0;0;0;514125,762700000020000;5443218,381799999600000;9,193676336000067;49,141630130000067
58796;08171204119010559850;08;1;19;020;2017;12;17;2;1;6;4;0;1;1;0;0;2;1;518528,941600000020000;5408906,308400000400000;9,252482875000055;48,832857158000081
58797;08171204118500529190;08;1;18;049;2017;12;15;2;3;6;4;0;0;1;0;1;0;1;519534,640100000020000;5420558,725300000000000;9,266743695000059;48,937647967000032
58813;08171203317500515480;08;3;17;034;2017;12;17;1;3;0;7;1;0;0;0;0;2;1;425969,506500000020000;5363203,308600000100000;7,999466420000033;48,417630274000032
58818;08171203235200550350;08;2;35;066;2017;12;17;1;3;6;7;0;1;1;0;0;2;2;464144,478500000030000;5385809,581199999900000;8,513433643000042;48,624326746000065
58826;08171203222700561210;08;2;22;000;2017;12;17;1;3;6;4;0;1;1;0;0;2;1;461544,239999999990000;5481174,960000000000000;8,469092254000032;49,481998502000067
58832;08171130226600502870;08;2;26;082;2017;11;17;5;3;6;7;0;1;1;0;0;2;0;475540,240100000000000;5480419,312800000400000;8,662358680000068;49,475927098000057
58847;08171203111500527180;08;1;11;000;2017;12;18;1;3;6;2;0;1;1;0;0;2;1;512808,923000000010000;5401835,714999999900000;9,174319484000023;48,769395251000049
58850;08171202437200512670;08;4;37;031;2017;12;15;7;3;5;3;1;1;0;0;0;0;0;516539,723999999990000;5343718,610000000300000;9,222788787000070;48,246467202000076
58857;08171202325010515860;08;2;37;040;2017;12;00;7;3;6;2;0;1;1;0;0;2;0;472965,989999999990000;5367929,201999999600000;8,634300975000031;48,463915728000075
58866;08171202235010513160;08;2;31;000;2017;12;17;7;3;6;2;0;1;1;0;0;2;0;476110,849999999980000;5416227,240000000200000;8,674050416000057;48,898530833000052
58867;08171202212502513920;08;2;12;000;2017;12;00;7;2;0;7;1;0;0;0;0;2;0;454616,072900000030000;5428266,867499999700000;8,379442210000036;49,005627483000069
58874;08171202115100535280;08;1;15;046;2017;12;10;7;3;5;2;1;1;0;0;0;0;1;508646,307199999980000;5389731,961400000400000;9,117416014000071;48,660581105000063
58891;08171201415100556730;08;4;15;050;2017;12;07;6;3;5;3;1;1;0;0;0;2;0;521469,235200000000000;5376056,933400000400000;9,290841401000023;48,537249676000044
58892;08171201337010532560;08;3;37;096;2017;12;13;6;2;6;4;0;1;1;0;0;0;0;419540,839199999990000;5267355,497899999800000;7,930560436000064;47,554632138000045
58894;08171201335100510090;08;3;35;043;2017;12;08;6;3;0;1;1;0;0;0;0;0;2;513650,401000000010000;5279613,976499999900000;9,181834921000075;47,669773340000063
58907;08171201311010535670;08;3;36;050;2017;12;07;6;3;0;6;1;0;0;0;1;2;0;399240,069000000020000;5275182,504499999800000;7,658999435000055;47,622206014000028
58908;08171201311010510140;08;3;36;050;2017;12;10;6;3;5;3;1;1;0;0;0;0;0;399395,318299999980000;5274862,732699999600000;7,661138500000050;47,619353694000040
58916;08171201299200510030;08;2;12;000;2017;12;06;6;3;5;2;1;1;0;0;0;2;1;460495,028999999980000;5425707,699000000000000;8,460073029000057;48,983011503000057
58918;08171201235010532050;08;2;36;004;2017;12;13;6;3;6;2;0;1;1;0;0;0;1;473332,640900000000000;5413066,478199999800000;8,636350800000059;48,869984466000062
58919;08171201235010517240;08;2;31;000;2017;12;17;6;3;6;2;0;1;1;0;0;2;1;475187,693600000000000;5411456,248200000300000;8,661744361000046;48,855576362000079
58940;08171208435100541980;08;4;35;016;2017;12;12;6;3;0;3;1;1;0;0;0;0;1;533157,182099999980000;5280316,073900000200000;9,441729475000045;47,675384404000056
58953;08171206111110533290;08;1;11;000;2017;12;19;4;3;0;1;1;0;0;0;0;2;0;512995,949000000020000;5402999,780000000300000;9,176901538000038;48,779863217000070
58973;08171208335100524340;08;3;35;043;2017;12;07;6;3;5;2;1;1;0;0;0;1;1;512178,765399999970000;5279253,107800000300000;9,162221511000041;47,666555753000068
58988;08171205211010531900;08;2;16;043;2017;12;17;3;3;5;3;1;1;0;0;0;2;0;437966,186400000010000;5412372,595900000100000;8,154220949000035;48,861213772000042
58999;08171209435200541040;08;4;35;059;2017;12;04;7;3;0;1;1;0;0;0;0;2;2;515253,451000000000000;5291053,617999999800000;9,203589399000066;47,772666483000080
59002;08171209435100571590;08;4;35;016;2017;12;18;7;3;3;2;1;1;0;0;0;2;1;536154,979999999980000;5278455,593999999600000;9,481511619000060;47,658484237000039
59011;08171209335300612820;08;3;35;075;2017;12;11;7;3;5;3;1;1;0;0;0;0;1;488802,324399999980000;5287876,816700000300000;8,850625070000035;47,744166347000032
59031;08171209222014531720;08;2;22;000;2017;12;12;7;2;5;2;1;1;0;0;0;0;0;466588,407599999980000;5481466,887600000000000;8,538703173000044;49,484922904000030
59032;08171209221200526860;08;2;21;000;2017;12;02;7;3;0;7;1;0;0;0;0;2;2;477076,495899999980000;5471673,377999999600000;8,684070447000067;49,397319154000058
59049;08171209118500558680;08;1;18;049;2017;12;01;7;3;6;2;0;1;1;0;0;2;1;519146,755799999980000;5420841,045800000400000;9,261460494000062;48,940199742000061
59058;08171208335010533200;08;4;35;035;2017;12;16;6;1;6;4;0;1;1;0;0;2;1;541832,280499999990000;5283278,431699999600000;9,557580566000070;47,701534368000068
59077;08171208221010536740;08;2;21;000;2017;12;17;6;3;3;6;1;1;0;0;0;2;1;477662,949499999990000;5473797,182500000100000;8,692033305000052;49,416444257000080
59081;08171205119400605480;08;1;19;079;2017;12;16;3;3;6;4;0;1;1;0;0;0;0;522919,337000000000000;5415202,150999999600000;9,312659912000072;48,889346133000060
59083;08171205119200516600;08;1;19;020;2017;12;06;3;3;6;2;0;1;1;0;0;2;1;519324,821000000000000;5408821,484000000200000;9,263323734000039;48,832069836000073
59091;08171208136200526930;08;1;36;019;2017;12;12;6;3;6;4;0;1;1;0;0;0;1;592045,846299999980000;5424103,490000000200000;10,257527357000072;48,962989571000037
59105;08171205118010531800;08;1;18;050;2017;12;19;3;1;6;4;0;1;1;0;0;2;0;507856,846100000020000;5417117,419400000000000;9,107218726000042;48,906949469000040
59120;08171207435117541610;08;4;35;057;2017;12;06;5;3;0;4;0;0;1;1;0;2;0;544308,764500000050000;5279854,016200000400000;9,590240055000038;47,670559071000071
59123;08171205116500524650;08;1;16;071;2017;12;03;3;3;0;7;1;0;0;0;0;2;1;527179,486900000020000;5391278,951899999800000;9,369192853000072;48,673966297000050
59125;08171207435100562360;08;4;35;016;2017;12;12;5;3;5;3;1;1;0;0;0;0;0;534812,125000000000000;5278417,754999999900000;9,463625093000076;47,658217443000069
59126;08171205116500519920;08;1;16;049;2017;12;17;3;2;6;4;0;0;1;0;1;2;0;525197,905999999960000;5386081,569000000100000;9,341960239000059;48,627293737000059