OBJECTID;UIDENTSTLA;ULAND;UREGBEZ;UKREIS;UGEMEINDE;UJAHR;UMONAT;USTUNDE;UWOCHENTAG;UKATEGORIE;UART;UTYP1;IstRad;IstPKW;IstFuss;IstKrad;IstSonstig;LICHT;STRZUSTAND;LINREFX;LINREFY;XGCSWGS84;YGCSWGS84
59135;08171207415400522820;08;4;15;061;2017;12;09;5;3;6;2;0;1;1;0;0;0;0;517102,081799999990000;5379042,745000000100000;9,231803274000072;48,564245029000062
59137;08171207335315537070;08;3;35;077;2017;12;07;5;3;5;3;1;1;0;0;0;0;0;493659,384800000000000;5292269,285500000200000;8,915353168000024;47,783753840000031
59156;08171207216200524370;08;2;16;041;2017;12;17;5;3;6;4;0;0;1;1;0;2;0;430848,769499999990000;5392998,436700000400000;8,060451582000042;48,686195322000060
59177;08171207119300523080;08;1;19;067;2017;12;11;5;3;6;4;0;1;1;0;0;0;0;538684,409499999950000;5405545,851800000300000;9,526803618000031;48,801699497000072
59179;08171207119010559810;08;1;19;055;2017;12;10;5;2;6;4;0;1;1;0;0;0;0;544182,794899999980000;5404824,572800000200000;9,601598894000063;48,794844770000054
59181;08171207118010537540;08;1;15;001;2017;12;11;5;2;5;2;1;1;0;0;0;0;1;491772,602399999970000;5394061,924900000000000;8,888186545000053;48,699539553000079
59189;08171205111500553100;08;1;11;000;2017;12;15;3;3;5;2;1;1;0;0;0;0;0;518375,320400000030000;5403115,233400000300000;9,250130361000061;48,780766177000032
59190;08171207115200535450;08;1;15;021;2017;12;07;5;3;4;6;1;1;0;0;0;2;0;490935,788000000000000;5382436,627000000300000;8,877068404000056;48,594945042000063
59192;08171205111500520210;08;1;11;000;2017;12;16;3;1;6;4;0;1;1;0;0;1;1;507475,543000000010000;5400317,627999999600000;9,101708912000049;48,755825505000075
59197;08171206415300519810;08;4;15;019;2017;12;05;4;3;5;3;1;1;0;0;0;2;0;518964,391999999990000;5370169,383000000400000;9,256641328000058;48,484364264000078
59200;08171205111500517830;08;1;11;000;2017;12;19;3;2;5;3;1;1;0;0;0;2;0;513487,705699999990000;5405611,562900000300000;9,183681064000041;48,803348079000045
59211;08171206311010532730;08;3;36;091;2017;12;12;4;3;6;7;0;1;1;0;0;0;0;395061,162000000010000;5270764,827800000100000;7,604457018000062;47,581804879000060
59218;08171206226700524160;08;2;26;076;2017;12;07;4;3;5;3;1;1;0;0;0;1;0;475030,972000000010000;5465807,483000000000000;8,656247848000021;49,344475705000036
59223;08171205111230518430;08;1;11;000;2017;12;19;3;2;6;2;0;1;1;0;0;2;0;515309,771000000010000;5399433,098899999600000;9,208264495000037;48,747724970000036
59224;08171206222014521140;08;2;22;000;2017;12;06;4;3;6;4;0;1;1;0;0;1;0;466582,156399999980000;5477913,396499999800000;8,538916946000029;49,452960362000056
59229;08171206212702532270;08;2;15;110;2017;12;07;4;3;5;2;1;1;0;0;0;1;0;460549,717000000000000;5419979,711000000100000;8,461375492000059;48,931490113000052
59230;08171206211100529770;08;2;11;000;2017;12;10;4;3;8;1;1;0;0;0;0;0;0;442630,681099999990000;5402971,223700000000000;8,219125754000061;48,777096789000041
59231;08171206211100519300;08;2;16;049;2017;12;14;4;3;0;1;1;0;0;0;0;0;0;439031,759000000020000;5401819,083999999800000;8,170315535000043;48,766390978000061
59250;08171214436500588010;08;4;35;016;2017;12;22;5;1;2;6;1;1;0;0;0;2;1;530465,383799999950000;5281816,695399999600000;9,405974277000041;47,689018639000039
59255;08171211215502576560;08;2;15;099;2017;12;07;2;3;1;1;1;1;0;0;0;2;1;462574,691999999980000;5445650,331000000200000;8,486650166000061;49,162527829000055
59274;08171214417200546760;08;4;17;054;2017;12;06;5;3;6;4;0;1;1;0;0;2;1;479525,354999999980000;5348185,652999999900000;8,723992408000072;48,286540777000027
59288;08171211116400539090;08;1;16;033;2017;12;17;2;3;6;3;0;0;1;0;1;1;2;533902,903999999980000;5388925,703999999900000;9,460324865000075;48,652467945000069
59293;08171211115100581480;08;1;15;048;2017;12;12;2;3;6;4;0;1;1;0;0;0;1;509659,529700000010000;5387276,033300000200000;9,131118148000041;48,638472379000063
59297;08171211111500538210;08;1;11;000;2017;12;18;2;2;2;2;1;1;0;0;0;2;1;516218,157300000020000;5398459,775799999900000;9,220583197000053;48,738946007000038
59310;08171214335010549400;08;4;35;016;2017;12;09;5;2;5;3;1;1;0;0;0;0;1;536534,749500000030000;5282315,054800000000000;9,486892135000062;47,693187907000038
59320;08171214317500565980;08;3;17;096;2017;12;18;5;3;5;3;1;1;0;0;0;2;1;421747,568399999990000;5369713,726700000500000;7,941199407000056;48,475680903000068
59325;08171214311010584640;08;3;15;064;2017;12;06;5;2;6;4;0;1;1;0;0;2;1;422921,551099999980000;5313405,495799999700000;7,967321097000024;47,969313143000079
59330;08171214235100566770;08;2;35;047;2017;12;17;5;3;6;3;0;1;1;0;0;2;1;477411,034099999990000;5389585,331899999600000;8,693253992000052;48,658913431000030
59333;08171214231102606490;08;2;36;046;2017;12;16;5;3;6;4;0;1;1;0;0;0;1;483958,981900000010000;5418372,404199999800000;8,781046991000039;48,918081012000073
59345;08171214211100547240;08;2;11;000;2017;12;19;5;3;6;4;0;1;1;0;0;2;1;442914,883800000010000;5402669,822399999900000;8,223035607000043;48,774411784000051
59349;08171214136010545250;08;1;36;007;2017;12;06;5;2;6;4;0;1;1;0;0;2;1;572708,577700000020000;5400443,273299999500000;9,989186570000072;48,752755233000073
59363;08171214119010546330;08;1;19;042;2017;12;13;5;2;3;6;1;0;0;0;1;0;0;529677,242500000050000;5416483,453300000200000;9,404940533000058;48,900585366000030
59366;08171214117400563970;08;1;17;001;2017;12;21;5;3;0;7;1;0;0;0;0;2;1;542620,362899999950000;5399614,422299999700000;9,579785875000027;48,748085861000050
59374;08171214116200589150;08;1;16;077;2017;12;17;5;3;5;2;1;1;0;0;0;2;0;519445,222300000020000;5390215,563099999900000;9,264085789000035;48,664688791000060
59386;08171214111140560440;08;1;11;000;2017;12;20;5;3;6;4;0;1;1;0;0;2;1;509690,501899999970000;5403434,340699999600000;9,131918009000060;48,783832772000039
59402;08171213335010548510;08;4;36;082;2017;12;07;4;2;6;4;0;1;1;0;0;2;1;547529,407800000040000;5295299,277499999900000;9,634826968000027;47,809292079000045
59403;08171213326300546640;08;3;26;017;2017;12;18;4;3;6;2;0;1;1;0;0;2;2;440694,053000000010000;5322476,997000000400000;8,204150831000050;48,052817013000038
59413;08171213299200545350;08;2;12;000;2017;12;17;4;2;6;4;0;1;1;0;0;2;1;454122,460399999980000;5432701,101700000500000;8,372191633000057;49,045477085000073
59423;08171213212102543080;08;2;12;000;2017;12;07;4;3;5;2;1;1;0;0;0;1;2;460739,242700000000000;5425575,945700000000000;8,463423345000024;48,981841921000068
59428;08171213136100546910;08;1;36;038;2017;12;15;4;3;8;1;1;0;0;0;0;0;2;590838,868200000030000;5413542,487999999900000;10,238690778000034;48,868186278000053
59443;08171213118010575780;08;1;18;050;2017;12;08;4;2;6;4;0;1;1;0;0;0;0;505699,027400000020000;5417170,841300000400000;9,077772757000048;48,907453656000030
59449;08171213111500597780;08;1;11;000;2017;12;15;4;3;3;7;1;0;0;0;0;0;0;516331,112499999990000;5404759,047100000100000;9,222369554000068;48,795610757000077
59456;08171212435100558980;08;4;35;016;2017;12;16;3;3;4;2;1;1;0;0;0;1;1;533141,191200000000000;5278484,821100000300000;9,441377515000056;47,658908630000042
59480;08171212231102585230;08;2;36;033;2017;12;15;3;3;5;3;1;1;0;0;0;0;0;482319,631999999980000;5430371,155000000300000;8,758149244000038;49,025972090000039
59491;08171212136010550740;08;1;36;088;2017;12;18;3;1;6;4;0;1;1;0;0;2;1;573567,518999999970000;5415207,568000000000000;10,003518136000025;48,885452122000061
59492;08171212136010539100;08;1;36;050;2017;12;17;3;2;6;4;0;1;1;0;0;2;0;581660,722799999990000;5404266,585500000000000;10,111715178000054;48,786033534000069
59494;08171212128010573460;08;1;28;131;2017;12;18;3;2;6;4;0;1;1;0;0;2;0;536158,600400000000000;5514496,899299999700000;9,502267720000077;49,781846684000072
59511;08171212116010560610;08;4;15;061;2017;12;17;3;2;6;6;1;0;1;0;0;2;0;513062,208800000020000;5373397,822499999800000;9,176869757000077;48,513558844000045
59515;08171212111500558460;08;1;11;000;2017;12;20;3;3;6;4;0;1;1;0;0;2;0;513139,239799999980000;5403463,898000000000000;9,178866845000073;48,784035373000052
59520;08171211436400573910;08;4;36;082;2017;12;19;2;3;6;2;0;1;1;0;0;2;1;547713,492500000050000;5295661,722900000400000;9,637325437000072;47,812539351000055
59528;08171211327200587780;08;3;27;046;2017;12;07;2;3;6;2;0;1;1;0;0;2;1;480477,991500000000000;5324782,792299999900000;8,737909731000059;48,076019849000033
59532;08171211326100574820;08;3;26;012;2017;12;12;2;3;6;7;0;1;1;0;0;0;1;466027,555999999980000;5309114,519999999600000;8,545153288000051;47,934447804000058
59538;08171211325010539380;08;4;17;002;2017;12;16;2;2;6;4;0;1;1;0;0;2;1;489161,787799999990000;5343224,418399999800000;8,854022455000063;48,242144224000072
59549;08171211299200594230;08;2;12;000;2017;12;07;2;3;5;2;1;1;0;0;0;2;1;457098,957400000010000;5428268,575600000100000;8,413389870000060;49,005820435000032
59557;08171211222400552870;08;2;22;000;2017;12;11;2;3;6;4;0;1;1;0;0;0;1;468422,680799999970000;5479388,884300000000000;8,564193130000035;49,466330286000073
59558;08171211216210532610;08;2;16;008;2017;12;10;2;3;6;7;0;1;1;0;0;0;1;440353,977100000020000;5392660,148099999900000;8,189631822000024;48,684133146000079
59562;08171219116400624700;08;1;16;048;2017;12;07;3;2;6;4;0;1;1;0;0;2;1;533521,194600000050000;5391176,650700000100000;9,455324645000076;48,672737744000074
59565;08171219116010574320;08;1;16;077;2017;12;07;3;2;5;3;1;0;0;0;1;2;1;517479,003199999980000;5391357,893899999600000;9,237431073000039;48,675023385000031
59566;08171219116010566740;08;1;16;077;2017;12;15;3;3;5;7;1;1;0;0;0;0;1;516006,898800000020000;5389233,414200000500000;9,217352275000053;48,655950881000081
59568;08171221115200610420;08;1;15;021;2017;12;18;5;3;6;2;0;1;1;0;0;2;0;490007,326799999980000;5382260,787200000100000;8,864480597000068;48,593349017000037
59569;08171221111500595490;08;1;11;000;2017;12;17;5;3;6;4;0;1;1;0;0;2;1;512440,782699999980000;5398562,534000000000000;9,169210488000033;48,739957309000033
59573;08171221111320595840;08;1;11;000;2017;12;16;5;3;6;4;0;1;1;0;0;2;1;517237,755999999990000;5405994,472000000100000;9,234766454000067;48,806699981000065
59582;08171220335010574700;08;4;36;064;2017;12;07;4;2;3;2;1;1;0;0;0;1;1;544114,427700000000000;5292041,761699999700000;9,588886098000046;47,780227270000069
59588;08171220317000576280;08;3;17;057;2017;12;20;4;1;6;4;0;1;1;0;0;2;1;412130,226199999980000;5381061,585900000300000;7,808707079000044;48,576477797000052
59602;08171220299200570120;08;2;12;000;2017;12;07;4;3;5;2;1;1;0;0;0;2;1;453216,822999999970000;5427198,985000000300000;8,360433786000044;48,995917342000041
59604;08171220226500590270;08;2;26;085;2017;12;08;4;3;5;3;1;1;0;0;0;1;1;494752,433100000020000;5456116,985200000000000;8,927882660000023;49,257796906000067
59627;08171220121100590190;08;1;25;087;2017;12;05;4;3;5;3;1;1;0;0;0;2;1;506710,909900000030000;5457374,696200000100000;9,092249134000042;49,269095955000068
59632;08171220116614575550;08;1;16;068;2017;12;10;4;3;5;3;1;1;0;0;0;0;1;526274,547200000030000;5389936,704800000400000;9,356815588000075;48,661930230000053
59633;08171220115100604320;08;1;15;022;2017;12;07;4;2;6;4;0;1;1;0;0;2;1;497507,137200000000000;5385715,798800000000000;8,966171301000031;48,624505867000039
59657;08171219299200613150;08;2;12;000;2017;12;17;3;3;5;2;1;1;0;0;0;2;1;456385,570899999990000;5426395,341000000000000;8,403837009000029;48,988920439000026
59663;08171219222500569280;08;2;22;000;2017;12;18;3;3;3;6;1;1;0;0;0;2;1;462828,892999999980000;5479295,213999999700000;8,487003605000041;49,465171136000038
59665;08171219221400568340;08;2;21;000;2017;12;20;3;3;6;7;1;0;1;0;0;2;1;476601,869300000020000;5473059,953200000300000;8,677447611000048;49,409773121000057
59672;08171219126200620210;08;1;26;058;2017;12;15;3;3;6;4;0;1;1;0;0;0;0;541980,883999999960000;5450553,492700000300000;9,576345936000053;49,206336463000071
59673;08171219121600567210;08;1;25;021;2017;12;11;3;2;6;4;0;1;1;0;0;0;1;523486,459199999980000;5447134,489000000100000;9,322246276000044;49,176569796000081
59676;08171219119200587850;08;1;19;020;2017;12;17;3;2;6;4;0;1;1;0;0;2;0;519800,543200000010000;5405959,868200000400000;9,269667817000027;48,806312323000043
59677;08171219119200567750;08;1;19;093;2017;12;10;3;3;6;7;0;1;1;0;0;0;1;523709,866099999980000;5406181,632600000100000;9,322921717000043;48,808170419000078
59700;08171218317310566310;08;3;17;026;2017;12;07;2;3;3;6;1;0;0;0;1;2;2;412190,255999999990000;5345343,375000000000000;7,816998779000073;48,255215154000041
59701;08171218317200559220;08;3;17;057;2017;12;06;2;3;5;3;1;1;0;0;0;2;1;411899,908700000030000;5380952,889499999600000;7,805608293000034;48,575467803000038
59709;08171218299200564830;08;2;15;017;2017;12;12;2;2;6;4;0;1;1;0;0;0;1;453789,063499999990000;5420924,983300000400000;8,368968872000039;48,939525039000046
59719;08171218226700558940;08;2;26;098;2017;12;05;2;3;0;1;1;0;0;0;0;2;2;480152,468100000000000;5460814,434200000000000;8,727003650000029;49,299751359000027
59724;08171218212711624240;08;2;15;046;2017;12;15;2;3;6;7;0;0;1;1;0;0;0;450833,252400000000000;5415080,198499999900000;8,329312903000073;48,886722543000076
59725;08171218212302564970;08;2;12;000;2017;12;07;2;3;5;2;1;1;0;0;0;0;0;456409,462000000000000;5425492,975999999800000;8,404260323000074;48,980805214000043
59726;08171218211010570420;08;3;17;116;2017;12;05;2;2;1;5;1;1;0;0;0;2;2;433158,167699999990000;5387933,155799999800000;8,092643175000035;48,640884658000061
59730;08171218127100598640;08;1;27;076;2017;12;18;2;3;5;3;1;1;0;0;0;2;1;556231,406800000000000;5438747,278900000300000;9,770323477000034;49,099002890000065
59732;08171218121500596510;08;1;25;039;2017;12;07;2;3;6;7;0;1;1;0;0;1;2;512013,415700000010000;5458740,148600000000000;9,165178902000037;49,281297218000077
59735;08171218119500566680;08;1;19;042;2017;12;17;2;3;6;4;0;0;1;0;1;2;1;528264,614999999990000;5414524,805999999900000;9,385530463000066;48,883032261000039
59745;08171218117010568720;08;1;17;051;2017;12;15;2;2;4;2;1;0;0;0;1;0;1;543047,536599999990000;5396314,850599999500000;9,585252000000025;48,718374969000081
59747;08171218115400618360;08;1;15;045;2017;12;17;2;3;4;6;1;0;0;0;0;2;1;501589,542800000000000;5394888,010300000200000;9,021605691000048;48,707023315000072
59769;08171217119300557710;08;1;19;076;2017;12;21;1;3;5;6;1;1;0;0;0;2;0;542079,419499999960000;5407168,715699999600000;9,573200860000043;48,816077355000061
59780;08171216435100620420;08;4;35;016;2017;12;01;7;3;0;1;1;0;0;0;0;2;0;536024,072099999990000;5279630,910199999800000;9,479865158000052;47,669066331000067
59781;08171216435100587660;08;4;35;016;2017;12;02;7;3;0;1;1;0;0;0;0;2;0;536181,984999999990000;5277992,235600000200000;9,481832902000065;47,654313701000035
59811;08171216126010589310;08;1;26;066;2017;12;17;7;2;6;4;0;1;1;0;0;2;1;536019,962500000020000;5450114,025799999900000;9,494473856000070;49,202762824000047
59813;08171221126010591590;08;2;25;014;2017;12;16;5;2;5;3;1;1;0;0;0;0;1;523437,849600000020000;5485730,636699999700000;9,323850278000066;49,523741127000051
59815;08171216119100554870;08;1;19;008;2017;12;20;7;3;6;4;0;1;1;0;0;2;0;531617,742600000000000;5421814,122000000400000;9,431830793000074;48,948441277000029
59816;08171216119010555930;08;1;19;090;2017;12;08;7;3;6;4;0;1;1;0;0;0;1;530734,709599999940000;5407150,148400000300000;9,418668285000024;48,816575146000048
59829;08171215436300550300;08;4;36;081;2017;12;14;6;3;0;2;1;1;0;0;0;0;1;561905,281100000020000;5281341,272900000200000;9,824833811000076;47,682494405000057
59830;08171215436200563850;08;4;36;095;2017;12;17;6;3;6;6;0;1;1;0;0;1;0;534317,087199999950000;5291266,985399999700000;9,458044528000073;47,773852881000039
59838;08171215416010556450;08;4;15;092;2017;12;18;6;3;6;4;0;1;1;0;0;2;1;518785,842000000000000;5365007,384999999800000;9,253993279000042;48,437930364000067
59841;08171215415400571260;08;4;15;080;2017;12;17;6;3;0;1;1;0;0;0;0;2;0;510803,956699999980000;5374205,254200000300000;9,146312766000051;48,520865697000033
59846;08171215335112597310;08;3;35;043;2017;12;09;6;2;2;6;1;1;0;0;0;0;1;512159,308499999980000;5285584,366999999600000;9,162138843000037;47,723522456000069
59859;08171221117010611120;08;1;17;026;2017;12;16;5;2;6;4;0;1;1;0;0;1;1;548663,440300000020000;5394587,071000000500000;9,661394174000066;48,702419694000071
59867;08171221117010601500;08;1;17;026;2017;12;08;5;2;6;4;0;1;1;0;0;1;1;547786,254599999990000;5395066,936599999700000;9,649528529000065;48,706804144000046
59870;08171215299200560320;08;2;12;000;2017;12;06;6;3;6;4;0;0;1;0;1;2;1;457259,440400000020000;5428213,284900000300000;8,415589944000033;49,005334222000045
59880;08171215226300557600;08;2;26;056;2017;12;14;6;3;6;2;0;1;1;0;0;0;1;485748,532699999980000;5470679,511800000400000;8,803622312000073;49,388644174000035
59898;08171215126010581180;08;1;26;066;2017;12;17;6;2;6;2;0;1;1;0;0;2;1;536350,572000000040000;5450011,042999999600000;9,499002888000064;49,201816980000046
59900;08171215119100552110;08;1;19;083;2017;12;11;6;3;6;4;0;1;1;0;0;0;0;535050,622500000060000;5419755,923299999900000;9,478537942000060;48,929741916000069
59902;08171215118600589230;08;1;18;076;2017;12;07;6;3;6;4;0;1;1;0;0;2;1;504476,524700000010000;5423089,960300000400000;9,061154678000037;48,960710405000043
59917;08171231116100608860;08;1;16;019;2017;12;18;1;3;6;7;0;1;1;0;0;2;0;523242,675700000020000;5401113,967100000000000;9,316272219000041;48,762600283000040
59939;08171230212402608280;08;2;12;000;2017;12;11;7;3;5;3;1;1;0;0;0;0;1;455737,974600000020000;5428245,998399999900000;8,394783917000041;49,005521244000079
59958;08171229317300616030;08;3;17;065;2017;12;13;6;3;5;2;1;1;0;0;0;0;0;414164,723799999980000;5355128,054100000300000;7,841604000000075;48,343497715000069
59965;08171229215502612740;08;2;15;107;2017;12;11;6;3;5;3;1;1;0;0;0;0;0;463871,479899999980000;5455701,092899999600000;8,503532655000072;49,253011667000067
59978;08171229119100605580;08;1;19;008;2017;12;18;6;2;6;4;0;1;1;0;0;2;1;532113,996599999950000;5421073,485200000000000;9,438549971000043;48,941753352000035
60000;08171228317000602020;08;3;17;073;2017;12;19;5;2;6;4;0;1;1;0;0;2;0;412367,176800000020000;5348757,777099999600000;7,818674034000026;48,285951677000071
60028;08171228116010605460;08;1;16;078;2017;12;17;5;2;6;4;0;1;1;0;0;2;1;510509,183499999980000;5393452,447599999600000;9,142808193000064;48,694022388000064
60038;08171227436100616890;08;4;36;055;2017;12;11;4;3;5;3;1;1;0;0;0;0;0;576240,939000000010000;5300290,730000000400000;10,019140783000068;47,851434350000034
60060;08171227299200619340;08;2;12;000;2017;12;16;4;3;5;2;1;1;0;0;0;0;1;455183,122700000010000;5428482,964100000400000;8,387171452000075;49,007612730000062
60066;08171227211100595640;08;2;11;000;2017;12;07;4;3;0;4;0;0;1;1;0;1;1;442629,957300000010000;5402972,200299999700000;8,219115766000073;48,777105507000044
60078;08171227111500601200;08;1;11;000;2017;12;18;4;3;6;4;0;1;1;0;0;2;0;513313,609000000000000;5404392,918999999800000;9,181270652000023;48,792389048000075
60096;08171226317300605540;08;3;17;065;2017;12;22;3;3;6;4;0;1;1;0;0;2;0;414205,884000000020000;5354650,679200000100000;7,842256614000064;48,339209410000080
60128;08171225115100614910;08;1;15;044;2017;12;12;2;3;5;3;1;1;0;0;0;0;0;504583,412699999990000;5389258,144100000200000;9,062237102000040;48,656361600000025
60130;08171224436500588860;08;4;36;003;2017;12;17;1;3;6;6;0;1;1;0;0;2;1;578025,203600000010000;5303965,779400000300000;10,043651231000069;47,884280556000078
60138;08171224235118587820;08;2;35;055;2017;12;13;1;2;3;6;1;1;0;0;0;0;0;473710,578800000020000;5399003,741700000100000;8,642405058000065;48,743495831000075
60150;08171223415400612790;08;4;15;087;2017;12;15;7;3;0;1;1;0;0;0;0;0;0;513328,815699999980000;5380682,164699999600000;9,180712911000057;48,579085249000059
60152;08171223337200595060;08;3;37;070;2017;12;00;7;3;6;4;0;1;1;0;0;2;1;468331,021699999980000;5275229,942699999500000;8,578464671000063;47,629696600000045
60160;08171223226600587080;08;2;26;082;2017;12;15;7;3;0;7;1;0;0;0;0;0;1;482094,053000000010000;5480745,970999999900000;8,752811354000073;49,479094006000025
60179;08171222435114618790;08;4;35;029;2017;12;16;6;3;5;3;1;1;0;0;0;1;1;544825,872600000000000;5271667,380099999700000;9,596289556000045;47,596866008000063
60189;08171222317500597180;08;3;17;096;2017;12;10;6;3;6;2;0;1;1;0;0;0;1;422073,195200000020000;5369803,305599999600000;7,945587849000049;48,476527101000045
60198;08171222311010610840;08;3;15;098;2017;12;15;6;3;4;6;1;0;0;0;0;0;0;408793,312299999990000;5313501,437800000400000;7,778055039000037;47,968318591000070
60204;08171222231102593070;08;2;36;038;2017;12;21;6;3;6;2;0;1;1;0;0;2;1;485781,128299999980000;5427279,937800000400000;8,805607221000059;48,998254426000074
60211;08171222216100592050;08;2;16;005;2017;12;06;6;3;5;3;1;1;0;0;0;2;1;445142,108000000010000;5416965,020999999700000;8,251433063000036;48,903198919000033
60220;08171222126010607610;08;1;26;011;2017;12;06;6;1;6;4;0;1;1;0;0;2;1;533889,713100000050000;5443151,971599999800000;9,464644860000021;49,140260279000074
60227;08171222118400583570;08;1;18;048;2017;12;17;6;3;6;2;0;1;1;0;0;2;1;513956,928599999980000;5416593,970200000300000;9,190445447000059;48,902133235000065
60230;08171222117300581580;08;1;17;026;2017;12;19;6;3;8;7;1;1;0;0;0;2;1;549159,331899999990000;5394119,520899999900000;9,668077792000076;48,698174973000050
60234;08171222116010584460;08;1;16;076;2017;12;19;6;3;1;5;1;0;0;0;1;2;1;527389,562099999980000;5400922,217100000000000;9,372686617000056;48,760706673000072
60249;08171221327200607810;08;3;27;046;2017;12;17;5;3;6;2;0;1;1;0;0;2;1;480785,203600000010000;5324337,115399999500000;8,742054167000049;48,072019436000062
60270;08171221235100596170;08;2;35;008;2017;12;18;5;3;6;2;0;1;1;0;0;2;1;480467,054200000010000;5402080,027599999700000;8,734161043000029;48,771418325000070
145881;08170112222014304220;08;2;22;000;2017;01;12;5;3;5;3;1;1;0;0;0;0;0;461795,292900000000000;5481743,947300000100000;8,472503075000077;49,487132100000053
145884;08170112221000310020;08;2;21;000;2017;01;08;5;3;5;3;1;1;0;0;0;1;1;475655,019900000010000;5473094,643699999900000;8,664393025000038;49,410048009000036
145885;08170112215402322360;08;2;15;009;2017;01;17;5;3;4;6;1;1;0;0;0;2;0;469409,282000000010000;5440809,878300000000000;8,580762342000071;49,119365900000048
145886;08170112212610311390;08;2;12;000;2017;01;07;5;3;0;3;1;0;0;0;1;1;1;451318,668599999980000;5428387,319500000200000;8,334343741000055;49,006459665000079
145887;08170112212502417610;08;2;12;000;2017;01;17;5;3;3;5;1;1;0;0;0;1;1;453255,743800000000000;5428911,491600000300000;8,360768700000051;49,011324373000036
145888;08170112212502319100;08;2;12;000;2017;01;12;5;3;0;7;1;0;0;0;0;0;0;451322,796099999980000;5428389,432799999600000;8,334399922000046;49,006478999000080
145889;08170112127202318130;08;1;27;014;2017;01;16;5;2;6;2;0;1;1;0;0;1;0;578064,984100000000000;5443395,464499999800000;10,070277538000028;49,138424895000071
145895;08170112117010311300;08;1;35;020;2017;01;21;5;2;2;1;1;1;0;0;0;2;1;586880,742199999980000;5386811,867999999800000;10,179090489000032;48,628335689000039
145897;08170112116200317020;08;1;16;077;2017;01;07;5;3;6;4;0;1;1;0;0;2;1;517380,904400000000000;5391068,007000000200000;9,236086347000025;48,672418286000038
145899;08170112115100319220;08;1;15;003;2017;01;17;5;3;6;4;0;1;1;0;0;2;0;501523,029700000010000;5392621,397500000000000;9,020693260000030;48,686632825000061
145901;08170112111500311530;08;1;11;000;2017;01;17;5;3;6;4;0;1;1;0;0;2;1;508982,809000000010000;5396786,924999999800000;9,122139079000021;48,724043365000057
145903;08170112111210317120;08;1;11;000;2017;01;07;5;3;6;2;0;1;1;0;0;1;1;512643,167900000000000;5398672,536899999700000;9,171966548000057;48,740942818000065
145904;08170111436100317960;08;4;36;055;2017;01;16;4;3;0;7;1;0;1;0;0;1;2;576203,659699999960000;5296779,115500000300000;10,018024363000052;47,819848207000064
145908;08170111335200302590;08;3;35;063;2017;01;07;4;3;5;3;1;1;0;0;0;1;2;498053,945100000010000;5287196,805999999900000;8,974042983000061;47,738142158000073
145911;08170111317200315210;08;3;17;057;2017;01;10;4;3;5;3;1;1;0;0;0;0;0;414167,955800000000000;5377716,009399999900000;7,837017695000043;48,546668660000080
145913;08170111311010306200;08;3;36;084;2017;01;17;4;3;5;3;1;1;0;0;0;2;1;406338,333199999990000;5277197,753200000200000;7,753014110000038;47,641399746000047
145914;08170111311010302850;08;3;11;000;2017;01;09;4;3;0;1;1;0;0;0;0;0;2;414929,935000000000000;5318780,190800000000000;7,859206956000037;48,016648321000048
145918;08170111222600316910;08;2;22;000;2017;01;07;4;3;5;3;1;0;0;0;1;1;0;461629,917699999990000;5483584,778800000400000;8,470041073000061;49,503678944000058
145919;08170111215302313320;08;2;15;007;2017;01;18;4;3;6;2;0;1;1;0;0;2;1;478365,679000000000000;5431014,303000000300000;8,704029271000024;49,031631468000057
145923;08170111127010304650;08;1;27;076;2017;01;16;4;2;6;1;0;1;1;0;0;1;1;554831,612599999990000;5440560,847199999700000;9,751395500000058;49,115441709000038
145924;08170111119400318000;08;1;19;091;2017;01;17;4;3;5;3;1;1;0;0;0;2;0;528314,908300000010000;5406695,166199999900000;9,385675163000030;48,812597260000075
145925;08170111118400320900;08;1;18;048;2017;01;12;4;3;5;3;1;1;0;0;0;0;1;512928,155800000010000;5416617,548100000200000;9,176408428000059;48,902367663000064
145926;08170111118100303290;08;1;18;079;2017;01;19;4;3;5;2;1;1;0;0;0;2;1;508448,546099999980000;5421211,191900000000000;9,115378172000021;48,943768092000028
145928;08170111116100320970;08;1;16;019;2017;01;14;4;3;5;3;1;0;0;0;1;0;1;524198,470199999980000;5397800,540799999600000;9,329083181000044;48,732756727000037
145930;08170111111500317150;08;1;11;000;2017;01;18;4;2;5;3;1;0;0;0;1;2;0;510893,238699999990000;5400518,399799999800000;9,148213735000070;48,757581224000035
145931;08170111111500302300;08;1;11;000;2017;01;11;4;3;6;2;0;1;1;0;0;0;0;511567,016799999980000;5403221,545900000300000;9,157457159000046;48,781886419000045
145933;08170110426100302460;08;4;26;021;2017;01;17;3;3;5;3;1;1;0;0;0;2;1;558824,033599999970000;5328615,174599999600000;9,790228124000066;48,108081926000068
145935;08170110416010314330;08;4;16;041;2017;01;16;3;3;6;4;0;1;1;0;0;0;1;504457,087899999980000;5374627,551900000300000;9,060364787000026;48,524741992000031