OBJECTID;UIDENTSTLA;ULAND;UREGBEZ;UKREIS;UGEMEINDE;UJAHR;UMONAT;USTUNDE;UWOCHENTAG;UKATEGORIE;UART;UTYP1;IstRad;IstPKW;IstFuss;IstKrad;IstSonstig;LICHT;STRZUSTAND;LINREFX;LINREFY;XGCSWGS84;YGCSWGS84
145936;08170110416010300510;08;4;15;059;2017;01;12;3;2;6;2;0;1;1;0;0;0;1;516945,794300000010000;5369664,924900000000000;9,229303834000064;48,479883645000029
145937;08170110335300301440;08;3;35;075;2017;01;19;3;3;0;1;1;0;0;0;0;2;2;487927,179300000020000;5289066,420599999800000;8,838917817000038;47,754854075000026
145938;08170110317600322110;08;3;17;145;2017;01;13;3;3;6;4;0;1;1;0;0;0;2;442255,335499999990000;5349203,261599999900000;8,221468966000032;48,293392022000035
145941;08170110235010319600;08;2;31;000;2017;01;18;3;3;6;4;0;1;1;0;0;2;0;479036,902599999970000;5415835,662399999800000;8,713993755000047;48,895114260000071
145943;08170110216300304470;08;2;16;015;2017;01;20;3;3;0;6;1;0;0;0;1;2;1;449468,664500000010000;5406292,287899999900000;8,311784012000032;48,807563721000065
145944;08170110216300301360;08;2;16;024;2017;01;17;3;3;0;3;1;1;0;0;0;1;2;444949,990400000010000;5408808,928000000300000;8,249909105000029;48,829817386000059
145946;08170110119200301750;08;1;19;020;2017;01;16;3;3;6;4;0;1;1;0;0;0;1;519346,163799999980000;5409819,465400000100000;9,263661663000050;48,841046789000075
145950;08170110116010300020;08;1;16;077;2017;01;07;3;2;5;2;1;1;0;0;0;2;1;516111,704499999990000;5389466,840300000300000;9,218784472000039;48,658048109000049
145955;08170109426200299450;08;4;26;070;2017;01;08;2;3;4;7;1;1;0;0;0;0;2;565720,516999999990000;5341192,296000000100000;9,884806922000053;48,220549567000035
145956;08170109416200298970;08;4;16;041;2017;01;12;2;3;0;7;1;0;0;0;0;0;1;503566,645299999970000;5374356,743200000400000;9,048302723000063;48,522311391000073
145957;08170109337010298880;08;3;37;096;2017;01;07;2;1;6;4;0;1;1;0;0;1;1;420660,161900000010000;5267183,261599999900000;7,945466620000047;47,553220385000031
145960;08170109317000303720;08;3;17;057;2017;01;11;2;2;6;2;0;1;1;0;0;0;1;412585,921600000000000;5380564,523000000000000;7,814988279000033;48,572070780000047
145961;08170109311010445120;08;3;11;000;2017;01;11;2;2;6;4;0;1;1;0;0;0;1;414408,381600000020000;5316684,349700000100000;7,852632624000023;47,997725798000033
145968;08170109212413311480;08;2;12;000;2017;01;17;2;3;6;4;0;1;1;0;0;2;2;457255,706300000020000;5427743,359199999800000;8,415588354000022;49,001106915000037
145969;08170109128010312400;08;1;28;007;2017;01;18;2;2;6;4;0;1;1;0;0;2;1;556083,463200000000000;5482663,197499999800000;9,774461509000048;49,494010928000080
145970;08170109121200299160;08;1;21;000;2017;01;07;2;3;6;3;0;1;1;0;0;2;2;516540,012800000030000;5442429,981800000200000;9,226745172000051;49,134477945000071
145972;08170109116010301690;08;1;16;019;2017;01;18;2;3;5;3;1;1;0;0;0;2;1;525251,041600000000000;5396653,190499999600000;9,343326923000063;48,722393532000069
145978;08170107437211297930;08;4;37;078;2017;01;20;7;3;6;4;0;1;1;0;0;2;0;508295,622099999980000;5315696,269100000200000;9,111196287000041;47,994512280000038
145979;08170107436100290460;08;4;36;003;2017;01;14;7;3;6;7;0;1;1;0;0;0;2;580519,876799999970000;5304955,552899999500000;10,077198165000027;47,892876223000030
145989;08170107118200296700;08;1;18;080;2017;01;18;7;3;6;4;1;0;1;0;0;2;2;509443,540199999990000;5410634,445500000400000;9,128721824000024;48,848607864000030
145992;08170106335100296400;08;3;35;043;2017;01;16;6;3;0;1;1;0;0;0;0;1;2;512607,289300000000000;5278647,006699999800000;9,167911947000050;47,661094038000044
145996;08170106199200295410;08;1;18;048;2017;01;01;6;3;6;6;0;0;1;0;1;2;0;511282,087899999980000;5414936,809899999800000;9,153901028000064;48,887280334000081
145997;08170106118600290250;08;1;18;050;2017;01;13;6;3;0;1;1;0;0;0;0;0;2;505331,328400000000000;5417650,791600000100000;9,072761163000052;48,911774444000059
146006;08170105311010288180;08;3;11;000;2017;01;15;5;3;5;1;1;1;0;0;0;0;2;418739,836300000020000;5314353,760900000100000;7,911126331000048;47,977326032000065
146012;08170105222500288690;08;2;22;000;2017;01;20;5;3;1;5;1;1;0;0;0;2;0;463333,243800000000000;5477776,770399999800000;8,494104445000062;49,451544083000044
146013;08170105222400293320;08;2;26;036;2017;01;00;5;3;6;2;0;1;1;0;0;2;0;468542,673699999980000;5479767,894100000200000;8,565819007000073;49,469745564000050
146014;08170105221000292150;08;2;21;000;2017;01;07;5;3;0;7;1;0;0;0;0;0;2;471986,659500000010000;5468843,629499999800000;8,614123705000054;49,371653157000026
146019;08170105118600295440;08;1;18;050;2017;01;18;5;3;6;4;0;1;1;0;0;2;1;505869,908100000000000;5416786,687500000000000;9,080099184000062;48,903996306000067
146020;08170105117010292030;08;1;17;026;2017;01;10;5;2;6;4;0;1;1;0;0;0;1;545383,794600000020000;5395327,254400000000000;9,616904052000052;48,709325303000071
146021;08170105115100289470;08;1;15;003;2017;01;12;5;3;6;2;0;1;1;0;0;0;1;501325,991400000000000;5392021,276700000300000;9,018014194000045;48,681234521000079
146022;08170105111320289860;08;1;11;000;2017;01;18;5;3;0;1;1;0;0;0;0;2;2;517039,795999999970000;5406456,057000000000000;9,232089560000077;48,810857786000042
146023;08170105111130291220;08;1;11;000;2017;01;17;5;3;6;2;0;1;1;0;0;2;0;508372,533799999980000;5406589,030700000000000;9,114040698000054;48,812231235000070
146029;08170104316100297480;08;3;16;011;2017;01;17;4;3;5;3;1;1;0;0;0;2;2;412937,986800000010000;5330892,625199999700000;7,830033163000053;48,125333774000069
146030;08170104311010293020;08;3;11;000;2017;01;15;4;2;0;1;1;0;0;0;0;0;1;412869,538000000000000;5317326,606399999900000;7,831878182000025;48,003295228000070
146034;08170104216300287500;08;2;16;015;2017;01;18;4;3;6;7;0;1;1;0;0;2;1;450826,603000000000000;5404612,955600000000000;8,330478327000037;48,792566529000055
146041;08170104111250287100;08;1;11;000;2017;01;19;4;3;0;7;1;0;0;0;0;2;2;514399,746600000010000;5402970,373599999600000;9,196008963000054;48,779567768000049
146043;08170103335010286750;08;4;35;016;2017;01;18;3;2;5;3;1;1;0;0;0;2;1;537660,935799999980000;5277782,049399999900000;9,501509114000044;47,652338175000068
146045;08170103299200296170;08;2;12;000;2017;01;17;3;3;5;2;1;1;0;0;0;2;1;458374,768800000020000;5430831,259100000400000;8,430570948000025;49,028959511000039
146046;08170103299200287310;08;2;12;000;2017;01;17;3;2;1;5;1;1;0;0;0;2;0;455064,014000000020000;5429883,834099999600000;8,385387743000024;49,020205002000068
146048;08170103222600284720;08;2;22;000;2017;01;19;3;3;6;7;0;1;1;0;0;2;0;463448,030099999970000;5483274,926699999700000;8,495180052000023;49,501004286000068
146049;08170103222500285300;08;2;22;000;2017;01;18;3;3;5;3;1;1;0;0;0;2;0;463234,518700000020000;5478089,437599999800000;8,492713357000071;49,454350419000036
146051;08170103121400286110;08;1;25;038;2017;01;16;3;3;6;4;0;1;1;0;0;2;1;500471,431999999970000;5434550,258000000400000;9,006453638000039;49,063818658000059
146052;08170103118300285970;08;1;18;081;2017;01;13;3;3;6;4;0;1;1;0;0;0;1;518906,350199999990000;5412823,006799999600000;9,257806371000072;48,868079459000057
146057;08170102317500281880;08;3;17;096;2017;01;06;2;3;0;3;1;0;0;0;0;2;0;422753,254299999970000;5368798,361499999600000;7,954973650000056;48,467571606000035
146059;08170102311400282080;08;3;15;074;2017;01;15;2;3;6;7;0;0;1;0;1;0;1;397400,255799999980000;5295553,851800000300000;7,629724402000022;47,805158926000047
146060;08170102311010283270;08;3;11;000;2017;01;06;2;3;5;3;1;1;0;0;0;2;0;414300,256300000010000;5317718,506299999500000;7,850976896000077;48,007013937000067
146061;08170102311010282380;08;3;11;000;2017;01;07;2;3;4;2;1;1;0;0;0;2;0;411217,879900000000000;5318301,516800000300000;7,809538173000021;48,011837497000045
146063;08170102311010282060;08;3;11;000;2017;01;17;2;3;0;1;1;0;0;0;0;2;2;412405,992800000010000;5318137,001000000200000;7,825499460000060;48,010521602000040
146066;08170102235010284240;08;2;31;000;2017;01;17;2;3;6;2;0;1;1;0;0;2;1;477804,587999999990000;5415601,565200000100000;8,697193850000076;48,892965480000043
146070;08170102222400281910;08;2;26;028;2017;01;15;2;3;5;3;1;1;0;0;0;0;1;471068,337699999970000;5483613,570899999700000;8,600396410000030;49,504461619000040
146071;08170102222200283070;08;2;22;000;2017;01;16;2;3;6;7;0;1;1;0;0;0;0;461703,646000000010000;5481741,827200000200000;8,471237957000028;49,487107254000080
146078;08170101335100280540;08;3;35;043;2017;01;04;1;3;0;1;1;0;0;0;0;2;1;512904,870999999980000;5280282,527999999900000;9,171923632000073;47,675804049000078
146079;08170101317500281020;08;3;17;100;2017;01;18;1;3;5;7;1;1;0;0;0;2;0;423963,287000000010000;5366751,527999999900000;7,971712652000065;48,449307768000040
146084;08170101121200280930;08;1;21;000;2017;01;00;1;3;6;7;0;1;1;0;0;2;1;515710,450200000020000;5443314,166000000200000;9,215407343000038;49,142453252000053
146085;08170101117010280550;08;4;25;033;2017;01;03;1;3;6;6;0;1;1;0;0;2;0;553861,368299999970000;5348054,704699999700000;9,726033309000059;48,283402076000073
146141;08170121216200332560;08;2;16;007;2017;01;13;7;3;0;7;1;0;0;0;0;0;0;436542,273200000000000;5393906,700600000100000;8,137659386000053;48,694970098000056
146147;08170121119100359240;08;1;19;008;2017;01;15;7;3;6;4;0;1;1;0;0;0;0;531061,886700000030000;5421221,999200000400000;9,424194059000058;48,943143034000059
146154;08170120436500346090;08;4;36;049;2017;01;18;6;2;6;4;0;1;1;0;0;2;1;577428,765699999990000;5282250,392900000300000;10,031800841000063;47,688999934000037
146157;08170120416200332960;08;4;16;041;2017;01;18;6;3;6;4;0;1;1;0;0;2;0;504199,403200000000000;5373792,311900000100000;9,056866412000034;48,517229647000079
146158;08170120416010370550;08;4;16;036;2017;01;04;6;2;6;1;0;0;1;0;1;2;0;496248,288999999990000;5369568,184000000400000;8,949233987000071;48,479230536000046
146159;08170120416010341340;08;4;15;061;2017;01;18;6;3;6;7;0;1;1;0;0;2;0;515547,049100000000000;5371058,144600000200000;9,210428547000049;48,492453705000059
146161;08170120311010445270;08;3;11;000;2017;01;07;6;3;5;3;1;0;0;0;1;0;0;414592,715099999970000;5317878,653300000400000;7,854865344000075;48,008493669000075
146163;08170120311010338720;08;3;15;047;2017;01;17;6;3;5;2;1;1;0;0;0;1;0;415326,687099999980000;5320933,814500000300000;7,864100696000037;48,036073681000062
146164;08170120299200329790;08;2;12;000;2017;01;06;6;3;7;7;1;0;0;0;0;2;1;458398,488900000000000;5429945,998999999800000;8,430986221000069;49,020998079000037
146169;08170120222014331040;08;2;22;000;2017;01;17;6;2;6;2;0;1;1;0;0;2;0;465333,979899999980000;5477067,066599999600000;8,521769895000034;49,445278027000029
146170;08170120221300355030;08;2;21;000;2017;01;13;6;3;6;2;0;1;1;0;0;0;0;476862,208800000020000;5474208,631199999700000;8,680969473000062;49,420115236000072
146171;08170120215102331530;08;2;12;000;2017;01;19;6;3;0;4;0;0;1;0;1;2;0;460037,455399999980000;5430266,530600000200000;8,453370877000054;49,023989677000031
146172;08170120212702330420;08;2;15;017;2017;01;13;6;3;6;7;0;1;1;0;0;0;0;456757,034800000020000;5421626,867600000500000;8,409421031000022;48,946053245000030
146173;08170120211100331110;08;2;11;000;2017;01;10;6;3;6;2;0;1;1;0;0;0;0;443917,533999999990000;5400505,058000000200000;8,236976094000056;48,755030510000040
146180;08170120118400341270;08;1;18;048;2017;01;08;6;3;6;2;0;1;1;0;0;0;0;516420,811500000010000;5415592,013199999900000;9,224025156000039;48,893059503000075
146181;08170120118300345860;08;1;18;046;2017;01;15;6;3;0;7;0;1;1;0;0;0;0;513337,141599999970000;5412416,249300000300000;9,181852049000042;48,864565141000071
146182;08170120116400364590;08;1;16;033;2017;01;12;6;3;5;3;1;1;0;0;0;0;0;533121,917999999950000;5388950,213000000500000;9,449723144000075;48,652730312000074
146183;08170120116010339290;08;1;16;014;2017;01;17;6;3;6;4;0;1;1;0;0;2;0;528175,268000000040000;5395526,426000000000000;9,383008462000021;48,712131994000060
146185;08170120115100365050;08;1;15;003;2017;01;15;6;3;5;3;1;1;0;0;0;0;0;498454,390300000030000;5392804,530700000000000;8,978999263000048;48,688280255000052
146186;08170120115100332140;08;1;15;046;2017;01;17;6;3;7;4;0;1;1;0;0;2;0;509024,874900000000000;5390457,633500000500000;9,122572744000024;48,667103986000029
146187;08170120111500329340;08;1;11;000;2017;01;00;6;2;6;4;0;0;1;0;1;2;0;512667,884599999990000;5402931,960000000000000;9,172433840000053;48,779259881000030
146188;08170120111330330020;08;1;11;000;2017;01;08;6;3;0;1;1;0;0;0;0;0;0;512636,429699999980000;5408100,019200000000000;9,172164734000035;48,825751791000073
146189;08170120111240343520;08;1;11;000;2017;01;07;6;3;6;4;0;1;1;0;0;1;0;514958,382800000020000;5402420,190299999900000;9,203593039000054;48,774605187000077
146196;08170119335311327760;08;3;35;028;2017;01;07;5;3;0;1;1;0;0;0;0;1;0;483359,812600000000000;5286645,737400000000000;8,778070512000056;47,732972216000064
146201;08170119317110347440;08;3;17;141;2017;01;17;5;3;6;7;0;1;1;0;0;1;0;419035,486500000000000;5376894,033499999900000;7,903117173000055;48,539922507000028
146202;08170119316100351140;08;3;16;011;2017;01;21;5;3;6;4;1;0;1;0;0;2;0;414416,619400000030000;5330188,037700000200000;7,850040794000051;48,119196424000052
146203;08170119311411335680;08;3;15;048;2017;01;05;5;3;0;4;0;1;1;0;0;2;0;399033,908999999990000;5310109,012000000100000;7,648135196000055;47,936339322000038
146204;08170119311010328510;08;3;11;000;2017;01;13;5;3;6;7;0;0;1;0;1;0;0;413499,950499999980000;5316568,963100000300000;7,840480810000031;47,996565590000046
146207;08170119299200329610;08;2;15;096;2017;01;18;5;3;6;4;0;1;1;0;0;2;0;463284,364500000030000;5417021,163999999900000;8,498977009000043;48,905045108000081
146210;08170119235010352990;08;2;36;040;2017;01;14;5;2;5;3;1;1;0;0;0;0;0;488886,355500000010000;5422205,841799999600000;8,848198700000069;48,952673483000069
146211;08170119226700331410;08;2;26;041;2017;01;16;5;3;6;2;0;1;1;0;0;0;0;476869,465700000000000;5465814,224200000100000;8,681557833000056;49,344608841000081
146214;08170119211100328670;08;2;16;049;2017;01;06;5;2;5;3;1;1;0;0;0;2;0;438713,552600000000000;5401629,692099999600000;8,166013922000047;48,764656139000067
146219;08170119118400368710;08;1;18;048;2017;01;16;5;3;6;4;0;1;1;0;0;1;2;512679,626099999990000;5417525,465300000300000;9,173045383000044;48,910540171000036
146220;08170119118400339840;08;1;18;048;2017;01;09;5;3;6;4;0;1;1;0;0;0;0;513337,489200000010000;5417514,458100000400000;9,182023174000051;48,910427333000030
146222;08170119117100353360;08;1;17;049;2017;01;15;5;2;6;4;0;1;1;0;0;0;0;556795,160000000030000;5392502,972000000100000;9,771617685000024;48,682985226000028
146223;08170119116010339110;08;1;16;019;2017;01;11;5;3;6;7;0;0;1;0;1;0;0;522090,853000000000000;5398806,774000000200000;9,300475357000039;48,741886994000026
146226;08170119111500353290;08;1;11;000;2017;01;18;5;3;5;2;1;1;0;0;0;2;0;511125,073399999990000;5401734,445100000100000;9,151400951000028;48,768516615000067
146227;08170118426010334190;08;4;21;000;2017;01;17;4;3;6;2;0;0;1;0;1;2;1;572800,907099999950000;5364526,907599999600000;9,984147946000064;48,429679588000056
146230;08170118327200339710;08;3;27;046;2017;01;13;4;2;0;1;1;0;0;0;0;0;1;480071,660500000000000;5323976,220400000000000;8,732492261000061;48,068750570000077
146235;08170118311010328540;08;3;11;000;2017;01;17;4;2;0;1;1;0;0;0;0;2;2;411618,465399999990000;5315018,644999999600000;7,815584505000061;47,982362723000051
146236;08170118311010327920;08;3;11;000;2017;01;13;4;3;6;4;0;0;1;0;1;0;0;411195,942800000020000;5320124,459300000200000;7,808866363000050;48,028232198000069
146239;08170118235010327980;08;2;31;000;2017;01;16;4;3;6;4;0;1;1;0;0;1;0;477313,200499999980000;5415513,862800000200000;8,690494951000062;48,892158742000049
146241;08170118221000326370;08;2;21;000;2017;01;07;4;3;5;2;1;1;0;0;0;2;0;476910,730300000000000;5474743,667999999600000;8,681607354000050;49,424929638000037
146248;08170117416010339860;08;4;16;041;2017;01;14;3;2;0;7;0;0;1;0;1;0;0;504100,163999999990000;5372314,330299999600000;9,055508037000038;48,503933818000064
146249;08170117416010326320;08;4;16;041;2017;01;18;3;3;6;4;0;1;1;0;0;2;0;504224,685200000010000;5376995,478900000500000;9,057241241000043;48,546046278000063
146250;08170117316200332690;08;3;16;056;2017;01;07;3;2;0;1;1;0;0;0;0;0;2;422476,174999999990000;5327094,701999999600000;7,958877376000032;48,092402721000042
146252;08170117311010345250;08;3;36;091;2017;01;07;3;3;5;3;1;1;0;0;0;2;1;396474,385699999980000;5272013,167999999600000;7,622950776000039;47,593261080000048
146253;08170117311010324650;08;3;11;000;2017;01;09;3;2;6;7;0;1;1;0;0;0;0;414047,709099999980000;5316123,201899999800000;7,847911158000045;47,992629675000046
146255;08170117299200330200;08;2;12;000;2017;01;10;3;3;5;3;1;1;0;0;0;0;0;461639,673599999980000;5427540,838000000500000;8,475543499000025;48,999573203000068
146257;08170117231115324580;08;2;36;038;2017;01;09;3;3;6;7;0;0;1;0;1;0;0;486299,650800000000000;5427328,361499999600000;8,812694509000039;48,998701750000066
146258;08170117226500335470;08;2;26;085;2017;01;06;3;3;6;4;0;1;1;0;0;1;0;490946,048899999990000;5455360,221599999800000;8,875588712000024;49,250945174000037
146260;08170117212502324990;08;2;12;000;2017;01;07;3;2;0;7;1;0;0;0;0;2;0;454135,578400000000000;5428421,185499999700000;8,372855139000023;49,006980064000061
146265;08170117115300361210;08;1;15;028;2017;01;05;3;3;6;7;0;0;1;0;1;2;0;500315,436800000020000;5405163,380099999700000;9,004295414000069;48,799462524000035
146266;08170117111500332650;08;1;11;000;2017;01;07;3;3;6;2;0;1;1;0;0;1;0;508675,779099999990000;5396263,502600000200000;9,117953398000054;48,719338988000061
146271;08170116317200327270;08;3;17;057;2017;01;09;2;3;5;3;1;1;0;0;0;0;1;412807,305500000020000;5380367,471500000000000;7,818030074000035;48,570329269000069
146274;08170116311010324060;08;3;11;000;2017;01;15;2;3;0;1;1;0;0;0;0;0;1;414284,815599999970000;5314892,523500000100000;7,851334324000050;47,981591063000053
146275;08170116299200323460;08;2;12;000;2017;01;15;2;3;5;3;1;1;0;0;0;0;1;454345,493900000000000;5429763,935300000000000;8,375574278000045;49,019073745000071
146279;08170116222200335130;08;2;22;000;2017;01;16;2;3;6;7;1;0;1;0;0;0;0;461446,114000000000000;5482306,732900000200000;8,467627246000063;49,492171970000072
146281;08170116222014323140;08;2;22;000;2017;01;07;2;2;5;3;1;1;0;0;0;1;2;465221,560999999990000;5481870,137000000100000;8,519797028000028;49,488473156000055
146284;08170116221012328100;08;2;26;049;2017;01;11;2;1;2;6;1;1;0;0;1;0;1;486304,927399999990000;5463200,144899999700000;8,811546300000032;49,321379947000025
146286;08170116136100361970;08;1;36;088;2017;01;11;2;3;6;4;0;0;1;0;1;0;0;580289,559200000020000;5410244,708800000100000;10,094221586000060;48,839980901000047
146288;08170116128100322990;08;1;28;007;2017;01;05;2;3;1;7;1;1;0;0;0;2;2;555302,245200000000000;5482366,371100000100000;9,763633081000023;49,491412971000045
146294;08170115436200356780;08;4;36;064;2017;01;09;1;3;0;7;1;0;0;0;0;0;2;545839,529499999950000;5291791,516499999900000;9,611886834000075;47,777855356000032
146295;08170115336300320930;08;3;36;081;2017;01;05;1;3;6;4;0;1;1;0;0;2;2;410430,897899999980000;5277790,184799999900000;7,807367630000044;47,647308378000048
146298;08170115311010318580;08;3;11;000;2017;01;01;1;2;0;1;1;0;0;0;0;2;2;413987,295099999990000;5315225,868400000000000;7,847281332000023;47,984549694000066
146299;08170115311010309170;08;3;11;000;2017;01;03;1;2;0;1;1;0;0;0;0;2;1;413417,807099999980000;5315265,654199999800000;7,839642803000061;47,984830746000057
146305;08170115119500625370;08;1;19;085;2017;01;13;1;3;0;4;0;0;1;1;0;0;0;528733,774500000060000;5413563,822800000200000;9,391862128000071;48,874366073000033
146310;08170114421100309230;08;4;25;002;2017;01;14;7;3;6;1;0;0;1;0;1;0;1;553246,951400000020000;5352950,604500000400000;9,718369687000063;48,327497573000073
146311;08170114416010319930;08;4;16;036;2017;01;17;7;3;4;1;1;1;0;0;0;0;2;494646,320000000010000;5368815,085000000000000;8,927566717000047;48,472443730000066
146312;08170114415400321040;08;4;15;061;2017;01;18;7;3;6;4;0;1;1;0;0;2;1;515685,766899999990000;5372317,752899999700000;9,212353396000026;48,503782124000054
146313;08170114415300321620;08;4;15;092;2017;01;14;7;3;6;6;0;1;1;0;0;0;1;518816,407000000010000;5364255,499499999900000;9,254372760000024;48,431165177000025
146317;08170114317500317720;08;3;17;096;2017;01;13;7;3;5;3;1;1;0;0;0;0;0;420774,668400000020000;5368414,746899999700000;7,928283985000064;48,463874906000058
146318;08170114311400313980;08;3;15;006;2017;01;19;7;3;0;1;1;0;0;0;0;2;2;403830,058699999990000;5307919,789800000400000;7,712823828000069;47,917385080000031
146319;08170114311010308870;08;3;11;000;2017;01;00;7;2;0;1;1;0;0;0;0;2;1;411504,840199999980000;5317099,493200000400000;7,813633128000049;48,001064805000055
146320;08170114311010308580;08;3;11;000;2017;01;18;7;2;0;7;1;0;0;0;0;2;1;411845,841000000010000;5316466,756400000300000;7,818333573000075;47,995420280000076
146322;08170114235010319680;08;2;36;040;2017;01;18;7;2;6;4;0;1;1;0;0;2;1;490816,356800000010000;5422222,959099999600000;8,874560134000035;48,952859143000069
146323;08170114226600312830;08;2;26;096;2017;01;14;7;3;6;7;0;1;1;0;0;0;0;475849,260100000010000;5489040,929499999600000;8,666096793000065;49,553487966000034
146324;08170114226200310130;08;2;26;059;2017;01;13;7;3;5;3;1;1;0;0;0;0;0;465268,098200000010000;5460226,168800000100000;8,522330993000026;49,293795037000052
146325;08170114222800315850;08;2;22;000;2017;01;11;7;2;5;3;1;1;0;0;0;0;1;462295,683599999990000;5488392,806400000100000;8,478776541000059;49,546966129000054
146326;08170114221200322460;08;2;21;000;2017;01;14;7;3;5;3;1;1;0;0;0;0;0;477016,991900000020000;5472453,633800000000000;8,683205238000028;49,404335195000044
146331;08170114116010317950;08;1;16;019;2017;01;19;7;2;6;4;0;1;1;0;0;2;0;524004,679400000020000;5395970,526600000400000;9,326341269000068;48,716301594000072
146333;08170114111320309070;08;1;11;000;2017;01;10;7;3;6;7;0;1;1;0;0;0;0;515509,342400000020000;5407385,871199999900000;9,211279406000074;48,819262335000076
146334;08170113436100306840;08;4;36;055;2017;01;11;6;3;0;1;1;0;0;0;0;0;2;575959,962799999980000;5293778,910600000100000;10,014243657000065;47,792886946000067
146335;08170113417100310200;08;4;17;079;2017;01;12;6;3;6;4;0;1;1;0;0;0;1;501089,139900000010000;5344555,231300000100000;9,014672840000060;48,254209002000039
146336;08170113416010306040;08;4;16;041;2017;01;07;6;3;0;7;1;1;0;0;0;0;2;504137,170600000010000;5372331,058400000400000;9,056009198000027;48,504084068000054
146339;08170113336100321810;08;3;36;050;2017;01;18;6;3;6;7;1;0;1;0;0;0;1;399003,147699999970000;5272573,361700000200000;7,656448520000026;47,598699035000038
146342;08170113311010307370;08;3;16;056;2017;01;05;6;2;0;1;1;1;0;0;0;2;1;421458,509199999970000;5326936,715900000200000;7,945241869000029;48,090856929000040
146343;08170113311010305860;08;3;36;091;2017;01;10;6;2;0;1;1;0;0;0;0;0;2;395803,410800000010000;5271838,036500000400000;7,614070068000046;47,591578263000031
146349;08170113226200318650;08;2;26;032;2017;01;18;6;3;5;3;1;1;0;0;0;2;1;467599,703900000020000;5463682,502000000300000;8,554116099000055;49,325012366000067
146351;08170113222500451970;08;2;22;000;2017;01;07;6;3;6;3;0;1;1;0;0;2;0;464692,556199999990000;5478073,562900000300000;8,512831855000059;49,454294119000053
146353;08170113222014305820;08;2;26;032;2017;01;07;6;3;6;4;0;1;1;0;0;2;0;466436,715000000030000;5462690,492900000000000;8,538195349000034;49,316026570000076
146355;08170113221000316500;08;2;21;000;2017;01;13;6;3;6;4;1;0;1;0;0;0;0;477862,019700000000000;5472951,154600000000000;8,694825077000076;49,408841646000042
146356;08170113212502317800;08;2;12;000;2017;01;22;6;3;6;4;1;0;1;0;0;2;1;454616,942700000010000;5428517,104100000100000;8,379426131000059;49,007878445000074
146359;08170113136010306160;08;1;36;019;2017;01;07;6;3;6;2;0;0;1;0;1;2;0;582811,571899999980000;5423449,690800000000000;10,131263168000032;48,958415509000076
146362;08170113117010625730;08;1;17;026;2017;01;15;6;2;1;4;1;0;1;0;0;0;0;547954,082100000000000;5395008,353400000400000;9,651802743000076;48,706264277000059
146363;08170113116010311470;08;1;16;035;2017;01;15;6;3;6;4;0;1;1;0;0;0;1;526802,493800000050000;5391463,449400000300000;9,364084031000061;48,675642324000080
146365;08170113111500307010;08;1;11;000;2017;01;07;6;3;6;2;0;1;1;0;0;1;1;515503,073500000000000;5410138,580900000400000;9,211298110000030;48,844025370000054
146367;08170112421300322300;08;4;21;000;2017;01;20;5;3;6;4;0;0;1;0;1;2;1;572861,121099999990000;5361061,725300000000000;9,984359899000026;48,398502596000071
146370;08170112416010306680;08;4;16;026;2017;01;17;5;3;4;2;1;1;0;0;0;2;1;504983,838300000000000;5364754,269700000100000;9,067381110000042;48,435913780000078
146371;08170112416010304060;08;4;16;041;2017;01;10;5;3;4;2;1;1;0;0;0;0;1;504426,035900000020000;5373099,432000000000000;9,059928016000072;48,510994683000035
146372;08170112317600305460;08;3;17;041;2017;01;18;5;3;0;7;1;0;0;0;0;2;2;438782,816500000020000;5348288,132399999500000;8,174788968000030;48,284833269000046
146374;08170112317100313280;08;3;17;001;2017;01;07;5;3;5;3;1;1;0;0;0;1;1;431507,204299999980000;5386530,916799999800000;8,070466661000069;48,628092797000079
146376;08170112311010312550;08;3;11;000;2017;01;15;5;3;3;6;1;1;0;0;0;0;1;414319,037000000010000;5319404,099000000400000;7,850891762000060;48,022178956000062
146379;08170112299200306530;08;2;12;000;2017;01;09;5;3;6;7;0;0;1;0;1;0;1;454926,402000000000000;5427503,618099999600000;8,383769955000048;48,998784727000043
146384;08170112222600304310;08;2;22;000;2017;01;14;5;3;0;5;1;1;0;0;0;0;0;461724,922900000010000;5482906,611600000400000;8,471418912000047;49,497585206000053
146386;08170112222200307500;08;2;22;000;2017;01;09;5;3;6;6;0;1;1;0;0;0;0;461770,608400000030000;5480788,499900000200000;8,472254640000074;49,478536794000036
146389;08170112222014313840;08;2;26;062;2017;01;12;5;1;0;1;1;1;0;0;0;0;0;469683,818199999980000;5468687,680400000000000;8,582415414000025;49,370140198000058
146391;08170201426010435380;08;4;21;000;2017;02;08;4;3;2;1;1;0;0;0;1;0;0;570769,984799999980000;5361554,318099999800000;9,956195673000025;48,403171832000055
146396;08170201317500426310;08;3;17;096;2017;02;11;4;3;5;3;1;1;0;0;0;0;1;420294,322300000000000;5368777,733099999800000;7,921718157000043;48,467079231000071