OBJECTID;UIDENTSTLA;ULAND;UREGBEZ;UKREIS;UGEMEINDE;UJAHR;UMONAT;USTUNDE;UWOCHENTAG;UKATEGORIE;UART;UTYP1;IstRad;IstPKW;IstFuss;IstKrad;IstSonstig;LICHT;STRZUSTAND;LINREFX;LINREFY;XGCSWGS84;YGCSWGS84
146398;08170201311400387670;08;3;15;108;2017;02;19;4;3;6;4;0;0;1;0;1;2;1;404979,309699999980000;5304270,830400000300000;7,729005709000035;47,884733596000046
146401;08170201311010419750;08;3;11;000;2017;02;08;4;3;5;2;1;1;0;0;0;0;1;412964,696600000020000;5316379,113599999800000;7,833345857000040;47,994785190000073
146406;08170201299200463710;08;2;12;000;2017;02;19;4;3;6;2;0;0;1;0;1;2;0;455759,077500000010000;5428744,282100000400000;8,395018150000055;49,010004870000046
146407;08170201221400400900;08;2;21;000;2017;02;07;4;3;6;2;0;0;1;0;1;1;0;475734,702600000020000;5469459,768799999700000;8,665713421000021;49,377356049000070
146410;08170201119300385970;08;1;19;067;2017;02;07;4;3;6;7;0;1;1;0;0;1;0;538494,036700000060000;5406338,231200000300000;9,524285536000036;48,808839200000079
146411;08170201117010406280;08;4;25;033;2017;02;23;4;3;6;4;0;1;1;0;0;2;1;553703,619799999990000;5347653,153099999800000;9,723856046000037;48,279803112000081
146412;08170201111110445950;08;1;11;000;2017;02;23;4;3;0;1;1;0;0;0;0;2;0;513251,856000000030000;5402733,724999999600000;9,180376364000040;48,777464409000061
146414;08170131426010374300;08;4;21;000;2017;01;05;3;3;6;2;0;1;1;0;0;2;1;574534,174000000000000;5362293,666000000200000;10,007178178000061;48,409388520000050
146416;08170131415400376650;08;4;15;061;2017;01;07;3;3;3;6;1;1;0;0;0;1;1;513758,490400000010000;5371989,730100000300000;9,186251331000051;48,500876291000054
146419;08170131317200374990;08;3;17;057;2017;01;18;3;3;5;3;1;1;0;0;0;2;1;412816,270499999980000;5380472,144799999900000;7,818129632000023;48,571271987000046
146421;08170131316200376590;08;3;16;056;2017;01;07;3;3;5;3;1;1;0;0;0;1;1;423280,470900000010000;5327916,521800000200000;7,969529291000072;48,099892811000075
146425;08170131299200377550;08;2;12;000;2017;01;08;3;3;6;4;1;0;1;0;0;0;1;456164,263600000010000;5428822,454400000200000;8,400550192000026;49,010736955000027
146426;08170131226400372150;08;2;26;084;2017;01;06;3;3;5;2;1;1;0;0;0;2;1;469195,881300000010000;5469821,816700000300000;8,575606787000027;49,380317035000076
146430;08170131221300375710;08;2;21;000;2017;01;18;3;3;5;2;1;1;0;0;0;2;0;477663,374599999980000;5473861,511699999700000;8,692035545000067;49,417022903000031
146431;08170131221200374140;08;2;21;000;2017;01;16;3;3;5;3;1;1;0;0;0;0;0;476398,366199999990000;5472861,853299999600000;8,674654064000038;49,407983386000069
146432;08170131221000372590;08;2;21;000;2017;01;13;3;3;6;4;0;1;1;0;0;0;0;477012,180999999980000;5469849,726599999700000;8,683289546000026;49,380913222000061
146434;08170131215502377260;08;2;15;066;2017;01;13;3;3;6;4;0;1;1;0;0;0;0;460790,020900000000000;5453749,398600000000000;8,461381032000077;49,235266780000075
146435;08170131215302372680;08;2;15;007;2017;01;11;3;3;6;5;0;1;1;0;0;0;1;478642,251400000010000;5431581,068199999600000;8,707783038000059;49,036739416000046
146437;08170131127100372450;08;1;27;025;2017;01;12;3;3;5;3;1;1;0;0;0;0;1;556388,718400000010000;5427493,573900000200000;9,770911721000061;48,997764522000068
146438;08170131119500375570;08;1;19;085;2017;01;19;3;3;6;6;0;1;1;0;0;2;0;529233,091499999980000;5413967,848899999600000;9,398700367000060;48,877977185000077
146439;08170131119010374530;08;1;19;079;2017;01;13;3;2;6;4;0;0;1;0;1;0;1;522964,944499999980000;5412730,177400000400000;9,313143231000026;48,867107378000071
146442;08170131118100374640;08;1;18;079;2017;01;16;3;3;0;7;0;0;1;0;1;0;0;509502,769900000010000;5423066,235500000400000;9,129818506000049;48,960440150000068
146445;08170131111500376750;08;1;11;000;2017;01;07;3;3;6;4;0;1;1;0;0;2;1;512616,038300000010000;5408318,251400000400000;9,171893627000031;48,827715389000048
146446;08170131111370374900;08;1;11;000;2017;01;07;3;3;6;4;0;1;1;0;0;1;1;509054,885000000010000;5406839,471500000000000;9,123340379000069;48,814474603000065
146447;08170130421200376780;08;4;21;000;2017;01;06;2;3;6;4;0;1;1;0;0;2;1;574215,750200000010000;5361798,202999999700000;10,002788382000062;48,404969328000050
146448;08170130416010371990;08;4;15;078;2017;01;07;2;3;2;6;1;1;0;0;0;2;2;528051,421500000050000;5371884,202300000000000;9,379727100000025;48,499451276000059
146450;08170130325010373490;08;4;17;031;2017;01;19;2;3;6;2;0;1;1;0;0;2;1;497371,712500000020000;5355587,876699999900000;8,964523124000039;48,353461972000048
146451;08170130317600368750;08;3;17;040;2017;01;08;2;3;0;7;1;0;0;0;1;0;2;432369,955299999970000;5347771,232599999800000;8,088436815000023;48,279530707000049
146452;08170130317300371480;08;3;17;065;2017;01;16;2;3;8;6;1;0;0;0;1;0;1;413295,208999999970000;5355402,286000000300000;7,829815463000045;48,345845610000026
146453;08170130317000375950;08;3;17;001;2017;01;08;2;2;0;1;1;0;0;0;1;0;2;429896,551700000010000;5386258,879599999600000;8,048657185000025;48,625467360000073
146454;08170130316100376250;08;3;16;012;2017;01;08;2;3;0;1;1;0;0;0;0;2;2;403603,830599999990000;5332927,728699999900000;7,704168903000038;48,142293673000040
146461;08170130211100374540;08;2;11;000;2017;01;07;2;3;0;1;1;0;0;0;0;0;2;445290,778600000020000;5399510,440000000400000;8,255790104000027;48,746205857000064
146465;08170130117400376120;08;1;17;051;2017;01;07;2;3;5;4;0;1;1;0;0;0;0;542984,834700000010000;5395196,586699999900000;9,584283088000063;48,708319843000027
146469;08170130116010376470;08;1;16;019;2017;01;08;2;3;6;4;0;1;1;0;0;0;1;524199,637899999970000;5397795,174800000200000;9,329098746000057;48,732708410000043
146470;08170130116010374960;08;1;16;019;2017;01;19;2;3;5;3;1;1;0;0;0;2;1;523507,228799999980000;5398331,600100000400000;9,319713203000049;48,737560541000050
146471;08170130116010371610;08;1;16;071;2017;01;17;2;3;6;7;0;1;1;0;0;2;1;528073,919499999960000;5391309,650700000100000;9,381344196000043;48,674202885000057
146473;08170130115300377100;08;1;15;041;2017;01;07;2;2;0;1;1;0;0;0;0;0;2;495123,658000000000000;5401503,706899999600000;8,933640575000027;48,766521237000063
146474;08170130115300371390;08;1;15;028;2017;01;13;2;3;0;5;1;1;0;0;0;0;1;502232,010699999980000;5403927,749900000200000;9,030387359000031;48,788342943000032
146477;08170129335100361900;08;3;35;043;2017;01;09;1;3;5;3;1;1;0;0;0;0;0;512848,599899999970000;5279133,254999999900000;9,171140161000039;47,665464395000072
146480;08170129299200366320;08;2;12;000;2017;01;20;1;3;6;6;0;1;1;0;0;2;0;457926,872199999980000;5428657,897800000400000;8,424669465000022;49,009379443000057
146482;08170129212302362830;08;2;12;000;2017;01;09;1;3;5;3;1;1;0;0;0;0;0;456232,547100000030000;5428472,083800000100000;8,401521685000034;49,007590180000079
146484;08170129117300354010;08;1;17;026;2017;01;08;1;3;0;1;1;0;0;0;0;0;0;548108,326000000000000;5395157,258100000200000;9,653916474000027;48,707591869000055
146485;08170129116300355280;08;1;16;078;2017;01;14;1;3;0;1;1;0;0;0;0;0;1;512551,789899999970000;5392797,530299999800000;9,170544940000070;48,688092964000077
146486;08170129111500353580;08;1;11;000;2017;01;15;1;3;0;1;1;0;0;0;0;0;1;512894,431300000000000;5401784,511099999800000;9,175481575000049;48,768932859000074
146488;08170128421200351020;08;4;21;000;2017;01;14;7;3;6;7;0;1;1;0;0;0;0;573305,841499999980000;5361015,531200000100000;9,990359112000022;48,398035515000061
146489;08170128337100361920;08;3;37;066;2017;01;12;7;3;6;4;0;1;1;0;0;0;0;430432,734799999980000;5268319,958200000200000;8,075158663000025;47,564567558000078
146490;08170128335300352070;08;3;35;075;2017;01;11;7;3;0;1;1;0;0;0;0;0;0;488795,804799999980000;5289954,560800000100000;8,850484559000051;47,762860829000033
146493;08170128311010368120;08;3;15;047;2017;01;14;7;3;5;2;1;1;0;0;0;0;1;415137,720600000000000;5321521,708900000000000;7,861449685000025;48,041336907000073
146496;08170128235010366760;08;2;36;044;2017;01;10;7;1;6;7;0;1;1;0;0;0;2;484395,519099999980000;5406432,031399999700000;8,787460833000068;48,810679358000073
146497;08170128235010360000;08;2;31;000;2017;01;22;7;3;6;2;0;1;1;0;0;2;0;478947,725099999980000;5416135,012900000400000;8,712761666000063;48,897804093000047
146509;08170127421200363910;08;4;25;072;2017;01;07;6;3;5;2;1;1;0;0;0;1;0;583165,898399999950000;5371775,034900000300000;10,125679948000027;48,493591006000031
146510;08170127337010366010;08;3;37;002;2017;01;15;6;2;6;2;0;1;1;0;0;0;1;435331,837600000030000;5271853,553500000400000;8,139759825000056;47,596865362000074
146511;08170127335400364680;08;3;35;079;2017;01;07;6;3;6;6;0;1;1;0;0;0;0;500749,119599999980000;5300020,232599999800000;9,010014109000053;47,853523550000034
146513;08170127311010355890;08;3;36;050;2017;01;07;6;3;5;3;1;1;0;0;0;2;0;399444,734200000010000;5273711,720499999800000;7,662060123000060;47,609007622000036
146518;08170127221000351320;08;2;21;000;2017;01;10;6;2;5;5;1;1;0;0;0;0;0;477399,681999999970000;5471879,260999999900000;8,688512786000047;49,399183127000072
146519;08170127216200347500;08;2;16;041;2017;01;05;6;3;6;4;0;1;1;0;0;2;0;434984,634700000000000;5392046,440100000200000;8,116787578000071;48,678076618000034
146520;08170127212402356480;08;2;12;000;2017;01;18;6;3;4;2;1;1;0;0;0;2;0;455977,093799999970000;5428078,246399999600000;8,398071507000054;49,004029399000046
146525;08170127116010348320;08;1;16;080;2017;01;11;6;2;6;4;0;1;1;0;0;0;0;522005,775299999980000;5395699,415799999600000;9,299152307000043;48,713936458000035
146526;08170127115400358300;08;1;15;045;2017;01;07;6;3;6;4;0;1;1;0;0;0;0;497702,466699999990000;5396868,867700000300000;8,968759993000049;48,724841022000078
146529;08170126421200412990;08;4;21;000;2017;01;08;5;3;1;6;1;1;0;0;0;0;0;572881,855699999960000;5361960,959400000100000;9,984796128000028;48,406589011000051
146533;08170126311010347130;08;3;15;006;2017;01;12;5;1;6;4;0;0;1;0;1;0;0;403473,257999999970000;5308132,559000000400000;7,708001865000028;47,919245323000041
146535;08170126311010345020;08;3;11;000;2017;01;11;5;3;5;2;1;1;0;0;0;0;0;412219,116900000020000;5318701,339100000400000;7,822878746000072;48,015572330000055
146536;08170126299200363290;08;2;15;107;2017;01;22;5;2;6;4;0;1;1;0;0;2;1;463018,968200000000000;5456034,188199999700000;8,491787413000054;49,255956880000042
146540;08170126222014366370;08;2;22;000;2017;01;15;5;2;6;7;0;0;1;0;1;0;0;464403,322800000020000;5484862,398400000300000;8,508229992000054;49,515339601000051
146546;08170126118500346070;08;1;18;049;2017;01;10;5;3;6;7;0;0;1;0;1;0;2;518868,520800000000000;5420125,562400000200000;9,257627944000035;48,933772071000078
146552;08170125436200347730;08;4;36;064;2017;01;08;4;3;0;6;1;1;0;0;0;0;2;545606,821000000000000;5291833,258600000300000;9,608785101000024;47,778247428000043
146553;08170125426010363530;08;4;21;000;2017;01;11;4;2;0;1;1;0;0;0;0;0;1;571404,839799999960000;5361058,321999999700000;9,964687767000044;48,398638609000045
146554;08170125415400341810;08;4;15;061;2017;01;09;4;3;6;3;0;1;1;0;0;0;0;516092,563299999980000;5370602,392000000000000;9,217794442000070;48,488339860000053
146555;08170125316100364830;08;3;16;017;2017;01;07;4;3;6;4;0;0;1;0;1;1;0;413053,184000000010000;5340056,292600000300000;7,829706927000075;48,207777159000045
146557;08170125235010358880;08;2;31;000;2017;01;18;4;3;6;4;0;1;1;0;0;2;0;480329,563100000030000;5414333,647500000000000;8,731702026000050;48,881644985000037
146558;08170125211010358390;08;2;16;033;2017;01;12;4;3;5;3;1;1;0;0;0;0;0;447426,662599999980000;5413357,772199999500000;8,283068520000029;48,870949524000025
146561;08170125118400398400;08;1;18;048;2017;01;17;4;2;6;4;0;1;1;0;0;1;0;515332,747399999990000;5415913,227400000200000;9,209193124000024;48,895976938000047
146564;08170125111500356460;08;1;11;000;2017;01;22;4;1;6;4;0;1;1;0;0;2;0;514815,814499999980000;5402147,298399999700000;9,201642776000028;48,772153685000035
146568;08170124426300340870;08;4;26;014;2017;01;15;3;3;6;1;1;0;1;0;0;0;0;549054,217100000010000;5317050,860100000200000;9,657666274000064;48,004871035000065
146569;08170124421200356600;08;4;21;000;2017;01;07;3;3;6;4;0;1;1;0;0;0;1;572623,386100000000000;5361109,060399999800000;9,981156758000054;48,398955818000047
146571;08170124417300339820;08;4;17;036;2017;01;06;3;3;4;2;1;1;0;0;0;2;1;503077,071999999990000;5352897,591000000000000;9,041514952000057;48,329256391000058
146574;08170124317500356320;08;3;17;096;2017;01;12;3;3;5;3;1;1;0;0;0;0;1;422114,659500000010000;5370436,071999999700000;7,946030882000059;48,482223916000066
146577;08170124311010339450;08;3;11;000;2017;01;09;3;3;1;5;1;1;0;0;0;0;1;413163,881100000000000;5317808,887699999800000;7,835725832000037;48,007673557000032
146578;08170124299200354900;08;2;15;110;2017;01;10;3;2;6;7;0;0;1;0;1;0;1;461338,388299999990000;5419135,157800000200000;8,472223007000025;48,923942844000067
146589;08170123421200360340;08;4;21;000;2017;01;13;2;3;6;4;0;1;1;0;0;0;0;573485,871300000000000;5360928,376899999600000;9,992775673000040;48,397230585000045
146590;08170123416010358100;08;4;15;085;2017;01;09;2;1;6;7;0;0;1;0;1;0;0;534167,833699999960000;5342228,611300000000000;9,460111920000031;48,232357187000048
146591;08170123415400360290;08;4;15;061;2017;01;09;2;3;6;2;0;0;1;0;1;0;0;515684,216200000020000;5371423,900799999900000;9,212298821000047;48,495740766000040
146592;08170123336310354940;08;3;36;103;2017;01;15;2;3;6;7;0;1;1;0;0;0;2;413489,191999999980000;5283941,427000000100000;7,846862179000027;47,703060235000066
146597;08170123311500336040;08;3;15;113;2017;01;10;2;3;6;4;0;1;1;0;0;0;1;441449,127500000000000;5306663,966400000300000;8,216438390000064;47,910626854000043
146599;08170123311010337710;08;3;11;000;2017;01;16;2;3;0;1;1;0;0;0;0;0;1;414267,531000000020000;5316319,475700000300000;7,850817790000065;47,994424745000060
146601;08170123311010336730;08;3;11;000;2017;01;15;2;3;0;1;1;0;0;0;0;0;1;414519,735800000020000;5316533,913300000100000;7,854155001000038;47,996387462000030
146602;08170123311010335950;08;3;36;050;2017;01;06;2;2;6;2;0;1;1;0;0;2;1;401878,633900000020000;5276607,835099999800000;7,693786738000028;47,635432545000072
146607;08170123221400371010;08;2;21;000;2017;01;17;2;3;5;3;1;1;0;0;0;1;0;476969,535900000020000;5469060,128800000100000;8,682747740000025;49,373809267000070
146610;08170123212502337920;08;2;12;000;2017;01;09;2;3;6;6;1;0;1;0;0;0;0;451406,141500000030000;5426908,964399999900000;8,335716613000045;48,993168737000076
146612;08170123212202337420;08;2;12;000;2017;01;22;2;3;0;7;1;0;0;0;0;2;0;456816,886899999980000;5428664,115799999800000;8,409491102000061;49,009358697000039
146614;08170123136100369690;08;1;36;088;2017;01;07;2;3;0;1;0;0;1;0;1;2;2;580122,398399999950000;5410029,116499999500000;10,091901725000071;48,838063411000064
146620;08170123116200348790;08;1;16;078;2017;01;08;2;3;5;3;1;1;0;0;0;0;0;510449,249000000010000;5394900,108699999700000;9,142030387000034;48,707046639000055
146624;08170123111500348520;08;1;11;000;2017;01;19;2;3;6;4;0;0;1;0;1;2;0;512341,301700000010000;5402804,922100000100000;9,167984636000028;48,778123623000056
146626;08170123111500337280;08;1;11;000;2017;01;10;2;3;6;4;0;1;1;0;0;0;0;517137,286800000000000;5410086,131099999900000;9,233569134000049;48,843510572000071
146627;08170122421200359790;08;4;21;000;2017;01;14;1;3;6;3;0;1;1;0;0;0;0;574302,765600000040000;5363920,696100000300000;10,004339918000028;48,424051224000038
146628;08170122335010356710;08;4;37;114;2017;01;02;1;3;8;1;0;1;1;0;0;2;2;515726,092999999990000;5336867,658099999700000;9,211575226000036;48,184851362000074
146643;08170121299200359290;08;2;12;000;2017;01;13;7;3;0;4;0;0;1;0;1;0;0;453196,200399999970000;5428869,672000000300000;8,359959315000026;49,010943691000080
146644;08170121299200344130;08;2;12;000;2017;01;08;7;3;4;2;1;1;0;0;0;0;0;451630,140900000000000;5431407,524199999900000;8,338242354000045;49,033650850000072
146646;08170212136300387430;08;1;36;015;2017;02;13;1;3;1;5;1;1;0;0;0;0;0;557927,245499999960000;5412416,904199999800000;9,789801468000064;48,862009413000067
146648;08170212118400421650;08;1;18;048;2017;02;10;1;3;6;4;0;1;1;0;0;0;0;513967,940699999980000;5415260,748800000200000;9,190550119000022;48,890139688000033
146649;08170212317200378450;08;3;17;057;2017;02;16;1;3;6;4;0;0;1;0;1;0;0;412162,236500000000000;5380906,020300000000000;7,809173826000063;48,575083076000055
146650;08170212317000466470;08;3;17;057;2017;02;21;1;2;6;4;0;1;1;0;0;2;0;412462,824100000030000;5380611,444600000000000;7,813310027000057;48,572475626000028
146651;08170212311010384900;08;3;11;000;2017;02;19;1;3;6;4;1;0;1;0;0;2;0;416484,395699999990000;5315676,205099999900000;7,880652479000048;47,988931623000042
146659;08170211317300444170;08;3;17;065;2017;02;15;7;2;0;7;1;0;0;0;0;0;0;413506,309000000010000;5353383,767099999800000;7,833078359000069;48,327718403000063
146660;08170211311200462910;08;3;11;000;2017;02;13;7;3;5;2;1;1;0;0;0;0;0;414094,990600000020000;5318054,427500000200000;7,848158071000057;48,010008109000069
146661;08170211311010384910;08;3;11;000;2017;02;14;7;3;6;4;0;0;1;0;1;0;0;413038,364000000000000;5316507,832999999600000;7,834307028000069;47,995953087000032
146663;08170211235010454180;08;2;35;057;2017;02;10;7;2;0;7;1;0;0;0;1;0;0;489306,607399999980000;5396827,485899999700000;8,854601169000034;48,724381250000079
146664;08170211222500451980;08;2;22;000;2017;02;12;7;3;5;3;1;1;0;0;0;0;0;462464,395900000000000;5478049,883100000200000;8,482091476000051;49,453947552000045
146670;08170210317200422650;08;3;17;057;2017;02;12;6;3;5;3;1;1;0;0;0;0;0;412393,269600000000000;5380469,188699999800000;7,812397297000075;48,571186405000049
146672;08170210299200464340;08;2;12;000;2017;02;10;6;2;6;7;0;0;1;0;1;0;0;455760,271000000010000;5428720,946499999600000;8,395037013000035;49,009795049000047
146673;08170210299200464280;08;2;12;000;2017;02;16;6;2;0;4;0;0;1;0;1;0;0;461475,499799999990000;5427490,422100000100000;8,473303821000059;48,999109476000058
146677;08170210128100456220;08;1;28;007;2017;02;18;6;3;5;3;1;1;0;0;0;2;0;555739,436299999940000;5482289,661100000100000;9,769658583000023;49,490683033000039
146679;08170210119100383140;08;1;19;008;2017;02;23;6;3;6;7;0;1;1;0;0;2;0;531688,672499999990000;5421809,859899999600000;9,432799183000043;48,948399307000045
146682;08170210115100416070;08;1;15;003;2017;02;19;6;3;5;3;1;1;0;0;0;2;0;499691,510400000030000;5392574,572300000100000;8,995808616000034;48,686213363000036
146683;08170210111500409450;08;1;11;000;2017;02;14;6;3;6;7;0;1;1;0;0;0;0;513180,644800000010000;5402623,245400000400000;9,179403543000035;48,776472056000046
146685;08170210111130382920;08;1;11;000;2017;02;08;6;3;5;3;1;1;0;0;0;0;0;511743,705299999970000;5402644,915400000300000;9,159845868000048;48,776695782000047
146688;08170209426010397130;08;4;26;097;2017;02;10;5;2;6;7;0;0;1;0;1;0;0;535629,045000000040000;5334323,959200000400000;9,479124698000021;48,161162068000067
146690;08170209337010437900;08;3;37;096;2017;02;08;5;3;6;4;0;1;1;0;0;0;0;420342,297399999980000;5267585,443799999500000;7,941169622000075;47,556799638000030
146693;08170209317114401740;08;3;17;089;2017;02;11;5;2;6;7;0;1;1;0;0;0;0;432018,699700000000000;5375674,705400000300000;8,079182835000040;48,530495781000070
146696;08170209311010450280;08;3;36;050;2017;02;11;5;3;6;4;0;1;1;0;0;0;0;399437,468999999980000;5274298,383299999900000;7,661828844000070;47,614283727000043
146697;08170209311010445180;08;3;11;000;2017;02;18;5;3;4;2;1;1;0;0;0;2;0;413328,999200000020000;5317072,515399999900000;7,838088007000067;48,001072060000070
146702;08170209226600410780;08;2;26;096;2017;02;20;5;2;0;7;1;0;0;0;0;2;0;474817,772400000020000;5488076,003200000200000;8,651897604000055;49,544766823000032
146703;08170209222600435290;08;2;22;000;2017;02;07;5;3;5;2;1;1;0;0;0;0;0;462912,622099999980000;5482675,804499999600000;8,487842072000035;49,495582994000074
146705;08170209221200443990;08;2;21;000;2017;02;07;5;3;0;5;1;0;0;0;1;0;0;476262,389900000010000;5472976,333900000000000;8,672772833000067;49,409007831000054
146706;08170209221000467230;08;2;21;000;2017;02;18;5;3;2;4;0;1;1;0;0;2;0;478586,985700000020000;5472958,260200000400000;8,704818302000035;49,408931504000066
146707;08170209212302394640;08;2;12;000;2017;02;14;5;3;5;3;1;0;0;0;1;0;0;455786,278899999980000;5427033,015900000000000;8,395576412000025;48,994613789000027
146708;08170209199200449610;08;1;15;045;2017;02;13;5;2;0;1;1;0;0;0;0;0;0;497372,677800000000000;5396107,585799999500000;8,964280640000027;48,717991188000042
146710;08170209136300443740;08;1;36;065;2017;02;12;5;3;0;1;1;0;0;0;0;0;0;558791,236000000030000;5405298,411000000300000;9,800559455000041;48,797897258000035
146713;08170209118300418270;08;1;18;081;2017;02;06;5;3;6;6;0;1;1;0;0;1;0;519007,863399999970000;5412663,030799999800000;9,259183154000027;48,866637255000057
146715;08170209118010399380;08;1;18;048;2017;02;13;5;3;0;2;1;0;0;0;1;0;0;515920,266400000020000;5415532,339599999600000;9,217194067000037;48,892535760000044
146716;08170209115300405040;08;1;15;028;2017;02;12;5;2;5;3;1;1;0;0;0;0;0;500568,651399999970000;5404540,931800000400000;9,007742664000034;48,793862839000042
146717;08170209115200380690;08;1;15;021;2017;02;14;5;3;5;3;1;1;0;0;0;0;0;490067,215900000010000;5382112,147900000200000;8,865296358000023;48,592012776000047
146720;08170209111500425890;08;1;11;000;2017;02;06;5;2;6;4;0;0;1;0;1;1;0;512686,391300000020000;5402939,594399999800000;9,172685985000044;48,779328183000075
146721;08170209111500425810;08;1;11;000;2017;02;11;5;3;6;4;0;1;1;0;0;0;0;515273,961599999980000;5403263,930400000000000;9,207919582000045;48,782187725000028
146722;08170209111500409440;08;1;11;000;2017;02;11;5;2;0;5;1;1;0;0;0;0;0;514116,431099999990000;5403821,984699999900000;9,192181751000021;48,787235275000057
146725;08170208327100452240;08;3;27;050;2017;02;15;4;3;6;4;0;1;1;0;0;0;1;485859,449900000010000;5314410,325600000100000;8,810499764000042;47,982839890000037
146727;08170208317500463260;08;3;17;096;2017;02;13;4;3;4;2;1;1;0;0;0;0;0;422148,033300000010000;5370007,320500000400000;7,946562293000056;48,478371469000081
146729;08170208317000466440;08;3;17;096;2017;02;19;4;2;0;7;1;0;0;0;0;2;0;423569,006600000020000;5370356,603299999600000;7,965722731000028;48,481687617000034
146730;08170208311010418640;08;3;11;000;2017;02;18;4;3;5;3;1;1;0;0;0;2;0;414365,918699999980000;5320243,708399999900000;7,851352566000060;48,029737812000064
146731;08170208299200464270;08;2;12;000;2017;02;15;4;3;0;4;0;0;1;0;1;0;0;456120,466699999990000;5427036,188099999900000;8,400144320000038;48,994666165000069
146733;08170208222500381180;08;2;22;000;2017;02;17;4;3;5;3;1;1;0;0;0;0;0;462448,789999999980000;5478512,582100000200000;8,481832284000063;49,458108350000032
146734;08170208222400446370;08;2;26;105;2017;02;12;4;3;5;3;1;1;0;0;0;0;0;470943,435000000000000;5478929,769999999600000;8,599015487000031;49,462326548000078
146736;08170208222014386630;08;2;22;000;2017;02;07;4;3;6;4;0;1;1;0;0;0;0;460509,526399999970000;5488074,917399999700000;8,454117763000056;49,543993076000049
146737;08170208221012442200;08;2;21;000;2017;02;18;4;3;5;2;1;1;0;0;0;2;0;477594,451200000010000;5472154,517699999700000;8,691181611000047;49,401666223000063
146739;08170208212202394900;08;2;12;000;2017;02;16;4;3;4;6;1;0;0;0;0;0;0;459413,046700000010000;5428216,047100000100000;8,445035369000038;49,005504454000061
146741;08170208135010448630;08;1;35;019;2017;02;12;4;2;6;4;0;1;1;0;0;0;0;583565,725499999940000;5392748,712600000200000;10,135309055000050;48,682185731000061
146742;08170208127202510450;08;1;27;014;2017;02;16;4;3;6;7;0;0;1;0;1;0;0;577723,867199999980000;5442207,104299999800000;10,065372563000039;49,127780214000040
146744;08170208118300418250;08;1;18;081;2017;02;14;4;3;2;4;0;1;1;0;0;0;0;521711,771000000010000;5416156,168499999700000;9,296237534000056;48,897971639000048
146746;08170208115100456830;08;1;15;003;2017;02;06;4;3;0;1;1;0;0;0;0;2;1;500711,069900000000000;5393183,595400000000000;9,009662207000076;48,691691869000067
146749;08170208111230378720;08;1;11;000;2017;02;08;4;2;0;1;1;0;0;0;0;0;1;510367,849999999980000;5397882,450000000200000;9,140998951000029;48,733877222000046
146750;08170207416010436790;08;4;16;041;2017;02;11;3;3;0;7;1;0;0;0;0;0;0;505366,224400000010000;5373125,461199999800000;9,072658385000068;48,511221521000039
146751;08170207416010436620;08;4;16;041;2017;02;01;3;3;0;7;1;1;0;0;0;2;0;503853,745400000010000;5374422,595700000400000;9,052191498000070;48,522902127000066
146755;08170207335100383280;08;3;35;043;2017;02;10;3;3;5;2;1;1;0;0;0;0;0;513456,166900000010000;5279842,250699999700000;9,179254604000050;47,671831345000044
146756;08170207326400420700;08;3;26;074;2017;02;19;3;3;6;4;0;1;1;0;0;0;0;460753,267400000010000;5319459,955000000100000;8,473594908000052;48,027222636000033
146757;08170207325010465820;08;4;17;002;2017;02;19;3;2;6;4;0;1;1;0;0;2;1;488633,003199999980000;5347570,067300000200000;8,846783602000073;48,281231650000052
146760;08170207311010450240;08;3;36;050;2017;02;14;3;3;2;6;1;0;0;0;0;0;1;399273,478300000020000;5273563,008299999900000;7,659816296000031;47,607643310000071
146761;08170207311010419650;08;3;11;000;2017;02;08;3;3;5;3;1;1;0;0;0;0;0;404438,880000000000000;5317049,117999999800000;7,718941642000061;47,999594462000061
146762;08170207311010418610;08;3;11;000;2017;02;17;3;3;5;3;1;1;0;0;1;2;0;412627,848000000000000;5316382,717400000400000;7,828830852000067;47,994771666000076
146763;08170207311010384810;08;3;11;000;2017;02;20;3;2;5;3;1;1;0;0;0;2;1;414152,766100000010000;5319689,655700000000000;7,848605079000038;48,024725309000075
146764;08170207311010384800;08;3;11;000;2017;02;10;3;3;5;3;1;1;0;0;0;0;0;414097,810600000030000;5318055,214100000400000;7,848195717000067;48,010015564000071
146766;08170207235010427480;08;2;31;000;2017;02;12;3;3;6;4;0;1;1;0;0;0;0;477502,238100000020000;5415437,417700000100000;8,693078070000070;48,891477961000078
146767;08170207231202425170;08;2;36;071;2017;02;17;3;3;6;2;0;1;1;0;0;1;0;468463,535900000020000;5422931,378800000100000;8,569192735000058;48,958495638000045
146769;08170207226500457850;08;2;26;091;2017;02;11;3;3;6;7;0;0;1;0;1;0;0;493598,287300000030000;5461108,255699999600000;8,911941343000024;49,302683229000081
146770;08170207225200405810;08;2;25;014;2017;02;16;3;3;6;1;0;1;1;0;0;0;0;523393,334399999990000;5485449,331399999600000;9,323218525000073;49,521212602000048