OBJECTID;UIDENTSTLA;ULAND;UREGBEZ;UKREIS;UGEMEINDE;UJAHR;UMONAT;USTUNDE;UWOCHENTAG;UKATEGORIE;UART;UTYP1;IstRad;IstPKW;IstFuss;IstKrad;IstSonstig;LICHT;STRZUSTAND;LINREFX;LINREFY;XGCSWGS84;YGCSWGS84
146771;08170207225100405240;08;2;25;058;2017;02;07;3;3;6;1;0;1;1;0;0;2;0;510698,307099999980000;5466665,116100000200000;9,147309281000048;49,352607451000040
146775;08170207211100390630;08;2;11;000;2017;02;18;3;2;6;4;0;1;1;0;0;2;1;440627,537799999990000;5404410,676199999600000;8,191655119000075;48,789856808000081
146776;08170207211010425630;08;2;16;009;2017;02;15;3;2;0;7;1;0;0;0;0;0;1;447124,028400000010000;5421262,617200000200000;8,277918094000029;48,942028259000040
146777;08170207211010425620;08;2;16;043;2017;02;18;3;2;6;4;0;1;1;0;0;2;1;441215,648600000010000;5411778,476499999900000;8,198605306000047;48,856186148000063
146779;08170207118300446770;08;1;18;046;2017;02;10;3;3;5;3;1;1;0;0;0;0;0;514502,953600000010000;5411953,231700000400000;9,197731403000034;48,860373772000059
146780;08170207118010399410;08;1;18;080;2017;02;09;3;2;0;7;0;1;1;0;0;0;0;508962,538500000020000;5408519,205400000300000;9,122119197000075;48,829586618000064
146785;08170206437200400690;08;4;37;104;2017;02;11;2;3;6;7;0;1;1;0;0;0;1;515761,891999999990000;5325779,036999999500000;9,211646459000065;48,085087112000053
146786;08170206437111449380;08;4;37;076;2017;02;13;2;3;0;3;1;1;0;0;0;0;0;524359,875600000030000;5321562,769700000100000;9,326856011000075;48,046882990000029
146789;08170206416010436780;08;4;16;041;2017;02;17;2;3;6;7;0;1;1;0;0;0;0;499486,880500000030000;5372046,200100000000000;8,993053714000041;48,501534786000036
146791;08170206317314438330;08;3;17;075;2017;02;10;2;2;5;3;1;1;0;0;0;0;1;409404,475500000000000;5362414,476499999900000;7,775806138000064;48,408370955000066
146794;08170206311010392750;08;3;11;000;2017;02;19;2;3;5;2;1;1;0;0;0;2;0;412364,333400000000000;5316405,833399999900000;7,825294651000036;47,994943537000040
146796;08170206299200464470;08;2;12;000;2017;02;11;2;3;2;4;0;1;1;1;0;0;0;453503,680799999970000;5428929,707200000100000;8,364156952000030;49,011506956000062
146798;08170206226700461170;08;2;26;076;2017;02;16;2;3;6;6;0;1;1;0;0;0;0;475153,914999999980000;5465393,757500000300000;8,657966184000031;49,340759298000080
146801;08170206221000466960;08;2;21;000;2017;02;18;2;2;6;4;0;1;1;0;0;2;0;477647,994100000010000;5473601,495000000100000;8,691838134000022;49,414683531000037
146802;08170206215302438940;08;2;15;007;2017;02;10;2;3;5;3;1;1;0;0;0;0;1;478282,991199999990000;5431992,341300000400000;8,702845667000076;49,040426445000037
146813;08170205299200463650;08;2;12;000;2017;02;18;1;3;5;3;1;1;0;0;0;2;1;457433,855900000020000;5429501,069100000000000;8,417839626000045;49,016930068000079
146820;08170204416200387130;08;4;16;041;2017;02;14;7;3;0;1;1;0;0;0;0;0;1;503359,709500000000000;5375105,564000000200000;9,045506248000038;48,529049193000048
146821;08170204336300427050;08;3;36;103;2017;02;07;7;2;0;1;1;0;0;0;0;0;2;413851,083700000020000;5284486,228900000500000;7,851577320000047;47,708009556000036
146822;08170204336300427040;08;3;36;004;2017;02;08;7;2;0;1;1;0;0;0;0;0;2;417615,127800000020000;5294814,492499999700000;7,899787763000063;47,801412890000051
146823;08170204335010423030;08;3;35;043;2017;02;18;7;3;5;3;1;1;0;0;0;2;1;512889,696200000010000;5278960,514100000300000;9,171682454000063;47,663909311000054
146824;08170204335010400090;08;3;35;063;2017;02;08;7;3;0;1;1;0;0;0;0;0;2;498616,119200000020000;5287029,972600000000000;8,981541947000039;47,736642509000035
146826;08170204299200463680;08;2;12;000;2017;02;14;7;2;5;3;1;1;0;0;0;0;0;451537,105099999990000;5428167,128399999800000;8,337356658000033;49,004496236000080
146828;08170204237100433910;08;2;37;028;2017;02;17;7;3;6;4;0;1;1;0;0;1;1;456395,811899999970000;5368373,804800000000000;8,410113732000070;48,466984898000078
146831;08170204222500437410;08;2;22;000;2017;02;12;7;2;0;1;1;0;0;0;0;0;0;464050,225500000000000;5476696,866700000100000;8,504094314000042;49,441873648000069
146833;08170204199200449650;08;1;15;003;2017;02;19;7;2;6;4;0;1;1;0;0;2;1;500795,201100000010000;5391678,777999999900000;9,010802509000030;48,678154264000057
146835;08170204118400384590;08;1;18;048;2017;02;08;7;3;0;1;1;0;0;0;0;0;2;512674,879000000020000;5416225,347500000100000;9,172940237000034;48,898844766000082
146836;08170204118400384580;08;1;18;048;2017;02;09;7;3;0;1;1;0;0;0;0;0;2;515592,424999999990000;5416062,319000000100000;9,212741714000060;48,897311642000034
146837;08170204118100458950;08;1;18;079;2017;02;08;7;3;0;2;1;0;0;0;0;0;1;509605,593300000010000;5421653,415599999900000;9,131189856000049;48,947729306000042
146839;08170204116200450670;08;1;16;080;2017;02;11;7;2;6;4;1;0;1;0;0;0;0;519003,981000000030000;5397439,457000000400000;9,258425772000066;48,729688522000060
146845;08170203326400430750;08;3;26;074;2017;02;07;6;2;6;2;0;1;1;0;0;1;0;459431,251099999990000;5322465,270999999700000;8,455579086000057;48,054178000000036
146846;08170203317500400490;08;3;17;096;2017;02;21;6;3;0;7;1;0;0;0;1;2;0;423268,819200000030000;5368370,210900000300000;7,962025775000029;48,463783515000046
146847;08170203317300458350;08;3;17;065;2017;02;21;6;3;5;3;1;1;0;0;0;2;0;414709,422100000030000;5354636,921699999800000;7,849052934000042;48,339153846000045
146849;08170203316200421870;08;3;16;009;2017;02;16;6;3;0;1;1;0;0;0;0;0;0;417003,982299999970000;5324653,381799999600000;7,885875688000056;48,069752926000035
146850;08170203311010551700;08;3;15;064;2017;02;16;6;3;5;2;1;0;0;0;1;0;0;421520,433100000020000;5312857,988300000300000;7,948652460000062;47,964217625000060
146852;08170203311010450190;08;3;36;050;2017;02;06;6;3;3;6;1;1;0;0;0;2;0;399429,885000000010000;5273430,241000000400000;7,661927193000054;47,606473312000048
146853;08170203311010418580;08;3;11;000;2017;02;20;6;3;5;3;1;0;0;1;0;2;0;412004,064000000010000;5318899,708499999700000;7,819954848000066;48,017327130000069
146854;08170203299200464570;08;2;12;000;2017;02;12;6;3;5;3;1;1;0;0;0;0;0;454342,817700000010000;5429764,696399999800000;8,375537591000068;49,019080393000081
146856;08170203221200443980;08;2;21;000;2017;02;11;6;3;5;2;1;1;0;0;0;0;0;477093,754200000020000;5472785,181099999700000;8,684244179000075;49,407320306000031
146857;08170203215402408140;08;2;15;009;2017;02;05;6;3;0;3;1;1;0;0;0;2;1;468357,335700000000000;5442106,909799999600000;8,566244372000028;49,130979659000047
146859;08170203212412379220;08;2;12;000;2017;02;07;6;3;1;7;1;1;0;0;0;1;1;456907,283500000020000;5424369,483799999600000;8,411182574000065;48,970734131000029
146864;08170203121400433760;08;1;25;086;2017;02;11;6;3;6;7;0;0;1;0;1;0;0;503643,923000000010000;5443678,409699999700000;9,049965613000040;49,145919881000054
146865;08170203121100386480;08;1;25;034;2017;02;16;6;3;6;6;0;1;1;0;0;0;0;497280,482100000020000;5443457,182699999800000;8,962711355000067;49,143934647000037
146866;08170203117010406290;08;4;25;071;2017;02;08;6;3;6;4;0;1;1;0;0;0;1;551819,855499999950000;5371302,956700000000000;9,701384679000057;48,492711566000025
146867;08170203111500425830;08;1;11;000;2017;02;18;6;3;4;2;1;1;0;0;0;2;0;511890,373599999990000;5402696,561999999900000;9,161843684000075;48,777157605000070
146869;08170203111110476550;08;1;11;000;2017;02;19;6;3;2;6;1;1;0;0;0;2;0;512676,886000000000000;5402411,394999999600000;9,172540316000038;48,774576734000050
146870;08170202426010397150;08;4;25;033;2017;02;11;5;3;6;7;0;1;1;0;0;0;0;553561,057799999950000;5348372,554100000300000;9,722025860000031;48,286286941000071
146873;08170202416010436570;08;4;15;061;2017;02;16;5;3;5;2;1;1;0;0;0;0;0;514335,304100000010000;5370223,546699999800000;9,193999099000052;48,484974170000044
146875;08170202415300450840;08;4;15;059;2017;02;06;5;3;6;2;0;1;1;0;0;2;0;516792,837899999980000;5367336,453099999600000;9,227140598000062;48,458939937000025
146878;08170202335100383230;08;3;35;043;2017;02;18;5;3;0;5;1;1;0;0;0;2;1;512979,409600000010000;5279894,591500000100000;9,172905129000071;47,672312036000051
146884;08170202311010450200;08;3;36;091;2017;02;06;5;2;5;3;1;1;0;0;0;2;1;394465,183100000020000;5274122,318900000300000;7,595725769000069;47,611909218000051
146888;08170202237100398100;08;2;37;004;2017;02;07;5;3;6;7;0;1;1;0;0;1;1;453727,033500000020000;5373196,092600000100000;8,373477973000036;48,510174928000026
146892;08170202221400448000;08;2;21;000;2017;02;20;5;3;5;3;1;1;0;0;0;2;0;473931,587200000010000;5472721,388899999700000;8,640659677000031;49,406619262000049
146894;08170202221000467050;08;2;26;013;2017;02;10;5;3;6;7;0;1;1;0;0;0;0;499767,783600000020000;5477012,991999999600000;8,996796465000045;49,445780324000054
146896;08170202136100446950;08;1;36;088;2017;02;11;5;3;2;6;1;1;0;0;0;0;0;580368,951400000020000;5413306,372000000400000;10,095904320000045;48,867507836000073
146899;08170202121200459100;08;1;21;000;2017;02;15;5;3;3;2;1;1;0;0;0;0;0;516007,402100000010000;5442758,880400000100000;9,219456790000038;49,137450607000062
146900;08170202116500416470;08;1;16;049;2017;02;07;5;3;0;2;1;1;0;0;0;1;2;525870,291199999980000;5387509,394299999800000;9,351174120000053;48,640111031000060
146905;08170202115400397940;08;1;15;045;2017;02;10;5;3;6;7;0;0;1;0;1;0;0;500385,592400000020000;5395048,081700000000000;9,005241273000024;48,708465236000052
146911;08170221421300455670;08;4;21;000;2017;02;14;3;3;4;2;1;1;0;0;0;0;1;570917,864300000020000;5360579,219300000000000;9,958028706000050;48,394383904000051
146916;08170221311200462920;08;3;11;000;2017;02;17;3;3;5;2;1;1;0;0;0;2;1;415015,884399999980000;5317469,860299999800000;7,860619005000046;48,004872827000042
146917;08170221311010450340;08;3;36;050;2017;02;18;3;3;6;2;0;1;1;0;0;2;0;401171,509399999980000;5277042,623499999800000;7,684277692000023;47,639236082000082
146922;08170221222600379870;08;2;22;000;2017;02;17;3;3;0;7;1;0;0;0;0;1;1;461916,840299999980000;5485188,871899999700000;8,473849076000022;49,518124944000078
146923;08170221221200407200;08;2;21;000;2017;02;06;3;3;6;2;0;1;1;0;0;2;0;476610,549999999990000;5471506,462799999900000;8,677658757000074;49,395800052000027
146924;08170221221200387060;08;2;21;000;2017;02;07;3;3;1;5;1;0;0;0;1;2;0;477164,700300000030000;5472852,167700000100000;8,685218282000051;49,407925506000026
146925;08170221221000467170;08;2;26;105;2017;02;17;3;3;0;7;1;0;0;0;0;2;1;470853,144499999990000;5479175,424499999700000;8,597751410000058;49,464531803000057
146929;08170221212102407000;08;2;12;000;2017;02;07;3;3;0;1;1;0;0;0;0;0;1;461708,451000000000000;5427450,376500000200000;8,476492300000075;48,998763750000080
146931;08170221127202462830;08;1;27;014;2017;02;12;3;3;5;3;1;1;0;0;0;0;1;579030,520800000060000;5442673,773000000000000;10,083371184000043;49,131810697000049
146936;08170221111240462010;08;1;11;000;2017;02;08;3;3;6;4;0;1;1;0;0;0;0;514291,629800000000000;5403520,186800000300000;9,194556405000071;48,784516330000031
146938;08170220417200443620;08;4;17;002;2017;02;09;2;3;6;4;0;1;1;0;0;0;0;489644,683299999980000;5345822,472099999900000;8,860462867000024;48,265526366000074
146939;08170220335010466750;08;4;36;064;2017;02;12;2;2;6;6;1;0;1;0;0;0;0;546300,918300000020000;5292790,417299999900000;9,618151829000055;47,786809476000030
146941;08170220317200422690;08;3;17;057;2017;02;15;2;3;0;7;1;0;0;0;0;0;0;413115,510499999970000;5379849,575400000400000;7,822315311000068;48,565713916000050
146943;08170220311300415560;08;3;11;000;2017;02;14;2;3;0;7;1;0;0;0;0;0;0;411967,616199999990000;5315898,501199999800000;7,820082106000029;47,990325439000060
146944;08170220311010414880;08;3;15;056;2017;02;06;2;3;6;7;0;1;1;0;0;2;0;414770,481199999980000;5309707,398600000000000;7,858869065000022;47,935013350000077
146945;08170220299400465200;08;2;31;000;2017;02;15;2;3;0;7;0;0;1;0;1;0;0;477889,956599999980000;5415457,678399999600000;8,698366281000062;48,891674175000048
146946;08170220299200464830;08;2;15;109;2017;02;11;2;3;6;7;0;1;1;0;0;0;0;461101,939599999980000;5434120,753399999800000;8,467560823000042;49,058727092000026
146947;08170220299200463940;08;2;12;000;2017;02;08;2;2;5;3;1;1;0;0;0;0;0;456368,822700000020000;5428044,589700000400000;8,403430957000069;49,003754469000057
146948;08170220299200463930;08;2;12;000;2017;02;19;2;3;5;3;1;1;0;0;0;2;1;457086,166900000010000;5428231,288400000000000;8,413218928000049;49,005484142000057
146949;08170220226500419450;08;2;26;085;2017;02;16;2;3;0;7;1;1;0;0;0;0;0;491023,387700000020000;5455146,619500000000000;8,876656217000061;49,249024919000078
146951;08170220221400432220;08;2;21;000;2017;02;07;2;3;5;3;1;1;0;0;0;0;0;474667,005000000000000;5472864,481999999800000;8,650787722000075;49,407937416000038
146953;08170220221200418120;08;2;21;000;2017;02;11;2;3;0;2;1;0;0;0;1;0;0;476564,277599999970000;5472857,914900000200000;8,676941328000055;49,407954373000052
146954;08170220221200418110;08;2;21;000;2017;02;19;2;3;6;4;1;0;1;0;0;2;1;477336,147699999970000;5472781,399899999600000;8,687585664000039;49,407295370000043
146956;08170220216111428030;08;2;16;022;2017;02;07;2;3;5;3;1;1;0;0;0;1;0;434503,673699999980000;5404149,869900000300000;8,108331489000022;48,786896062000039
146959;08170220126200424140;08;1;26;011;2017;02;16;2;3;6;4;0;1;1;0;0;0;0;531771,890600000040000;5447546,331500000300000;9,435956182000041;49,179901202000053
146961;08170220119100383060;08;1;19;008;2017;02;10;2;3;6;7;0;1;1;0;0;0;0;531486,075900000050000;5421688,488300000300000;9,430022849000068;48,947317864000070
146962;08170220118400398450;08;1;18;048;2017;02;08;2;3;5;3;1;1;0;0;0;0;0;512929,842899999990000;5416613,478000000100000;9,176431320000063;48,902331014000026
146963;08170220117400379710;08;1;17;018;2017;02;14;2;2;5;3;1;1;0;0;0;0;0;539483,742800000010000;5396287,359799999700000;9,536800195000069;48,718363575000069
146964;08170220116400417300;08;1;16;033;2017;02;10;2;3;0;1;1;0;0;0;0;0;0;533067,018999999970000;5388353,303000000300000;9,448930090000033;48,647363484000039
146968;08170220111500403370;08;1;11;000;2017;02;12;2;2;6;4;0;1;1;0;0;0;0;513885,121800000020000;5399859,306499999900000;9,188898950000066;48,751592510000080
146969;08170220111500403360;08;1;11;000;2017;02;18;2;2;6;4;0;1;1;0;0;2;1;510908,623199999970000;5397413,127899999700000;9,148340822000023;48,729645964000042
146972;08170220111130383050;08;1;11;000;2017;02;10;2;2;6;4;0;1;1;0;0;0;0;511755,053599999980000;5402635,758600000300000;9,160000069000034;48,776613194000049
146973;08170219426100378030;08;4;26;021;2017;02;05;1;3;0;1;1;0;0;0;0;2;0;558621,724999999980000;5327454,989199999700000;9,787351209000065;48,097663350000062
146977;08170219311010419060;08;3;11;000;2017;02;03;1;2;6;4;0;1;1;0;0;2;0;414529,980900000020000;5316019,911200000000000;7,854394668000055;47,991765180000073
146978;08170219311010418970;08;3;11;000;2017;02;02;1;2;0;1;1;0;0;0;0;2;0;412501,924000000000000;5317982,388600000200000;7,826817018000043;48,009143962000053
146982;08170219136300413290;08;1;36;065;2017;02;12;1;3;1;6;1;0;0;0;0;0;0;557911,839999999970000;5405720,082999999600000;9,788645390000056;48,801772772000049
146988;08170218436200378550;08;4;36;064;2017;02;11;7;3;4;2;1;1;0;0;0;0;0;545231,609999999990000;5290727,235600000200000;9,603661684000031;47,768322944000033
146991;08170218336400382010;08;3;36;091;2017;02;11;7;2;5;3;1;0;0;0;0;0;0;396881,390100000020000;5271617,254900000100000;7,628456026000038;47,589764598000045
146993;08170218326200392100;08;3;26;074;2017;02;18;7;3;0;7;1;0;0;0;0;2;0;465178,876099999990000;5323122,296000000100000;8,532654184000023;48,060428695000041
146994;08170218311010444880;08;3;15;064;2017;02;10;7;3;5;2;1;1;0;0;0;0;1;421520,606199999980000;5312858,243900000100000;7,948654732000023;47,964219945000082
146995;08170218311010418960;08;3;11;000;2017;02;23;7;3;6;3;0;1;1;0;0;2;0;412567,442800000020000;5317503,388899999700000;7,827792960000068;48,004844188000050
146998;08170218299200463910;08;2;12;000;2017;02;11;7;3;2;7;1;1;0;0;0;0;0;455151,431099999990000;5430932,071100000300000;8,386467410000023;49,029640319000066
147000;08170218222600408670;08;2;22;000;2017;02;13;7;3;6;4;0;1;1;0;0;0;0;461560,534999999970000;5482990,924800000200000;8,469140605000064;49,498333163000041
147002;08170218135010448640;08;1;17;024;2017;02;15;7;2;7;1;1;0;0;0;0;0;0;565365,162000000010000;5388290,586199999800000;9,887370429000043;48,644255933000068
147009;08170217437100379310;08;4;37;100;2017;02;16;6;3;0;7;1;0;0;0;0;0;0;537105,438800000000000;5318460,660699999900000;9,497599157000025;48,018360176000044
147010;08170217416010436990;08;4;16;041;2017;02;07;6;3;4;2;1;1;0;0;0;2;1;504048,318900000010000;5372651,009600000500000;9,054809424000041;48,506963052000060
147012;08170217335010466760;08;4;35;016;2017;02;10;6;2;6;3;0;1;1;0;0;0;1;536967,432500000000000;5279817,838600000400000;9,492446709000035;47,670694954000055
147014;08170217317100391300;08;3;17;089;2017;02;11;6;3;2;6;1;1;0;0;0;0;1;431727,465600000000000;5375189,024000000200000;8,075318106000054;48,526095370000064
147017;08170217311010419820;08;3;11;000;2017;02;08;6;2;3;6;1;0;0;0;0;0;1;415116,219999999970000;5315981,977000000000000;7,862258270000041;47,991502035000053
147018;08170217311010419130;08;3;11;000;2017;02;17;6;3;2;6;1;0;0;0;1;0;0;413551,267899999980000;5317305,395600000400000;7,841020181000033;48,003196995000053
147019;08170217311010418860;08;3;11;000;2017;02;14;6;3;3;6;0;1;1;0;0;0;0;413184,734600000030000;5318336,483199999700000;7,835898555000028;48,012422276000052
147020;08170217299200464810;08;2;12;000;2017;02;06;6;3;5;3;1;1;0;0;0;2;1;452525,926800000020000;5427735,322499999800000;8,350926587000060;49,000688979000074
147021;08170217235118440540;08;2;35;079;2017;02;08;6;3;6;4;0;0;1;0;1;0;1;466925,791800000010000;5400524,909000000000000;8,549997263000023;48,756856516000028
147024;08170217222401446320;08;2;26;038;2017;02;17;6;3;6;4;0;1;1;0;0;0;0;471577,468999999980000;5480356,983000000000000;8,607662517000051;49,475193862000026
147025;08170217136100403540;08;1;36;088;2017;02;12;6;3;6;2;0;1;1;0;0;0;1;580257,226000000020000;5410271,667999999600000;10,093786299000044;48,840227559000027
147027;08170217118010399450;08;1;18;050;2017;02;16;6;3;6;7;0;1;1;0;0;0;0;506171,343999999980000;5416806,055999999900000;9,084212786000023;48,904167610000059
147028;08170217117010406450;08;1;17;024;2017;02;17;6;3;0;1;1;0;0;0;0;1;1;560245,576000000000000;5385625,362999999900000;9,817489324000064;48,620795957000041
147030;08170217116010409810;08;1;16;019;2017;02;13;6;3;6;4;0;1;1;0;0;0;0;524493,946099999940000;5397716,175099999600000;9,333096374000036;48,731986238000047
147035;08170217111500411940;08;1;11;000;2017;02;08;6;3;6;4;0;1;1;0;0;0;0;512599,617600000000000;5408802,259800000100000;9,171684771000059;48,832069786000034
147037;08170216415100410000;08;4;15;050;2017;02;16;5;3;0;1;1;0;0;0;0;0;0;521079,963600000020000;5376020,129499999800000;9,285566187000029;48,536931780000032
147038;08170216335200457340;08;3;35;063;2017;02;11;5;3;5;3;1;1;0;0;0;0;0;497558,306099999990000;5288015,625400000300000;8,967427420000036;47,745507876000033
147039;08170216326110449950;08;3;26;005;2017;02;18;5;3;5;3;1;0;0;1;0;2;0;464880,957999999980000;5298433,753200000200000;8,530671294000058;47,838290444000052
147040;08170216317200385870;08;3;17;057;2017;02;17;5;3;8;7;1;0;0;0;0;0;0;413811,507999999970000;5380128,092000000200000;7,831689518000076;48,568315108000036
147041;08170216317100378570;08;3;17;001;2017;02;08;5;3;0;7;1;0;0;0;0;0;0;432613,817199999990000;5386984,140100000400000;8,085409098000071;48,632289781000054
147042;08170216311400387720;08;3;15;074;2017;02;17;5;3;4;2;1;1;0;0;0;0;0;397996,840199999980000;5296383,318099999800000;7,637494615000037;47,812714749000065
147044;08170216311010419890;08;3;11;000;2017;02;10;5;3;5;2;1;1;0;0;0;0;0;414094,408500000020000;5318055,023400000300000;7,848150149000048;48,010013391000030
147045;08170216299200464510;08;2;12;000;2017;02;14;5;3;6;4;0;1;1;0;0;0;0;454737,874399999970000;5427899,387900000400000;8,381148524000025;49,002330918000041
147046;08170216299200464260;08;2;12;000;2017;02;08;5;2;6;4;1;0;1;0;0;0;0;454988,247500000000000;5429283,652900000100000;8,384418088000075;49,014800806000039
147047;08170216299200463980;08;2;12;000;2017;02;18;5;3;7;1;1;0;0;0;0;2;1;455976,371500000010000;5428214,870199999800000;8,398046819000058;49,005258294000043
147048;08170216235010427740;08;2;31;000;2017;02;13;5;3;0;7;0;1;1;0;0;0;0;477034,047900000010000;5415562,528099999800000;8,686683931000061;48,892586234000078
147051;08170216226700461130;08;2;26;098;2017;02;11;5;3;5;3;1;1;0;0;0;0;0;477963,656499999980000;5460733,383999999600000;8,696902150000028;49,298947269000053
147052;08170216226600393660;08;2;26;096;2017;02;10;5;3;5;3;1;1;0;0;0;0;0;474456,721299999980000;5487953,735799999900000;8,646914698000046;49,543651956000076
147053;08170216226400452540;08;2;26;084;2017;02;17;5;3;0;6;1;1;0;0;0;0;0;469338,620700000030000;5469726,175300000200000;8,577580648000037;49,379463964000081
147054;08170216226200384210;08;2;26;032;2017;02;09;5;3;6;7;1;1;1;0;0;0;0;468271,364500000030000;5462913,984100000000000;8,563420136000048;49,318134950000058
147055;08170216222500451990;08;2;22;000;2017;02;16;5;3;5;5;1;1;0;0;0;0;0;463943,587999999990000;5478527,719100000300000;8,502456731000052;49,458335066000075
147058;08170216216100455950;08;2;16;043;2017;02;14;5;3;0;7;1;0;0;0;0;0;0;437760,656699999990000;5414938,730100000300000;8,151028564000058;48,884275119000051
147059;08170216216100412700;08;2;16;009;2017;02;11;5;2;8;1;1;0;0;0;0;0;0;445554,103100000010000;5421002,523699999800000;8,256515582000077;48,939552536000065
147062;08170216212502417930;08;2;12;000;2017;02;10;5;3;6;4;1;0;1;0;0;0;0;454246,244300000020000;5428564,918800000100000;8,374352079000062;49,008281169000043
147065;08170216135200404920;08;1;35;019;2017;02;09;5;3;6;4;0;1;1;0;0;0;0;583490,755499999970000;5394420,353099999900000;10,134628528000064;48,697231062000071
147066;08170216135010448700;08;1;35;016;2017;02;06;5;2;6;4;0;0;1;0;1;1;0;590933,579999999960000;5385889,154199999800000;10,233877692000021;48,619460543000059
147068;08170216127202395890;08;1;27;014;2017;02;18;5;3;6;4;0;1;1;0;0;2;0;577031,689699999990000;5443000,806499999900000;10,056038108000052;49,135005829000079
147069;08170216127202395810;08;1;27;075;2017;02;18;5;2;5;3;1;1;0;0;0;2;0;571608,192099999990000;5466244,636699999700000;9,985851327000034;49,344714869000029
147070;08170216121200439520;08;1;21;000;2017;02;15;5;3;1;5;1;1;0;0;0;0;0;515390,706599999980000;5442783,547000000300000;9,211003079000022;49,137688251000043
147071;08170216121200439390;08;1;21;000;2017;02;07;5;3;6;2;0;1;1;0;0;1;0;516795,661800000000000;5442171,375699999700000;9,230239033000032;49,132144761000063
147072;08170216119400443250;08;1;19;079;2017;02;18;5;3;6;4;0;0;1;0;1;2;0;522616,696000000000000;5408111,478000000100000;9,308139663000077;48,825571617000037
147077;08170216116100452730;08;1;16;019;2017;02;14;5;3;6;7;0;1;1;0;0;0;0;522953,795600000010000;5398516,005300000300000;9,312196551000056;48,739240068000072
147079;08170216111500411890;08;1;11;000;2017;02;16;5;2;6;4;0;1;1;0;0;0;0;511964,572200000000000;5395482,299100000400000;9,162644066000041;48,712256814000057
147080;08170216111330434670;08;1;11;000;2017;02;15;5;3;5;2;1;1;0;0;0;0;0;514009,944000000020000;5408787,389000000400000;9,190901531000066;48,831905791000054
147081;08170215435100463010;08;4;35;016;2017;02;08;4;3;0;1;1;0;0;0;0;0;2;534271,259700000050000;5278505,560100000400000;9,456429016000072;47,659036344000071
147083;08170215415300405350;08;4;15;059;2017;02;12;4;3;6;6;0;1;1;0;0;0;0;516771,221000000020000;5367966,088299999900000;9,226873451000074;48,464604958000052
147091;08170215231102389400;08;2;36;040;2017;02;17;4;3;6;4;0;1;1;0;0;0;0;488531,673499999980000;5421955,800800000300000;8,843361158000050;48,950417723000044
147092;08170215226500419470;08;2;26;085;2017;02;15;4;3;6;2;0;0;1;0;1;0;0;490785,503600000000000;5455519,606599999600000;8,873378981000030;49,252376477000041
147093;08170215222800456640;08;2;22;000;2017;02;21;4;2;6;4;0;1;1;0;0;2;0;462851,549699999970000;5486143,554300000000000;8,486672435000060;49,526769778000073
147094;08170215222800456600;08;2;22;000;2017;02;07;4;3;5;3;1;1;0;0;0;1;0;464220,376300000000000;5487081,078700000400000;8,505501445000050;49,535284660000059
147095;08170215222500437420;08;2;22;000;2017;02;08;4;3;4;2;1;1;0;0;0;0;0;462394,497900000020000;5478382,825600000100000;8,481095464000021;49,456937892000042
147096;08170215221000467340;08;2;21;000;2017;02;15;4;3;5;3;1;1;0;0;0;0;0;476972,699700000000000;5472413,996600000200000;8,682597028000032;49,403976990000046
147097;08170215121500484240;08;1;25;065;2017;02;11;4;3;5;3;1;1;0;0;0;0;0;516599,985999999980000;5449105,876000000200000;9,227842680000038;49,194527917000073
147098;08170215118600399860;08;1;18;067;2017;02;15;4;3;0;7;1;0;0;0;0;0;0;505545,413400000020000;5414380,031000000400000;9,075638554000022;48,882349553000040
147099;08170215118300391820;08;1;18;071;2017;02;13;4;3;4;2;1;1;0;0;0;0;0;508948,875899999980000;5418875,403199999600000;9,122159669000041;48,922748999000078
147103;08170215115300405110;08;1;15;028;2017;02;07;4;2;0;7;1;1;0;0;0;0;1;500735,022899999980000;5404864,646900000100000;9,010008531000040;48,796774785000082
147106;08170215111500457640;08;1;11;000;2017;02;07;4;3;5;3;1;1;0;0;0;0;0;511092,007099999990000;5402012,369199999600000;9,150958448000040;48,771017395000058
147110;08170214436500451610;08;4;36;049;2017;02;15;3;2;6;4;0;0;1;0;1;0;0;579640,901700000050000;5284087,515100000400000;10,061609652000072;47,705258066000056
147112;08170214416200387170;08;4;16;041;2017;02;18;3;3;5;3;1;1;0;0;0;2;0;504889,365100000000000;5375244,839700000400000;9,066226591000032;48,530292112000041
147113;08170214336200446210;08;3;36;105;2017;02;21;3;3;0;1;1;0;0;0;0;2;0;402185,337200000010000;5266969,256299999500000;7,700017904000049;47,548775052000053
147116;08170214335100410390;08;3;35;043;2017;02;17;3;3;5;2;1;1;0;0;0;0;0;511138,242900000010000;5281524,071499999600000;9,148419705000038;47,687007884000082
147117;08170214325010465860;08;3;26;074;2017;02;18;3;2;6;4;0;1;1;0;0;2;0;459628,205100000020000;5323815,289599999800000;8,458094572000050;48,066336192000051
147118;08170214317500426260;08;3;17;096;2017;02;14;3;3;5;3;1;1;0;0;0;0;0;422100,818499999990000;5369902,320899999700000;7,945943096000065;48,477421158000027