OBJECTID;UIDENTSTLA;ULAND;UREGBEZ;UKREIS;UGEMEINDE;UJAHR;UMONAT;USTUNDE;UWOCHENTAG;UKATEGORIE;UART;UTYP1;IstRad;IstPKW;IstFuss;IstKrad;IstSonstig;LICHT;STRZUSTAND;LINREFX;LINREFY;XGCSWGS84;YGCSWGS84
147119;08170214317200378370;08;3;17;057;2017;02;06;3;3;6;7;0;1;1;0;0;2;0;412144,076999999990000;5381075,898000000000000;7,808891794000033;48,576608467000028
147125;08170214311010445050;08;3;15;064;2017;02;09;3;3;5;3;1;0;0;0;0;0;0;421914,668599999980000;5313067,646099999500000;7,953894817000048;47,966151869000043
147127;08170214311010392700;08;3;11;000;2017;02;17;3;3;0;3;1;1;0;0;0;0;0;413383,402100000010000;5316172,870000000100000;7,838998771000036;47,992986816000041
147128;08170214299200464520;08;2;12;000;2017;02;07;3;3;5;3;1;1;0;0;0;1;0;458376,130200000010000;5430830,776100000400000;8,430589621000024;49,028955258000053
147131;08170214231115437300;08;2;36;040;2017;02;07;3;3;6;4;0;0;1;0;1;1;0;488188,438000000020000;5421681,250900000300000;8,838681096000073;48,947941504000028
147132;08170214222800456630;08;2;22;000;2017;02;12;3;3;6;5;0;0;1;0;1;0;0;463921,583400000000000;5485757,851300000200000;8,501493133000054;49,523365241000079
147133;08170214222500471250;08;2;22;000;2017;02;19;3;3;5;3;1;1;0;0;0;2;0;462394,093799999970000;5478369,989099999900000;8,481091107000054;49,456822409000040
147134;08170214222014391540;08;2;22;000;2017;02;19;3;3;6;7;0;0;1;0;1;2;0;461378,914999999980000;5483113,152099999600000;8,466620549000027;49,499420993000058
147137;08170214215402407820;08;2;15;009;2017;02;05;3;3;0;1;1;0;0;0;0;2;0;474499,721100000020000;5438774,682500000100000;8,650652524000066;49,101291000000060
147139;08170214128100386430;08;1;28;007;2017;02;09;3;3;0;7;1;0;0;0;0;0;0;555780,526599999980000;5481506,947700000400000;9,770115472000043;49,483639501000027
147140;08170214128010431420;08;1;28;115;2017;02;08;3;2;6;4;0;1;1;0;0;0;0;548447,540299999990000;5497305,952999999700000;9,670826336000062;49,626367512000058
147141;08170214121200439540;08;1;21;000;2017;02;17;3;3;1;6;1;1;0;0;0;1;0;514790,614100000010000;5441381,661799999900000;9,202724578000073;49,125092538000047
147144;08170214118400384700;08;1;18;048;2017;02;19;3;3;5;7;1;1;0;0;0;2;0;513455,370999999980000;5415319,490000000200000;9,183559635000052;48,890679450000050
147148;08170214111500425850;08;1;11;000;2017;02;08;3;3;5;2;1;1;0;0;0;0;0;512404,299699999970000;5402023,004900000100000;9,168818549000037;48,771088297000063
147149;08170213435117382370;08;4;35;057;2017;02;13;2;3;5;3;1;1;0;0;0;0;0;544480,659800000020000;5278843,070899999700000;9,592426826000065;47,661451560000046
147153;08170213311010419530;08;3;11;000;2017;02;13;2;2;5;3;1;1;0;0;0;0;0;413776,680999999980000;5317037,394999999600000;7,844095422000066;48,000816682000050
147157;08170213222014391550;08;2;22;000;2017;02;15;2;2;6;4;0;1;1;0;0;0;0;465764,184899999990000;5483785,785100000000000;8,527123044000064;49,505734371000074
147158;08170213221400461360;08;2;26;018;2017;02;07;2;3;5;3;1;1;0;0;0;1;0;472734,314000000010000;5472413,940000000400000;8,624177325000062;49,403801359000056
147159;08170213216100460330;08;2;16;043;2017;02;16;2;3;6;3;0;0;1;1;0;0;0;441433,137800000030000;5412342,251299999700000;8,201489325000068;48,861277851000068
147161;08170213212302394660;08;2;12;000;2017;02;13;2;3;1;5;1;1;0;0;0;0;0;455432,227900000000000;5428435,586600000000000;8,390582730000062;49,007204605000027
147164;08170213128010431450;08;1;28;007;2017;02;16;2;2;0;1;1;0;0;0;0;0;0;556288,254199999970000;5482042,526100000400000;9,777200821000065;49,488409631000081
147170;08170213111500425870;08;1;11;000;2017;02;17;2;3;6;3;0;1;1;0;0;1;0;511459,573399999990000;5402529,052699999900000;9,155975279000074;48,775658788000044
147173;08170212436500434170;08;4;36;004;2017;02;17;1;2;0;1;1;0;0;0;0;0;0;581057,725400000000000;5310288,377399999600000;10,085395173000052;47,940781010000080
147174;08170304121200524140;08;1;21;000;2017;03;13;7;3;1;6;1;1;0;0;0;0;0;515987,492700000000000;5443392,348100000100000;9,219208970000068;49,143149377000043
147177;08170304127202485930;08;1;27;014;2017;03;22;7;3;0;1;1;0;0;0;0;2;0;579149,748000000020000;5442095,066499999700000;10,084891694000021;49,126590580000027
147182;08170304111500510050;08;1;11;000;2017;03;01;7;3;3;6;1;1;0;0;0;2;0;514484,691200000000000;5404059,998999999800000;9,197203621000028;48,789367958000071
147187;08170303336300492830;08;3;36;081;2017;03;16;6;2;1;5;1;1;0;0;0;0;0;411463,717300000020000;5278031,922199999900000;7,821067885000048;47,649625126000046
147188;08170303327100525380;08;3;27;050;2017;03;06;6;3;5;2;1;1;0;0;0;2;0;488219,939000000010000;5313378,718000000300000;8,842161289000046;47,973606154000038
147192;08170303299200575740;08;2;12;000;2017;03;19;6;2;5;3;1;1;0;0;0;2;0;453239,356299999980000;5429296,616600000300000;8,360500243000047;49,014787344000069
147196;08170303221200504920;08;2;21;000;2017;03;08;6;3;3;5;1;1;0;0;0;0;0;477236,006200000000000;5472866,103799999700000;8,686200410000026;49,408053531000064
147200;08170303121300516620;08;1;21;000;2017;03;12;6;3;6;6;0;0;1;1;0;0;0;513217,368599999990000;5444081,447599999600000;9,181249854000043;49,149413922000065
147202;08170303116010507600;08;1;16;046;2017;03;08;6;2;5;3;1;1;0;0;0;0;0;527803,109300000010000;5377928,878399999800000;9,376768975000061;48,553841217000070
147203;08170303116010507590;08;1;16;049;2017;03;12;6;3;5;3;1;1;0;0;0;0;0;525755,638099999980000;5385746,076899999800000;9,349508223000044;48,624252917000035
147204;08170303116010507580;08;1;16;078;2017;03;11;6;2;6;4;0;0;1;0;1;0;0;510637,448199999980000;5394222,174999999800000;9,144570989000044;48,700944730000060
147205;08170303116010507570;08;1;16;019;2017;03;15;6;2;6;4;0;1;1;0;0;0;0;521406,089400000000000;5398253,645700000200000;9,291132730000072;48,736935011000071
147207;08170303115100486970;08;1;15;003;2017;03;17;6;3;5;3;1;1;0;0;0;0;0;501628,908999999990000;5392584,446999999700000;9,022131686000023;48,686300147000054
147209;08170303111500510040;08;1;11;000;2017;03;08;6;3;6;3;0;1;1;0;0;0;0;516895,793899999990000;5405573,565700000200000;9,230091881000021;48,802922962000025
147212;08170302426300555600;08;4;26;097;2017;03;11;5;3;5;3;1;1;0;0;0;0;0;535444,696699999970000;5334063,762699999800000;9,476624062000042;48,158831485000064
147217;08170302335300483190;08;3;35;022;2017;03;17;5;3;0;7;1;0;0;0;0;0;0;482378,767600000020000;5297143,190499999600000;8,764560414000073;47,827396557000043
147222;08170302317500472410;08;3;17;096;2017;03;18;5;3;5;3;1;1;0;0;0;0;0;421431,621099999990000;5370516,488400000100000;7,936774320000041;48,482862249000050
147225;08170302311200574570;08;3;11;000;2017;03;16;5;3;6;1;0;1;1;0;0;0;0;414356,574599999990000;5316213,736800000100000;7,852032208000026;47,993485515000032
147228;08170302226700572690;08;2;26;095;2017;03;18;5;3;5;3;1;1;0;0;0;2;0;474141,721399999980000;5461654,608699999700000;8,644274866000046;49,307083824000074
147229;08170302222400529710;08;2;26;105;2017;03;08;5;3;5;3;1;1;0;0;0;0;0;469874,522300000010000;5477611,279500000200000;8,584365050000031;49,450415089000046
147231;08170302222014033560;08;2;22;000;2017;03;16;5;2;0;1;1;0;0;0;1;2;1;462301,320100000010000;5480977,095999999900000;8,479562660000056;49,480266313000072
147232;08170302215102498520;08;2;12;000;2017;03;15;5;3;1;5;1;1;0;0;0;0;0;455631,149500000000000;5428754,448099999700000;8,393267763000040;49,010087129000055
147235;08170302121200561570;08;1;21;000;2017;03;23;5;2;0;7;0;0;1;0;1;2;0;516139,502900000020000;5442786,519000000300000;9,221268946000066;49,137695769000061
147236;08170302119200484500;08;1;19;093;2017;03;15;5;3;6;4;0;1;1;0;0;0;0;525217,297999999950000;5404451,223799999800000;9,343345879000026;48,792544722000059
147238;08170302116010507550;08;1;16;078;2017;03;17;5;2;6;4;0;1;1;0;0;0;0;512002,472699999980000;5393684,934899999800000;9,163107019000051;48,696086918000049
147242;08170301435200570200;08;4;35;005;2017;03;19;4;3;6;4;0;1;1;0;0;2;1;525789,445700000040000;5286523,019200000000000;9,343943627000044;47,731567233000078
147246;08170301335100508630;08;3;35;043;2017;03;23;4;3;5;3;1;1;0;0;0;2;1;513401,489200000010000;5279806,602599999900000;9,178525132000061;47,671511731000066
147247;08170301317100563430;08;3;17;001;2017;03;17;4;3;5;3;1;1;0;0;0;0;1;432032,597100000010000;5386785,968399999700000;8,077554116000044;48,630444315000034
147248;08170301311400511780;08;3;15;007;2017;03;17;4;2;6;4;0;0;1;0;1;0;1;400096,750100000000000;5294804,967799999800000;7,665899840000066;47,798846865000030
147251;08170301235010563630;08;2;35;007;2017;03;08;4;3;5;3;1;0;0;0;1;0;1;484425,353300000020000;5397056,692900000100000;8,788222146000067;48,726340331000074
147254;08170301222600554490;08;2;22;000;2017;03;09;4;3;6;4;0;1;1;0;0;0;1;462252,551800000020000;5483039,801599999900000;8,478692454000054;49,498816241000043
147257;08170301199200557550;08;1;15;003;2017;03;20;4;2;6;2;0;1;1;0;0;2;1;500793,864400000020000;5391689,702100000300000;9,010784371000057;48,678252540000074
147258;08170301136300511960;08;1;36;028;2017;03;18;4;3;5;3;1;1;0;0;0;0;0;568535,168799999980000;5404500,225399999900000;9,933092212000076;48,789719973000047
147260;08170301136210551080;08;1;36;010;2017;03;16;4;2;6;4;0;1;1;0;0;0;1;598834,360100000050000;5412676,845599999700000;10,347479047000036;48,859178633000056
147261;08170301136200497650;08;1;36;019;2017;03;16;4;3;6;7;0;1;1;0;0;0;1;583075,089500000000000;5423145,154900000400000;10,134800122000058;48,955641183000068
147262;08170301136100547490;08;1;36;088;2017;03;22;4;3;4;6;1;1;0;0;0;2;1;580343,204999999960000;5411147,887000000100000;10,095129681000060;48,848097340000038
147264;08170301119300527360;08;1;19;067;2017;03;07;4;3;0;6;1;0;0;0;0;0;0;537382,183700000050000;5405924,480700000200000;9,509105147000071;48,805185160000065
147265;08170301118100472190;08;1;18;079;2017;03;12;4;3;5;3;1;1;0;0;0;0;1;509967,131600000020000;5422501,479100000100000;9,136148363000075;48,955352482000080
147267;08170301115300485240;08;1;15;028;2017;03;17;4;2;2;1;1;1;0;0;0;0;1;500829,912599999980000;5404831,229199999900000;9,011300541000026;48,796474042000057
147268;08170301115211632730;08;1;15;015;2017;03;13;4;3;6;6;0;1;1;0;0;0;0;492601,682700000000000;5387667,615899999600000;8,899568427000077;48,642025972000056
147272;08170301111500500560;08;1;11;000;2017;03;13;4;3;5;2;1;1;0;0;0;0;0;512397,178399999980000;5401394,672100000100000;9,168702695000036;48,765435994000029
147274;08170228436300462110;08;4;36;018;2017;02;18;3;3;6;6;0;1;1;0;0;2;1;551908,290599999950000;5284536,632199999900000;9,692023946000063;47,712123248000069
147275;08170228415400411460;08;4;15;061;2017;02;08;3;3;6;7;0;1;1;0;0;0;0;514763,170400000000000;5369683,481200000300000;9,199770280000053;48,480105634000040
147276;08170228415400411410;08;4;15;061;2017;02;15;3;3;6;4;0;1;1;0;0;0;1;515874,149099999980000;5370967,208800000100000;9,214852342000029;48,491627436000044
147277;08170228337200399720;08;3;37;106;2017;02;19;3;3;6;4;0;1;1;0;0;2;1;458454,252600000010000;5288146,598100000100000;8,445774033000021;47,745352736000029
147278;08170228317210429570;08;3;17;153;2017;02;11;3;3;1;5;1;1;0;0;0;0;0;421664,585000000020000;5391449,490399999500000;7,935981949000052;48,671178081000050
147282;08170228299200464850;08;2;12;000;2017;02;13;3;3;1;5;1;1;0;0;0;0;1;455498,245899999980000;5428465,709699999500000;8,391482101000065;49,007480329000032
147283;08170228299200464840;08;2;12;000;2017;02;15;3;3;6;7;0;0;1;0;1;0;1;457878,584900000020000;5428434,399799999800000;8,424032383000053;49,007365751000066
147284;08170228299200464720;08;2;12;000;2017;02;06;3;3;5;3;1;1;0;0;0;2;0;451875,177000000030000;5428973,673000000400000;8,341883256000074;49,011777566000035
147285;08170228299200464060;08;2;15;017;2017;02;18;3;2;6;4;0;1;1;0;0;2;1;456746,372900000020000;5421296,127100000200000;8,409310542000071;48,943077414000072
147288;08170228222014467560;08;2;22;000;2017;02;08;3;2;5;3;1;1;0;0;0;0;0;462437,301199999990000;5482923,856900000000000;8,481254831000058;49,497784849000027
147289;08170228216300457520;08;2;16;015;2017;02;19;3;3;4;7;1;1;0;0;0;2;1;450003,472799999990000;5405903,690100000200000;8,319114667000065;48,804111428000056
147290;08170228216100460410;08;2;16;043;2017;02;19;3;3;5;3;1;1;0;0;0;2;1;442066,957700000030000;5412649,173899999800000;8,210086623000052;48,864098132000038
147292;08170228215402408310;08;2;15;009;2017;02;19;3;3;6;4;0;1;1;0;0;2;1;471292,631500000020000;5442267,874099999700000;8,606468714000073;49,132571713000061
147296;08170228136200401190;08;1;36;019;2017;02;16;3;3;5;3;1;1;0;0;0;0;1;586110,265400000030000;5423524,866600000300000;10,176331746000074;48,958640957000057
147297;08170228135200418370;08;1;35;025;2017;02;06;3;3;4;2;1;1;0;0;0;0;1;581721,638599999950000;5399511,819699999900000;10,111599974000058;48,743259795000029
147299;08170228118300427280;08;1;18;003;2017;02;09;3;3;6;4;0;1;1;0;0;0;0;509796,910600000000000;5417134,292200000000000;9,133694221000042;48,907073600000047
147306;08170227436200462160;08;4;36;064;2017;02;17;2;3;6;6;0;1;1;0;0;0;0;545732,202000000050000;5292356,485000000300000;9,610513772000047;47,782946018000075
147308;08170227421200435230;08;4;21;000;2017;02;15;2;3;6;7;0;1;1;0;0;0;0;573174,752300000050000;5361172,132399999500000;9,988615673000027;48,399459406000062
147309;08170227335300430220;08;3;35;028;2017;02;16;2;3;6;2;0;1;1;0;0;0;0;483727,920900000030000;5286774,750400000300000;8,782975098000065;47,734142404000067
147311;08170227317500382170;08;3;17;096;2017;02;09;2;3;0;5;1;1;0;0;0;0;0;420568,068700000000000;5367811,222000000100000;7,925604314000054;48,458420217000025
147313;08170227299200464710;08;2;12;000;2017;02;06;2;2;4;5;1;1;0;0;0;2;0;456242,291499999990000;5427100,529900000400000;8,401802702000055;48,995253574000060
147315;08170227222600441870;08;2;22;000;2017;02;12;2;3;1;5;1;1;0;0;0;0;0;462893,826400000020000;5482711,254200000300000;8,487579195000023;49,495900696000035
147316;08170227222600379970;08;2;22;000;2017;02;17;2;3;6;7;0;1;1;0;0;1;0;461447,280900000010000;5482131,564000000200000;8,467660445000036;49,490596494000044
147319;08170227121500439340;08;1;25;027;2017;02;15;2;3;5;3;1;1;0;0;0;0;0;518950,820799999990000;5446570,272500000000000;9,259989161000021;49,171651404000045
147321;08170227118300427240;08;1;18;046;2017;02;16;2;3;5;3;1;1;0;0;0;0;0;514842,070799999990000;5412047,096500000000000;9,202358257000071;48,861210138000047
147322;08170227118010399480;08;1;18;073;2017;02;13;2;1;6;4;0;0;1;0;1;0;0;497499,333500000010000;5419548,003899999900000;8,965859641000066;48,928859174000081
147326;08170226415100410070;08;4;15;078;2017;02;16;1;3;6;7;0;1;1;0;0;0;0;528249,040200000050000;5371864,786000000300000;9,382400854000025;48,499267747000033
147327;08170226325010465920;08;3;26;074;2017;02;20;1;2;6;4;0;1;1;0;0;2;0;458141,398800000020000;5323320,667500000400000;8,438186766000058;48,061790396000049
147328;08170226317000466410;08;3;17;096;2017;02;19;1;2;6;6;1;0;1;0;0;2;0;422333,150499999990000;5372988,305499999800000;7,948512416000028;48,505208021000044
147332;08170226235010455180;08;2;31;000;2017;02;11;1;3;5;3;1;1;0;0;0;0;0;477019,993699999990000;5415186,796799999700000;8,686513329000036;48,889205765000042
147334;08170226216200383530;08;2;16;028;2017;02;17;1;3;5;3;1;1;0;0;0;0;0;426275,860300000000000;5395690,676199999600000;7,997849075000033;48,709887828000035
147336;08170226119300396330;08;1;19;067;2017;02;15;1;3;6;3;0;1;1;0;0;0;0;539207,396900000050000;5406125,316999999800000;9,533980668000027;48,806879327000047
147337;08170226118400494210;08;1;18;048;2017;02;12;1;3;0;7;1;1;0;0;0;0;0;514805,119599999980000;5415918,874800000300000;9,201994659000036;48,896040574000040
147339;08170225435100409510;08;4;35;016;2017;02;15;7;3;7;7;1;0;0;0;0;0;0;537338,901599999980000;5277760,906100000300000;9,497219130000076;47,652166605000048
147342;08170225317500396240;08;3;17;096;2017;02;11;7;3;0;7;1;0;0;0;0;0;0;422277,526599999980000;5370709,191599999600000;7,948183664000055;48,484700761000056
147344;08170225311010414930;08;3;11;000;2017;02;22;7;2;0;1;1;1;0;0;0;2;0;413642,976199999980000;5316396,410199999800000;7,842432364000047;47,995032750000064
147345;08170225311010392940;08;3;11;000;2017;02;14;7;3;6;1;0;1;1;0;0;0;0;417102,432500000000000;5315364,144999999600000;7,888994572000058;47,986204895000071
147346;08170225311010392870;08;3;11;000;2017;02;11;7;3;6;4;0;1;1;0;0;0;0;413654,104100000000000;5317110,717699999900000;7,842437753000070;48,001459700000055
147348;08170225221300402240;08;2;21;000;2017;02;16;7;3;4;2;1;1;0;0;0;0;0;482812,028999999980000;5473875,707000000400000;8,763020861000030;49,417317851000064
147350;08170225221000467290;08;2;21;000;2017;02;15;7;1;6;7;0;1;1;0;0;0;0;477704,528500000010000;5472983,530399999600000;8,692652255000041;49,409127112000078
147352;08170225212302394690;08;2;12;000;2017;02;15;7;2;0;7;1;0;0;0;0;0;0;456908,225099999980000;5428480,552699999900000;8,410759525000060;49,007713909000074
147353;08170225119100383170;08;1;19;008;2017;02;10;7;3;6;7;0;1;1;0;0;0;0;532673,851900000010000;5422052,037899999900000;9,446273625000060;48,950526532000026
147356;08170225117300461310;08;1;17;026;2017;02;15;7;3;4;2;1;1;0;0;0;0;0;545524,151300000030000;5395499,488400000100000;9,618830810000077;48,710864411000045
147360;08170225111500457710;08;1;11;000;2017;02;21;7;2;5;3;1;1;0;0;0;2;0;513952,269900000010000;5406156,163700000400000;9,190026162000038;48,808236983000029
147361;08170225111320435860;08;1;11;000;2017;02;12;7;3;0;1;1;0;0;0;0;0;0;516953,436999999980000;5405143,952300000000000;9,230859138000028;48,799056652000047
147362;08170225111140436250;08;1;11;000;2017;02;14;7;3;0;4;1;0;1;0;0;0;0;510612,971399999980000;5400353,546199999700000;9,144396172000029;48,756103047000067
147363;08170224436200462150;08;4;36;064;2017;02;22;6;3;0;7;0;1;1;0;0;2;1;545328,936299999940000;5285505,098000000200000;9,604416365000077;47,721332077000056
147364;08170224317010379090;08;3;17;096;2017;02;21;6;3;6;6;0;1;1;0;0;2;0;422075,601100000030000;5371009,786999999500000;7,945395430000076;48,487379584000053
147369;08170224311010414870;08;3;11;000;2017;02;17;6;3;5;1;1;1;0;0;0;1;0;414684,648800000020000;5318382,128200000200000;7,855997555000045;48,013034894000043
147370;08170224299200464310;08;2;15;009;2017;02;16;6;3;6;4;0;1;1;0;0;0;0;470479,701999999990000;5441400,521599999600000;8,595388553000021;49,124731192000070
147374;08170224222800393640;08;2;22;000;2017;02;16;6;3;2;6;1;1;0;0;0;0;0;464033,793000000010000;5486098,733300000400000;8,503012429000023;49,526437958000031
147377;08170224216200432050;08;2;16;007;2017;02;23;6;3;5;3;1;1;0;0;0;2;0;435169,498599999990000;5393326,293300000000000;8,119097822000072;48,689608183000075
147379;08170224135010448740;08;4;25;072;2017;02;16;6;3;0;3;1;1;0;0;0;0;0;582838,441400000010000;5372384,861999999700000;10,121369564000076;48,499119463000056
147381;08170224126010434420;08;1;26;046;2017;02;08;6;2;6;4;0;1;1;0;0;0;0;549992,273399999950000;5458460,067599999700000;9,687311120000061;49,276851723000050
147383;08170224121300433030;08;1;21;000;2017;02;16;6;3;3;6;1;0;0;0;1;0;0;511190,773800000020000;5447662,168200000200000;9,153558830000065;49,181663945000025
147385;08170224117400434100;08;1;17;051;2017;02;17;6;3;3;7;1;1;0;0;0;0;1;543211,307200000040000;5395244,483799999600000;9,587366323000026;48,708735055000034
147386;08170224116010379190;08;1;16;019;2017;02;08;6;2;6;4;0;1;1;0;0;0;0;522253,993000000020000;5396879,329900000200000;9,302590253000062;48,724542074000055
147388;08170223435114437110;08;4;35;029;2017;02;11;5;3;1;5;1;1;0;0;0;0;0;544247,307299999990000;5271876,551799999500000;9,588614806000066;47,598787745000038
147389;08170223426010435480;08;4;26;021;2017;02;15;5;1;6;4;0;1;1;0;0;0;0;558958,589400000060000;5326815,267500000100000;9,791786837000075;48,091877213000032
147390;08170223426010435460;08;4;26;100;2017;02;16;5;2;6;7;0;0;1;0;1;0;0;577457,539899999970000;5319895,541100000000000;10,038928615000032;48,027649938000081
147391;08170223421300414260;08;4;21;000;2017;02;19;5;3;6;2;0;1;1;0;0;2;0;572176,522000000000000;5360521,983000000000000;9,975019523000071;48,393726224000034
147393;08170223335100473940;08;3;35;043;2017;02;23;5;3;6;7;0;1;1;0;0;2;0;513288,935000000000000;5278449,092000000200000;9,176984479000055;47,659299620000070
147395;08170223311010418980;08;3;11;000;2017;02;19;5;3;1;7;1;1;0;0;0;2;0;413720,050500000010000;5316263,056400000100000;7,843492093000066;47,993843590000040
147397;08170223235100460020;08;2;35;085;2017;02;15;5;3;6;7;0;1;1;0;0;0;0;481288,700000000010000;5395810,100700000300000;8,745628137000040;48,715039750000074
147398;08170223235010454600;08;2;31;000;2017;02;16;5;2;6;4;0;1;1;0;0;0;0;477704,433900000000000;5415613,432599999900000;8,695826847000035;48,893068639000035
147400;08170223221400461440;08;2;21;000;2017;02;07;5;3;3;2;1;1;0;0;0;0;0;477203,274199999990000;5471252,506199999700000;8,685841812000035;49,393538231000036
147402;08170223212202394930;08;2;15;046;2017;02;21;5;3;6;4;0;0;1;0;1;2;1;450577,504699999990000;5414730,009800000100000;8,325866826000038;48,883552192000082
147403;08170223211010425500;08;3;17;001;2017;02;20;5;2;0;7;1;0;0;0;0;2;0;431339,219999999970000;5386768,546400000300000;8,068147858000032;48,630211857000063
147404;08170223119400397730;08;1;19;079;2017;02;11;5;3;6;2;0;1;1;0;0;0;0;522545,558299999980000;5408570,594600000400000;9,307195711000077;48,829704305000064
147406;08170223119200436300;08;1;19;020;2017;02;08;5;3;5;3;1;1;0;0;0;0;0;520417,830100000020000;5405474,723100000100000;9,278050549000056;48,801928073000056
147407;08170223118200460560;08;1;18;080;2017;02;12;5;3;6;7;0;1;1;0;0;0;0;508679,975600000010000;5408516,788800000200000;9,118269090000069;48,829568893000044
147410;08170223116500410270;08;1;16;049;2017;02;20;5;3;0;1;1;0;0;0;0;2;0;525282,469900000030000;5386024,113500000000000;9,343104329000028;48,626773452000066
147411;08170223116010379200;08;1;16;019;2017;02;16;5;3;5;3;1;1;0;0;0;0;0;522993,898899999970000;5398148,247499999600000;9,312721470000042;48,735930279000058
147413;08170223111500425940;08;1;11;000;2017;02;13;5;3;5;3;1;0;0;0;1;0;0;513943,031900000000000;5404477,605399999800000;9,189843349000057;48,793137082000044
147414;08170223111500425770;08;1;11;000;2017;02;18;5;3;5;2;1;0;0;1;0;1;0;512479,581599999980000;5401543,108199999700000;9,169828548000055;48,766769670000031
147415;08170222436500460290;08;4;36;052;2017;02;06;4;2;0;1;1;0;0;0;0;2;1;565712,748999999950000;5293320,393500000200000;9,877367751000065;47,789889277000043
147416;08170222436310452260;08;4;36;049;2017;02;09;4;3;0;7;1;0;0;0;0;0;1;577565,067799999960000;5283356,263199999900000;10,033813509000026;47,698932222000053
147417;08170222421300455810;08;4;25;141;2017;02;07;4;3;5;3;1;1;0;0;0;0;1;568249,616599999950000;5362319,523000000000000;9,922271312000021;48,410333080000044
147420;08170222335010466890;08;3;35;043;2017;02;14;4;2;2;6;1;0;0;0;0;0;0;513427,948199999980000;5279258,196499999600000;9,178860739000072;47,666576808000059
147421;08170222325010465910;08;2;37;028;2017;02;19;4;2;6;4;0;1;1;0;0;2;1;456940,542000000020000;5367892,405899999700000;8,417532109000035;48,462691770000049
147423;08170222316200421190;08;3;16;009;2017;02;06;4;2;1;1;1;1;0;0;0;2;0;416357,980700000010000;5325002,755900000200000;7,877137217000040;48,072811264000052
147425;08170222235010427290;08;2;31;000;2017;02;08;4;3;5;3;1;1;0;0;0;0;0;477808,557099999980000;5415885,540599999900000;8,697232573000065;48,895520167000029
147426;08170222226400384530;08;2;26;084;2017;02;09;4;2;6;4;0;1;1;0;0;0;0;469353,183000000020000;5470337,599000000400000;8,577734143000043;49,384964314000058
147429;08170222216100429440;08;2;16;043;2017;02;19;4;3;6;4;0;1;1;0;0;2;0;443983,373100000030000;5412501,218700000100000;8,236234610000054;48,862943312000027
147430;08170222215402408210;08;2;15;021;2017;02;17;4;3;0;7;1;0;0;0;0;0;0;468695,021000000010000;5444920,523900000400000;8,570654609000030;49,156305806000034
147433;08170222126010434380;08;1;21;000;2017;02;19;4;2;2;2;1;1;0;0;0;2;0;516309,102399999970000;5442045,779000000100000;9,223564132000035;49,131028083000047
147436;08170222118500431390;08;1;18;014;2017;02;21;4;3;6;4;0;1;1;0;0;2;0;521906,923899999990000;5421554,229299999800000;9,299190097000064;48,946523649000028
147437;08170222117100426030;08;1;17;019;2017;02;12;4;3;2;6;1;1;0;0;0;0;0;552363,194099999960000;5394613,006900000400000;9,711677622000025;48,702353382000069
147444;08170304222200574100;08;2;22;000;2017;03;18;7;3;6;4;0;1;1;0;0;2;0;461968,531399999980000;5481532,111999999700000;8,474915271000043;49,485237634000043
147446;08170304311500538130;08;3;15;113;2017;03;15;7;2;6;7;0;1;1;0;0;0;0;440725,920800000020000;5307315,033300000200000;8,206671446000030;47,916417708000040
147447;08170304426010540290;08;4;21;000;2017;03;10;7;3;1;5;1;1;0;0;0;0;0;572542,606000000030000;5360942,307000000000000;9,980036754000025;48,397465131000047
147451;08170313231115542570;08;2;36;019;2017;03;06;2;3;6;2;0;1;1;0;0;1;0;488200,424699999970000;5408894,074300000400000;8,839214067000057;48,832911453000065
147454;08170313226500568370;08;2;26;085;2017;03;14;2;3;6;7;0;1;1;0;0;0;0;491135,906699999990000;5455114,600499999700000;8,878202997000074;49,248738542000069
147455;08170313225100537020;08;2;25;116;2017;03;13;2;2;1;6;0;1;1;0;0;0;0;498922,140200000020000;5468898,817699999500000;8,985152442000072;49,372792613000058
147456;08170313222800519810;08;2;22;000;2017;03;18;2;3;5;3;1;1;0;0;0;2;0;462720,796500000000000;5485832,503499999600000;8,484895122000069;49,523964023000076
147457;08170313222500496620;08;2;22;000;2017;03;17;2;3;1;5;1;1;0;0;0;0;0;462751,743399999980000;5478231,034300000400000;8,486039031000075;49,455594609000059
147459;08170313215402506010;08;2;15;103;2017;03;17;2;3;5;7;1;1;0;0;0;1;0;467429,161399999980000;5443198,955400000300000;8,553433182000049;49,140754253000068
147460;08170313212702546880;08;2;15;017;2017;03;07;2;3;3;2;1;0;0;0;1;0;0;454733,723100000000000;5421355,588800000000000;8,381819993000022;48,943468263000057
147464;08170313121200569970;08;1;21;000;2017;03;14;2;3;6;4;1;0;1;0;0;0;0;516244,728400000020000;5445021,372000000400000;9,222801673000049;49,157796206000057
147465;08170313121200569960;08;1;21;000;2017;03;17;2;3;1;7;1;1;0;0;0;0;0;516476,499699999990000;5443499,270100000300000;9,225918200000024;49,144098251000059