OBJECTID;UIDENTSTLA;ULAND;UREGBEZ;UKREIS;UGEMEINDE;UJAHR;UMONAT;USTUNDE;UWOCHENTAG;UKATEGORIE;UART;UTYP1;IstRad;IstPKW;IstFuss;IstKrad;IstSonstig;LICHT;STRZUSTAND;LINREFX;LINREFY;XGCSWGS84;YGCSWGS84
148137;08170323311010520140;08;3;15;047;2017;03;16;5;3;0;2;1;1;0;0;0;0;0;415708,996199999990000;5321744,897599999800000;7,869068673000072;48,043420262000041
148143;08170323222700535060;08;2;22;000;2017;03;15;5;3;0;2;1;0;0;0;0;0;0;462170,133299999990000;5480564,844200000200000;8,477791110000055;49,476550154000051
148148;08170323121300656150;08;1;21;000;2017;03;07;5;3;6;4;0;0;1;1;0;0;0;513206,733100000010000;5443678,827999999700000;9,181090811000047;49,145792451000034
148149;08170323119400775890;08;1;19;090;2017;03;05;5;2;0;1;1;0;0;0;0;1;0;530689,461699999990000;5406475,957399999700000;9,418001512000046;48,810512584000037
148150;08170323119113548580;08;1;19;044;2017;03;16;5;3;6;7;0;1;1;0;0;0;0;542262,031500000040000;5425676,392000000000000;9,577603398000065;48,982547398000065
148152;08170323118100566530;08;1;18;018;2017;03;14;5;3;5;3;1;1;0;0;0;0;0;511339,311800000020000;5431067,068099999800000;9,155130975000077;49,032381392000048
148153;08170323116400525140;08;1;16;033;2017;03;12;5;3;5;3;1;1;0;0;0;0;0;532435,840100000030000;5388224,936099999600000;9,440351184000065;48,646241785000029
148154;08170323116010507810;08;1;16;046;2017;03;15;5;3;0;7;1;1;0;0;0;0;0;527181,854500000020000;5379017,458300000100000;9,368421439000031;48,563661456000034
148155;08170323116010507800;08;1;16;078;2017;03;16;5;3;3;6;1;0;0;0;0;0;0;512021,621900000030000;5392622,584200000400000;9,163336330000050;48,686529575000066
148156;08170323115300534930;08;1;15;041;2017;03;06;5;3;5;3;1;1;0;0;0;0;0;495531,363499999980000;5402399,762299999600000;8,939179074000037;48,774585187000071
148157;08170323111500510180;08;1;11;000;2017;03;07;5;2;5;3;1;0;0;1;0;0;0;515828,593400000010000;5405227,299999999800000;9,215545194000072;48,799836097000082
148158;08170323111500510170;08;1;11;000;2017;03;08;5;3;6;4;0;0;1;0;1;0;0;518318,390499999980000;5401548,688000000100000;9,249285642000075;48,766675392000082
148159;08170322435117472770;08;4;35;057;2017;03;08;4;3;6;7;0;1;1;0;0;0;0;544278,916199999980000;5280184,582700000100000;9,589875981000034;47,673535297000058
148160;08170322421300532190;08;4;21;000;2017;03;07;4;3;5;2;1;0;0;0;1;0;1;570637,010299999970000;5357862,036700000100000;9,953778419000059;48,369973456000025
148168;08170322221200478770;08;2;21;000;2017;03;07;4;3;5;2;1;1;0;0;0;0;1;475695,476399999990000;5473621,805300000100000;8,664918452000052;49,414791349000041
148170;08170322136010485560;08;1;36;065;2017;03;07;4;2;6;4;0;0;1;0;1;0;1;562197,990699999970000;5407915,343999999600000;9,847340595000048;48,821104886000057
148171;08170322119100486760;08;1;19;008;2017;03;13;4;3;5;2;1;1;0;0;0;0;0;531811,393700000020000;5420933,103099999900000;9,434406780000074;48,940506189000075
148177;08170321435010579480;08;4;37;076;2017;03;16;3;2;5;3;1;1;0;0;0;0;0;524031,435200000010000;5321522,888199999900000;9,322446896000031;48,046536630000048
148178;08170321417311503060;08;4;17;013;2017;03;14;3;3;6;6;0;0;1;1;0;0;0;508322,991099999980000;5348723,205000000100000;9,112208891000023;48,291653450000069
148181;08170321335300553920;08;3;35;075;2017;03;21;3;3;5;3;1;1;0;0;0;2;0;488089,306900000030000;5290146,787700000200000;8,841051398000047;47,764577727000074
148182;08170321335300514720;08;3;35;075;2017;03;13;3;3;0;4;0;0;1;0;1;0;0;487986,831000000010000;5291384,439899999600000;8,839649633000022;47,775711618000059
148184;08170321311010486340;08;3;11;000;2017;03;08;3;3;6;1;0;0;1;0;1;0;0;404232,397400000020000;5317102,127700000100000;7,716162497000028;48,000040382000066
148185;08170321311010486330;08;3;11;000;2017;03;17;3;3;5;3;1;1;0;0;0;0;1;404305,543799999980000;5316206,462600000200000;7,717342550000069;47,991994885000054
148186;08170321311010486310;08;3;11;000;2017;03;15;3;3;0;1;1;0;0;0;0;0;1;414109,742499999990000;5316176,026999999800000;7,848731898000040;47,993113193000056
148188;08170321299200576060;08;2;12;000;2017;03;09;3;3;0;3;1;0;0;0;1;0;0;458073,534900000030000;5428404,669400000000000;8,426701056000070;49,007111597000062
148189;08170321299200576030;08;2;12;000;2017;03;16;3;3;0;1;1;0;0;0;0;0;1;456503,416000000030000;5428061,916000000200000;8,405269291000025;49,003919821000068
148192;08170321222301498160;08;2;22;000;2017;03;06;3;3;5;3;1;0;0;0;1;2;0;464667,475900000020000;5485745,101900000100000;8,511800108000045;49,523294510000028
148193;08170321222014565870;08;2;22;000;2017;03;16;3;3;5;3;1;0;0;0;1;0;1;462246,306700000020000;5482046,802699999900000;8,478701078000029;49,489884354000026
148194;08170321221000580260;08;2;26;098;2017;03;14;3;2;6;4;0;1;1;0;0;0;1;478572,921399999990000;5460481,516499999900000;8,705295646000025;49,296703389000072
148197;08170321212502519040;08;2;12;000;2017;03;09;3;3;2;2;1;1;0;0;0;0;0;453910,017600000020000;5429485,285600000100000;8,369650210000032;49,016534896000053
148198;08170321211010528580;08;2;11;000;2017;03;13;3;2;6;4;0;1;1;0;0;0;0;444321,415900000020000;5401208,251699999900000;8,242375439000057;48,761392133000072
148200;08170321136100547620;08;1;36;088;2017;03;07;3;3;5;2;1;1;0;0;0;0;0;579836,802200000030000;5410009,838999999700000;10,088006622000023;48,837926818000028
148202;08170403222600617600;08;2;22;000;2017;04;14;2;3;2;4;0;1;1;0;1;0;0;462576,627099999980000;5484681,090900000200000;8,483012337000048;49,513598829000045
148203;08170403216200679820;08;2;16;007;2017;04;07;2;3;0;1;1;0;0;0;0;0;0;436154,206599999980000;5393891,625699999700000;8,132388825000021;48,694794909000052
148205;08170403212702654480;08;2;15;017;2017;04;13;2;3;5;3;1;1;0;0;0;0;0;456392,214600000010000;5421020,238900000200000;8,404503808000072;48,940570871000034
148206;08170403136100657740;08;1;36;088;2017;04;13;2;3;6;7;0;1;1;0;0;0;0;580061,467599999970000;5410028,647599999800000;10,091071431000046;48,838067054000078
148208;08170403311010629680;08;3;11;000;2017;04;07;2;3;0;7;1;1;0;0;0;0;0;413414,590600000000000;5315501,478000000100000;7,839552150000031;47,986951631000068
148209;08170403311010629670;08;3;11;000;2017;04;08;2;3;5;3;1;1;0;0;0;0;0;417206,408300000010000;5315713,141800000300000;7,890320498000051;47,989357770000026
148210;08170403135200629350;08;1;35;019;2017;04;07;2;3;4;2;1;1;0;0;0;0;0;583835,369799999990000;5392510,484299999700000;10,138923325000064;48,680006870000057
148211;08170403135010663850;08;1;35;020;2017;04;07;2;3;5;2;1;1;0;0;0;0;0;586421,120299999950000;5386290,554399999800000;10,172745498000040;48,623710512000059
148214;08170403235010639930;08;2;36;031;2017;04;09;2;3;0;7;0;1;1;0;0;0;0;481690,316200000000000;5420221,417999999600000;8,749997950000022;48,934651143000053
148215;08170403226500675150;08;2;26;091;2017;04;07;2;2;6;4;0;1;1;0;0;0;0;490964,917399999980000;5460375,798200000100000;8,875734708000039;49,296061402000078
148216;08170403126010647280;08;1;21;000;2017;04;10;2;2;6;4;0;1;1;0;0;0;0;515623,586699999990000;5443338,544400000000000;9,214217304000044;49,142674759000045
148217;08170403126010647260;08;1;21;000;2017;04;14;2;2;5;3;1;1;0;0;0;0;0;517053,129100000020000;5443317,408300000200000;9,233816913000055;49,142446606000078
148218;08170403126010647250;08;1;25;001;2017;04;16;2;2;5;3;1;1;0;0;0;0;0;521499,729200000000000;5435177,794400000000000;9,294350468000062;49,069088525000041
148221;08170403116010618560;08;1;16;071;2017;04;07;2;3;5;3;1;1;0;0;0;0;0;527457,741599999950000;5390521,823099999700000;9,372922180000046;48,667143035000038
148222;08170403111320606590;08;1;11;000;2017;04;06;2;2;5;3;1;1;0;0;0;0;0;513721,499599999980000;5407126,737599999600000;9,186915604000035;48,816973271000052
148224;08170403111210603690;08;1;11;000;2017;04;00;2;3;5;3;1;1;0;0;0;2;0;508210,105800000020000;5398327,730600000400000;9,111663359000033;48,737915142000077
148225;08170403111130666820;08;1;11;000;2017;04;18;2;3;1;1;1;1;0;0;0;0;0;512166,248700000000000;5401052,173100000200000;9,165550055000040;48,762359448000041
148226;08170402426010604330;08;4;26;031;2017;04;17;1;2;0;7;0;1;1;0;0;0;0;582578,613200000020000;5328917,433299999700000;10,109346931000061;48,108163791000038
148229;08170402415100586070;08;4;15;050;2017;04;18;1;3;9;1;1;0;0;0;0;0;0;522661,191799999970000;5374921,229500000400000;9,306926716000021;48,526990709000074
148231;08170402325010684030;08;3;26;074;2017;04;15;1;2;4;6;1;1;0;0;0;0;0;464753,310999999990000;5324126,540500000100000;8,526859938000030;48,069440287000077
148232;08170402317500608300;08;3;17;096;2017;04;14;1;3;7;7;1;0;0;0;0;0;0;420796,196200000010000;5373348,039900000200000;7,927639947000046;48,508251831000052
148234;08170402311010629660;08;3;11;000;2017;04;17;1;3;0;1;1;0;0;0;0;0;0;414786,071300000010000;5316549,052400000400000;7,857721430000026;47,996559198000057
148235;08170402311010589110;08;3;11;000;2017;04;08;1;3;5;3;1;0;0;0;1;0;0;410427,859000000000000;5316479,655399999600000;7,799327765000044;47,995339231000059
148238;08170402299200682000;08;2;12;000;2017;04;07;1;3;0;1;1;0;0;0;0;0;1;457107,635599999980000;5428411,524000000200000;8,413493423000034;49,007106878000059
148239;08170402226700604690;08;2;26;095;2017;04;14;1;3;5;3;1;1;0;0;0;0;0;474210,348000000000000;5460887,471400000200000;8,645268461000057;49,300186351000036
148241;08170402222200680580;08;2;22;000;2017;04;13;1;3;1;5;1;1;0;0;0;0;0;461787,467200000010000;5481640,995500000200000;8,472404980000022;49,486205610000070
148243;08170402222200643330;08;2;22;000;2017;04;14;1;3;6;4;0;1;1;0;0;0;0;461367,505699999980000;5482135,100200000200000;8,466558606000035;49,490623226000025
148244;08170402221300656560;08;2;21;000;2017;04;21;1;3;6;4;0;1;1;0;0;2;0;477762,225800000010000;5473510,869800000500000;8,693418073000032;49,413872558000037
148249;08170402118500623600;08;1;18;021;2017;04;17;1;2;6;4;0;1;1;0;0;0;0;520993,826899999990000;5427679,318599999900000;9,287035951000064;49,001653832000045
148250;08170402118100673230;08;1;18;079;2017;04;15;1;3;0;7;1;0;0;0;0;0;0;510377,459500000000000;5422877,803100000100000;9,141762908000032;48,958731012000044
148251;08170402116010582400;08;1;16;027;2017;04;17;1;3;4;3;1;1;0;0;0;0;0;534598,979000000050000;5393337,032999999800000;9,470144732000051;48,692113344000063
148254;08170401421312602660;08;4;25;039;2017;04;05;7;3;4;2;1;1;0;0;0;2;0;566169,275999999950000;5352968,367999999800000;9,892691365000076;48,326436525000076
148256;08170401416200602750;08;4;16;041;2017;04;12;7;3;0;7;0;0;1;0;1;0;0;504128,467200000010000;5374428,975200000200000;9,055912133000049;48,522957773000030
148257;08170401415400631280;08;4;15;061;2017;04;20;7;3;2;6;1;1;0;0;0;2;0;514592,449800000000000;5371702,503800000100000;9,197530693000033;48,498273483000048
148258;08170401336400660830;08;3;36;091;2017;04;11;7;3;5;3;1;1;0;0;0;0;0;395838,190000000000000;5274437,856399999900000;7,613914799000042;47,614969690000066
148259;08170401335100645220;08;3;35;043;2017;04;18;7;3;0;7;1;0;1;0;0;0;0;512726,572400000000000;5278159,109600000100000;9,169486421000045;47,656701758000054
148264;08170401317500585890;08;3;17;096;2017;04;19;7;3;0;4;1;0;1;0;0;0;0;422100,848999999990000;5371384,589700000400000;7,945667174000050;48,490754024000069
148266;08170401317000684890;08;3;17;096;2017;04;15;7;2;6;4;0;0;1;1;0;0;0;422375,328299999990000;5364118,873800000200000;7,950729321000040;48,425433206000037
148267;08170401311200681070;08;3;11;000;2017;04;16;7;3;5;3;1;1;0;0;0;0;0;410800,174000000000000;5320640,043999999800000;7,803451721000045;48,032814818000077
148268;08170401311010629630;08;3;11;000;2017;04;15;7;2;6;4;1;0;1;0;0;0;0;412635,417800000000000;5313422,505199999500000;7,829534469000066;47,968144598000038
148271;08170401299200681990;08;2;12;000;2017;04;15;7;3;5;3;1;1;0;0;0;0;0;453102,418699999980000;5428820,182000000000000;8,358682655000052;49,010491406000028
148274;08170401222400586650;08;2;26;038;2017;04;12;7;3;1;5;1;1;0;0;0;0;0;471572,213999999980000;5479909,389999999700000;8,607622141000036;49,471167667000032
148276;08170401221200616220;08;2;21;000;2017;04;13;7;3;2;6;1;1;0;0;0;0;0;477993,142400000010000;5472960,690299999900000;8,696632065000074;49,408932175000075
148279;08170401216100660670;08;2;16;009;2017;04;22;7;3;5;3;1;1;0;0;0;2;0;446394,455900000000000;5420009,119099999800000;8,268120652000050;48,930690270000071
148282;08170401212402590540;08;2;12;000;2017;04;14;7;2;1;5;1;1;0;0;0;0;0;454024,927700000000000;5428360,195000000300000;8,371349116000033;49,006423217000076
148283;08170401212302601700;08;2;12;000;2017;04;14;7;3;0;7;1;0;0;0;0;0;0;455104,291800000010000;5428531,699799999600000;8,386088189000077;49,008045382000034
148284;08170401211100665630;08;2;11;000;2017;04;11;7;3;5;3;1;1;0;0;0;0;0;440673,947200000000000;5403719,639200000100000;8,192386666000061;48,783645321000051
148286;08170401136100589360;08;1;36;088;2017;04;09;7;3;4;1;1;1;0;0;0;0;0;579080,279699999960000;5409236,975900000000000;10,077549628000043;48,831072295000070
148288;08170401128100638920;08;1;28;006;2017;04;20;7;3;6;1;0;0;1;0;1;1;0;549991,995200000000000;5475110,728299999600000;9,689397071000030;49,426614713000049
148290;08170401119500610920;08;1;19;068;2017;04;14;7;3;5;3;1;1;0;0;0;0;0;525587,831699999980000;5413627,293600000400000;9,348963610000055;48,875074850000033
148291;08170401119500610910;08;1;19;085;2017;04;15;7;3;0;1;1;0;0;0;0;0;0;529631,823100000040000;5413303,118900000100000;9,404090230000065;48,871978617000082
148294;08170401118100593220;08;1;18;079;2017;04;16;7;2;5;3;1;1;0;0;0;0;0;510341,796399999990000;5422476,227500000000000;9,141265527000030;48,955119173000071
148295;08170401117400648470;08;1;17;060;2017;04;15;7;3;4;6;1;0;0;0;0;0;0;542943,639899999950000;5387925,312300000300000;9,582967966000069;48,642912780000074
148299;08170401115100626880;08;1;15;048;2017;04;10;7;3;6;7;0;1;1;0;0;0;0;509043,391000000000000;5387327,564100000100000;9,122755847000065;48,638945175000060
148301;08170401111110661030;08;1;11;000;2017;04;09;7;2;1;5;1;1;0;0;0;0;0;513254,375000000000000;5402381,805999999900000;9,180399307000073;48,774298519000070
148305;08170331416010569170;08;4;16;041;2017;03;18;6;3;0;7;1;0;0;0;0;0;0;499115,202200000000000;5374855,287800000000000;8,988016211000058;48,526805989000081
148307;08170331335100521950;08;3;35;043;2017;03;15;6;3;6;4;0;1;1;0;0;0;0;512935,284300000000000;5279107,645800000100000;9,172294012000066;47,665232244000038
148308;08170331335100508730;08;3;35;043;2017;03;11;6;3;0;1;1;0;0;0;0;0;0;513103,943800000010000;5278307,987200000300000;9,174516513000071;47,658033777000071
148311;08170331317500529600;08;3;17;096;2017;03;14;6;3;0;1;1;0;0;0;0;0;0;426082,949499999990000;5368889,380199999500000;7,999995771000044;48,468790489000071
148313;08170331311400552270;08;3;15;076;2017;03;10;6;3;5;3;1;1;0;0;0;0;0;392574,329700000000000;5296494,413099999500000;7,565058879000048;47,812831599000049
148315;08170331311010514600;08;3;11;000;2017;03;10;6;3;0;7;0;1;1;0;0;0;0;410425,557199999980000;5315698,000199999700000;7,799460036000028;47,988307746000032
148316;08170331311010486440;08;3;11;000;2017;03;14;6;2;5;3;1;1;0;0;0;0;0;414774,196000000000000;5317608,945799999900000;7,857351722000033;48,006091774000026
148317;08170331299200576870;08;2;12;000;2017;03;05;6;3;0;7;1;0;0;0;0;2;0;457087,573399999990000;5428567,967600000100000;8,413202573000035;49,008512714000062
148322;08170331221012656750;08;2;21;000;2017;03;18;6;2;5;3;1;1;0;0;0;0;0;476208,185400000020000;5470049,157399999900000;8,672200900000064;49,382676202000027
148323;08170331212502519270;08;2;12;000;2017;03;13;6;3;5;2;1;1;0;0;0;0;0;453167,305799999970000;5428822,744900000300000;8,359569622000038;49,010519387000045
148324;08170331211010528710;08;2;11;000;2017;03;18;6;2;5;3;1;1;0;0;0;0;0;437792,731000000030000;5397230,082999999600000;8,154149231000076;48,724990152000032
148326;08170331121200669180;08;1;21;000;2017;03;18;6;3;5;3;1;1;0;0;0;0;0;515321,138900000020000;5441770,722799999600000;9,210010839000063;49,128579284000068
148329;08170331119300488560;08;1;19;067;2017;03;14;6;3;0;6;1;1;0;0;0;0;0;538443,153999999980000;5405260,936400000000000;9,523491676000049;48,799151493000068
148331;08170331118400494470;08;1;18;048;2017;03;15;6;2;6;4;0;0;1;0;1;0;0;513657,743299999970000;5415447,228600000000000;9,186324675000037;48,891824126000074
148333;08170331118010495740;08;1;18;027;2017;03;09;6;2;5;3;1;1;0;0;0;0;0;502751,007800000020000;5412136,008299999900000;9,037508228000036;48,862181442000065
148336;08170331116200534510;08;1;16;080;2017;03;13;6;3;6;4;0;1;1;0;0;0;0;517009,769099999980000;5396659,454199999600000;9,231275533000030;48,722729264000066
148337;08170331115400551570;08;1;15;045;2017;03;19;6;3;6;6;0;1;1;0;0;1;0;500192,598200000010000;5394880,654900000400000;9,002617867000026;48,706959141000027
148338;08170331115400551560;08;1;15;045;2017;03;22;6;3;5;3;1;1;0;0;0;2;0;500203,546700000010000;5393900,451100000200000;9,002766200000053;48,698141143000043
148341;08170331115400536670;08;1;15;045;2017;03;13;6;3;0;7;1;0;0;0;0;0;0;501564,670500000010000;5395747,856900000000000;9,021270877000063;48,714758618000076
148344;08170331111500500750;08;1;11;000;2017;03;13;6;2;6;4;0;0;1;0;1;0;0;515243,197099999990000;5403682,934100000200000;9,207516337000072;48,785957793000080
148345;08170331111500500730;08;1;11;000;2017;03;15;6;1;6;4;0;0;1;0;1;0;0;514875,372700000010000;5403630,524500000300000;9,202507022000077;48,785495229000048
148346;08170331111250562130;08;1;11;000;2017;03;13;6;3;3;6;1;1;0;0;0;0;0;514136,785500000000000;5401889,467799999800000;9,192392406000067;48,769850059000078
148347;08170330435100574850;08;4;35;016;2017;03;16;5;3;5;3;1;1;0;0;0;0;0;536482,470199999980000;5278754,660299999600000;9,485897936000072;47,661156669000036
148349;08170330435100522360;08;4;35;016;2017;03;11;5;3;4;6;1;0;0;0;0;0;0;537596,840600000000000;5278033,493200000400000;9,500677253000049;47,654604240000026
148354;08170330415300546010;08;4;15;059;2017;03;14;5;3;5;5;1;1;0;0;0;0;0;516374,273899999970000;5368375,763399999600000;9,221519813000043;48,468301013000030
148355;08170330415200510350;08;4;15;085;2017;03;16;5;2;8;7;1;0;0;0;0;0;0;535677,714999999970000;5341646,042999999600000;9,480394547000060;48,227032946000065
148357;08170330337200554880;08;3;37;126;2017;03;11;5;3;4;6;1;0;0;0;1;0;0;440726,580800000000000;5274849,901999999800000;8,211110074000033;47,624339044000067
148358;08170330335310505270;08;3;35;097;2017;03;15;5;3;0;1;1;0;0;0;0;0;0;485148,969199999990000;5295572,333700000300000;8,801627038000049;47,813332844000058
148360;08170330335200674220;08;3;35;063;2017;03;13;5;3;5;3;1;1;0;0;0;0;0;496801,047100000030000;5287702,673100000200000;8,957327769000074;47,742688748000035
148361;08170330335200567650;08;3;35;063;2017;03;17;5;3;6;3;0;1;1;0;0;0;0;497910,482000000020000;5287110,507500000300000;8,972129848000066;47,737365230000080
148362;08170330335100508720;08;3;35;043;2017;03;18;5;3;5;2;1;1;0;0;0;0;0;511133,214700000010000;5280763,225700000300000;9,148333295000043;47,680162142000029
148363;08170330326200535130;08;3;26;074;2017;03;17;5;3;2;6;1;1;0;0;0;0;0;464278,932800000010000;5322878,630300000300000;8,520596534000049;48,058186728000067
148364;08170330317500575320;08;3;17;096;2017;03;05;5;3;5;2;1;1;0;0;0;2;0;421745,733300000020000;5368478,870799999700000;7,941405664000058;48,464573257000040
148367;08170330317100484180;08;3;17;001;2017;03;11;5;3;5;7;1;1;0;0;0;0;0;431444,465000000030000;5386634,930700000400000;8,069598126000074;48,629021529000056
148368;08170330316100530090;08;3;16;011;2017;03;09;5;2;5;3;1;1;0;0;0;0;0;414624,707300000010000;5330135,113800000400000;7,852846828000054;48,118748303000075
148369;08170330311400552250;08;3;15;074;2017;03;17;5;3;6;4;0;1;1;0;0;0;0;396914,007700000020000;5296002,693099999800000;7,623125510000023;47,809118510000076
148371;08170330311200515720;08;3;11;000;2017;03;16;5;3;5;3;1;1;0;0;0;0;0;412401,455699999990000;5317931,984699999900000;7,825480518000063;48,008676801000036
148373;08170330311010521240;08;3;11;000;2017;03;16;5;2;4;2;1;0;0;0;1;0;0;402128,725099999980000;5316726,894500000400000;7,688054333000025;47,996346620000054
148374;08170330311010514580;08;3;11;000;2017;03;16;5;2;3;3;1;1;0;0;0;0;0;411281,308000000020000;5314601,695000000300000;7,811153335000029;47,978565468000056
148375;08170330299200576830;08;2;12;000;2017;03;14;5;3;6;2;0;1;1;0;0;0;0;456879,621500000010000;5427889,267099999800000;8,410431212000049;49,002393219000055
148377;08170330235010564990;08;2;31;000;2017;03;12;5;3;6;7;0;1;1;0;0;0;0;478315,578900000020000;5415902,135599999700000;8,704149111000049;48,895687404000057
148379;08170330226700569030;08;2;26;098;2017;03;17;5;3;5;3;1;1;0;0;0;0;0;478078,446000000000000;5461027,978900000500000;8,698464827000066;49,301601287000040
148380;08170330226511531470;08;2;26;066;2017;03;15;5;3;0;7;1;1;0;0;0;0;0;496200,252800000020000;5466744,857099999700000;8,947678917000076;49,353406747000065
148381;08170330226400510750;08;2;26;084;2017;03;09;5;3;0;2;1;1;0;0;0;0;0;468518,444000000020000;5470864,813799999700000;8,566191317000062;49,389663903000042
148382;08170330226200513270;08;2;26;059;2017;03;21;5;3;0;4;0;0;1;1;0;2;0;465532,583400000000000;5460135,882000000200000;8,525976123000021;49,292997899000056
148385;08170330222700503850;08;2;22;000;2017;03;12;5;3;0;1;1;1;0;0;0;0;0;462552,683699999990000;5481093,366000000400000;8,483021622000024;49,481327663000059
148386;08170330222301555020;08;2;22;000;2017;03;16;5;3;5;3;1;1;0;0;0;0;0;465178,199299999980000;5482062,149400000500000;8,519181419000063;49,490197731000080
148391;08170330215302545010;08;2;15;007;2017;03;15;5;3;6;4;0;1;1;0;0;0;0;479872,714500000000000;5432504,826999999600000;8,724572157000068;49,045090441000070
148393;08170330212502628560;08;2;12;000;2017;03;21;5;3;0;7;1;0;0;0;0;2;0;453666,814100000020000;5430287,262099999900000;8,366232659000048;49,023730485000044
148394;08170330136010485630;08;1;36;065;2017;03;15;5;2;8;1;1;0;0;0;0;0;0;556062,138099999980000;5404308,578300000200000;9,763265814000022;48,789245672000050
148396;08170330121100717220;08;1;25;026;2017;03;15;5;3;6;4;0;1;1;0;0;0;0;493796,993000000020000;5442643,928000000300000;8,914960083000040;49,136593803000039
148398;08170330118400563260;08;1;18;048;2017;03;16;5;3;0;7;1;0;0;0;0;0;0;513766,805500000020000;5414942,474000000400000;9,187795533000042;48,887281071000075
148399;08170330118200546160;08;1;18;011;2017;03;18;5;2;5;3;1;1;0;0;0;0;0;498448,718600000020000;5410986,349100000200000;8,978853628000024;48,851843453000072
148400;08170330117200645100;08;1;17;006;2017;03;14;5;3;4;6;1;1;0;0;0;0;0;550264,160999999960000;5381116,992999999800000;9,681513840000037;48,581122133000065
148401;08170330116010507930;08;1;16;019;2017;03;19;5;2;5;3;1;1;0;0;0;1;0;521788,925300000000000;5397853,461199999800000;9,296318246000055;48,733321715000045
148405;08170330111230513880;08;1;11;000;2017;03;19;5;3;5;3;1;1;0;0;0;0;0;509227,323500000000000;5397538,745900000400000;9,125480556000071;48,730803190000074
148407;08170329426010540460;08;4;26;128;2017;03;05;4;2;8;1;1;0;0;0;0;2;0;559997,288799999980000;5331215,511400000200000;9,806353772000023;48,131365382000070
148408;08170329426010492760;08;4;26;070;2017;03;18;4;3;5;3;1;1;0;0;0;0;0;565368,633799999950000;5342038,438900000400000;9,880200544000047;48,228197633000036
148409;08170329421212508160;08;4;25;072;2017;03;13;4;3;5;3;1;0;0;0;0;0;0;582951,091800000050000;5372171,286500000400000;10,122851757000035;48,497183556000039
148410;08170329421200540050;08;4;25;031;2017;03;19;4;3;3;2;1;0;0;0;1;0;0;563615,362599999990000;5371343,841300000400000;9,861026729000059;48,491995867000071
148412;08170329416200522570;08;4;16;041;2017;03;12;4;3;6;7;0;1;1;0;0;0;0;504010,975800000010000;5374329,559500000400000;9,054319983000028;48,522064155000066
148413;08170329416100496350;08;4;16;036;2017;03;07;4;3;6;7;0;0;1;0;1;1;0;495044,164099999990000;5368774,285899999600000;8,932949878000045;48,472079945000075
148414;08170329416010542150;08;4;15;059;2017;03;19;4;3;0;1;1;0;0;0;0;0;0;514950,560300000010000;5366658,053000000300000;9,202197812000065;48,452883250000070
148416;08170329336200553310;08;3;36;069;2017;03;14;4;3;0;1;1;0;0;0;0;0;0;408531,186099999990000;5268099,016699999600000;7,784100517000070;47,559863056000040
148421;08170329317300479410;08;3;17;065;2017;03;13;4;3;2;6;1;1;0;0;0;0;0;416147,950399999970000;5354742,065600000300000;7,868440139000029;48,340292180000063
148422;08170329311100468730;08;3;15;133;2017;03;12;4;3;5;3;1;1;0;0;0;0;0;398234,326999999990000;5327091,509999999800000;7,633401683000045;48,088963808000074
148423;08170329311010520230;08;3;11;000;2017;03;11;4;3;3;3;1;0;0;0;1;0;0;413176,432500000000000;5316765,170199999600000;7,836105328000031;47,998286686000029
148425;08170329299200576810;08;2;15;109;2017;03;08;4;3;5;3;1;1;0;0;0;0;0;461684,336799999990000;5435180,429499999600000;8,475432042000023;49,068295526000043
148426;08170329299200576800;08;2;12;000;2017;03;17;4;3;6;4;0;1;1;0;0;0;0;452617,827300000000000;5427109,827899999900000;8,352255943000046;48,995069688000058
148427;08170329299200576330;08;2;15;110;2017;03;18;4;3;2;3;1;1;0;0;0;0;0;461415,490100000000000;5419795,090599999800000;8,473213050000027;48,929883982000035
148430;08170329231102482090;08;2;36;046;2017;03;16;4;3;3;6;1;0;0;0;1;0;0;483125,885499999970000;5418659,901700000300000;8,769663785000034;48,920645097000033
148431;08170329226700536070;08;2;26;095;2017;03;13;4;3;3;6;1;0;0;0;0;0;0;474748,432700000000000;5461527,427699999900000;8,652629103000038;49,305965224000033
148432;08170329222400553470;08;2;26;105;2017;03;16;4;3;8;1;1;0;0;0;0;0;0;471886,416000000030000;5477362,352000000000000;8,612139701000046;49,448272479000082
148433;08170329221200550840;08;2;21;000;2017;03;18;4;3;5;2;1;1;0;0;0;0;0;477156,068000000030000;5472581,331000000200000;8,685114869000074;49,405489048000049
148434;08170329221200550830;08;2;21;000;2017;03;15;4;3;5;3;1;0;0;0;0;0;0;477796,047800000000000;5472943,590300000300000;8,693916082000044;49,408771203000072
148435;08170329216100571980;08;2;16;043;2017;03;14;4;3;5;3;1;0;0;0;0;0;0;441448,498900000010000;5412060,636300000400000;8,201739025000052;48,858746185000030
148436;08170329215402506260;08;2;15;009;2017;03;17;4;3;5;3;1;1;0;0;0;0;0;469449,341200000020000;5441043,021099999500000;8,581293673000062;49,121465055000044