OBJECTID;UIDENTSTLA;ULAND;UREGBEZ;UKREIS;UGEMEINDE;UJAHR;UMONAT;USTUNDE;UWOCHENTAG;UKATEGORIE;UART;UTYP1;IstRad;IstPKW;IstFuss;IstKrad;IstSonstig;LICHT;STRZUSTAND;LINREFX;LINREFY;XGCSWGS84;YGCSWGS84
148437;08170329212302489500;08;2;12;000;2017;03;12;4;3;5;3;1;1;0;0;0;0;0;455865,315999999990000;5428882,956899999600000;8,396455769000056;49,011259871000050
148439;08170329199200526720;08;1;15;046;2017;03;17;4;2;6;4;0;1;1;0;0;0;0;508798,820200000020000;5389719,036500000400000;9,119486847000076;48,660462702000075
148440;08170329199200526710;08;1;18;011;2017;03;18;4;3;4;2;1;1;0;0;0;0;0;502533,257300000000000;5409405,832800000000000;9,034522451000044;48,837622120000049
148441;08170329136010485620;08;1;36;065;2017;03;14;4;3;6;4;0;1;1;0;0;0;0;558158,232700000050000;5405628,103400000400000;9,791987412000026;48,800922404000062
148444;08170329121400538280;08;1;25;013;2017;03;10;4;3;6;7;0;1;1;0;0;0;0;501881,787100000020000;5436944,982400000100000;9,025771743000064;49,085357704000046
148446;08170329119200541530;08;1;19;020;2017;03;08;4;3;3;6;1;0;0;0;0;0;0;520798,222000000010000;5407104,565899999800000;9,283313259000067;48,816577210000048
148447;08170329119100533600;08;1;19;008;2017;03;15;4;2;8;1;1;0;0;0;0;0;0;531505,834000000030000;5423015,128999999700000;9,430395333000035;48,959250569000062
148450;08170329118400475650;08;1;18;048;2017;03;17;4;3;3;3;1;1;0;0;0;0;0;513068,580800000000000;5416829,734799999700000;9,178331349000075;48,904273489000047
148451;08170329118200572150;08;1;18;027;2017;03;13;4;3;6;2;0;1;1;0;0;0;0;502851,479899999980000;5412477,416100000000000;9,038880479000056;48,865252234000081
148455;08170329115300521800;08;1;15;042;2017;03;18;4;3;6;4;0;1;1;0;0;0;0;496319,066300000010000;5406043,500000000000000;8,949867550000022;48,807369195000035
148458;08170329111500528990;08;1;11;000;2017;03;16;4;3;6;7;0;1;1;0;0;0;0;509374,641599999970000;5402908,855499999600000;9,127606191000041;48,779110382000056
148460;08170329111310667030;08;1;11;000;2017;03;10;4;3;5;2;1;1;0;0;0;0;0;515399,772600000030000;5406630,669200000400000;9,209758433000047;48,812471381000080
148461;08170409136300612440;08;1;36;065;2017;04;00;1;3;0;1;1;0;0;0;0;2;0;558507,349000000050000;5405655,919400000000000;9,796745094000073;48,801139850000027
148462;08170409136300592240;08;1;36;044;2017;04;00;1;3;9;1;1;0;0;0;0;2;0;558564,167000000020000;5408184,093000000300000;9,797879546000047;48,823875516000044
148463;08170409116500614630;08;1;16;042;2017;04;13;1;3;0;7;1;0;0;0;1;0;0;517581,429000000000000;5382410,967000000200000;9,238442803000055;48,594532959000048
148464;08170409116400668030;08;1;16;033;2017;04;17;1;3;5;3;1;0;0;0;0;0;0;535487,086600000040000;5385034,373499999800000;9,481500475000075;48,617374073000065
148466;08170409111500674830;08;1;11;000;2017;04;12;1;3;4;7;1;1;0;0;0;0;0;508249,202500000010000;5407029,858500000100000;9,112369691000026;48,816198523000025
148467;08170409111500674820;08;1;11;000;2017;04;14;1;2;0;1;1;0;0;0;0;0;0;512949,940000000000000;5409683,712000000300000;9,176486159000035;48,839991973000053
148468;08170409111320649410;08;1;11;000;2017;04;18;1;3;6;3;0;1;1;0;0;0;0;517356,251200000000000;5408882,564100000100000;9,236502462000033;48,832677447000037
148469;08170408436400650150;08;4;36;011;2017;04;19;7;3;6;4;0;1;1;0;0;0;0;549164,345399999990000;5297434,421199999700000;9,656904851000036;47,828378878000080
148471;08170408416100607840;08;4;16;036;2017;04;08;7;3;0;7;1;0;0;0;0;0;0;495038,190799999980000;5368838,271900000100000;8,932868303000021;48,472655544000077
148473;08170408335010637930;08;3;35;100;2017;04;03;7;2;0;1;1;0;0;0;0;2;0;488610,663699999980000;5286265,156100000300000;8,848110540000050;47,729661962000080
148475;08170408326200598420;08;3;26;074;2017;04;16;7;3;5;3;1;1;0;0;0;0;0;465418,258500000000000;5323290,701000000400000;8,535853285000030;48,061956823000060
148476;08170408326100614070;08;3;26;006;2017;04;08;7;3;4;1;1;1;0;0;0;0;0;458671,876600000020000;5308706,360399999700000;8,446713840000029;47,930343394000033
148477;08170408317300612170;08;3;17;065;2017;04;19;7;3;5;3;1;1;0;0;0;0;0;415039,413699999980000;5354011,313900000400000;7,853631229000030;48,333571060000054
148482;08170408311300661440;08;3;11;000;2017;04;00;7;3;3;2;1;1;0;0;0;2;0;414041,597000000010000;5315684,173000000400000;7,847917165000069;47,988679622000063
148485;08170408299200682270;08;2;15;109;2017;04;19;7;2;4;2;1;1;0;0;0;0;0;461353,771799999990000;5434685,208900000000000;8,470953873000042;49,063820297000063
148486;08170408299200682260;08;2;12;000;2017;04;09;7;3;1;5;1;1;0;0;0;0;0;455410,046099999980000;5428446,966199999700000;8,390278185000057;49,007305363000057
148487;08170408235010671170;08;2;31;000;2017;04;14;7;2;8;1;1;0;0;0;0;0;0;476058,539300000000000;5413736,555999999900000;8,673482598000021;48,876123500000062
148488;08170408216300648390;08;2;16;017;2017;04;16;7;2;8;1;1;0;0;0;0;0;0;449082,500000000000000;5401748,959499999900000;8,307087940000031;48,766663640000047
148489;08170408215302652850;08;2;15;007;2017;04;10;7;3;5;3;1;1;0;0;0;0;0;479065,143700000020000;5431404,350800000100000;8,713578106000057;49,035164269000063
148491;08170408118400600260;08;1;18;048;2017;04;11;7;3;6;4;0;1;1;0;0;0;0;513138,875699999980000;5417121,534599999900000;9,179299966000031;48,906896951000078
148492;08170408116010618640;08;1;16;071;2017;04;15;7;3;5;3;1;1;0;0;1;0;0;530233,131599999960000;5390357,427199999800000;9,410603652000077;48,665535954000063
148495;08170408111500638310;08;1;11;000;2017;04;15;7;3;6;4;0;1;1;0;0;0;0;514900,853799999980000;5402391,153599999800000;9,202808986000036;48,774345355000037
148497;08170407435200610070;08;4;35;059;2017;04;15;6;3;6;7;0;0;1;0;1;0;0;511909,275000000020000;5290366,963000000500000;9,158935712000073;47,766558785000029
148504;08170407415200642010;08;4;15;093;2017;04;22;6;3;6;7;0;1;1;0;0;2;0;527510,872600000000000;5364967,256000000100000;9,371954919000075;48,437248529000044
148505;08170407337100656080;08;3;37;090;2017;04;19;6;3;6;4;0;0;1;0;1;0;0;424549,790900000020000;5271966,256000000100000;7,996334669000021;47,596714124000073
148507;08170407336200632620;08;3;36;069;2017;04;17;6;3;5;3;1;1;0;0;0;0;0;404628,543899999990000;5266728,607800000300000;7,732532657000036;47,546973659000059
148509;08170407335311769200;08;3;35;028;2017;04;16;6;3;6;7;0;1;1;0;0;0;0;482980,226700000000000;5286460,835900000300000;8,773015261000069;47,731298656000035
148511;08170407335300596340;08;3;35;075;2017;04;08;6;3;4;6;1;0;0;0;0;0;0;487515,819800000000000;5290139,632199999900000;8,833398432000024;47,764502491000030
148513;08170407317600668330;08;3;17;145;2017;04;20;6;3;0;1;1;0;0;0;0;1;0;441938,516000000000000;5350978,779000000100000;8,216953660000058;48,309335357000066
148516;08170407316200628470;08;3;16;009;2017;04;08;6;2;6;4;0;1;1;0;1;0;0;418310,078299999990000;5324188,576799999900000;7,903493968000021;48,065740452000057
148518;08170407311010629770;08;3;11;000;2017;04;12;6;3;5;3;1;1;0;0;1;0;0;411665,012300000000000;5321359,677100000000000;7,814901835000057;48,039408291000029
148520;08170407311010629730;08;3;11;000;2017;04;17;6;2;5;3;1;0;0;0;1;0;0;410847,511899999980000;5316487,638399999600000;7,804950085000030;47,995469693000075
148523;08170407299200682960;08;2;12;000;2017;04;14;6;2;6;4;0;1;1;0;0;0;0;453611,949599999990000;5430655,944199999800000;8,365440077000073;49,027042665000067
148527;08170407226700604740;08;2;26;095;2017;04;11;6;3;5;3;1;1;0;0;0;0;0;474561,961000000010000;5461749,050099999600000;8,650049854000031;49,307950972000071
148529;08170407216100642230;08;2;16;043;2017;04;17;6;3;1;5;1;1;0;0;0;0;0;441650,753600000000000;5409729,339499999800000;8,204828310000039;48,837795258000028
148530;08170407216100642220;08;2;16;043;2017;04;15;6;3;6;6;1;0;1;0;0;0;0;441679,226199999980000;5411914,698800000400000;8,204905117000067;48,857455215000073
148532;08170407212702654610;08;2;15;017;2017;04;17;6;3;4;2;1;1;0;0;0;0;0;456106,810699999970000;5421784,267300000400000;8,400524318000066;48,947423282000045
148535;08170407127202599110;08;1;27;014;2017;04;15;6;3;6;4;0;1;1;0;0;0;0;576550,675599999960000;5444110,236800000100000;10,049655704000031;49,145044039000027
148536;08170407126200583170;08;1;26;066;2017;04;07;6;3;6;4;0;1;1;0;0;0;0;537137,870600000020000;5450097,494500000000000;9,509818088000031;49,202547409000033
148539;08170407119010681360;08;1;19;008;2017;04;16;6;2;6;4;0;1;1;0;0;0;0;534570,525600000050000;5422474,632500000300000;9,472214196000039;48,954224805000081
148540;08170407116500619460;08;1;16;049;2017;04;17;6;3;6;4;0;1;1;0;0;0;0;524596,202900000030000;5384331,976499999900000;9,333690928000067;48,611578251000026
148542;08170407115400605330;08;1;15;045;2017;04;10;6;3;6;7;0;1;1;0;0;0;0;501355,587200000010000;5394789,909599999900000;9,018425353000055;48,706141346000038
148543;08170407115300643520;08;1;15;028;2017;04;08;6;3;5;3;1;1;0;0;0;0;0;500930,851599999990000;5404394,823200000500000;9,012673992000032;48,792548018000048
148544;08170407115100673960;08;1;15;003;2017;04;18;6;3;5;2;1;1;0;0;0;0;0;500567,811300000000000;5391836,636500000000000;9,007713720000027;48,679574626000033
148546;08170407111500654270;08;1;11;000;2017;04;17;6;3;0;4;0;0;1;1;0;0;0;517445,335499999990000;5408937,539699999600000;9,237718685000061;48,833169500000054
148547;08170407111500621400;08;1;11;000;2017;04;21;6;2;6;4;0;1;1;0;0;2;0;510586,439300000030000;5400413,958499999700000;9,144036741000036;48,756646966000062
148550;08170406436200684630;08;4;36;064;2017;04;10;5;3;5;3;1;1;0;0;0;0;0;543017,363299999970000;5291694,441800000100000;9,574207681000075;47,777176602000054
148553;08170406421300672580;08;4;21;000;2017;04;17;5;3;6;7;0;1;1;0;0;0;0;573560,970399999990000;5361431,964700000400000;9,993878329000040;48,401751702000070
148554;08170406416010650350;08;4;16;025;2017;04;07;5;3;0;7;1;0;0;0;0;0;0;504032,259199999970000;5361317,375000000000000;9,054482788000030;48,405000495000081
148555;08170406415400640850;08;4;15;061;2017;04;14;5;3;5;3;1;1;0;0;0;0;0;514806,602799999990000;5369567,425699999600000;9,200353878000044;48,479060533000052
148556;08170406336300660300;08;3;36;081;2017;04;15;5;3;1;1;1;1;0;0;0;0;0;413218,822999999970000;5277628,451000000400000;7,844513648000032;47,646233283000072
148557;08170406336200591380;08;3;36;069;2017;04;17;5;3;6;4;0;1;1;0;0;0;0;406065,568099999970000;5269318,653900000300000;7,751072049000072;47,570482487000049
148558;08170406335300596330;08;3;35;075;2017;04;16;5;2;5;2;1;1;0;0;0;0;0;488849,985700000020000;5287874,680300000100000;8,851260915000069;47,744147950000070
148559;08170406335010685540;08;3;35;075;2017;04;10;5;2;0;1;1;0;0;0;0;0;0;488031,323600000000000;5289732,016699999600000;8,840289036000058;47,760844740000039
148560;08170406335010685530;08;3;35;075;2017;04;17;5;2;5;3;1;1;0;0;0;0;0;489030,282000000010000;5289247,525000000400000;8,853631395000036;47,756503282000040
148561;08170406317500638840;08;3;17;096;2017;04;07;5;3;6;6;1;0;1;0;0;0;0;421575,328099999980000;5369319,939399999600000;7,938943178000045;48,472117366000077
148562;08170406317500585960;08;3;17;096;2017;04;15;5;2;0;7;1;0;0;0;0;0;0;422849,933900000000000;5369336,383399999700000;7,956182085000023;48,472422955000070
148564;08170406317300675720;08;3;17;065;2017;04;12;5;3;5;2;1;1;0;0;0;0;0;415108,169200000000000;5354080,261800000400000;7,854544858000054;48,334200477000081
148565;08170406317300658810;08;3;17;065;2017;04;07;5;2;0;7;1;0;0;0;0;0;0;414289,633900000020000;5355040,179300000000000;7,843307262000053;48,342724259000079
148568;08170406316100659280;08;3;16;043;2017;04;12;5;3;6;4;0;1;1;0;0;0;0;411516,786499999990000;5331070,585099999800000;7,810901902000069;48,126738544000034
148572;08170406235010671090;08;2;31;000;2017;04;08;5;2;5;7;1;1;0;0;0;0;0;477804,725900000020000;5414258,923899999800000;8,697268648000033;48,880887529000063
148573;08170406235010671060;08;2;36;030;2017;04;16;5;3;6;7;0;1;1;0;0;0;0;475881,592799999980000;5417972,204099999700000;8,670819339000047;48,914218975000040
148575;08170406235010671030;08;2;36;040;2017;04;14;5;2;6;4;0;1;1;0;0;0;0;489547,498100000030000;5421973,238199999600000;8,857235189000051;48,950592590000042
148578;08170406222600583220;08;2;22;000;2017;04;13;5;3;0;3;1;1;0;0;0;0;0;461800,511200000010000;5483193,887600000000000;8,472434968000073;49,500173862000054
148580;08170406212202601960;08;2;12;000;2017;04;13;5;3;6;4;1;0;1;0;0;0;0;457948,613000000010000;5428744,949199999700000;8,424957727000049;49,010163965000061
148582;08170406135010663900;08;1;35;019;2017;04;06;5;2;0;1;1;0;0;0;0;1;0;584931,646399999970000;5392508,200500000300000;10,153812901000038;48,679838142000051
148583;08170406127010641050;08;1;27;075;2017;04;17;5;3;0;7;1;0;0;0;0;0;0;571157,889300000040000;5465729,671299999600000;9,979560883000033;49,340136097000027
148587;08170406118600635000;08;1;18;076;2017;04;07;5;3;6;6;1;0;1;0;0;0;0;504984,076000000000000;5422706,956399999600000;9,068083742000056;48,957261143000039
148592;08170406116010618600;08;1;16;019;2017;04;07;5;2;3;6;1;1;0;0;0;0;0;521229,294200000000000;5398098,881799999600000;9,288720293000040;48,735548818000041
148595;08170406111500611390;08;1;11;000;2017;04;09;5;2;5;7;1;1;0;0;0;0;0;514204,679500000030000;5403918,251000000200000;9,193386490000023;48,788099267000064
148596;08170406111500611380;08;1;11;000;2017;04;08;5;3;5;3;1;0;0;0;1;0;0;507620,143700000020000;5398805,555100000500000;9,103648301000021;48,742221152000070
148597;08170406111320618170;08;1;11;000;2017;04;17;5;3;5;3;1;1;0;0;0;0;0;517032,790500000000000;5408175,711100000000000;9,232065543000033;48,826327689000038
148598;08170405426100635770;08;4;26;021;2017;04;08;4;3;5;3;1;1;0;0;0;0;0;558565,193500000050000;5327385,127799999900000;9,786582419000069;48,097040063000065
148599;08170405421300641140;08;4;21;000;2017;04;12;4;3;5;3;1;1;0;0;0;0;0;571405,929699999980000;5361078,802899999500000;9,964705973000037;48,398822717000030
148601;08170405416200591900;08;4;16;041;2017;04;08;4;3;0;7;1;0;0;0;0;0;0;505937,923599999980000;5373139,877999999600000;9,080399359000069;48,511346073000027
148603;08170405415100658190;08;4;15;050;2017;04;12;4;3;1;5;1;1;0;0;0;0;0;521047,177800000000000;5377442,357200000400000;9,285193924000055;48,549727557000040
148604;08170405336200613260;08;3;36;069;2017;04;16;4;3;6;7;0;1;1;0;0;0;0;408679,794500000020000;5268121,414200000500000;7,786070864000067;47,560085464000053
148608;08170405335110586840;08;3;35;066;2017;04;07;4;3;8;1;1;0;0;0;0;0;0;509233,914300000000000;5281904,208599999500000;9,123052191000056;47,690458244000069
148609;08170405335010685520;08;3;35;043;2017;04;11;4;3;5;2;1;1;0;0;0;0;0;513606,140399999970000;5279747,414900000200000;9,181249492000063;47,670974906000026
148610;08170405335010635090;08;3;35;028;2017;04;19;4;2;0;1;1;0;0;0;0;2;0;481876,938000000020000;5285657,852000000000000;8,758334771000023;47,724043734000077
148611;08170405327100602530;08;3;27;050;2017;04;16;4;3;5;3;1;1;0;0;0;0;0;489837,245600000020000;5310869,316999999800000;8,863890514000048;47,951056251000068
148612;08170405326400660500;08;3;26;074;2017;04;13;4;3;5;3;1;0;0;0;0;0;0;458010,929300000020000;5323496,319799999700000;8,436418483000068;48,063362104000078
148613;08170405326200643760;08;3;26;074;2017;04;10;4;3;6;4;0;1;1;0;0;0;0;465393,190000000000000;5323098,503999999700000;8,535532389000025;48,060226306000061
148614;08170405325010684110;08;4;17;079;2017;04;07;4;2;6;4;0;1;1;0;0;0;0;501093,946500000020000;5344758,383399999700000;9,014738119000072;48,256036710000046
148615;08170405317300592400;08;3;17;065;2017;04;12;4;3;5;3;1;1;0;0;0;0;0;416277,473000000000000;5354685,700799999800000;7,870198862000052;48,339802363000047
148618;08170405316100649540;08;3;16;012;2017;04;10;4;3;5;3;1;1;0;0;0;0;0;403349,087000000000000;5333532,171000000100000;7,700608117000058;48,147691760000043
148621;08170405311010625040;08;3;11;000;2017;04;20;4;3;0;1;1;0;0;0;0;2;0;402721,156299999970000;5313703,509499999700000;7,696678478000024;47,969242041000030
148622;08170405311010625030;08;3;11;000;2017;04;10;4;3;6;7;1;0;1;0;0;0;0;412232,662000000010000;5318246,982400000100000;7,823153357000024;48,011487132000070
148624;08170405226700616580;08;2;26;095;2017;04;18;4;3;1;3;1;1;0;0;0;0;0;474223,248900000010000;5460270,691599999600000;8,645485701000041;49,294638974000065
148625;08170405226600674120;08;2;26;096;2017;04;07;4;3;1;6;1;1;0;0;0;0;0;474519,137099999990000;5487935,798999999600000;8,647778615000050;49,543493251000029
148626;08170405222014672690;08;2;22;000;2017;04;16;4;3;5;2;1;1;0;0;0;0;0;461520,192800000020000;5482261,554999999700000;8,468654518000051;49,491770322000036
148627;08170405221400644820;08;2;21;000;2017;04;09;4;3;3;6;1;0;0;0;1;0;0;473864,610800000020000;5472158,366100000200000;8,639773509000065;49,401552108000033
148631;08170405211010638050;08;2;16;007;2017;04;12;4;2;4;2;1;0;0;0;1;0;0;435119,178200000020000;5398319,402099999600000;8,117629107000028;48,734515972000054
148634;08170405126200636350;08;1;26;066;2017;04;17;4;3;5;3;1;1;0;0;0;0;0;536076,072599999960000;5449047,691800000100000;9,495148334000021;49,193167882000068
148635;08170405121500597700;08;1;25;065;2017;04;13;4;3;4;6;1;0;0;0;0;0;0;516247,527100000010000;5449035,424599999600000;9,223002205000057;49,193903631000069
148638;08170405118400633600;08;1;18;048;2017;04;08;4;3;5;2;1;1;0;0;0;0;0;513745,681199999990000;5415705,690100000200000;9,187533050000070;48,894147233000069
148639;08170405118010607210;08;1;15;045;2017;04;13;4;2;6;4;0;1;1;0;0;0;0;497311,583700000020000;5395912,283200000400000;8,963451317000022;48,716233974000033
148642;08170405116010582430;08;1;16;016;2017;04;12;4;2;1;5;1;0;0;0;1;0;0;533451,810999999990000;5386155,102800000500000;9,453976525000030;48,627568211000039
148644;08170405111500611370;08;1;11;000;2017;04;14;4;3;5;3;1;1;0;0;0;0;0;509467,404700000010000;5402821,995600000000000;9,128866865000020;48,778327590000060
148647;08170405111210663070;08;1;11;000;2017;04;15;4;3;5;3;1;1;0;0;0;0;0;507614,123800000000000;5398632,325400000400000;9,103563218000033;48,740662850000035
148649;08170404435100632470;08;4;35;016;2017;04;20;3;3;5;3;1;1;0;0;0;2;0;534012,484999999990000;5278344,298000000400000;9,452970183000048;47,657599055000048
148653;08170404416010650300;08;4;15;061;2017;04;09;3;3;6;2;0;1;1;0;0;0;0;515710,392700000030000;5370798,817599999700000;9,212629625000034;48,490116645000057
148654;08170404416010650280;08;4;15;060;2017;04;07;3;3;6;2;0;1;1;0;0;0;0;514995,540700000010000;5378442,777800000300000;9,203229588000056;48,558901515000059
148655;08170404336300639720;08;3;36;081;2017;04;12;3;3;6;7;0;1;1;0;0;0;0;411254,740999999980000;5277976,820000000300000;7,818296990000022;47,649100812000029
148656;08170404336101587460;08;3;36;050;2017;04;13;3;3;5;3;1;0;0;0;1;0;0;399151,701799999980000;5272795,891099999700000;7,658372979000035;47,600723891000030
148657;08170404335300661830;08;3;35;075;2017;04;15;3;3;1;5;1;0;0;0;1;0;0;488259,407499999970000;5290829,131299999500000;8,843302949000076;47,770720248000032
148661;08170404311400662270;08;3;15;074;2017;04;22;3;2;5;2;1;1;0;0;0;2;0;397050,910500000000000;5296383,287800000000000;7,624863127000026;47,812563832000080
148662;08170404311010659630;08;3;11;000;2017;04;10;3;3;5;2;1;1;0;0;0;0;0;414805,425999999980000;5316553,661799999900000;7,857979908000061;47,996603241000059
148665;08170404299200682880;08;2;15;106;2017;04;05;3;3;5;3;1;1;0;0;0;2;0;466408,391100000010000;5454326,412899999900000;8,538508159000060;49,240791050000041
148666;08170404299200682850;08;2;12;000;2017;04;12;3;3;5;2;1;1;0;0;0;0;0;454300,424200000010000;5429318,570200000000000;8,375008048000041;49,015064325000026
148668;08170404299200682080;08;2;12;000;2017;04;13;3;2;6;7;0;1;1;0;0;0;0;457124,004499999980000;5425141,149700000000000;8,414062334000050;48,977690485000039
148670;08170404226400621930;08;2;26;062;2017;04;19;3;3;0;1;1;1;0;0;0;0;0;470208,579299999980000;5469160,709400000100000;8,589608022000050;49,374420883000028
148672;08170404222800673680;08;2;22;000;2017;04;12;3;3;5;3;1;1;0;0;0;0;0;461937,691600000020000;5487906,673299999900000;8,473874843000033;49,542571265000049
148673;08170404222800609270;08;2;22;000;2017;04;13;3;3;3;6;1;1;0;0;0;0;0;460454,924100000000000;5488060,211799999700000;8,453364500000021;49,543857246000073
148675;08170404222014672670;08;2;22;000;2017;04;21;3;2;6;7;0;1;1;0;0;2;0;460915,033400000010000;5482644,537999999700000;8,460260731000062;49,495176359000027
148676;08170404216300667200;08;2;16;015;2017;04;14;3;3;8;7;1;0;0;0;0;0;0;450001,392700000030000;5406126,696399999800000;8,319059181000057;48,806117266000058
148680;08170404212402590630;08;2;12;000;2017;04;13;3;3;0;1;1;0;0;0;0;0;0;455646,522300000010000;5426456,905500000300000;8,393728867000050;48,989421580000055
148683;08170404135010663860;08;1;17;025;2017;04;11;3;2;5;3;1;1;0;0;0;0;0;557592,340899999950000;5389977,797600000200000;9,782095472000037;48,660197499000049
148685;08170404127202621710;08;1;27;014;2017;04;06;3;3;0;7;1;0;0;0;0;1;0;577542,572300000000000;5443105,065399999700000;10,063060662000055;49,135879252000052
148688;08170404119500613790;08;1;19;068;2017;04;13;3;3;0;1;1;0;0;0;0;0;0;525254,122199999980000;5413768,373599999600000;9,344421321000027;48,876357639000048
148690;08170404118400605900;08;1;18;048;2017;04;16;3;3;5;3;1;1;0;0;0;0;0;514518,081499999970000;5415615,184999999600000;9,198067667000032;48,893315456000039
148691;08170404118100676350;08;1;18;079;2017;04;07;3;3;5;3;1;1;0;0;0;0;0;511209,630999999990000;5421465,043600000400000;9,153091986000050;48,946007779000070
148693;08170404116200657070;08;1;16;078;2017;04;17;3;2;6;4;1;0;1;0;0;0;0;508754,699000000020000;5393254,322200000300000;9,118962547000024;48,692267122000032
148695;08170404116100622140;08;1;16;019;2017;04;12;3;3;1;7;1;1;0;0;0;0;0;523012,593400000010000;5396220,628300000000000;9,312868123000044;48,718588900000043
148696;08170404116010582420;08;1;16;078;2017;04;07;3;3;5;3;1;1;0;0;0;0;0;512495,910099999980000;5390852,200000000200000;9,169726884000056;48,670593738000036
148697;08170404115300613890;08;1;15;041;2017;04;13;3;2;0;1;1;0;0;0;0;0;0;495684,779800000020000;5402038,512799999700000;8,941270954000061;48,771336481000048
148698;08170404115100664990;08;1;15;003;2017;04;17;3;3;6;4;0;1;1;0;0;0;0;500083,825699999990000;5392089,164900000200000;9,001138824000066;48,681846654000026
148700;08170404111500674780;08;1;11;000;2017;04;17;3;3;5;3;1;1;0;0;0;0;0;508682,935000000000000;5406363,990000000200000;9,118263843000023;48,810202533000052
148701;08170404111500674770;08;1;11;000;2017;04;16;3;3;5;3;1;1;0;0;0;0;0;513862,573600000000000;5407053,611100000300000;9,188834846000077;48,816312304000064
148703;08170404111310667040;08;1;11;000;2017;04;08;3;3;0;1;1;0;0;0;0;0;0;516223,170199999990000;5404926,087700000000000;9,220906387000071;48,797116259000063
148704;08170404111130586900;08;1;11;000;2017;04;18;3;3;0;1;1;0;0;0;0;0;0;510992,373599999990000;5401722,771300000100000;9,149594736000040;48,768413956000074
148705;08170404111120678170;08;1;11;000;2017;04;17;3;3;5;3;1;1;0;0;0;0;0;513242,297900000010000;5403409,993800000300000;9,180268050000052;48,783548270000040
148706;08170403436200680190;08;4;36;064;2017;04;18;2;3;6;3;0;1;1;0;0;0;0;546176,098000000000000;5293436,279000000100000;9,616554210000061;47,792629254000076
148707;08170403421311592590;08;4;25;028;2017;04;12;2;3;6;7;0;1;1;0;0;0;0;579506,669699999970000;5340433,837899999700000;10,070239404000063;48,212148993000028
148709;08170403416010650260;08;4;16;011;2017;04;16;2;2;6;7;0;1;1;0;0;0;0;504081,360099999990000;5366397,315899999800000;9,055195694000076;48,450701920000029
148710;08170403335010685310;08;4;36;064;2017;04;11;2;2;5;3;1;1;0;0;0;0;0;545485,991099999980000;5291704,877899999700000;9,607158842000047;47,777100925000070
148712;08170403317500681510;08;3;17;096;2017;04;16;2;3;0;7;1;0;0;0;0;0;0;422225,462999999990000;5369098,428999999500000;7,947778913000036;48,470205644000032
148713;08170403317200663530;08;3;17;057;2017;04;19;2;3;5;2;1;1;0;0;0;0;0;414118,913999999990000;5378484,660899999600000;7,836194795000040;48,553575555000066
148716;08170403311010630640;08;3;11;000;2017;04;07;2;3;1;7;1;1;0;0;0;0;0;414742,163999999990000;5319060,354100000100000;7,856633731000045;48,019143462000045
148721;08170417311010589220;08;3;11;000;2017;04;08;2;3;0;7;1;1;0;0;0;0;0;414715,983000000010000;5318881,705000000100000;7,856318245000068;48,017532954000046
148722;08170417299200682510;08;2;12;000;2017;04;11;2;3;6;7;0;1;1;0;0;0;0;456845,909600000010000;5426950,932900000400000;8,410069996000061;48,993950413000050
148726;08170417116010618740;08;1;16;080;2017;04;12;2;3;6;4;0;1;1;0;0;0;0;522234,139199999980000;5395364,823499999900000;9,302238672000044;48,710918383000035
148727;08170417111500654350;08;1;11;000;2017;04;17;2;3;6;4;0;1;1;0;0;0;0;516830,829600000000000;5405554,155700000000000;9,229206390000059;48,802750115000038
148730;08170417221300656610;08;2;21;000;2017;04;20;2;3;5;3;1;1;0;0;0;1;1;477454,853400000020000;5473568,847500000100000;8,689177244000064;49,414382746000058
148733;08170416435200637050;08;4;35;036;2017;04;14;1;2;0;1;1;0;0;0;0;0;1;520192,737700000000000;5282299,321800000000000;9,269107793000046;47,693763768000053
148735;08170417119300606870;08;1;19;061;2017;04;19;2;3;5;3;1;1;0;0;0;0;0;538668,562299999990000;5414454,901200000200000;9,527428659000066;48,881841691000034
148738;08170416316100585440;08;3;16;011;2017;04;07;1;2;0;1;1;0;0;0;0;0;1;414372,133299999990000;5331054,362999999900000;7,849269109000034;48,126983191000079
148739;08170416311010589200;08;3;15;073;2017;04;12;1;2;0;1;1;0;0;0;0;0;0;411709,357000000020000;5313347,174200000200000;7,817145783000058;47,967339883000079
148740;08170416299200682500;08;2;12;000;2017;04;00;1;3;0;6;1;0;0;0;1;2;0;456619,669999999980000;5428665,788900000000000;8,406794225000056;49,009359914000072
148742;08170416215102609670;08;2;15;102;2017;04;16;1;3;5;3;1;1;0;0;0;0;0;455896,246999999970000;5436602,902999999900000;8,396038293000061;49,080703344000028
148743;08170416199200593840;08;1;15;003;2017;04;06;1;2;7;7;1;0;1;0;0;2;1;500897,327500000010000;5392680,673299999900000;9,012192033000076;48,687167290000048
148748;08170416111500611510;08;1;11;000;2017;04;23;1;3;6;6;0;1;1;0;0;2;0;516038,663400000020000;5405455,465699999600000;9,218414704000054;48,801883259000078