OBJECTID;UIDENTSTLA;ULAND;UREGBEZ;UKREIS;UGEMEINDE;UJAHR;UMONAT;USTUNDE;UWOCHENTAG;UKATEGORIE;UART;UTYP1;IstRad;IstPKW;IstFuss;IstKrad;IstSonstig;LICHT;STRZUSTAND;LINREFX;LINREFY;XGCSWGS84;YGCSWGS84
148753;08170415335100619910;08;3;35;043;2017;04;10;7;3;1;5;1;1;0;0;0;0;0;512501,181400000000000;5278490,042000000400000;9,166494250000028;47,659683779000034
148756;08170415299200682470;08;2;12;000;2017;04;15;7;3;5;3;1;1;0;0;0;0;0;452296,915800000020000;5427481,747000000400000;8,347825504000070;48,998390403000030
148757;08170415235010671470;08;2;31;000;2017;04;17;7;2;0;7;1;0;0;0;0;0;0;476208,348899999980000;5412422,995600000000000;8,675602088000062;48,864312904000030
148758;08170415226500630540;08;2;26;085;2017;04;18;7;3;6;7;0;0;1;0;1;0;0;491003,551600000010000;5455289,203700000400000;8,876380456000049;49,250307202000045
148759;08170415222800673710;08;2;22;000;2017;04;19;7;3;6;4;0;1;1;0;0;0;0;461762,296099999980000;5488801,296000000100000;8,471363688000054;49,550606792000053
148762;08170415222014672730;08;2;22;000;2017;04;17;7;3;6;4;0;1;1;0;0;0;0;463603,733000000010000;5478827,693799999500000;8,497739677000027;49,461012936000031
148766;08170415119500613830;08;1;19;042;2017;04;10;7;3;5;7;1;1;0;0;0;0;0;530228,633400000050000;5416786,157999999800000;9,412486366000053;48,903281694000043
148769;08170415115200646470;08;1;15;021;2017;04;18;7;3;0;7;1;0;0;0;0;0;0;489893,995400000010000;5382689,474999999600000;8,862933183000052;48,597203770000078
148771;08170414426010604410;08;4;25;033;2017;04;14;6;2;6;2;0;1;1;0;0;0;0;553418,280499999990000;5348158,620699999900000;9,720074265000051;48,284374457000069
148772;08170414421200669810;08;4;25;072;2017;04;17;6;3;0;1;1;0;0;0;0;0;0;579709,024100000040000;5369653,571700000200000;10,078494059000036;48,474956844000076
148773;08170414335010635130;08;3;35;022;2017;04;18;6;2;8;1;1;0;0;0;0;0;1;482185,087400000020000;5302009,043600000400000;8,761772244000042;47,871170988000074
148777;08170414136010598880;08;1;36;009;2017;04;16;6;2;8;1;1;0;0;0;0;0;0;568342,141300000020000;5406731,464599999600000;9,930835860000059;48,809810638000044
148780;08170414118300608750;08;1;18;046;2017;04;14;6;3;5;3;1;1;0;0;0;0;0;515151,063900000010000;5412518,190499999600000;9,206588513000042;48,865440521000039
148781;08170414118200654090;08;1;18;080;2017;04;15;6;3;2;6;1;1;0;0;0;0;0;507095,558599999990000;5411226,294599999700000;9,096727562000069;48,853963331000045
148783;08170414115200658100;08;1;15;021;2017;04;10;6;3;5;3;1;1;0;0;0;0;0;487828,765599999980000;5380733,833800000100000;8,834980064000035;48,579573637000067
148787;08170413426300597610;08;4;26;097;2017;04;16;5;3;8;6;1;1;0;0;0;0;0;535262,892100000060000;5333479,263299999800000;9,474130974000047;48,153583069000035
148789;08170413421300651370;08;4;21;000;2017;04;17;5;3;0;7;1;0;0;0;0;0;0;569778,319600000050000;5363228,169900000100000;9,943077275000064;48,418339226000057
148793;08170413416010650500;08;4;16;041;2017;04;13;5;3;5;3;1;1;0;0;0;0;0;506362,430700000030000;5374841,534300000400000;9,086173131000066;48,526650630000063
148795;08170413415100644730;08;4;15;050;2017;04;16;5;3;5;3;1;1;0;0;0;0;0;521047,159700000020000;5377444,684399999700000;9,285193796000044;48,549748493000038
148797;08170413325010684270;08;3;26;005;2017;04;15;5;2;0;1;1;0;0;0;0;0;0;467800,322099999990000;5301148,281399999700000;8,569482216000040;47,862866369000074
148799;08170413311010666020;08;3;36;091;2017;04;12;5;3;5;3;1;1;0;0;0;0;0;394745,972300000020000;5273311,668300000000000;7,599655559000041;47,604662994000080
148800;08170413299200683050;08;2;15;100;2017;04;13;5;3;9;1;0;1;1;0;0;0;0;475271,315100000010000;5451510,418800000100000;8,660440716000039;49,215883130000066
148804;08170413226500675190;08;2;26;085;2017;04;08;5;3;1;2;1;1;0;0;0;0;0;490551,217899999990000;5455660,168100000400000;8,870156236000071;49,253637282000057
148807;08170413222500608030;08;2;22;000;2017;04;21;5;3;5;3;1;1;0;0;0;2;0;463678,549300000010000;5478020,578800000300000;8,498846116000038;49,453757774000053
148808;08170413216300648410;08;2;16;033;2017;04;14;5;2;1;5;1;0;0;0;1;0;0;446682,772000000000000;5413767,041400000500000;8,272871740000028;48,874567422000041
148809;08170413215502585090;08;2;15;029;2017;04;09;5;3;4;2;1;1;0;0;0;0;0;466395,395000000020000;5448174,342000000200000;8,538844675000064;49,185452516000055
148810;08170413136300658460;08;1;36;065;2017;04;14;5;3;6;4;0;1;1;0;0;0;0;558641,044600000020000;5405189,924599999600000;9,798499019000076;48,796935602000076
148811;08170413136100611690;08;1;36;088;2017;04;19;5;3;0;1;1;0;0;0;0;1;0;579821,876599999960000;5410017,288900000000000;10,087804707000032;48,837995743000079
148812;08170413135010663990;08;1;35;019;2017;04;21;5;3;8;1;1;0;0;0;0;2;0;585415,962100000000000;5390436,085199999600000;10,159963099000038;48,661134864000076
148814;08170413115100600060;08;1;15;003;2017;04;18;5;3;5;3;1;1;0;0;0;0;0;500304,804000000000000;5390350,753999999700000;9,004139669000040;48,666207619000033
148815;08170413115100600050;08;1;15;044;2017;04;19;5;3;5;3;1;1;0;0;0;0;0;504502,858699999980000;5389649,641400000100000;9,061147538000057;48,659884153000064
148816;08170413111500638330;08;1;11;000;2017;04;14;5;3;5;3;1;1;0;0;0;0;0;508034,047900000010000;5397605,819799999700000;9,109254777000047;48,731423116000030
148819;08170412435100646930;08;4;35;016;2017;04;15;4;3;6;4;1;0;1;0;0;0;0;536584,879599999990000;5278016,231499999800000;9,487200030000054;47,654506945000037
148821;08170412426100664590;08;4;26;021;2017;04;20;4;3;4;2;1;1;0;0;0;2;0;558648,613800000050000;5327477,335599999900000;9,787715390000074;48,097861907000038
148823;08170412421200648650;08;4;25;031;2017;04;18;4;3;8;1;1;0;0;0;0;0;0;566308,399600000000000;5370039,819100000000000;9,897265163000043;48,479987362000031
148824;08170412415400663470;08;4;15;061;2017;04;15;4;3;8;1;1;0;0;0;0;0;0;511309,003000000030000;5372190,942099999600000;9,153097737000053;48,502735344000030
148825;08170412335100587320;08;3;35;043;2017;04;15;4;3;0;7;1;0;0;0;0;0;0;512209,405600000000000;5280476,624900000200000;9,162663844000065;47,677563975000055
148826;08170412335010685390;08;4;36;082;2017;04;08;4;3;4;2;1;1;0;0;0;0;0;548117,473000000000000;5294904,599999999600000;9,642637153000067;47,805697492000036
148827;08170412326200615220;08;3;26;074;2017;04;17;4;3;5;3;1;1;0;0;0;0;0;465173,277999999990000;5323905,265999999800000;8,532515272000069;48,067472604000045
148828;08170412326200615210;08;3;26;074;2017;04;16;4;3;6;4;0;0;1;1;0;0;0;465598,092300000020000;5323103,290000000000000;8,538281962000042;48,060280448000071
148829;08170412325010805680;08;3;26;074;2017;04;07;4;2;4;6;1;1;0;0;0;1;0;460454,429899999990000;5320191,703900000100000;8,469519302000037;48,033787565000068
148830;08170412325010684260;08;3;25;049;2017;04;19;4;2;0;1;1;0;0;0;0;0;0;473210,829099999970000;5333405,752200000000000;8,639805271000057;48,153335202000051
148831;08170412317600668350;08;3;17;011;2017;04;23;4;3;0;1;1;0;0;0;0;2;0;428351,564900000000000;5354375,301000000000000;8,033160430000066;48,338495035000051
148833;08170412317500586000;08;3;17;096;2017;04;07;4;3;5;3;1;1;0;0;0;0;0;423347,992499999990000;5369243,645999999700000;7,962936521000074;48,471649696000043
148834;08170412317210642350;08;3;17;153;2017;04;19;4;3;6;7;0;1;1;0;0;1;0;422520,325399999970000;5390742,532999999800000;7,947735700000067;48,664926033000029
148837;08170412311010629880;08;3;11;000;2017;04;17;4;3;5;3;1;1;0;0;0;0;0;410225,719300000000000;5316620,003899999900000;7,796589435000044;47,996573345000058
148838;08170412311010629860;08;3;11;000;2017;04;14;4;3;5;2;1;1;0;0;0;0;0;409652,708999999970000;5316476,740000000200000;7,788940252000032;47,995203943000035
148840;08170412299200683040;08;2;12;000;2017;04;15;4;3;0;7;1;0;0;0;0;0;0;460335,706100000010000;5428247,298200000100000;8,457647676000022;49,005845551000050
148841;08170412299200683030;08;2;12;000;2017;04;16;4;3;5;3;1;1;0;0;0;0;0;455199,307800000010000;5430970,905500000300000;8,387118038000040;49,029993117000060
148843;08170412235010640120;08;2;31;000;2017;04;18;4;3;6;4;0;1;1;0;0;0;0;477046,923400000030000;5415420,499300000300000;8,686867563000021;48,891309070000034
148845;08170412226400612730;08;2;26;084;2017;04;17;4;3;5;2;1;1;0;0;0;0;0;469203,323199999980000;5469828,119400000200000;8,575708824000060;49,380374103000065
148848;08170412215302652920;08;2;15;059;2017;04;13;4;3;1;5;1;1;0;0;0;0;0;485580,238900000000000;5434973,897099999700000;8,802587125000059;49,067460867000079
148849;08170412215202610510;08;2;15;084;2017;04;16;4;3;5;3;1;1;0;0;0;0;0;474397,322500000010000;5447879,667500000400000;8,648671227000023;49,183188132000055
148850;08170412136300603270;08;1;36;042;2017;04;22;4;3;7;1;1;0;0;0;0;2;0;553091,757199999990000;5403815,840800000400000;9,722764946000041;48,785074075000068
148851;08170412136100589400;08;1;36;088;2017;04;05;4;2;0;1;1;0;0;0;0;2;0;581402,978099999950000;5412869,488199999600000;10,109914561000039;48,863443583000048
148856;08170412119200649970;08;1;19;020;2017;04;14;4;3;0;1;1;0;0;0;0;0;0;520188,553300000030000;5406282,369199999600000;9,274968008000030;48,809200999000041
148858;08170412118010607250;08;1;18;081;2017;04;17;4;3;0;7;1;0;1;0;0;0;0;520641,313700000000000;5412713,765200000300000;9,281458479000037;48,867041432000065
148859;08170412117100584390;08;1;17;049;2017;04;11;4;2;1;7;1;1;0;0;0;0;0;555179,867800000010000;5392301,822399999900000;9,749647499000048;48,681320705000076
148862;08170412111500012910;08;1;11;000;2017;04;17;4;2;6;4;0;1;1;0;0;0;0;518515,445000000010000;5401362,350999999800000;9,251958844000058;48,764993292000042
148865;08170411435100602960;08;4;35;035;2017;04;13;3;3;5;3;1;0;0;0;0;0;0;542582,777200000010000;5282364,816200000200000;9,567494196000041;47,693265325000027
148869;08170411336300581570;08;3;36;057;2017;04;13;3;3;6;7;0;1;1;0;0;0;0;407470,559000000010000;5277577,491000000400000;7,768004313000063;47,644978577000074
148871;08170411317600622000;08;3;17;041;2017;04;21;3;3;5;3;1;1;0;0;0;2;0;437682,504599999990000;5348020,932099999900000;8,159997760000067;48,282322216000068
148874;08170411316100585400;08;3;16;011;2017;04;07;3;3;5;3;1;1;0;0;0;0;0;415192,364000000000000;5330087,270999999700000;7,860482150000053;48,118393820000051
148877;08170411222700623780;08;2;22;000;2017;04;13;3;3;5;3;1;0;0;1;0;0;0;461751,609100000000000;5481182,703599999700000;8,471954247000042;49,482081255000026
148879;08170411222200625720;08;2;22;000;2017;04;16;3;3;3;2;1;1;0;0;0;0;0;461594,780099999970000;5482093,680599999600000;8,469700717000023;49,490265107000027
148881;08170411221400608890;08;2;21;000;2017;04;18;3;3;3;6;1;0;0;1;0;0;0;474550,216200000020000;5474662,607300000300000;8,649062534000052;49,424106314000028
148882;08170411221300656590;08;2;21;000;2017;04;09;3;3;6;2;0;1;1;0;0;0;0;476561,530399999990000;5473379,437500000000000;8,676872670000023;49,412645275000045
148884;08170411216200592860;08;2;16;007;2017;04;13;3;3;5;7;1;1;0;0;0;0;0;436185,339099999980000;5394100,868499999900000;8,132779510000034;48,696680246000028
148885;08170411216100672840;08;2;16;043;2017;04;18;3;3;0;3;1;0;0;1;0;0;0;442055,227000000010000;5411404,560700000300000;8,210102875000075;48,852901762000045
148887;08170411212402590700;08;2;12;000;2017;04;15;3;3;0;1;1;0;0;0;0;0;0;455953,043599999980000;5427891,509600000500000;8,397762941000053;49,002347964000080
148888;08170411212102616000;08;2;15;101;2017;04;14;3;2;5;3;1;1;0;0;0;0;0;464428,260599999980000;5428064,270700000200000;8,513621290000060;49,004448623000030
148890;08170411136300612490;08;1;36;065;2017;04;08;3;3;6;2;0;1;1;0;0;0;0;558359,827999999980000;5405169,074000000000000;9,794667193000066;48,796774511000081
148892;08170411126010647400;08;1;21;000;2017;04;15;3;3;5;3;1;1;0;0;0;0;0;513865,414600000020000;5439410,063299999600000;9,189975851000042;49,107378820000065
148893;08170411126010647380;08;1;25;102;2017;04;17;3;2;6;4;0;1;1;0;0;0;0;520649,173599999980000;5444034,455799999600000;9,283158760000049;49,148786279000035
148894;08170411121100620270;08;1;25;026;2017;04;18;3;3;4;6;1;1;0;0;0;0;0;492192,977699999990000;5445845,724100000200000;8,892907864000051;49,165376835000075
148895;08170411119100599700;08;1;19;008;2017;04;18;3;3;5;3;1;1;0;0;0;0;0;532440,987100000030000;5420203,417000000400000;9,442945969000050;48,933909639000035
148896;08170411118400633690;08;1;18;048;2017;04;14;3;3;6;4;0;1;1;0;0;0;0;514066,581200000020000;5416400,664599999800000;9,191935014000023;48,900391831000036
148897;08170411118200668660;08;1;18;080;2017;04;10;3;3;5;3;1;1;0;0;0;0;0;508284,259700000000000;5411086,485000000300000;9,112929228000041;48,852690895000080
148898;08170411118010607240;08;1;15;003;2017;04;11;3;2;9;1;1;0;0;0;0;0;0;498469,053599999980000;5393055,174399999900000;8,979197569000064;48,690535108000063
148900;08170411116400668070;08;1;16;033;2017;04;11;3;3;5;2;1;1;0;0;0;0;0;533346,990899999980000;5386768,581500000300000;9,452603407000026;48,633092611000052
148902;08170411111500621420;08;1;11;000;2017;04;12;3;3;6;2;0;1;1;0;0;0;0;515851,134700000000000;5405998,533599999700000;9,215881923000040;48,806773432000057
148903;08170410437211661690;08;4;37;078;2017;04;12;2;3;5;3;1;1;0;0;0;0;0;508505,347899999990000;5315727,717000000200000;9,114008114000058;47,994792467000082
148907;08170410426010649020;08;4;21;000;2017;04;11;2;2;3;2;1;0;0;0;1;0;0;573077,528900000030000;5361357,793100000400000;9,987334676000046;48,401140743000042
148908;08170410421200669790;08;4;21;000;2017;04;07;2;3;0;1;1;0;0;0;0;0;0;573759,948699999950000;5361510,059399999700000;9,996580015000063;48,402430927000069
148910;08170410416100603070;08;4;16;018;2017;04;18;2;3;3;6;0;1;1;0;0;0;0;491416,405000000030000;5361762,361999999700000;8,884011795000049;48,408958282000071
148911;08170410416010650440;08;4;16;041;2017;04;13;2;3;5;3;1;1;0;0;0;0;0;503536,605800000020000;5373324,090099999700000;9,047887145000061;48,513021432000073
148912;08170410415400620890;08;4;15;061;2017;04;18;2;3;5;3;1;1;0;0;0;1;1;516112,392700000030000;5371025,296400000300000;9,218079121000073;48,492143948000034
148914;08170410337010651680;08;3;37;002;2017;04;15;2;3;0;1;1;0;0;0;0;0;0;433033,538500000020000;5270382,697900000000000;8,109415268000021;47,583399117000056
148916;08170410335300625450;08;3;35;075;2017;04;13;2;3;5;2;1;1;0;0;0;0;0;488836,323299999990000;5287772,346300000300000;8,851081288000046;47,743226957000047
148917;08170410335100619890;08;3;35;043;2017;04;07;2;3;3;6;1;0;0;1;0;0;0;513203,782699999980000;5279637,377399999600000;9,175886323000043;47,669993167000030
148918;08170410335010646180;08;3;35;063;2017;04;15;2;2;0;1;1;0;0;0;0;0;0;498456,608000000010000;5293293,169400000000000;8,979392157000063;47,792995617000031
148919;08170410326400660530;08;3;26;074;2017;04;17;2;3;0;1;1;0;0;0;0;0;0;459634,410600000000000;5322324,672000000300000;8,458318568000038;48,052925959000049
148926;08170410311010665980;08;3;36;069;2017;04;17;2;3;6;4;0;1;1;0;0;0;0;407369,522000000000000;5267717,689700000000000;7,768742490000022;47,556267990000038
148927;08170410311010630830;08;3;11;000;2017;04;14;2;3;0;7;1;0;1;0;0;0;0;414217,547700000000000;5317856,894200000000000;7,849840527000026;48,008247690000076
148929;08170410311010599300;08;3;11;000;2017;04;15;2;3;5;3;1;0;0;1;0;0;0;414559,664099999990000;5318194,085400000200000;7,854359441000042;48,011326680000082
148930;08170410299200683000;08;2;12;000;2017;04;09;2;3;5;3;1;1;0;0;0;0;0;455417,303599999980000;5432381,840099999700000;8,389944897000021;49,042700343000035
148938;08170410222310678780;08;2;22;000;2017;04;06;2;2;5;3;1;0;0;0;1;1;0;464558,021899999990000;5486257,617300000000000;8,510241762000021;49,527897921000033
148939;08170410221012656810;08;2;21;000;2017;04;18;2;3;4;2;1;1;0;0;0;0;0;476561,570400000030000;5473379,440200000100000;8,676873222000040;49,412645301000055
148940;08170410215502585030;08;2;15;106;2017;04;12;2;3;0;3;1;1;0;0;0;0;0;464730,610800000020000;5455532,134899999900000;8,515353005000065;49,251542035000057
148943;08170410212502628720;08;2;12;000;2017;04;06;2;3;0;7;1;0;0;0;1;0;0;453560,786000000020000;5431366,707100000200000;8,364658832000032;49,033432138000080
148946;08170410136010598830;08;1;36;015;2017;04;15;2;2;4;6;1;1;0;0;0;0;0;559951,164100000050000;5412561,589399999900000;9,817414630000030;48,863118533000033
148948;08170410127202680990;08;1;27;073;2017;04;16;2;3;5;3;1;1;0;0;0;0;0;578940,026399999970000;5446491,336400000400000;10,082878988000061;49,166156638000075
148949;08170410126200636380;08;1;26;011;2017;04;12;2;3;6;3;0;1;1;0;0;0;0;529720,048700000040000;5445662,097799999600000;9,407663532000072;49,163055139000051
148952;08170410119400641690;08;1;19;079;2017;04;15;2;3;6;7;0;1;1;0;0;0;0;523170,912799999990000;5408590,388500000400000;9,315717498000026;48,829859347000081
148958;08170410116500614660;08;1;16;035;2017;04;20;2;3;0;7;1;1;0;0;0;1;0;526975,521599999980000;5391889,869300000400000;9,366462207000041;48,679470918000050
148959;08170410116200643140;08;1;16;015;2017;04;17;2;3;0;1;1;0;0;0;0;0;0;522577,837400000020000;5394984,849499999500000;9,306889860000069;48,707487809000042
148960;08170410116010582470;08;1;16;054;2017;04;19;2;2;5;3;1;1;0;0;0;0;0;532995,888500000000000;5380983,966799999600000;9,447378315000037;48,581073087000050
148962;08170410111500674860;08;1;11;000;2017;04;21;2;2;6;4;0;1;1;0;0;2;0;513832,168799999980000;5404031,196899999900000;9,188318855000034;48,789123714000027
148965;08170409417100672420;08;4;17;079;2017;04;14;1;3;0;1;1;0;0;0;0;0;0;502040,390599999980000;5341281,502200000000000;9,027472267000064;48,224753536000037
148971;08170409335100619870;08;3;35;043;2017;04;14;1;3;5;3;1;1;0;0;0;0;0;511073,090199999980000;5281264,776700000300000;9,147544954000068;47,684675959000060
148972;08170409335100604190;08;3;35;043;2017;04;11;1;2;0;7;1;0;0;0;0;0;0;509980,772000000000000;5288104,444000000100000;9,133146931000056;47,746234418000029
148973;08170409335010685550;08;3;35;097;2017;04;15;1;2;0;1;1;0;0;0;0;0;0;485047,791600000000000;5295612,308899999600000;8,800274185000035;47,813690175000033
148974;08170409311400660130;08;3;15;076;2017;04;15;1;3;0;1;1;0;0;0;0;0;0;392298,625600000030000;5295958,204199999600000;7,561510572000032;47,807962502000066
148976;08170409311100676920;08;3;15;015;2017;04;18;1;2;6;4;0;1;1;0;0;0;0;394298,038999999990000;5320407,644000000300000;7,582210135000025;48,028206180000041
148978;08170409299200682280;08;2;12;000;2017;04;09;1;2;5;7;1;1;0;0;0;0;0;454284,308100000020000;5428856,223299999700000;8,374839734000034;49,010904293000067
148980;08170409235100677790;08;2;35;085;2017;04;14;1;2;7;7;1;0;0;0;0;0;0;480453,601399999990000;5399821,928500000400000;8,734085209000057;48,751104283000075
148981;08170409222800673700;08;2;22;000;2017;04;11;1;3;5;3;1;1;0;0;0;0;0;462926,667599999990000;5486140,201200000000000;8,487710706000030;49,526744219000079
148985;08170409221400644850;08;2;21;000;2017;04;12;1;3;5;3;1;1;0;0;0;0;0;473230,652100000010000;5466949,432199999700000;8,631386373000055;49,354671040000028
148986;08170409136300658430;08;1;36;065;2017;04;21;1;3;6;1;1;0;1;0;0;2;0;558534,768200000050000;5405652,521400000000000;9,797117963000062;48,801106703000073
148987;08170426416216604320;08;4;16;041;2017;04;19;4;3;0;7;1;0;1;0;0;0;1;504855,646300000020000;5373315,370199999800000;9,065747401000067;48,512934169000062
148988;08170426415300666790;08;4;15;059;2017;04;13;4;3;6;7;0;0;1;0;1;0;0;516796,712799999980000;5367936,968899999700000;9,227217120000034;48,464342308000028
148989;08170426335100645330;08;3;35;043;2017;04;18;4;3;0;1;1;0;0;0;0;0;1;513408,085499999990000;5279226,033599999700000;9,178595181000048;47,666287829000055
148990;08170426335010685640;08;3;35;075;2017;04;07;4;3;2;6;1;0;0;0;0;0;1;488652,133500000000000;5288822,975499999700000;8,848596871000041;47,752676835000045
148993;08170426311010625300;08;3;11;000;2017;04;03;4;3;7;1;1;0;0;0;0;2;1;413575,887999999980000;5317351,144999999600000;7,841340965000029;48,003611855000031
148995;08170426226600600590;08;2;26;096;2017;04;15;4;3;0;7;0;0;1;0;1;0;0;476374,015399999970000;5488261,045400000200000;8,673398599000052;49,546493919000056
148996;08170426221000685810;08;2;21;000;2017;04;16;4;2;6;4;0;1;1;0;0;0;0;475587,880100000010000;5469143,810200000200000;8,663710174000073;49,374508176000063
148998;08170426128200612680;08;1;28;115;2017;04;16;4;3;6;4;0;1;1;0;0;0;0;547638,102300000030000;5496771,751199999800000;9,659554420000063;49,621627275000037
149000;08170426121200653810;08;1;21;000;2017;04;13;4;3;6;7;1;0;1;0;0;0;0;516086,261100000000000;5443354,264000000400000;9,220561680000060;49,142804219000027
149002;08170426117010615510;08;4;21;000;2017;04;21;4;3;0;1;1;0;0;0;0;2;1;573297,748099999970000;5362095,077800000100000;9,990438317000042;48,407747202000053
149007;08170426111500611570;08;1;11;000;2017;04;07;4;3;0;3;1;1;0;0;0;1;1;512987,492700000000000;5402666,051000000000000;9,176775889000055;48,776861194000048
149009;08170425416010650680;08;4;15;061;2017;04;17;3;3;5;2;1;1;0;0;0;0;1;512930,965800000010000;5371565,579800000400000;9,175035891000050;48,497078062000071
149010;08170425416010650670;08;4;16;036;2017;04;08;3;2;6;7;0;1;1;0;0;0;0;495037,415600000010000;5369241,694799999700000;8,932853026000032;48,476284906000046
149011;08170425416010633550;08;4;16;036;2017;04;12;3;3;6;4;0;1;1;0;0;0;0;485492,017899999980000;5371017,680700000400000;8,803636490000031;48,492114528000059
149012;08170425336400660950;08;3;36;091;2017;04;07;3;3;1;5;1;1;0;0;0;0;0;397155,871199999990000;5272197,018400000400000;7,631969794000042;47,595023311000034
149013;08170425335300661960;08;3;35;075;2017;04;12;3;3;5;3;1;1;0;0;0;0;0;488404,097400000030000;5288758,067099999600000;8,845289319000074;47,752088405000052
149014;08170425335100619960;08;3;35;043;2017;04;08;3;3;6;4;0;1;1;0;0;0;1;513842,748900000010000;5279563,960199999600000;9,184395559000052;47,669319221000080
149021;08170425316100585500;08;3;16;002;2017;04;11;3;3;5;3;1;0;0;0;1;0;0;406548,836100000010000;5330690,846800000400000;7,744238642000028;48,122612809000032
149022;08170425311010666180;08;3;36;050;2017;04;13;3;3;6;4;1;0;1;0;0;0;0;398820,130000000000000;5272361,838999999700000;7,654063350000058;47,596767779000061
149024;08170425311010631110;08;3;11;000;2017;04;11;3;2;0;1;1;0;0;0;0;0;0;414626,811500000010000;5316873,911299999800000;7,855522384000039;47,999460185000032
149025;08170425311010599490;08;3;11;000;2017;04;14;3;3;1;1;1;1;0;0;0;0;1;413730,612700000000000;5315596,201200000000000;7,843767661000072;47,987846407000063
149033;08170425226200678950;08;2;26;032;2017;04;18;3;3;5;3;1;1;0;0;0;0;0;468063,651599999980000;5462468,960900000300000;8,560597746000042;49,314121199000056
149034;08170425221000686100;08;2;21;000;2017;04;15;3;3;5;3;1;1;0;0;0;0;0;477439,892799999970000;5474435,650899999800000;8,688921714000060;49,422178939000048
149038;08170425119300601300;08;1;19;086;2017;04;17;3;3;5;3;1;1;0;0;0;0;1;535620,778199999940000;5405425,223000000200000;9,485074305000069;48,800797484000043
149039;08170425118400670380;08;1;18;048;2017;04;16;3;3;6;4;0;1;1;0;0;0;1;511724,692600000010000;5414442,702600000400000;9,159924482000065;48,882827246000033
149040;08170425118300598240;08;1;18;003;2017;04;15;3;3;0;1;1;0;0;0;0;0;0;510794,329199999980000;5416844,437800000400000;9,147297855000034;48,904449565000050
149041;08170425116010618870;08;1;16;035;2017;04;15;3;3;5;2;1;0;0;1;0;0;0;526768,585399999980000;5392595,327300000000000;9,363696730000072;48,685826079000037
149043;08170425111110663200;08;1;11;000;2017;04;20;3;3;6;2;0;1;1;0;0;1;1;512543,543400000020000;5402914,001699999900000;9,170740781000063;48,779100850000077
149047;08170424436200625640;08;4;36;064;2017;04;13;2;3;3;2;1;1;0;0;0;0;0;545845,501599999960000;5291804,251400000400000;9,611967892000052;47,777969507000080
149048;08170424435200582210;08;4;35;059;2017;04;07;2;3;5;3;1;1;0;0;0;0;0;514851,885000000010000;5290098,081000000200000;9,198197024000024;47,764078422000068
149050;08170424416010650660;08;4;16;009;2017;04;06;2;3;5;3;1;1;0;0;0;0;0;508092,217899999990000;5383976,672700000000000;9,109779163000042;48,608812956000065
149051;08170424416010650650;08;4;16;041;2017;04;17;2;3;1;5;1;1;0;0;0;0;0;506656,157599999980000;5374802,451899999800000;9,090150756000071;48,526295985000047
149052;08170424415400620980;08;4;15;061;2017;04;13;2;2;6;4;0;1;1;0;0;0;0;515153,538200000010000;5372814,555400000000000;9,205166189000067;48,508264592000046
149055;08170424336400660940;08;3;36;091;2017;04;17;2;3;5;3;1;1;0;0;0;0;0;394970,311500000010000;5274077,309500000400000;7,602455863000046;47,611586424000052
149056;08170424336400607990;08;3;36;091;2017;04;10;2;3;6;7;0;1;1;0;0;0;0;395676,909800000020000;5272015,388000000300000;7,612345793000031;47,593153233000066
149057;08170424336310589860;08;3;36;081;2017;04;11;2;3;6;7;0;1;1;0;0;0;0;411234,010000000010000;5277769,353000000100000;7,818063115000030;47,647231632000057
149058;08170424335100619950;08;3;35;043;2017;04;17;2;3;0;6;1;0;0;0;1;0;0;513873,362299999980000;5280027,360999999600000;9,184818070000063;47,673488087000067
149059;08170424335100604250;08;3;35;043;2017;04;09;2;3;6;6;1;0;1;0;0;0;0;513238,334500000000000;5278638,078999999900000;9,176316301000043;47,661001102000057
149060;08170424335010607930;08;3;35;081;2017;04;19;2;3;2;3;1;1;0;0;0;0;0;490061,517400000010000;5296295,886900000300000;8,867229683000062;47,819937617000051
149061;08170424326400602300;08;3;26;074;2017;04;09;2;3;0;1;1;0;0;0;0;0;0;460010,782400000030000;5323832,161600000200000;8,463228046000040;48,066512087000035
149062;08170424325010684390;08;4;17;079;2017;04;17;2;2;4;3;1;1;0;0;0;0;0;502143,065000000000000;5340162,701999999600000;9,028849042000047;48,214687530000049
149063;08170424317500681620;08;3;17;096;2017;04;10;2;3;6;4;0;1;1;0;0;0;0;421905,904299999990000;5369326,634100000400000;7,943413708000037;48,472218727000040
149065;08170424311400660190;08;3;15;050;2017;04;15;2;3;4;3;1;1;0;0;0;0;0;401593,590000000030000;5304321,210000000000000;7,683719077000035;47,884676606000028
149066;08170424311010666160;08;3;36;050;2017;04;07;2;3;3;6;1;0;0;0;0;0;0;400432,647100000000000;5274991,191599999600000;7,674910390000036;47,620669496000062
149068;08170424311010666140;08;3;36;050;2017;04;11;2;2;5;3;1;1;0;0;0;0;0;400539,388600000010000;5276527,241800000000000;7,675981603000025;47,634503232000043