OBJECTID;UIDENTSTLA;ULAND;UREGBEZ;UKREIS;UGEMEINDE;UJAHR;UMONAT;USTUNDE;UWOCHENTAG;UKATEGORIE;UART;UTYP1;IstRad;IstPKW;IstFuss;IstKrad;IstSonstig;LICHT;STRZUSTAND;LINREFX;LINREFY;XGCSWGS84;YGCSWGS84
149071;08170424311010625230;08;3;11;000;2017;04;12;2;3;5;2;1;1;0;0;0;0;0;413902,347200000020000;5317136,474399999700000;7,845759857000076;48,001724874000047
149073;08170424299200683130;08;2;12;000;2017;04;08;2;3;1;5;1;1;0;0;0;0;0;455621,494200000020000;5426908,773199999700000;8,393337426000073;48,993484388000070
149079;08170424222400603420;08;2;26;038;2017;04;15;2;3;5;3;1;1;0;0;0;0;0;471480,097200000020000;5480365,370299999600000;8,606317850000039;49,475264737000032
149081;08170424222014597920;08;2;22;000;2017;04;07;2;3;5;2;1;1;0;0;0;0;0;464201,478500000030000;5485632,144200000000000;8,505371785000023;49,522251170000061
149083;08170424216100647840;08;2;16;043;2017;04;18;2;3;5;2;1;1;0;0;0;0;0;441215,066100000000000;5411992,455699999800000;8,198566639000035;48,858110827000075
149085;08170424212502628910;08;2;12;000;2017;04;15;2;2;5;3;1;1;0;0;0;0;0;452232,058399999980000;5429147,345599999700000;8,346742909000056;49,013367484000071
149086;08170424212102616140;08;2;15;101;2017;04;11;2;3;0;7;1;0;0;0;0;0;0;465360,365100000000000;5428253,694899999500000;8,526349497000069;49,006205569000031
149090;08170424136100657860;08;1;36;088;2017;04;09;2;2;6;4;0;1;1;0;0;0;0;580909,998499999990000;5412834,293200000200000;10,103187224000067;48,863191535000055
149092;08170424128200622520;08;1;28;115;2017;04;15;2;3;6;4;0;1;1;0;0;0;0;548039,631300000010000;5497144,909300000400000;9,665158927000050;49,624951668000051
149094;08170424121500609250;08;1;25;069;2017;04;16;2;2;0;7;1;0;1;0;0;0;0;522695,193900000010000;5454549,092899999600000;9,311809042000050;49,243295086000046
149095;08170424118500641540;08;1;18;078;2017;04;16;2;2;6;4;0;1;1;0;0;0;0;514955,201300000020000;5420638,370400000400000;9,204215286000022;48,938492084000075
149096;08170424118100676490;08;1;18;079;2017;04;07;2;3;0;3;1;0;0;0;1;0;0;507459,108200000020000;5421135,144700000100000;9,101864474000024;48,943096719000039
149097;08170424116400628390;08;1;16;070;2017;04;16;2;2;0;1;1;0;0;0;0;0;0;538828,858800000050000;5385550,227300000400000;9,526889122000057;48,621816123000031
149099;08170424116010618840;08;1;16;049;2017;04;12;2;3;6;3;0;1;1;0;0;0;0;525487,800099999990000;5386224,150000000400000;9,345903078000049;48,628564653000069
149102;08170424111500638430;08;1;11;000;2017;04;09;2;2;6;4;0;0;1;0;1;0;0;512530,380999999990000;5402896,964300000100000;9,170561098000064;48,778947848000030
149104;08170424111250630400;08;1;11;000;2017;04;16;2;3;5;3;1;1;0;0;0;0;0;518619,549000000000000;5402818,315000000400000;9,253441393000060;48,778087874000050
149108;08170423416010650630;08;4;15;092;2017;04;20;1;2;6;4;0;1;1;0;0;1;0;518889,969500000010000;5365476,786200000000000;9,255422287000044;48,442150172000026
149109;08170423415400673570;08;4;15;087;2017;04;20;1;2;0;7;1;0;0;0;0;1;0;513253,235200000000000;5381569,565200000100000;9,179716491000022;48,587070108000034
149112;08170423311010659880;08;3;11;000;2017;04;15;1;3;5;3;0;1;1;0;0;0;0;416959,549400000020000;5315396,808600000100000;7,887073688000044;47,986480186000051
149113;08170423311010630090;08;3;11;000;2017;04;11;1;3;0;1;1;1;0;0;0;0;0;418623,147999999990000;5314331,889899999800000;7,909567162000030;47,977114458000074
149115;08170423221300600850;08;2;21;000;2017;04;18;1;3;5;3;1;1;0;0;0;0;0;476546,346699999990000;5473371,405600000200000;8,676663823000069;49,412572445000080
149116;08170423221012656920;08;2;26;018;2017;04;14;1;3;6;7;0;1;1;0;0;0;0;473085,978300000020000;5472803,148199999700000;8,628998083000056;49,407317859000045
149121;08170423117010615500;08;4;25;079;2017;04;03;1;2;6;4;0;1;1;0;0;2;1;555658,621999999970000;5373012,958499999700000;9,753566064000040;48,507765786000050
149123;08170423116010618830;08;1;16;019;2017;04;15;1;3;5;3;1;1;0;0;0;0;0;521498,793999999990000;5398234,098500000300000;9,292392519000032;48,736755974000062
149126;08170422335100645290;08;3;35;043;2017;04;10;7;3;5;3;1;0;0;0;0;0;0;513168,986399999990000;5279921,883399999700000;9,175431386000071;47,672553766000078
149127;08170422335100587360;08;3;35;043;2017;04;18;7;3;6;7;1;0;1;0;0;0;0;513336,893999999970000;5278592,555200000300000;9,177627581000024;47,660589469000058
149128;08170422316100672300;08;3;16;011;2017;04;13;7;3;0;1;1;0;0;0;0;0;0;413013,796600000000000;5330843,299800000200000;7,831061767000051;48,124900452000077
149129;08170422311010630050;08;3;11;000;2017;04;14;7;3;0;7;1;1;0;0;0;0;0;414752,980800000020000;5317411,383700000100000;7,857106607000048;48,004311797000071
149131;08170422311010589270;08;3;11;000;2017;04;10;7;3;5;3;1;1;0;0;0;0;0;414518,746300000000000;5315642,093399999700000;7,854319350000026;47,988365055000031
149132;08170422226700604810;08;2;26;098;2017;04;15;7;3;5;3;1;1;0;0;0;0;0;476634,387400000010000;5459766,871500000400000;8,678675591000058;49,290204077000055
149135;08170422216100672890;08;2;16;005;2017;04;18;7;3;5;3;1;1;0;0;0;0;1;445360,308900000000000;5417688,035299999600000;8,254313508000053;48,909721720000050
149137;08170422117010615470;08;1;17;019;2017;04;15;7;3;6;4;0;1;1;0;0;0;1;551707,843200000000000;5393629,249400000100000;9,702648157000056;48,693558749000033
149139;08170422116010661820;08;1;16;042;2017;04;17;7;3;6;4;0;1;1;0;0;0;0;518049,271000000010000;5381551,791400000500000;9,244750377000059;48,586790352000037
149143;08170421421212619240;08;4;25;072;2017;04;13;6;3;5;2;1;1;0;0;0;0;0;583779,993999999950000;5372933,341000000000000;10,134222686000044;48,503927971000053
149144;08170421421200622690;08;4;21;000;2017;04;19;6;2;2;2;1;0;0;0;0;1;0;573593,567200000050000;5361846,034599999900000;9,994391281000048;48,405472537000037
149145;08170421421100615780;08;4;25;020;2017;04;15;6;3;5;3;1;1;0;0;0;0;0;558061,738600000040000;5361252,292200000000000;9,784467330000041;48,401753652000082
149146;08170421417200639070;08;4;17;002;2017;04;12;6;3;6;4;0;1;1;0;0;0;0;488846,724800000030000;5346497,744599999900000;8,849692658000038;48,271588063000081
149150;08170421317300612280;08;3;17;065;2017;04;10;6;3;0;7;1;0;0;0;0;0;0;413854,157799999990000;5355178,574000000000000;7,837403294000069;48,343909851000035
149153;08170421311010666090;08;3;36;091;2017;04;16;6;3;1;5;1;1;0;0;0;0;0;397308,888400000000000;5271891,309100000200000;7,634076204000053;47,592297628000040
149156;08170421311010589250;08;3;11;000;2017;04;15;6;3;1;5;1;1;0;0;0;0;0;412475,854400000010000;5314450,282100000400000;7,827187830000071;47,977368001000059
149158;08170421299200682560;08;2;12;000;2017;04;12;6;3;1;7;1;1;0;0;0;0;0;456246,488699999990000;5427105,399100000000000;8,401859553000065;48,995297671000060
149159;08170421226715634030;08;2;26;095;2017;04;09;6;3;6;6;0;1;1;0;0;0;0;474803,020399999980000;5461126,591599999900000;8,653405309000050;49,302361968000071
149161;08170421221000685930;08;2;21;000;2017;04;11;6;3;6;4;0;0;1;0;1;0;0;475751,844099999990000;5469467,066300000100000;8,665949119000061;49,377422372000069
149164;08170421211100619720;08;2;11;000;2017;04;16;6;3;1;5;1;1;0;0;0;0;0;444863,551600000010000;5399898,560899999900000;8,249927089000039;48,749659422000036
149166;08170421136300658520;08;1;36;065;2017;04;13;6;3;0;1;1;0;1;0;0;0;0;555571,668700000040000;5404281,970499999800000;9,756585262000044;48,789050353000050
149170;08170421126010647450;08;1;21;000;2017;04;11;6;3;6;4;0;1;1;0;0;0;0;514659,828500000000000;5442228,476700000500000;9,200962787000037;49,132713076000073
149172;08170421119300590490;08;1;19;067;2017;04;19;6;3;5;3;1;1;0;0;0;0;0;538178,929000000000000;5405927,117999999800000;9,519955745000061;48,805160451000063
149173;08170421119200672190;08;1;19;020;2017;04;12;6;3;6;4;0;1;1;0;0;0;0;519878,472300000020000;5407466,181200000500000;9,270802106000076;48,819860340000048
149174;08170421119113656410;08;1;19;044;2017;04;14;6;3;5;3;1;1;0;0;0;0;0;541825,733299999960000;5425579,382600000100000;9,571630758000026;48,981704478000040
149175;08170421118200668710;08;1;18;019;2017;04;11;6;3;6;4;0;1;1;0;0;0;0;504713,701000000000000;5405182,417000000400000;9,064188323000053;48,799615987000038
149180;08170420435114650860;08;4;35;013;2017;04;15;5;3;4;6;1;0;0;0;0;0;0;539478,069999999950000;5275352,341000000000000;9,525486550000039;47,630368862000068
149182;08170420415400587960;08;4;15;061;2017;04;16;5;3;0;1;0;1;1;0;0;0;0;515298,770800000000000;5372145,750300000400000;9,207107987000029;48,502244276000056
149183;08170420336200602130;08;3;36;069;2017;04;06;5;3;3;2;1;1;0;0;0;0;0;408732,715000000030000;5267833,432400000300000;7,786833992000027;47,557502262000071
149186;08170420316100639290;08;3;16;011;2017;04;15;5;3;6;4;0;1;1;0;0;0;0;415015,385000000010000;5329032,303999999500000;7,858314924000069;48,108880560000046
149192;08170420226700675600;08;2;26;076;2017;04;06;5;3;5;3;1;1;0;0;0;1;0;474784,447400000000000;5465473,070700000000000;8,652875134000055;49,341457552000065
149193;08170420226700636070;08;2;26;041;2017;04;17;5;3;5;3;1;1;0;0;0;0;0;476824,460499999990000;5466057,703999999900000;8,680924087000051;49,346797217000073
149197;08170420215202610590;08;2;15;100;2017;04;19;5;3;4;2;1;1;0;0;0;0;0;474554,146300000020000;5452351,674800000200000;8,650539829000024;49,223420948000069
149199;08170420212202602050;08;2;12;000;2017;04;09;5;3;2;3;1;1;0;0;0;0;0;459102,483599999980000;5429805,749699999600000;8,440628916000037;49,019783593000056
149201;08170420118010607330;08;1;18;080;2017;04;10;5;1;6;7;0;0;1;0;1;0;0;509164,458300000000000;5408087,579500000000000;9,124860804000036;48,825700823000034
149204;08170420111500611530;08;1;11;000;2017;04;15;5;3;6;4;0;0;1;0;1;0;0;509107,181300000000000;5397120,155600000200000;9,123837523000077;48,727039311000055
149205;08170420111320618270;08;1;11;000;2017;04;17;5;3;5;2;1;1;0;0;0;0;0;516186,223699999970000;5405272,790000000000000;9,220416966000073;48,800236109000082
149207;08170419415400673540;08;4;15;061;2017;04;19;4;3;0;1;1;0;0;0;0;0;1;515857,301400000000000;5370365,236100000300000;9,214601462000076;48,486212301000080
149209;08170419325010805690;08;3;27;050;2017;04;10;4;2;5;3;1;1;0;0;0;0;1;487559,869599999980000;5314290,232400000100000;8,833290788000056;47,981794723000064
149214;08170419311010659830;08;3;11;000;2017;04;20;4;3;5;3;1;1;0;0;0;1;0;410534,718200000000000;5314753,753200000200000;7,801119482000047;47,979829298000027
149216;08170419299200683070;08;2;15;106;2017;04;13;4;3;5;3;1;0;0;0;1;0;0;466009,305899999980000;5454897,287999999700000;8,532977170000038;49,245904003000078
149218;08170419226600581330;08;2;26;096;2017;04;16;4;3;5;3;1;1;0;0;0;0;0;474589,429999999990000;5486170,179999999700000;8,648864048000064;49,527615152000067
149220;08170419221200629060;08;2;21;000;2017;04;17;4;3;0;5;1;1;0;0;0;0;0;477124,028300000010000;5472432,174999999800000;8,684681826000031;49,404146209000032
149222;08170419118010607320;08;1;15;028;2017;04;17;4;2;6;4;0;1;1;0;0;0;0;499482,478999999990000;5401144,757399999500000;8,992957794000063;48,763311022000039
149223;08170419117010615460;08;4;25;071;2017;04;14;4;3;8;1;1;0;0;0;1;0;1;551007,991999999970000;5371097,736200000200000;9,690371835000065;48,490931882000041
149226;08170418337010651720;08;3;37;032;2017;04;15;3;3;0;7;0;1;1;0;0;0;0;437692,804999999990000;5273596,025700000100000;8,170915153000067;47,612773364000077
149227;08170418335400591710;08;3;35;079;2017;04;19;3;3;5;7;1;1;0;0;0;0;0;500910,710800000000000;5300004,563699999800000;9,012174201000050;47,853382362000048
149228;08170418335200674390;08;3;35;063;2017;04;16;3;3;0;7;1;0;0;0;0;0;0;497621,137899999970000;5287315,123200000300000;8,968269436000071;47,739205278000043
149230;08170418317500608410;08;3;17;122;2017;04;20;3;3;0;7;1;0;0;0;0;0;0;417749,078099999980000;5367283,876699999900000;7,887585665000074;48,453314627000054
149232;08170418311010666060;08;3;36;069;2017;04;19;3;3;6;4;0;0;1;1;0;0;0;409093,400000000020000;5268685,582200000100000;7,791450965000024;47,565218701000049
149233;08170418311010666050;08;3;36;050;2017;04;11;3;3;6;4;0;1;1;0;0;0;0;399658,672299999980000;5274401,437599999800000;7,664747936000026;47,615245031000029
149235;08170418311010629990;08;3;11;000;2017;04;18;3;2;6;4;0;1;1;0;0;0;0;409641,162399999970000;5317160,962799999900000;7,788641425000037;48,001357017000032
149236;08170418299200683060;08;2;12;000;2017;04;17;3;3;3;2;1;1;0;0;0;0;0;455021,522400000020000;5429580,107300000300000;8,384840269000051;49,017469862000041
149239;08170418222400608180;08;2;26;038;2017;04;21;3;2;5;3;1;1;0;0;0;2;0;472036,632199999990000;5480237,058699999900000;8,614009015000022;49,474136507000026
149240;08170418221400629490;08;2;21;000;2017;04;17;3;3;6;4;0;1;1;0;0;0;0;475711,111099999980000;5469239,022500000000000;8,665401902000042;49,375369524000064
149241;08170418221200658710;08;2;21;000;2017;04;17;3;3;1;5;1;1;0;0;0;0;1;477520,975900000020000;5472935,620199999800000;8,690124695000066;49,408689414000037
149247;08170418118300629230;08;1;18;081;2017;04;12;3;3;6;7;0;1;1;0;0;0;0;519019,676199999990000;5412930,979000000300000;9,259356683000021;48,869047283000043
149250;08170417415100692480;08;4;15;078;2017;04;17;2;3;6;4;0;1;1;0;0;0;1;528835,583300000060000;5371387,030600000200000;9,390307571000051;48,494943116000059
149251;08170504317512712900;08;3;17;122;2017;05;16;5;3;5;3;1;1;0;0;0;0;0;417715,445000000010000;5368066,460000000000000;7,886977001000048;48,460349386000075
149254;08170504311010777810;08;3;11;000;2017;05;20;5;2;6;7;0;1;1;0;0;2;1;418057,455399999980000;5314820,117300000000000;7,901895294000042;47,981434135000029
149255;08170504311010737440;08;3;11;000;2017;05;20;5;2;3;6;1;1;0;0;0;0;0;414902,071999999990000;5317116,827999999700000;7,859163471000045;48,001682019000043
149260;08170504222200758480;08;2;22;000;2017;05;10;5;3;5;3;1;0;0;0;0;0;0;461719,793400000020000;5482032,926900000300000;8,471432707000076;49,489726560000065
149262;08170504222014792260;08;2;22;000;2017;05;08;5;3;5;3;1;0;0;0;1;0;0;463241,992000000030000;5486755,269999999600000;8,492010438000023;49,532295623000039
149263;08170504221200742480;08;2;21;000;2017;05;17;5;3;1;5;1;1;0;0;0;0;0;476717,451400000020000;5472656,623499999800000;8,679064578000066;49,406149670000048
149267;08170504215102720350;08;2;15;090;2017;05;21;5;3;0;1;1;0;0;0;0;2;0;465015,877700000010000;5434050,924300000100000;8,521139026000071;49,058333675000029
149268;08170504212413735430;08;2;12;000;2017;05;12;5;3;5;3;1;0;0;0;1;0;0;456770,351800000000000;5426915,912899999900000;8,409040881000067;48,993630118000056
149269;08170504212102727110;08;2;12;000;2017;05;14;5;3;3;6;1;0;0;0;0;0;0;461096,896200000020000;5428548,205299999600000;8,468026550000047;49,008600727000044
149271;08170504128200776550;08;1;28;115;2017;05;15;5;2;5;2;1;0;0;0;0;0;1;548876,853000000000000;5495474,409000000000000;9,676542257000051;49,609859971000049
149277;08170504117300722920;08;1;17;026;2017;05;10;5;3;6;7;0;1;1;0;0;0;0;548030,745800000030000;5394466,204599999800000;9,652781627000024;48,701381480000066
149278;08170504116100734430;08;1;16;019;2017;05;19;5;3;2;6;1;1;0;0;0;0;0;522415,156399999980000;5399531,672199999900000;9,304925851000064;48,748396511000067
149279;08170504111500752620;08;1;11;000;2017;05;21;5;3;5;3;1;1;0;0;0;2;1;513691,183399999980000;5406195,964900000000000;9,186471582000024;48,808600837000029
149281;08170503435100745980;08;4;35;016;2017;05;14;4;3;6;7;0;1;1;0;0;0;0;535393,007899999970000;5281279,929899999900000;9,471592923000060;47,683938055000056
149282;08170503421110774270;08;4;25;020;2017;05;13;4;3;3;2;1;1;0;0;0;0;0;558002,915500000000000;5362524,637699999800000;9,783848534000072;48,413204710000059
149283;08170503416200779770;08;4;16;041;2017;05;20;4;3;0;7;1;0;0;0;0;1;0;505046,829099999970000;5375252,363599999800000;9,068359535000070;48,530358553000042
149286;08170503336400711000;08;3;36;019;2017;05;17;4;3;0;7;0;1;1;0;0;0;0;395430,758600000000000;5275614,819299999600000;7,608213736000039;47,625490994000074
149287;08170503335010807750;08;3;35;028;2017;05;15;4;3;0;1;1;0;0;0;0;0;0;483992,412399999970000;5286462,817900000100000;8,786514135000061;47,731342394000080
149288;08170503317100705360;08;3;17;001;2017;05;13;4;3;5;3;1;0;0;1;0;0;0;431634,109500000020000;5386972,460400000200000;8,072115865000058;48,632078374000059
149290;08170503311400696420;08;3;15;074;2017;05;08;4;3;0;1;1;0;0;0;0;0;0;395440,961200000020000;5296154,134999999800000;7,603420144000040;47,810243059000072
149291;08170503299200803910;08;2;15;108;2017;05;13;4;2;0;7;1;0;0;0;0;0;0;448046,301500000000000;5423762,031299999900000;8,290192877000038;48,964588639000056
149293;08170503299200803890;08;2;12;000;2017;05;12;4;3;1;7;1;1;0;0;0;0;0;453375,588999999980000;5428926,330199999700000;8,362405782000053;49,011466914000039
149294;08170503299200803880;08;2;12;000;2017;05;13;4;3;3;5;1;1;0;0;0;0;0;456595,207799999970000;5428778,132799999800000;8,406447722000053;49,010368741000036
149295;08170503237100701090;08;2;37;028;2017;05;18;4;3;3;2;1;1;0;0;0;0;0;457093,277599999970000;5367840,258500000500000;8,419603411000026;48,462233090000041
149299;08170503222500718090;08;2;22;000;2017;05;07;4;3;5;3;1;1;0;0;0;0;0;461799,114000000000000;5479656,097000000100000;8,472757475000037;49,468353198000045
149301;08170503221400742830;08;2;26;018;2017;05;14;4;2;5;3;1;1;0;0;0;0;0;472993,606399999990000;5472158,437199999600000;8,627768632000027;49,401514724000037
149302;08170503221400742820;08;2;26;018;2017;05;17;4;3;1;5;1;1;0;0;0;0;0;473076,305100000000000;5472519,019899999700000;8,628884007000067;49,404761756000028
149303;08170503221000808010;08;2;21;000;2017;05;11;4;2;3;6;1;0;0;0;0;0;0;478453,310000000000000;5473018,189000000200000;8,702972336000073;49,409465836000038
149305;08170503211010752310;08;2;11;000;2017;05;16;4;3;6;2;0;1;1;0;0;0;1;445049,580000000020000;5399889,415000000000000;8,252458803000025;48,749593596000068
149306;08170503211010752300;08;2;11;000;2017;05;16;4;3;5;3;0;1;1;0;0;0;0;440334,086699999990000;5403261,740000000200000;8,187827047000042;48,779493983000066
149311;08170503119200766390;08;1;19;020;2017;05;07;4;3;5;3;1;1;0;0;0;0;0;520514,509100000020000;5406139,820399999600000;9,279400345000056;48,807907982000074
149312;08170503117200732370;08;1;17;024;2017;05;11;4;3;6;4;0;1;1;0;0;0;0;561985,745000000000000;5385647,940499999600000;9,841102929000044;48,620829032000074
149315;08170503115400789530;08;1;15;045;2017;05;17;4;3;1;2;1;1;0;0;0;0;0;499903,900800000000000;5395359,518100000000000;8,998693672000059;48,711267052000039
149317;08170502436310787500;08;4;36;049;2017;05;17;3;3;6;3;1;0;1;0;0;0;0;577842,053900000060000;5282508,566700000300000;10,037353372000041;47,691272866000077
149318;08170502436200722230;08;4;36;064;2017;05;22;3;3;0;1;1;0;0;0;0;2;0;544756,501900000030000;5290384,489900000400000;9,597285937000038;47,765272411000069
149319;08170502435200750950;08;4;35;059;2017;05;07;3;3;0;7;1;0;0;0;0;0;1;512811,815799999980000;5290051,839100000400000;9,170971262000023;47,763706142000046
149322;08170502416010766830;08;4;15;061;2017;05;08;3;3;6;4;0;1;1;0;0;0;1;515233,309000000010000;5369885,292000000400000;9,206139353000026;48,481909982000047
149325;08170502336400692030;08;3;36;091;2017;05;11;3;3;3;2;1;0;0;1;0;0;0;395628,405700000000000;5271880,714100000400000;7,611732855000071;47,591934011000035
149327;08170502335112798530;08;3;35;043;2017;05;11;3;3;0;1;1;0;0;0;0;0;0;511792,419100000000000;5281644,057799999600000;9,157139967000035;47,688075872000070
149328;08170502335100693830;08;3;35;043;2017;05;13;3;3;6;7;0;1;1;0;0;0;0;514180,183299999980000;5280486,656999999700000;9,188920370000062;47,677614014000028
149330;08170502335010807380;08;4;35;016;2017;05;16;3;3;5;3;1;1;0;0;0;0;0;535070,393399999940000;5278078,563799999700000;9,467037358000027;47,655151644000057
149332;08170502326200786390;08;3;26;074;2017;05;19;3;3;5;3;1;1;0;0;0;0;0;464794,624200000020000;5324148,297100000100000;8,527412702000049;48,069638308000037
149333;08170502317500802140;08;3;17;096;2017;05;12;3;3;5;3;1;0;0;0;0;0;0;422710,021000000010000;5369158,319000000100000;7,954322346000026;48,470804094000073
149334;08170502317000806650;08;3;17;047;2017;05;08;3;2;6;7;0;1;1;0;0;0;0;418930,255699999980000;5364143,016400000100000;7,904165482000053;48,425216359000046
149337;08170502311010743920;08;3;11;000;2017;05;08;3;3;1;6;1;1;0;0;0;0;0;413505,511300000010000;5315247,178200000000000;7,840821670000025;47,984676414000035
149338;08170502299200803870;08;2;15;059;2017;05;15;3;2;6;4;0;1;1;0;0;0;0;485404,786399999980000;5434553,634700000300000;8,800200276000055;49,063676280000038
149339;08170502299200803860;08;2;12;000;2017;05;08;3;3;5;2;1;1;0;0;0;0;0;455437,509100000020000;5429692,602400000200000;8,390516925000043;49,018511953000029
149340;08170502299200803850;08;2;12;000;2017;05;16;3;3;5;2;1;1;0;0;0;0;0;460958,178399999980000;5427421,401999999800000;8,466238101000045;48,998456123000039
149345;08170502222014808830;08;2;22;000;2017;05;22;3;3;6;7;0;0;1;0;1;2;0;461071,577600000020000;5481974,689799999800000;8,462488388000054;49,489161509000041
149347;08170502222014698590;08;2;22;000;2017;05;09;3;2;5;3;1;1;0;0;0;0;1;463243,699700000000000;5480774,428799999900000;8,492590678000056;49,478501218000076
149348;08170502222014698580;08;2;22;000;2017;05;07;3;3;1;5;1;1;0;0;0;0;1;461364,215399999990000;5480548,626299999700000;8,466668190000064;49,476353526000025
149349;08170502221300774360;08;2;21;000;2017;05;16;3;3;5;3;1;0;0;0;0;0;1;476430,630400000020000;5473869,550599999700000;8,675038985000072;49,417048699000077
149351;08170502216100757010;08;2;16;039;2017;05;15;3;3;5;3;1;1;0;0;0;0;0;444345,511400000020000;5415823,210799999500000;8,240719625000054;48,892857288000073
149354;08170502127100752980;08;1;27;025;2017;05;14;3;3;6;2;0;0;1;0;1;0;0;556163,546600000000000;5427601,240600000100000;9,767848488000027;48,998753490000070
149355;08170502121500770510;08;1;25;065;2017;05;13;3;3;6;2;0;0;1;0;1;0;0;516387,934200000020000;5447951,721599999800000;9,224885133000043;49,184151713000063
149356;08170502121200770710;08;1;21;000;2017;05;10;3;3;5;3;1;1;0;0;0;0;1;515689,336699999990000;5442738,827499999700000;9,215095459000054;49,137278430000038
149358;08170502119300750050;08;1;19;084;2017;05;18;3;3;6;4;0;1;1;0;0;0;0;545856,660200000040000;5411765,924200000200000;9,625165309000067;48,857163479000064
149361;08170502117400739430;08;1;17;017;2017;05;13;3;3;4;3;1;1;0;0;0;0;0;546643,671899999960000;5387745,716699999800000;9,633173299000021;48,641032046000078
149362;08170502116400749080;08;1;16;033;2017;05;16;3;2;0;7;1;0;0;0;0;0;0;531596,659499999950000;5389460,448599999800000;9,429053040000042;48,657399335000036
149363;08170502115100773480;08;1;15;003;2017;05;12;3;3;5;3;1;1;0;0;0;0;0;500186,786000000020000;5392539,074400000300000;9,002537807000067;48,685894068000039
149364;08170502111500771520;08;1;11;000;2017;05;13;3;3;6;7;0;1;1;0;0;0;0;516056,374799999990000;5405843,405899999700000;9,218671068000049;48,805372657000078
149367;08170501336300765470;08;3;36;081;2017;05;15;2;3;5;3;1;1;0;0;0;0;0;411897,489200000010000;5277969,458200000200000;7,826855241000033;47,649122411000064
149368;08170501327100749370;08;3;27;050;2017;05;19;2;2;5;3;1;1;0;0;0;0;1;484758,771200000020000;5314228,844100000300000;8,795755891000056;47,981181792000029
149371;08170501317200687150;08;3;17;057;2017;05;22;2;3;1;5;1;1;0;0;0;2;0;413196,509700000000000;5380509,745900000400000;7,823275204000026;48,571662973000059
149375;08170501226600708510;08;2;26;096;2017;05;17;2;3;1;5;1;1;0;0;0;0;1;475318,326200000010000;5488250,896200000300000;8,658805842000049;49,546360523000033
149378;08170501121300773810;08;1;21;000;2017;05;18;2;3;5;2;1;1;0;0;0;0;1;514236,245100000000000;5443542,281000000400000;9,195202578000021;49,144541162000053
149380;08170430436400664740;08;4;36;005;2017;04;13;1;3;0;7;1;0;0;0;0;0;0;542883,926300000050000;5306684,691800000100000;9,573912415000052;47,912052495000069
149381;08170430435100681300;08;4;35;045;2017;04;21;1;3;0;7;1;0;0;0;0;2;0;535389,594900000030000;5285893,493599999700000;9,471921970000039;47,725448076000077
149382;08170430416200634970;08;4;16;041;2017;04;15;1;3;0;7;1;0;0;0;0;0;0;506367,989000000000000;5374822,086100000000000;9,086248115000046;48,526475611000080
149383;08170430416010650770;08;4;16;041;2017;04;16;1;3;1;7;1;1;0;0;0;0;0;504287,941600000020000;5373709,387000000100000;9,058064506000051;48,516483025000070
149386;08170430335100645340;08;3;35;043;2017;04;00;1;3;0;2;1;0;0;0;1;2;0;512042,897100000000000;5280329,009200000200000;9,160441416000026;47,676238902000080
149390;08170430316100585550;08;3;16;012;2017;04;13;1;2;3;6;1;1;0;0;0;0;0;403120,370000000000000;5333012,684999999600000;7,697652260000041;48,142984376000072
149391;08170430311300626310;08;3;11;000;2017;04;15;1;3;5;3;1;1;0;0;0;0;0;409720,902899999990000;5316786,249900000200000;7,789789031000055;47,997997674000032
149393;08170430299200802760;08;2;12;000;2017;04;19;1;3;0;1;1;0;0;0;0;0;0;462903,354799999970000;5427792,602300000400000;8,492796638000073;49,001915124000050
149394;08170430299200682790;08;2;12;000;2017;04;19;1;2;0;1;1;0;0;0;0;0;0;462903,410299999990000;5427793,596300000300000;8,492797306000057;49,001924068000051
149397;08170430222014672760;08;2;22;000;2017;04;12;1;3;0;5;1;1;0;0;0;0;0;462922,262800000030000;5483454,064299999700000;8,487902159000043;49,502583622000031
149398;08170430221400644930;08;2;21;000;2017;04;18;1;3;1;5;1;1;0;0;0;0;0;475279,279900000020000;5470050,843999999600000;8,659402745000023;49,382654378000041
149400;08170430126010647550;08;1;25;094;2017;04;15;1;2;8;1;0;0;1;1;0;0;0;513826,114999999990000;5438974,269000000300000;9,189422472000047;49,103459560000033
149401;08170430121500705560;08;1;25;065;2017;04;14;1;3;4;2;1;1;0;0;0;0;0;518710,128000000030000;5450904,555999999900000;9,256888886000070;49,210646653000026
149404;08170430116500614770;08;1;16;006;2017;04;09;1;3;0;1;1;0;0;0;0;0;0;515984,338600000020000;5381622,265100000400000;9,216752569000050;48,587480455000048
149406;08170430111210663160;08;1;11;000;2017;04;15;1;3;4;6;1;0;0;0;0;0;0;506336,864500000030000;5398969,992900000000000;9,086195840000073;48,743714813000054
149408;08170429436200625660;08;4;36;064;2017;04;16;7;3;5;3;1;1;0;0;0;0;0;545355,277499999970000;5293114,246700000000000;9,605561398000077;47,789790268000047