OBJECTID;UIDENTSTLA;ULAND;UREGBEZ;UKREIS;UGEMEINDE;UJAHR;UMONAT;USTUNDE;UWOCHENTAG;UKATEGORIE;UART;UTYP1;IstRad;IstPKW;IstFuss;IstKrad;IstSonstig;LICHT;STRZUSTAND;LINREFX;LINREFY;XGCSWGS84;YGCSWGS84
149409;08170429435010642960;08;3;35;043;2017;04;18;7;2;6;4;1;0;1;0;0;0;0;512131,054000000000000;5281473,863599999800000;9,161647699000071;47,686538257000052
149411;08170429336200602140;08;3;36;082;2017;04;13;7;3;0;1;1;0;0;0;0;0;0;413956,229700000030000;5274049,982800000300000;7,855033553000055;47,614139950000038
149414;08170429317300592570;08;3;17;065;2017;04;16;7;3;6;7;0;1;1;0;0;0;0;414464,521599999980000;5354750,259800000100000;7,845725822000077;48,340140191000046
149419;08170429311010659990;08;3;11;000;2017;04;11;7;3;0;1;1;0;0;0;0;0;0;413498,515900000000000;5315627,798100000200000;7,840651257000047;47,988099282000064
149423;08170429226600732190;08;2;26;096;2017;04;08;7;3;0;7;1;0;0;0;0;0;0;475686,661100000030000;5488065,646700000400000;8,663908962000051;49,544709177000072
149424;08170429225100601160;08;2;25;058;2017;04;13;7;3;3;1;1;1;0;0;0;0;0;509009,447900000030000;5465060,775299999900000;9,124018488000047;49,338203613000076
149425;08170429222500651250;08;2;22;000;2017;04;13;7;3;5;3;1;1;0;0;0;0;0;465063,795900000030000;5478917,121700000000000;8,517879560000040;49,461903038000059
149428;08170429221400644920;08;2;21;000;2017;04;15;7;2;6;4;0;1;1;0;0;0;0;478494,420900000030000;5469184,453400000000000;8,703746509000041;49,374983291000035
149429;08170429212102616200;08;2;12;000;2017;04;10;7;3;0;7;1;0;0;0;0;0;1;459819,079000000030000;5427102,673999999600000;8,450697122000065;48,995516006000059
149431;08170429211010638180;08;3;17;001;2017;04;17;7;2;5;2;1;1;0;0;0;0;0;431300,262099999990000;5386580,037999999700000;8,067650442000058;48,628511944000081
149432;08170429136100657910;08;1;36;088;2017;04;12;7;3;5;3;1;1;0;0;0;0;0;580227,902400000020000;5411525,856599999600000;10,093632374000038;48,851511795000079
149435;08170429128100633410;08;1;28;007;2017;04;18;7;3;0;5;1;1;0;0;0;0;0;555366,073300000050000;5482193,509200000200000;9,764490146000071;49,489852422000070
149437;08170429126010647540;08;1;25;006;2017;04;12;7;2;6;4;0;1;1;0;0;0;0;503859,819499999980000;5452653,744500000000000;9,053012174000060;49,226654578000080
149438;08170429121200634550;08;1;21;000;2017;04;19;7;3;4;6;1;1;0;0;0;0;0;516274,080499999980000;5442620,885599999700000;9,223107273000039;49,136202290000028
149446;08170429111370636840;08;1;11;000;2017;04;18;7;3;5;3;1;1;0;0;0;0;0;511670,065400000020000;5405954,435200000200000;9,158937553000044;48,806469306000054
149448;08170428435200610140;08;4;35;059;2017;04;10;6;3;6;4;0;1;1;0;0;0;1;512328,651699999990000;5290492,189000000200000;9,164536050000038;47,767677622000065
149449;08170428435010685270;08;4;37;100;2017;04;10;6;2;6;4;0;1;1;0;0;0;1;537311,365299999950000;5318045,024700000000000;9,500324427000066;48,014608781000049
149455;08170428311400589650;08;3;15;006;2017;04;11;6;3;5;3;1;1;0;0;0;0;0;403235,683100000020000;5308218,169499999800000;7,704803571000070;47,919979575000070
149457;08170428311010659980;08;3;11;000;2017;04;14;6;3;2;1;1;0;0;0;0;0;0;414102,683000000020000;5316757,953999999900000;7,848520814000040;47,998346896000044
149460;08170428311010659920;08;3;15;047;2017;04;13;6;3;5;3;1;1;0;0;0;0;0;415347,625000000000000;5321042,537999999700000;7,864360028000021;48,037054465000040
149462;08170428311010630160;08;3;11;000;2017;04;07;6;3;5;2;1;1;0;0;0;0;0;414074,719800000020000;5317976,449500000100000;7,847901956000044;48,009303944000067
149463;08170428299200803820;08;2;12;000;2017;04;09;6;3;5;3;1;1;0;0;0;0;0;458376,355500000010000;5430830,696200000100000;8,430592711000031;49,028954555000041
149464;08170428235118655380;08;2;35;079;2017;04;07;6;3;0;7;1;0;0;0;0;0;0;466914,093700000030000;5399336,488500000000000;8,549933600000031;48,746165186000042
149467;08170428226600620480;08;2;26;096;2017;04;16;6;3;5;7;0;0;1;0;1;0;0;476464,690999999990000;5488206,486800000100000;8,674655320000056;49,546006716000079
149468;08170428222700591200;08;2;22;000;2017;04;18;6;3;1;5;1;1;0;0;0;0;0;461799,967799999980000;5481414,947900000000000;8,472599407000075;49,484173217000034
149469;08170428222400661590;08;2;22;000;2017;04;13;6;3;5;3;1;1;0;0;0;0;0;467714,703800000020000;5479443,390700000300000;8,554418015000067;49,466783323000072
149471;08170428221400679440;08;2;26;018;2017;04;07;6;3;5;2;1;0;0;0;1;0;0;473402,911800000000000;5471897,074500000100000;8,633427500000039;49,399181841000029
149476;08170428128200655870;08;1;28;115;2017;04;12;6;3;6;7;0;0;1;0;1;0;0;548035,395299999970000;5496944,635800000300000;9,665075759000047;49,623150738000049
149479;08170428117300582990;08;1;17;026;2017;04;19;6;3;5;3;1;1;0;0;0;0;0;545379,888999999970000;5395269,939000000200000;9,616844664000041;48,708810003000053
149480;08170428115200658150;08;1;15;021;2017;04;14;6;3;5;3;1;1;0;0;0;0;0;490294,713899999970000;5382105,976099999600000;8,868381712000030;48,591960821000043
149481;08170427436400740800;08;4;36;082;2017;04;07;5;3;5;3;1;1;0;0;0;0;0;547192,940999999990000;5295857,354000000300000;9,630393992000052;47,814337822000027
149482;08170427435200610130;08;4;35;059;2017;04;16;5;3;6;4;0;1;1;0;0;0;0;512662,460399999980000;5290649,286200000000000;9,168995563000067;47,769084633000034
149489;08170427317100640520;08;3;17;116;2017;04;07;5;3;0;7;1;0;0;0;0;0;1;432955,767100000000000;5387949,497200000100000;8,089893366000069;48,641009974000042
149490;08170427311010631190;08;3;11;000;2017;04;08;5;3;5;3;1;1;0;0;0;0;1;411675,724400000010000;5314568,500500000100000;7,816444242000046;47,978321449000077
149491;08170427311010630150;08;3;11;000;2017;04;16;5;3;1;6;1;1;0;0;0;0;0;414350,360200000000000;5317792,338399999800000;7,851633781000032;48,007684800000050
149495;08170427235010671970;08;2;31;000;2017;04;06;5;3;1;6;1;1;0;0;0;0;1;480552,471800000000000;5411978,475700000300000;8,734854362000021;48,860465548000036
149499;08170427222410642980;08;2;26;105;2017;04;15;5;3;5;3;1;1;0;0;0;0;0;471219,564200000020000;5479061,476700000500000;8,602816435000023;49,463524355000061
149500;08170427221000686130;08;2;21;000;2017;04;14;5;3;5;5;1;1;0;0;0;0;0;478967,617000000030000;5473669,385999999900000;8,710027616000048;49,415341253000065
149501;08170427215102720280;08;2;12;000;2017;04;12;5;3;5;3;1;1;0;0;0;0;1;454473,163200000010000;5433018,342699999900000;8,376954852000040;49,048356678000061
149502;08170427212502628960;08;2;12;000;2017;04;17;5;3;0;1;1;0;0;0;0;0;1;454613,908700000030000;5428537,089100000400000;8,379382412000041;49,008057988000076
149503;08170427212502628950;08;2;12;000;2017;04;15;5;3;6;2;0;0;1;0;1;0;1;453588,080900000000000;5428645,928899999700000;8,365343506000045;49,008960710000053
149504;08170427211100596780;08;2;11;000;2017;04;12;5;2;0;1;1;0;0;0;0;0;1;444043,267799999970000;5401059,962899999700000;8,238611158000026;48,760033304000046
149505;08170427136300603320;08;1;36;065;2017;04;05;5;3;5;3;1;1;0;0;0;2;1;558823,752499999940000;5405119,725200000200000;9,800976595000066;48,796286894000048
149510;08170427116010582550;08;1;16;072;2017;04;17;5;3;5;3;1;1;0;0;0;0;0;530790,643900000020000;5393157,386099999800000;9,418383695000046;48,690696815000081
149511;08170427115300643640;08;1;15;041;2017;04;07;5;3;0;1;1;0;0;0;0;0;1;495397,671600000000000;5401942,011400000200000;8,937364567000032;48,770466300000066
149513;08170427115100674050;08;1;15;003;2017;04;15;5;3;5;7;1;1;0;0;0;0;0;497605,978699999980000;5391852,488500000000000;8,967477115000065;48,679712900000027
149516;08170426437200656360;08;4;37;031;2017;04;17;4;3;4;1;1;1;0;0;0;0;1;516433,300700000020000;5344060,823400000100000;9,221368571000028;48,249548772000026
149518;08170511426010765180;08;4;25;072;2017;05;22;5;2;2;6;1;1;0;0;0;2;0;586482,991999999970000;5373326,358699999700000;10,170889771000077;48,507096628000056
149519;08170511421100726730;08;4;25;033;2017;05;12;5;3;3;2;1;0;0;0;1;0;0;552584,041500000050000;5348459,575799999800000;9,708867155000064;48,287151722000033
149520;08170511416010795900;08;4;15;061;2017;05;14;5;3;3;6;1;1;0;0;0;0;0;514602,614100000010000;5371699,898099999900000;9,197668190000059;48,498249805000057
149521;08170511336200698790;08;3;36;069;2017;05;17;5;3;7;7;1;0;0;0;0;0;0;407031,545500000010000;5267620,845200000300000;7,764271619000056;47,555348487000060
149522;08170511335010807850;08;3;35;021;2017;05;14;5;2;6;6;1;0;1;0;0;0;0;492075,181900000030000;5300859,090300000300000;8,894047040000032;47,861022649000063
149524;08170511326300713540;08;3;26;052;2017;05;14;5;3;6;7;1;0;1;0;0;0;0;450031,424400000020000;5330490,116800000000000;8,328505011000061;48,125706036000054
149525;08170511317500692310;08;3;17;096;2017;05;13;5;3;6;3;1;0;1;0;0;0;1;422719,599400000010000;5368934,458499999700000;7,954493283000033;48,468791657000054
149528;08170511311010784350;08;3;36;050;2017;05;12;5;3;5;3;1;1;0;0;0;0;0;400033,546900000020000;5275142,114600000000000;7,669565999000042;47,621965635000038
149530;08170511299200804060;08;2;12;000;2017;05;15;5;3;5;2;1;1;0;0;0;0;0;459823,227200000020000;5428701,000599999900000;8,450595697000040;49,009893541000054
149531;08170511299200804050;08;2;12;000;2017;05;12;5;3;6;4;0;1;1;0;0;0;0;453209,016599999970000;5428891,053399999600000;8,360132100000044;49,011136989000079
149533;08170511235010790320;08;2;31;000;2017;05;15;5;3;6;4;1;0;1;0;0;0;0;477998,990500000010000;5415438,779299999600000;8,699854760000051;48,891508046000069
149534;08170511235010754910;08;2;31;000;2017;05;12;5;2;6;4;0;1;1;0;0;0;0;478634,987399999980000;5415338,901499999700000;8,708536349000042;48,890631834000033
149535;08170511222811729390;08;2;22;000;2017;05;10;5;3;6;5;0;0;1;0;1;0;0;463074,411800000000000;5487099,208300000100000;8,489662395000039;49,535378960000060
149538;08170511221400719280;08;2;21;000;2017;05;02;5;3;0;7;1;0;0;0;0;2;1;477175,466100000020000;5471315,469499999700000;8,685454983000057;49,394103535000056
149539;08170511221300774370;08;2;21;000;2017;05;17;5;3;1;6;1;1;0;0;0;0;0;477262,687199999990000;5475036,317400000100000;8,686443860000054;49,427575225000055
149540;08170511216300714280;08;2;16;017;2017;05;10;5;3;4;2;1;1;0;0;0;0;0;455292,142600000020000;5397723,840099999700000;8,392023679000033;48,730932732000042
149541;08170511216200700520;08;2;16;007;2017;05;14;5;3;4;5;1;1;0;0;0;0;0;432787,811899999970000;5397018,675800000300000;8,086139012000047;48,722568943000056
149542;08170511215502691430;08;2;15;106;2017;05;17;5;3;0;5;1;1;0;0;0;0;0;466863,573099999980000;5454555,827800000100000;8,544742411000073;49,242879437000056
149545;08170511212402697820;08;2;12;000;2017;05;07;5;3;5;3;1;1;0;0;0;0;0;454938,245899999980000;5427159,250199999700000;8,383970072000068;48,995687968000027
149546;08170511212402697780;08;2;12;000;2017;05;16;5;3;0;1;1;0;0;0;0;0;1;455756,454900000010000;5426286,588100000300000;8,395249998000054;48,987897439000051
149547;08170511136300723320;08;1;36;065;2017;05;10;5;3;5;3;1;1;0;0;0;0;0;558967,677700000000000;5405643,387799999700000;9,803011347000052;48,800983630000076
149549;08170511136010706810;08;1;36;021;2017;05;07;5;2;5;3;1;1;0;0;0;0;0;575885,548199999960000;5406774,323499999900000;10,033570139000062;48,809320768000077
149550;08170511135010782530;08;1;35;019;2017;05;11;5;2;0;7;1;0;0;0;1;0;0;585242,881900000040000;5391554,170599999800000;10,157843521000075;48,671214904000067
149553;08170511115100739630;08;1;15;003;2017;05;11;5;3;0;7;1;0;0;0;0;0;0;500813,874100000020000;5391575,403900000300000;9,011055971000076;48,677224274000025
149555;08170511111500722520;08;1;11;000;2017;05;07;5;3;5;3;1;1;0;0;0;0;0;512661,313700000000000;5401884,831399999600000;9,172312157000022;48,769840120000026
149558;08170510436500740630;08;4;36;081;2017;05;12;4;2;0;7;1;0;0;1;0;0;0;563290,623000000020000;5280968,217000000200000;9,843236153000021;47,679003962000081
149560;08170510426010765160;08;4;21;000;2017;05;10;4;3;6;4;0;0;1;0;1;0;0;573410,877199999990000;5362447,045699999700000;9,992028323000056;48,410900054000081
149561;08170510417100791980;08;4;17;079;2017;05;13;4;2;0;1;1;0;0;0;0;0;0;500123,184599999980000;5344724,128600000400000;9,001659586000073;48,255729459000065
149562;08170510416200748800;08;4;16;041;2017;05;15;4;3;0;7;1;0;0;0;0;0;0;503807,028999999980000;5372953,206600000200000;9,051545404000024;48,509683242000051
149567;08170510335300737950;08;3;35;097;2017;05;18;4;3;5;3;1;1;0;0;0;0;0;486391,227000000010000;5295241,214999999900000;8,818230829000072;47,810381099000040
149568;08170510335100731690;08;3;35;043;2017;05;20;4;3;0;7;1;0;0;0;0;2;0;514009,933399999980000;5280290,863400000100000;9,186645887000054;47,675856045000046
149569;08170510335010807820;08;3;35;063;2017;05;09;4;2;6;7;0;1;1;0;0;0;0;498399,380000000000000;5287680,580000000100000;8,978648709000026;47,742495910000059
149570;08170510335010807440;08;4;36;039;2017;05;16;4;3;8;7;1;0;0;0;0;0;0;549274,700799999990000;5286170,347199999700000;9,657101059000070;47,727028192000034
149571;08170510326400778690;08;3;26;074;2017;05;17;4;3;7;3;1;1;0;0;0;0;0;459453,164999999980000;5324940,650000000400000;8,455638370000031;48,076449581000077
149573;08170510325010805770;08;3;25;015;2017;05;12;4;2;5;3;1;1;0;0;0;0;0;472395,284600000010000;5345250,826600000300000;8,628069295000046;48,259866577000025
149575;08170510317200748490;08;3;17;057;2017;05;17;4;3;6;4;0;1;1;0;0;0;0;412006,302199999980000;5380920,884800000100000;7,807057139000051;48,575194893000059
149576;08170510317114720080;08;3;17;096;2017;05;18;4;3;0;7;1;0;0;0;0;0;0;422233,650700000000000;5369077,931800000400000;7,947893477000037;48,470022286000074
149578;08170510317100687470;08;3;17;001;2017;05;19;4;2;0;1;1;0;0;0;0;0;0;429111,150399999980000;5384035,245900000400000;8,038380378000056;48,605377360000034
149579;08170510311400778210;08;3;15;006;2017;05;07;4;3;0;3;1;1;0;0;0;0;0;403354,392200000000000;5308594,159099999800000;7,706307746000050;47,923379515000079
149580;08170510311010784320;08;3;36;091;2017;05;16;4;3;6;4;1;0;1;0;0;0;0;395738,716100000020000;5271928,887600000000000;7,613188222000076;47,592385087000025
149582;08170510311010737550;08;3;11;000;2017;05;08;4;3;0;1;1;1;0;0;0;0;0;414038,011999999990000;5315682,067699999500000;7,847869547000073;47,988660202000062
149584;08170510299200804030;08;2;12;000;2017;05;12;4;3;5;3;1;1;0;0;0;0;0;453146,793899999990000;5430199,519999999600000;8,359130174000029;49,022901959000080
149585;08170510226200695120;08;2;26;032;2017;05;14;4;3;5;5;1;1;0;0;0;0;0;467410,651699999990000;5462548,009399999900000;8,551607156000046;49,314797721000048
149588;08170510222200778620;08;2;22;000;2017;05;15;4;3;3;2;1;1;0;0;0;0;0;461519,614200000010000;5481592,545800000400000;8,468711654000060;49,485752905000027
149591;08170510221400781840;08;2;21;000;2017;05;11;4;3;5;3;1;1;0;0;0;0;0;473926,374799999990000;5472720,406600000300000;8,640587892000042;49,406610203000071
149592;08170510221000808490;08;2;21;000;2017;05;20;4;2;4;2;1;1;0;0;0;0;0;478901,241700000010000;5471376,412700000200000;8,709234334000030;49,394713966000040
149593;08170510199200783740;08;1;18;067;2017;05;21;4;2;6;4;0;1;1;0;0;2;0;505276,995200000000000;5413743,499900000200000;9,071969160000037;48,876625791000038
149595;08170510136100696250;08;1;36;050;2017;05;15;4;3;2;2;1;0;0;0;0;0;0;582504,563100000030000;5404913,521900000100000;10,123330672000066;48,791740854000068
149596;08170510136010706780;08;1;36;027;2017;05;07;4;2;0;1;1;0;0;0;0;1;0;554229,161500000050000;5420698,295800000400000;9,740484572000071;48,936835055000074
149597;08170510127202801600;08;1;27;014;2017;05;15;4;3;5;3;1;1;0;0;0;0;0;579034,810700000030000;5442662,503800000100000;10,083427771000061;49,131708792000040
149598;08170510127010755900;08;1;27;076;2017;05;07;4;2;6;2;0;1;1;0;0;0;0;554524,488000000010000;5440167,890999999800000;9,747134051000046;49,111934511000072
149600;08170510119400714510;08;1;19;079;2017;05;06;4;3;5;3;1;1;0;0;0;0;0;525329,993000000020000;5407430,380900000200000;9,345064069000046;48,819339916000047
149601;08170510119300751160;08;1;19;067;2017;05;07;4;3;3;2;1;0;0;0;1;0;0;538701,609000000050000;5406352,548000000400000;9,527113878000023;48,808955095000044
149604;08170510116500797350;08;1;16;049;2017;05;13;4;3;5;3;1;1;0;0;0;0;0;525704,645900000000000;5385705,794599999700000;9,348813767000024;48,623892634000072
149608;08170510111500794860;08;1;11;000;2017;05;08;4;3;6;4;0;1;1;0;0;0;0;513910,575100000020000;5406126,553100000100000;9,189457290000064;48,807971545000044
149615;08170509436200800830;08;4;36;064;2017;05;08;3;3;5;3;1;1;0;0;0;0;0;543918,949700000000000;5291958,635099999600000;9,586268384000050;47,779492732000051
149617;08170509426010765150;08;4;21;000;2017;05;08;3;3;6;4;1;0;1;0;0;0;0;572555,043599999980000;5360615,662600000400000;9,980148313000029;48,394525453000028
149623;08170509335010807430;08;4;36;094;2017;05;16;3;2;6;4;0;1;1;0;0;0;0;567849,743299999970000;5281133,596699999600000;9,903996569000071;47,680029372000035
149626;08170509311010737520;08;3;11;000;2017;05;12;3;3;5;2;1;1;0;0;0;0;0;412365,686099999990000;5316406,193799999500000;7,825312706000034;47,994946965000054
149627;08170509299200804020;08;2;12;000;2017;05;12;3;3;0;3;1;0;0;1;0;0;0;457432,583199999990000;5428400,107599999800000;8,417937685000027;49,007026685000028
149631;08170509222014698630;08;2;26;096;2017;05;18;3;2;6;4;0;1;1;0;0;0;0;475248,757999999970000;5488567,457999999600000;8,657824278000021;49,549205030000053
149636;08170509216300785860;08;2;16;015;2017;05;19;3;2;6;4;0;1;1;0;0;0;0;450446,821200000010000;5405683,659799999600000;8,325178590000064;48,802167694000048
149637;08170509216300785840;08;2;16;033;2017;05;14;3;3;1;5;1;1;0;0;0;0;0;446866,605700000010000;5414210,834800000300000;8,275320949000047;48,878575165000029
149638;08170509216100763860;08;2;16;043;2017;05;15;3;3;0;2;1;1;0;0;0;0;0;441099,751300000000000;5413339,076700000100000;8,196800851000035;48,870212671000047
149644;08170509121300783260;08;1;21;000;2017;05;16;3;3;6;4;0;0;1;0;1;0;0;514114,679699999980000;5441960,448200000500000;9,193480333000025;49,130314829000042
149651;08170509111500724210;08;1;11;000;2017;05;16;3;3;6;7;0;1;1;0;0;0;0;513159,279299999990000;5403279,655600000200000;9,179133746000048;48,782377521000058
149653;08170508435200687980;08;4;35;059;2017;05;15;2;3;6;6;0;0;1;0;1;0;1;512219,795800000020000;5290195,625900000300000;9,163074944000073;47,765011363000042
149655;08170508325010805760;08;3;25;049;2017;05;13;2;3;5;3;1;1;0;0;0;0;0;470924,711000000010000;5335071,300800000300000;8,608954035000068;48,168219254000064
149662;08170508235010754780;08;2;36;044;2017;05;13;2;3;5;3;1;1;0;0;0;0;1;483283,319800000000000;5407386,300099999600000;8,772273484000039;48,819234877000042
149663;08170508222600780750;08;2;22;000;2017;05;08;2;3;5;3;1;1;0;0;0;0;1;461972,316200000000000;5481108,133899999800000;8,475008299000024;49,481424408000066
149664;08170508222500724270;08;2;22;000;2017;05;18;2;3;1;5;1;0;0;0;1;0;0;463378,337200000010000;5477778,452999999700000;8,494726423000031;49,451561937000065
149665;08170508215402728390;08;2;15;103;2017;05;16;2;3;6;4;0;1;1;0;0;0;0;464940,024500000000000;5441492,335599999900000;8,519455160000064;49,125266021000073
149667;08170508212402697710;08;2;12;000;2017;05;19;2;3;1;7;1;1;0;0;0;0;1;456356,261799999980000;5427886,643899999600000;8,403276196000036;49,002332839000076
149670;08170508135010782480;08;1;35;019;2017;05;20;2;3;0;1;1;0;0;0;0;1;0;584975,417299999970000;5393136,454900000200000;10,154536572000040;48,685482886000045
149671;08170508121400787670;08;1;25;056;2017;05;19;2;3;6;4;0;0;1;0;1;0;0;510823,406900000000000;5435927,182300000500000;9,148202909000077;49,076109828000028
149676;08170508116010730500;08;1;16;019;2017;05;14;2;3;5;3;1;1;0;0;0;0;1;522813,958199999990000;5398719,507399999500000;9,310305908000032;48,741075888000069
149678;08170508111500752640;08;1;11;000;2017;05;17;2;3;6;2;0;1;1;0;0;0;1;506367,886999999990000;5398922,093999999600000;9,086617076000039;48,743283598000062
149681;08170507436300747980;08;4;36;006;2017;05;12;1;2;9;1;1;0;0;0;0;0;1;554846,675999999980000;5282251,140399999900000;9,730906826000023;47,691317943000058
149683;08170507421300736620;08;4;21;000;2017;05;14;1;3;4;2;1;1;0;0;0;0;1;572281,770900000000000;5360859,876199999800000;9,976499264000040;48,396753604000025
149684;08170507337100773710;08;3;37;096;2017;05;16;1;3;6;7;0;1;1;0;0;0;1;420498,507400000000000;5266726,310100000400000;7,943401029000029;47,549089711000079
149688;08170507317300777000;08;3;17;065;2017;05;17;1;3;7;7;1;0;1;0;0;0;0;415642,214500000000000;5354669,040199999700000;7,861631398000043;48,339567994000049
149690;08170507299200802950;08;2;12;000;2017;05;12;1;3;5;2;1;1;0;0;0;0;1;458461,071100000000000;5428624,530799999800000;8,431977423000035;49,009115492000035
149692;08170507226500733780;08;2;26;085;2017;05;23;1;3;0;7;1;0;0;0;0;2;1;490574,330200000030000;5455416,020899999900000;8,870479587000034;49,251441487000079
149693;08170507222200801150;08;2;22;000;2017;05;17;1;3;6;2;0;0;1;0;1;0;1;461284,784700000020000;5481726,467500000300000;8,465456460000041;49,486942524000028
149694;08170507222014808880;08;2;22;000;2017;05;01;1;3;3;6;1;1;0;0;0;2;0;461191,808599999990000;5481848,131199999700000;8,464160849000052;49,488030884000068
149695;08170507221200727540;08;2;21;000;2017;05;21;1;3;0;7;1;0;0;0;0;2;1;476032,634900000000000;5472660,644100000200000;8,669624730000066;49,406159249000041
149697;08170507215202721480;08;2;15;039;2017;05;11;1;3;5;3;1;0;0;0;1;0;1;472954,346900000000000;5451478,742300000000000;8,628628322000054;49,215500292000058
149699;08170507136300723300;08;1;36;065;2017;05;01;1;3;5;3;1;1;0;0;0;2;1;558653,325700000040000;5405062,279099999900000;9,798648003000039;48,795786264000071
149702;08170507121200770730;08;1;21;000;2017;05;22;1;3;6;2;0;1;1;0;0;2;1;516432,154199999990000;5443728,593700000100000;9,225319512000056;49,146162278000077
149707;08170507111500771530;08;1;11;000;2017;05;12;1;3;6;4;0;1;1;0;0;0;1;517374,318099999970000;5408852,246000000300000;9,236747360000038;48,832404206000035
149708;08170507111500733450;08;1;11;000;2017;05;10;1;3;0;3;1;1;0;0;0;0;1;511084,025000000020000;5397616,128999999700000;9,150731472000075;48,731469069000070
149712;08170506415300688140;08;4;15;059;2017;05;11;7;3;6;7;0;1;1;0;0;0;0;516698,692600000010000;5368217,997999999700000;9,225902385000040;48,466873164000049
149715;08170506317600734260;08;3;17;040;2017;05;05;7;3;6;2;0;1;1;0;0;2;0;431592,545300000000000;5347149,431499999900000;8,078060412000070;48,273853712000061
149716;08170506299200802920;08;2;15;064;2017;05;11;7;2;5;3;1;1;0;0;0;0;0;479983,666000000030000;5452876,071999999700000;8,725078847000077;49,228339496000046
149717;08170506235010790100;08;2;31;000;2017;05;16;7;2;0;1;1;0;0;0;0;0;1;481876,193000000030000;5415786,225999999800000;8,752732889000072;48,894759109000063
149718;08170506226400695450;08;2;26;084;2017;05;15;7;3;6;7;1;0;1;0;0;0;0;468639,702999999980000;5469829,005599999800000;8,567943891000027;49,380353316000026
149722;08170506221000808450;08;2;26;012;2017;05;16;7;3;0;6;1;1;0;0;0;0;0;476342,519800000010000;5477658,881199999700000;8,673598091000031;49,451129515000048
149723;08170506212702771900;08;2;15;046;2017;05;12;7;2;0;5;1;1;0;0;0;0;0;451105,994200000020000;5414960,131600000000000;8,333047493000038;48,885664096000028
149724;08170506136100780440;08;1;36;088;2017;05;18;7;2;0;1;1;0;0;0;0;0;0;577582,491700000010000;5415573,380900000200000;10,058345405000068;48,888252769000076
149726;08170506127202712230;08;1;27;014;2017;05;11;7;3;5;3;1;1;0;0;0;0;0;577438,358600000040000;5443696,701999999600000;10,061745881000036;49,141213489000052
149728;08170506117010726150;08;4;21;000;2017;05;19;7;2;5;3;1;1;0;0;0;0;0;572313,436600000020000;5356412,350900000000000;9,976161808000029;48,356743209000058
149730;08170506111500722480;08;1;11;000;2017;05;11;7;3;4;6;1;1;0;0;0;0;0;510803,316500000020000;5402328,249300000300000;9,147037779000073;48,773864114000048
149731;08170506111110779250;08;1;11;000;2017;05;10;7;3;6;7;0;1;1;0;0;0;0;513148,962899999980000;5402089,647900000200000;9,178955257000041;48,771672522000074
149733;08170505436412729820;08;4;36;014;2017;05;17;6;3;5;3;1;1;0;0;0;0;0;555129,868800000050000;5301885,368999999900000;9,737173439000060;47,867938897000045
149734;08170505435100730180;08;4;35;016;2017;05;12;6;3;5;3;1;1;0;0;0;0;0;534807,621900000030000;5277776,241200000000000;9,463514039000074;47,652445706000037
149736;08170505335400699040;08;3;35;079;2017;05;17;6;3;6;4;0;1;1;0;0;0;0;500567,792499999980000;5299919,037499999600000;9,007590025000070;47,852613241000029
149739;08170505335112798540;08;3;35;043;2017;05;07;6;3;2;6;1;1;0;0;0;0;0;512235,518700000020000;5281324,075299999700000;9,163035498000056;47,685188546000063
149740;08170505335100745510;08;3;35;043;2017;05;17;6;3;4;6;1;0;0;0;0;0;0;513357,390499999980000;5279144,833399999900000;9,177917446000038;47,665558265000072
149742;08170505317200687160;08;3;17;057;2017;05;07;6;3;4;6;1;0;0;0;0;0;0;412353,380999999990000;5381068,478000000100000;7,811730364000027;48,576571044000048
149743;08170505317112726860;08;3;17;098;2017;05;13;6;2;7;7;1;0;0;0;0;0;0;440217,034800000020000;5367549,290699999800000;8,191381418000049;48,458238133000066
149744;08170505317000806690;08;3;17;096;2017;05;11;6;2;5;3;1;0;0;0;0;0;0;422618,005799999980000;5369396,873900000000000;7,953033515000072;48,472938565000049
149745;08170505311400735240;08;3;15;108;2017;05;17;6;3;6;2;0;1;1;0;0;0;0;405114,847200000020000;5303999,972099999900000;7,730877718000045;47,882317233000038
149746;08170505311010784290;08;3;36;050;2017;05;15;6;3;5;3;1;0;0;1;0;0;0;398569,578500000000000;5272399,796900000400000;7,650722582000071;47,597070073000054
149747;08170505311010784280;08;3;36;091;2017;05;12;6;2;6;4;0;1;1;0;0;0;0;396562,250699999980000;5272034,147800000400000;7,624114220000024;47,593463821000057
149749;08170505311010744050;08;3;11;000;2017;05;17;6;2;2;2;1;0;0;0;1;0;0;410446,125000000000000;5315682,478000000100000;7,799738875000060;47,988171001000069
149750;08170505311010744020;08;3;11;000;2017;05;17;6;2;5;3;1;1;0;0;0;0;0;414098,385000000010000;5318056,061900000100000;7,848203248000061;48,010023267000065
149752;08170505299200803960;08;2;12;000;2017;05;11;6;2;3;2;1;0;0;0;0;0;0;452452,601800000000000;5427069,691300000100000;8,350002056000051;48,994695956000044