OBJECTID;UIDENTSTLA;ULAND;UREGBEZ;UKREIS;UGEMEINDE;UJAHR;UMONAT;USTUNDE;UWOCHENTAG;UKATEGORIE;UART;UTYP1;IstRad;IstPKW;IstFuss;IstKrad;IstSonstig;LICHT;STRZUSTAND;LINREFX;LINREFY;XGCSWGS84;YGCSWGS84
149753;08170505299200803940;08;2;12;000;2017;05;06;6;2;0;7;1;0;0;0;0;1;0;456503,281399999980000;5428748,560999999800000;8,405193886000063;49,010096266000062
149754;08170505237200723740;08;2;37;040;2017;05;18;6;3;6;7;0;0;1;0;1;0;0;476805,190300000020000;5365913,430800000200000;8,686346097000069;48,445934470000054
149756;08170505221200727520;08;2;21;000;2017;05;16;6;3;6;4;1;0;1;0;0;0;0;478265,490100000000000;5473009,072300000100000;8,700383717000022;49,409377153000037
149757;08170505221000808250;08;2;21;000;2017;05;07;6;3;3;2;1;0;0;0;1;0;0;476542,486900000020000;5473861,112800000200000;8,676581671000065;49,416977126000063
149758;08170505216212694580;08;2;16;063;2017;05;14;6;2;0;7;1;0;0;0;0;0;0;427041,804200000010000;5400482,099999999600000;8,007411074000061;48,753075268000032
149760;08170505212502741870;08;2;12;000;2017;05;23;6;3;4;6;1;0;0;0;0;2;0;455700,591200000020000;5428749,183699999900000;8,394217879000053;49,010044764000043
149761;08170505212502741820;08;2;12;000;2017;05;07;6;3;5;2;1;1;0;0;0;0;0;454731,392899999980000;5427799,741100000200000;8,381071018000057;49,001434111000037
149762;08170505212302709990;08;2;12;000;2017;05;15;6;3;0;7;1;0;0;0;0;0;0;455030,281599999990000;5430711,561099999600000;8,384834627000032;49,027647997000031
149768;08170505119200791510;08;1;19;020;2017;05;16;6;3;0;7;1;0;0;0;0;0;0;519935,588999999980000;5407583,984400000400000;9,271585917000039;48,820918243000051
149770;08170505119100768830;08;1;19;083;2017;05;18;6;2;8;1;1;0;0;0;0;0;0;534716,735400000010000;5420605,918999999800000;9,474052014000051;48,937406800000076
149773;08170505116010730460;08;1;16;014;2017;05;13;6;2;5;3;1;1;0;0;0;0;0;528086,116000000040000;5395149,905199999900000;9,381770952000068;48,708748884000045
149775;08170505115200762640;08;1;15;021;2017;05;12;6;3;0;7;1;0;0;0;0;0;0;490600,430899999980000;5382913,941100000400000;8,872509397000044;48,599234123000031
149776;08170505111500794810;08;1;11;000;2017;05;20;6;2;6;4;0;1;1;0;0;0;0;514390,081499999970000;5408949,749599999700000;9,196087008000063;48,833357665000051
149778;08170505111230736950;08;1;11;000;2017;05;07;6;3;5;2;1;0;0;0;1;0;1;508981,461000000010000;5396790,359000000200000;9,122120826000071;48,724074276000067
149780;08170504436100793470;08;4;36;055;2017;05;15;5;3;5;2;1;1;0;0;0;0;1;575339,913199999950000;5297258,487200000300000;10,006570571000054;47,824262412000053
149781;08170504421300715240;08;4;21;000;2017;05;15;5;3;6;4;0;1;1;0;0;0;1;570745,273500000010000;5362078,546400000300000;9,955950215000030;48,407890194000061
149782;08170504416010766870;08;4;16;036;2017;05;13;5;3;6;7;0;1;1;0;0;0;0;495547,330699999990000;5369696,040199999700000;8,939747662000059;48,480376211000078
149783;08170504415400744660;08;4;15;061;2017;05;19;5;3;0;3;1;1;0;0;0;1;0;516218,923300000020000;5371475,115700000000000;9,219538458000045;48,496187937000059
149784;08170504337010768550;08;3;37;126;2017;05;14;5;2;6;4;0;0;1;0;1;0;0;441228,236700000010000;5274787,890100000400000;8,217794460000050;47,623826843000074
149785;08170504335100713680;08;3;35;043;2017;05;06;5;3;5;2;1;1;0;0;0;0;1;513417,969900000030000;5279812,561099999600000;9,178744858000073;47,671565002000079
149786;08170511416010795890;08;4;16;041;2017;05;17;5;3;5;3;1;1;0;0;0;0;0;505210,509100000020000;5373274,000500000100000;9,070551866000074;48,512559147000047
149787;08170512116010730570;08;4;15;061;2017;05;13;6;3;5;3;1;1;0;0;0;0;0;512808,735400000010000;5374215,212399999600000;9,173462702000052;48,520917577000034
149789;08170512119200705970;08;1;19;020;2017;05;07;6;2;5;3;1;1;0;0;0;0;1;520789,449399999980000;5405941,842400000400000;9,283134860000075;48,806117873000062
149791;08170512199200788960;08;1;18;071;2017;05;18;6;2;0;1;1;0;0;0;0;0;0;508889,374900000000000;5419222,535299999600000;9,121354998000072;48,925872558000037
149793;08170512128200711230;08;1;28;115;2017;05;17;6;3;5;3;1;1;0;0;0;0;1;547547,709299999990000;5496882,798299999900000;9,658316464000052;49,622633161000067
149796;08170512119400690490;08;1;19;079;2017;05;13;6;3;6;4;0;0;1;1;0;0;0;522484,171600000000000;5407862,834300000200000;9,306320488000040;48,823339689000079
149797;08170512111500771580;08;1;11;000;2017;05;16;6;3;5;3;1;1;0;0;0;0;0;507544,132099999990000;5407814,309899999800000;9,102779747000056;48,823264319000032
149798;08170512116400749090;08;1;16;070;2017;05;17;6;3;0;7;0;1;1;0;0;0;0;538568,738499999980000;5385888,606300000100000;9,523391041000025;48,624876217000065
149799;08170511426300781740;08;4;26;097;2017;05;12;5;3;6;7;0;0;1;0;1;0;0;535680,483200000020000;5334357,009200000200000;9,479819165000038;48,161456521000048
149800;08170512111130721320;08;1;11;000;2017;05;08;6;3;0;1;1;0;0;0;0;0;0;513557,213999999980000;5402499,448300000300000;9,184524968000062;48,775350295000067
149801;08170512118300754530;08;1;18;046;2017;05;15;6;3;5;3;1;1;0;0;0;0;0;516383,286000000020000;5413865,148000000000000;9,223443989000032;48,877526087000035
149803;08170517121600733190;08;1;25;024;2017;05;13;4;3;5;3;1;1;0;0;0;0;0;523336,917000000020000;5444215,776999999800000;9,320025285000043;49,150321046000045
149804;08170517119400776030;08;1;19;091;2017;05;20;4;3;0;2;1;0;0;1;0;0;0;528391,951299999960000;5406477,351200000400000;9,386709465000024;48,810634345000040
149808;08170517116010688390;08;1;16;019;2017;05;16;4;2;5;3;1;0;0;0;1;0;0;523200,303900000000000;5396392,557699999800000;9,315429775000041;48,720128606000060
149810;08170517111500771620;08;1;11;000;2017;05;18;4;3;5;3;1;1;0;0;0;0;0;516153,591000000010000;5405391,387000000100000;9,219977257000039;48,801303840000060
149811;08170517111500733540;08;1;11;000;2017;05;20;4;3;0;4;1;0;1;0;0;1;0;512981,864000000000000;5402241,005099999700000;9,176685857000052;48,773037630000033
149813;08170517111370771420;08;1;11;000;2017;05;18;4;3;5;3;1;1;0;0;0;0;0;508683,974800000030000;5406306,803500000400000;9,118276796000032;48,809688074000064
149814;08170516436200806470;08;4;36;064;2017;05;07;3;3;0;3;1;1;0;0;0;0;0;546194,348400000020000;5292214,587899999700000;9,616667847000031;47,781636389000028
149815;08170516435200721150;08;4;35;036;2017;05;18;3;3;0;7;1;0;0;0;0;0;0;520183,927499999990000;5282309,113400000100000;9,268990834000022;47,693852144000061
149816;08170516421300756090;08;4;21;000;2017;05;17;3;3;4;6;1;0;0;0;0;0;0;571157,056400000000000;5360591,032800000200000;9,961261479000029;48,394463221000080
149817;08170516421100726760;08;4;25;081;2017;05;18;3;3;0;1;1;0;0;0;0;0;0;547654,339200000050000;5342667,771999999900000;9,641763560000072;48,235437841000078
149818;08170516421100698890;08;4;25;033;2017;05;19;3;2;1;3;1;1;0;0;0;0;0;554360,311200000000000;5347831,481800000200000;9,732729602000063;48,281351307000079
149820;08170516416100689970;08;4;16;036;2017;05;13;3;3;0;7;1;0;0;0;1;0;0;495207,192700000010000;5369476,203900000100000;8,935147529000062;48,478395968000029
149821;08170516416010767090;08;4;15;061;2017;05;10;3;3;6;2;0;1;1;0;0;0;0;515789,098000000000000;5371058,894399999600000;9,213704672000063;48,492454414000065
149822;08170516415400744900;08;4;15;061;2017;05;20;3;3;5;3;1;1;0;0;0;0;0;514300,586200000020000;5370483,932599999900000;9,193538179000029;48,487317489000077
149823;08170516335200794400;08;3;35;063;2017;05;17;3;3;9;5;1;1;0;0;0;0;0;498758,579000000030000;5287932,516699999600000;8,983439485000076;47,744763525000053
149824;08170516335100761080;08;3;35;043;2017;05;16;3;3;5;3;1;1;0;0;0;0;0;512884,762099999990000;5279275,365199999900000;9,171626021000066;47,666742337000073
149825;08170516335100761070;08;3;35;043;2017;05;13;3;3;0;1;1;0;0;0;0;0;0;512879,930799999970000;5279364,201799999900000;9,171564288000070;47,667541755000059
149826;08170516335010807500;08;4;36;082;2017;05;08;3;2;4;2;1;0;0;0;0;0;0;548413,602199999960000;5295030,804999999700000;9,646605966000038;47,806810740000060
149828;08170516327100711470;08;3;27;050;2017;05;08;3;3;3;2;1;0;0;0;0;0;0;485746,595800000010000;5313891,462200000000000;8,809004613000070;47,978169084000058
149829;08170516326200786470;08;3;26;074;2017;05;15;3;3;5;3;1;1;0;0;0;0;0;464718,116400000000000;5323221,535699999900000;8,526462205000030;48,061296215000027
149831;08170516325010805910;08;2;37;040;2017;05;06;3;2;6;4;0;1;1;0;0;0;0;469410,272999999990000;5365853,332000000400000;8,586354437000068;48,445077827000034
149832;08170516317300776870;08;3;17;065;2017;05;08;3;3;5;3;1;1;0;0;0;0;0;415543,459900000020000;5354412,632000000200000;7,860350439000058;48,337248440000053
149834;08170516316100777330;08;3;16;020;2017;05;17;3;3;4;2;1;1;0;0;0;0;0;408272,542499999980000;5338037,313199999700000;7,765811530000065;48,188943932000029
149836;08170516311500738610;08;3;15;068;2017;05;07;3;3;1;3;1;1;0;0;0;0;0;440365,813000000020000;5302280,068099999800000;8,202548041000057;47,871087344000046
149838;08170516311010744260;08;3;11;000;2017;05;14;3;3;5;2;1;0;0;0;1;0;0;409927,698099999980000;5316171,137299999600000;7,792689629000051;47,992493785000079
149842;08170516235010790650;08;2;31;000;2017;05;17;3;3;1;7;1;1;0;0;0;0;0;474843,170400000000000;5414268,332800000000000;8,656874791000064;48,880859050000026
149845;08170516226400723610;08;2;26;084;2017;05;18;3;3;4;6;1;0;0;0;0;0;0;469529,470099999980000;5469582,415199999700000;8,580220904000043;49,378180450000059
149846;08170516226200757230;08;2;26;032;2017;05;20;3;3;4;2;1;1;0;0;0;0;0;467104,379499999980000;5463018,454099999700000;8,547354554000037;49,319012870000051
149847;08170516222800742960;08;2;22;000;2017;05;18;3;3;1;7;0;1;1;0;0;0;0;463777,123000000020000;5485510,573300000300000;8,499519859000031;49,521132493000039
149848;08170516222700711790;08;2;22;000;2017;05;19;3;3;5;3;1;1;0;0;0;0;0;462906,193800000010000;5480888,559500000400000;8,487921005000032;49,479507237000064
149849;08170516222500787130;08;2;22;000;2017;05;16;3;2;5;3;1;1;0;0;0;0;0;463562,169999999980000;5477991,677000000100000;8,497243068000046;49,453490846000079
149850;08170516222200778650;08;2;22;000;2017;05;07;3;3;2;6;1;0;0;0;0;0;0;460725,076599999970000;5482279,288900000000000;8,457673967000062;49,491878880000058
149852;08170516221400781880;08;2;21;000;2017;05;17;3;3;4;3;1;1;0;0;0;0;0;475797,928399999980000;5470307,505500000000000;8,666532831000041;49,384983844000033
149853;08170516221400719300;08;2;21;000;2017;05;08;3;3;5;3;1;1;0;0;0;0;0;476836,232499999980000;5469574,731200000300000;8,680881505000059;49,378433005000034
149854;08170516215502691520;08;2;15;066;2017;05;18;3;2;6;7;1;0;1;0;0;0;0;459175,856600000000000;5456213,166600000100000;8,438957659000039;49,257322370000054
149856;08170516212502742070;08;2;12;000;2017;05;07;3;3;5;2;1;1;0;0;0;0;0;453864,428900000000000;5429549,867499999700000;8,369019413000046;49,017112406000081
149857;08170516212010804760;08;2;12;000;2017;05;16;3;3;5;3;1;0;0;0;1;0;0;452803,224099999990000;5428752,584499999900000;8,354599344000064;49,009860553000067
149858;08170516199200788970;08;1;18;079;2017;05;11;3;2;7;1;1;0;0;0;0;0;0;509646,135300000020000;5422882,226300000200000;9,131772673000057;48,958782646000031
149859;08170516136300723370;08;1;36;065;2017;05;20;3;3;0;1;1;0;0;0;0;1;0;556062,340800000010000;5404308,711000000100000;9,763268592000031;48,789246847000072
149861;08170516127010755960;08;1;27;014;2017;05;17;3;2;5;3;1;1;0;0;0;0;0;577131,018000000040000;5443930,999200000400000;10,057577578000064;49,143359394000072
149864;08170516121100732130;08;1;25;026;2017;05;15;3;3;4;6;1;0;0;0;1;0;0;492871,952600000020000;5442465,310600000400000;8,902281450000032;49,134977033000041
149867;08170516117010726260;08;1;17;019;2017;05;09;3;2;6;4;0;1;1;0;0;0;0;552420,028100000000000;5393917,400799999900000;9,712361699000041;48,696091359000036
149868;08170516117010726250;08;1;17;026;2017;05;13;3;3;6;4;0;1;1;0;0;0;0;547147,865400000010000;5394945,522900000200000;9,640838008000060;48,705760554000051
149870;08170516116200758370;08;1;16;077;2017;05;17;3;3;0;6;1;0;0;0;1;0;0;514680,178000000010000;5389503,701999999600000;9,199346887000047;48,658415001000037
149871;08170516116010730660;08;1;16;070;2017;05;17;3;3;5;7;0;1;1;0;0;0;0;539968,277299999960000;5385018,794900000100000;9,542298564000021;48,616963690000034
149872;08170516115400715000;08;1;15;029;2017;05;15;3;3;6;4;1;0;1;0;0;0;0;497612,038600000030000;5398595,000000000000000;8,967520424000043;48,740369028000032
149877;08170516111310762230;08;1;11;000;2017;05;16;3;2;5;3;1;1;0;0;0;0;0;516450,839800000020000;5406775,479799999900000;9,224080586000071;48,813747135000028
149879;08170515436200806450;08;4;36;064;2017;05;15;2;3;4;6;1;1;0;0;0;0;0;546166,143500000010000;5292678,274299999700000;9,616340664000063;47,785810201000061
149882;08170515435112702150;08;4;35;016;2017;05;14;2;3;0;7;1;0;0;0;0;0;0;530016,041600000000000;5282238,634300000000000;9,400015634000056;47,692836044000046
149884;08170515426010714020;08;4;21;000;2017;05;12;2;2;6;4;0;1;1;0;0;0;0;570794,067900000020000;5361056,821700000200000;9,956437115000028;48,398693997000066
149886;08170515416200699480;08;4;16;041;2017;05;09;2;3;0;7;1;0;0;0;0;0;0;505827,632099999990000;5375679,225800000100000;9,078941508000071;48,534191986000053
149888;08170515415400744810;08;4;15;061;2017;05;18;2;3;5;3;1;1;0;0;0;2;0;513426,987199999970000;5371657,722900000400000;9,181753055000058;48,497896609000065
149889;08170515336300781160;08;3;36;034;2017;05;15;2;3;9;1;1;0;0;0;0;0;0;417121,655299999980000;5278301,510400000000000;7,896341887000062;47,652799733000052
149890;08170515335200794390;08;3;35;063;2017;05;07;2;3;5;3;1;1;0;0;0;0;0;494961,180200000000000;5288829,769100000200000;8,932771937000041;47,752818133000062
149891;08170515335112798550;08;3;35;043;2017;05;07;2;3;3;6;1;0;0;0;0;0;0;512122,522899999980000;5281614,604899999700000;9,161537931000055;47,687804757000038
149896;08170515317000806910;08;3;17;039;2017;05;19;2;2;0;1;1;0;0;0;0;0;0;441596,582400000010000;5344820,250599999900000;8,213193941000043;48,253902401000062
149898;08170515311010784430;08;3;36;091;2017;05;06;2;3;5;3;1;0;0;1;0;0;0;395988,658899999980000;5274636,903500000000000;7,615869233000069;47,616784324000037
149899;08170515311010737640;08;3;11;000;2017;05;09;2;2;5;2;1;1;0;0;0;0;0;411919,552000000030000;5315177,492200000200000;7,819585948000054;47,983833132000029
149900;08170515311010707390;08;3;11;000;2017;05;17;2;3;5;2;1;1;0;0;0;0;0;412440,647400000020000;5315017,966799999600000;7,826600436000035;47,982469695000077
149902;08170515299200804120;08;2;12;000;2017;05;17;2;3;5;3;1;1;0;0;0;0;0;450645,745700000030000;5428297,810399999800000;8,325153907000072;49,005601084000034
149903;08170515299200804110;08;2;12;000;2017;05;06;2;3;5;2;1;0;0;1;0;0;0;451657,702400000010000;5428981,126400000400000;8,338908566000043;49,011827609000079
149904;08170515299200803160;08;2;12;000;2017;05;19;2;2;0;4;0;0;1;0;1;0;0;454911,845500000000000;5428802,978500000200000;8,383426673000031;49,010471525000071
149905;08170515235100798070;08;2;35;085;2017;05;11;2;2;0;7;1;0;0;0;0;0;0;477831,873199999970000;5396320,603099999900000;8,698607295000045;48,719518868000080
149906;08170515235010790570;08;2;31;000;2017;05;16;2;2;0;1;1;0;0;0;0;0;0;476223,868900000000000;5413982,457999999600000;8,675723053000070;48,878341915000078
149907;08170515235010755000;08;2;36;076;2017;05;09;2;3;0;2;1;1;0;0;0;0;0;471677,499399999970000;5423565,318599999900000;8,613052209000045;48,964353831000039
149908;08170515225200739880;08;2;25;039;2017;05;16;2;3;5;3;1;0;0;1;0;0;0;531344,216099999960000;5494488,899299999700000;9,433790221000038;49,602159795000034
149910;08170515222301781030;08;2;22;000;2017;05;19;2;3;0;7;1;0;0;0;0;0;0;464834,664500000010000;5484569,772800000400000;8,514214842000058;49,512732757000038
149913;08170515215102720540;08;2;15;109;2017;05;07;2;3;4;2;1;1;0;0;0;0;0;461018,111299999990000;5434444,467500000300000;8,466382255000042;49,061633644000040
149915;08170515136300723350;08;1;36;065;2017;05;18;2;2;0;1;1;0;0;0;0;0;0;559459,827200000060000;5406131,659199999600000;9,809783364000055;48,805328762000045
149919;08170515119200791630;08;1;19;020;2017;05;16;2;3;5;3;1;1;0;0;0;0;0;519560,173699999980000;5406683,221900000200000;9,266428684000061;48,812827093000067
149920;08170515117200718810;08;1;17;033;2017;05;17;2;3;0;6;1;0;0;0;1;0;0;558941,363900000000000;5387521,562699999700000;9,800063536000039;48,637977128000045
149922;08170515116010730630;08;1;16;019;2017;05;15;2;2;5;3;1;1;0;0;0;0;0;521940,095099999980000;5397957,811900000100000;9,298379604000047;48,734255140000073
149925;08170514436500786600;08;4;36;064;2017;05;15;1;3;5;3;1;1;0;0;0;0;0;545575,790400000060000;5292540,341699999800000;9,608445140000072;47,784611267000059
149926;08170514435010807190;08;4;35;036;2017;05;16;1;2;8;1;1;0;0;0;0;0;1;521025,707100000000000;5282041,355999999700000;9,280196175000071;47,691416134000065
149929;08170514326400725300;08;3;26;074;2017;05;16;1;3;0;1;1;0;0;0;0;0;0;458288,216499999980000;5323701,519299999800000;8,440120054000033;48,065226407000068
149931;08170514325202711320;08;3;25;009;2017;05;06;1;3;8;1;1;0;0;0;0;0;0;468016,655000000030000;5341422,727000000000000;8,569364847000031;48,225220941000032
149932;08170514325010805840;08;3;26;006;2017;05;10;1;2;2;6;1;0;0;0;0;0;0;458554,538500000020000;5308431,815899999800000;8,445169455000041;47,927865772000075
149933;08170514317500802230;08;3;17;034;2017;05;19;1;3;0;7;1;0;0;0;0;0;0;426807,924200000010000;5361794,984799999700000;8,011041704000036;48,405060085000059
149937;08170514311010737600;08;3;15;003;2017;05;16;1;3;0;3;1;1;0;0;0;0;0;412538,777999999990000;5311846,887000000100000;7,828560532000040;47,953958137000029
149938;08170514299200803150;08;2;12;000;2017;05;22;1;3;5;3;1;1;0;0;0;2;0;457893,762999999980000;5428222,902099999600000;8,424261851000040;49,005464333000077
149942;08170514136010706830;08;1;36;024;2017;05;14;1;2;2;6;1;0;0;0;0;0;0;566649,991599999950000;5411533,332800000000000;9,908572140000047;48,853186031000064
149943;08170514135200719950;08;1;35;019;2017;05;19;1;3;5;7;0;1;1;0;0;0;0;585416,486000000030000;5390422,639899999800000;10,159967437000034;48,661013862000061
149945;08170514121500707920;08;1;25;005;2017;05;11;1;3;8;1;1;0;0;0;0;0;0;514141,731399999990000;5453654,463000000500000;9,194262464000076;49,235505125000032
149946;08170514121300761890;08;1;21;000;2017;05;14;1;3;2;6;1;0;0;0;0;0;0;511477,167000000020000;5442735,754999999900000;9,157348231000071;49,137343927000074
149947;08170514121200716780;08;1;21;000;2017;05;14;1;3;1;5;1;1;0;0;0;0;0;516615,945899999990000;5443925,065299999900000;9,227847767000071;49,147924657000033
149948;08170514118400715600;08;1;18;048;2017;05;19;1;3;0;7;1;0;0;0;0;0;0;512805,972100000010000;5414995,168600000400000;9,174690345000045;48,887775698000041
149950;08170514118200771240;08;1;18;011;2017;05;15;1;3;5;2;1;0;0;0;0;0;0;503536,939100000020000;5409349,098899999600000;9,048199824000051;48,837106842000026
149951;08170514117200732410;08;1;17;024;2017;05;10;1;3;8;1;1;0;0;0;0;0;0;560813,214799999960000;5386620,999200000400000;9,825336977000063;48,629697047000036
149952;08170514117010726230;08;1;35;032;2017;05;17;1;2;0;1;1;0;0;0;0;0;0;572467,488600000040000;5391531,229100000100000;9,984341990000075;48,672621855000045
149955;08170514111210713210;08;1;11;000;2017;05;11;1;3;1;5;1;1;0;0;0;0;0;508616,952800000030000;5397536,356200000300000;9,117180214000030;48,730790432000049
149956;08170513436400766710;08;4;36;082;2017;05;10;7;3;6;4;0;1;1;0;0;0;0;548168,569800000060000;5295517,995799999700000;9,643387693000022;47,811212343000079
149957;08170513435100746040;08;4;35;016;2017;05;16;7;3;0;7;1;0;0;0;0;0;0;532961,735400000010000;5278912,488099999700000;9,439019837000046;47,662765714000045
149959;08170513426010765220;08;4;21;000;2017;05;22;7;3;6;2;0;1;1;0;0;2;1;572655,364399999960000;5360695,424800000200000;9,981517145000055;48,395231381000031
149960;08170513426010765210;08;4;26;021;2017;05;10;7;2;5;3;1;0;0;0;1;0;0;559015,623600000050000;5327299,508500000500000;9,792619657000046;48,096228251000070
149961;08170513421212731060;08;4;25;072;2017;05;08;7;3;4;1;1;1;0;0;0;0;0;582223,363999999940000;5371467,479500000400000;10,112864385000023;48,490948678000052
149962;08170513416010767030;08;4;16;041;2017;05;19;7;2;5;3;1;1;0;0;0;1;1;503858,455499999980000;5374840,883899999800000;9,052259159000073;48,526665169000069
149963;08170513336100795330;08;3;36;084;2017;05;12;7;2;6;7;0;1;1;0;0;0;0;405476,480600000010000;5277681,078800000300000;7,741438040000048;47,645622260000039
149964;08170513336100740520;08;3;36;050;2017;05;12;7;3;5;3;1;1;0;0;0;0;0;399607,391400000020000;5274143,529600000000000;7,664124825000044;47,612917115000073
149965;08170513335100761060;08;3;35;043;2017;05;04;7;3;0;1;1;0;0;0;0;2;0;513031,499000000010000;5279349,700000000200000;9,173582777000036;47,667408236000028
149969;08170513317500802210;08;3;17;096;2017;05;13;7;3;5;3;1;1;0;0;0;0;0;421201,815899999990000;5369406,800800000300000;7,933874235000076;48,472851980000030
149970;08170513316100753900;08;3;16;017;2017;05;15;7;3;0;4;1;0;1;0;0;0;0;409361,150900000010000;5340993,900999999600000;7,779823717000056;48,215694230000054
149971;08170513311400780610;08;3;15;006;2017;05;17;7;3;6;7;1;0;1;0;0;0;0;402813,005899999990000;5307712,124200000400000;7,699261632000059;47,915363761000037
149972;08170513311200767620;08;3;11;000;2017;05;09;7;3;6;4;0;0;1;0;1;0;0;415042,142700000030000;5319873,712100000100000;7,860494567000046;48,026499883000042
149973;08170513311100687870;08;3;15;132;2017;05;10;7;3;0;1;1;0;0;0;0;0;0;409326,889099999970000;5324201,054999999700000;7,782938728000033;48,064638887000058
149974;08170513311010777920;08;3;11;000;2017;05;17;7;3;1;5;1;1;0;0;0;0;0;413569,294999999980000;5316823,727199999600000;7,841358849000073;47,998866660000033
149976;08170513311010743290;08;3;11;000;2017;05;10;7;2;1;7;1;1;0;0;0;0;0;414465,462400000020000;5317807,632600000100000;7,853173668000068;48,007837792000032
149977;08170513311010743280;08;3;11;000;2017;05;19;7;3;0;1;1;0;0;0;0;0;0;410737,625000000000000;5322501,042000000400000;7,802224816000035;48,049546042000031
149978;08170513299200803110;08;2;12;000;2017;05;17;7;2;0;1;1;0;0;0;0;0;0;455390,342300000020000;5427055,422000000300000;8,390161621000061;48,994786854000040
149980;08170513231202751890;08;2;36;071;2017;05;18;7;2;6;7;0;1;1;0;0;0;0;468456,071200000010000;5421756,858900000300000;8,569181751000031;48,947929940000051
149981;08170513226400723600;08;2;26;084;2017;05;09;7;3;0;7;1;0;0;0;0;0;1;469360,791700000000000;5470353,294200000400000;8,577837766000073;49,385105872000054
149985;08170513212402697880;08;2;12;000;2017;05;10;7;3;5;3;1;1;0;0;0;0;0;455823,381899999980000;5425853,073900000200000;8,396211863000076;48,984002710000027
149987;08170513136100775800;08;1;36;088;2017;05;12;7;3;6;7;0;1;1;0;0;0;0;580334,566600000020000;5410109,245099999900000;10,094808293000028;48,838756687000057
149988;08170513135010782540;08;1;35;031;2017;05;09;7;2;1;1;1;1;0;0;0;0;0;595402,001999999980000;5379123,607699999600000;10,292940460000068;48,557945989000075
149991;08170513118300754540;08;1;18;046;2017;05;10;7;3;5;3;1;1;0;0;0;0;0;513691,881500000020000;5411481,141900000200000;9,186657623000031;48,856145384000058
149992;08170513117200754330;08;1;17;025;2017;05;11;7;3;0;7;1;1;0;0;0;0;0;557693,411700000060000;5389842,895700000200000;9,783449059000077;48,658974689000047
149994;08170513111500752710;08;1;11;000;2017;05;13;7;3;6;6;1;0;1;0;0;0;0;511165,283200000010000;5406318,344700000200000;9,152072722000071;48,809752268000068
149995;08170512436400766680;08;4;36;082;2017;05;18;6;3;0;7;1;0;0;0;0;0;0;548135,156300000030000;5295255,272099999700000;9,642912243000069;47,808851139000069
150003;08170512337100773720;08;3;37;096;2017;05;17;6;3;5;2;1;1;0;0;0;0;0;418352,464600000010000;5268246,086699999900000;7,914602334000051;47,562495756000033
150004;08170512336300687320;08;3;36;057;2017;05;11;6;2;0;7;1;0;0;0;0;0;0;408052,732499999980000;5277636,799399999900000;7,775741441000037;47,645595064000076
150005;08170512336200698800;08;3;36;069;2017;05;20;6;3;6;7;0;1;1;0;0;1;0;409641,097000000010000;5269514,304899999900000;7,798560112000075;47,572750278000058
150006;08170512335100761050;08;3;35;043;2017;05;20;6;3;0;1;1;0;0;0;0;0;1;513379,302700000000000;5278329,280700000000000;9,178184339000040;47,658219733000067
150007;08170512335100713720;08;3;35;043;2017;05;20;6;3;3;6;1;0;0;1;0;1;0;511135,135400000030000;5281454,656299999900000;9,148376526000050;47,686383364000051
150008;08170512335010807470;08;4;36;006;2017;05;09;6;2;0;1;1;0;0;0;0;0;0;556777,626799999970000;5283900,731100000400000;9,756851871000038;47,705992320000064
150009;08170512311010784390;08;3;36;084;2017;05;08;6;2;6;7;0;1;1;0;0;0;0;405367,535399999990000;5277351,715599999800000;7,740059075000033;47,642643530000043
150010;08170512311010784370;08;3;36;050;2017;05;17;6;3;6;4;0;1;1;0;0;0;0;400590,682600000000000;5273841,839100000400000;7,677273829000058;47,610354891000043
150011;08170512311010743250;08;3;11;000;2017;05;13;6;3;2;6;1;1;0;0;0;0;0;414206,895200000030000;5315383,393899999600000;7,850192264000043;47,985996192000073
150012;08170512311010695970;08;3;11;000;2017;05;23;6;2;0;7;1;0;0;0;0;2;0;410015,612299999980000;5316466,479700000000000;7,793805820000046;47,995162827000058
150013;08170512311010695960;08;3;11;000;2017;05;07;6;1;5;2;1;0;0;0;1;0;0;413113,473300000010000;5320137,886500000000000;7,834578007000062;48,028616739000029
150014;08170512299200804100;08;2;12;000;2017;05;16;6;2;0;1;1;0;0;0;0;0;0;455528,248900000010000;5428762,469200000200000;8,391859829000055;49,010151872000051
150019;08170512222500787070;08;2;22;000;2017;05;09;6;2;9;1;0;1;1;0;0;0;1;463397,684000000010000;5478026,961000000100000;8,494970378000062;49,453798322000068
150021;08170512222200801180;08;2;22;000;2017;05;17;6;3;1;2;1;1;0;0;0;0;0;461449,932800000010000;5481842,777599999700000;8,467725225000038;49,487999184000046
150023;08170512221000808540;08;2;26;018;2017;05;17;6;3;0;4;0;0;1;0;1;0;0;473381,277899999990000;5472098,641200000400000;8,633115832000044;49,400993949000053
150028;08170512212202710650;08;2;12;000;2017;05;00;6;3;1;7;1;1;0;0;0;2;0;457541,750899999980000;5428717,046699999800000;8,419397205000053;49,009885117000067