OBJECTID;UIDENTSTLA;ULAND;UREGBEZ;UKREIS;UGEMEINDE;UJAHR;UMONAT;USTUNDE;UWOCHENTAG;UKATEGORIE;UART;UTYP1;IstRad;IstPKW;IstFuss;IstKrad;IstSonstig;LICHT;STRZUSTAND;LINREFX;LINREFY;XGCSWGS84;YGCSWGS84
150031;08170512115100708100;08;1;15;003;2017;05;22;6;3;5;3;1;1;0;0;0;2;0;500049,617000000030000;5392173,105000000400000;9,000674088000039;48,682601792000071
150034;08170512117010726220;08;4;21;000;2017;05;23;6;3;6;3;0;1;1;0;0;2;1;572652,469099999990000;5360702,374599999700000;9,981479240000056;48,395294230000047
150035;08170512116400786910;08;1;16;033;2017;05;00;6;2;0;1;1;0;0;0;0;2;1;533378,052999999960000;5388584,122100000300000;9,453171271000031;48,649423371000069
150036;08170512118300780300;08;1;18;046;2017;05;09;6;3;0;7;1;1;0;0;0;0;0;514094,157400000030000;5411477,785000000100000;9,192141591000052;48,856106177000072
150037;08170522212402698030;08;2;12;000;2017;05;12;2;3;4;6;1;1;0;0;0;0;0;457085,135899999990000;5427370,010099999600000;8,413295844000061;48,997736750000058
150038;08170522212102847880;08;2;12;000;2017;05;15;2;3;1;5;1;1;0;0;0;0;0;461140,690699999980000;5427233,033200000400000;8,468751234000024;48,996773218000044
150044;08170522126010763510;08;1;26;066;2017;05;16;2;2;6;4;0;1;1;0;0;0;0;536604,780400000050000;5450125,133100000200000;9,502502794000066;49,202828086000068
150045;08170522121200797030;08;1;21;000;2017;05;16;2;3;5;3;1;1;0;0;0;0;0;515673,512999999980000;5444446,268500000200000;9,214944944000024;49,152637822000031
150049;08170522118400747520;08;1;18;048;2017;05;08;2;3;5;2;1;0;0;0;0;0;0;513502,331300000020000;5415702,092799999800000;9,184212914000057;48,894120224000062
150051;08170522118200795490;08;1;18;019;2017;05;18;2;3;0;7;1;0;0;0;0;0;0;504358,321600000020000;5404678,629200000300000;9,059343639000076;48,795086540000057
150052;08170522221300769080;08;2;26;012;2017;05;12;2;3;3;6;1;0;0;0;1;0;0;475856,705299999970000;5477812,839399999900000;8,666886050000073;49,452495222000039
150053;08170522117010726330;08;4;25;071;2017;05;17;2;3;5;3;1;1;0;0;0;0;0;555010,817200000050000;5371473,280399999600000;9,744593273000021;48,493972477000057
150054;08170522221000808320;08;2;26;036;2017;05;07;2;3;6;6;0;0;1;0;1;0;0;468634,273700000020000;5480812,136099999800000;8,567000460000031;49,479142860000081
150057;08170522212702772340;08;2;15;017;2017;05;12;2;3;5;2;1;1;0;0;0;0;0;455701,972000000010000;5421678,538999999900000;8,395007011000075;48,946443369000065
150060;08170522116010730760;08;1;16;071;2017;05;12;2;3;0;7;1;1;0;0;0;0;0;528482,964000000040000;5390767,118800000300000;9,386862985000050;48,669303781000053
150061;08170522115400715030;08;1;15;045;2017;05;07;2;3;0;7;1;1;0;0;0;0;0;500782,855600000010000;5395081,021099999500000;9,010641248000070;48,708761189000029
150063;08170522115300745270;08;1;15;028;2017;05;14;2;3;5;2;1;1;0;0;0;0;0;500977,009199999970000;5404982,337299999800000;9,013303847000032;48,797833187000037
150064;08170522115100773650;08;1;15;024;2017;05;09;2;3;0;7;1;0;0;0;0;0;0;500664,792599999990000;5388176,207200000100000;9,009025331000032;48,646644778000052
150066;08170522111250788520;08;1;11;000;2017;05;02;2;3;0;1;1;0;0;0;0;2;0;514745,445799999990000;5404044,523500000100000;9,200753119000069;48,789222614000039
150067;08170521437113883190;08;4;37;124;2017;05;10;1;3;0;7;1;0;0;0;1;0;0;517780,118900000000000;5300963,039599999800000;9,237719449000053;47,861760720000063
150069;08170521426010714070;08;3;17;011;2017;05;15;1;2;0;7;1;0;0;0;0;0;0;561944,547299999980000;5326533,876400000400000;9,831841779000058;48,089062514000034
150070;08170521416010767180;08;4;16;041;2017;05;17;1;3;0;6;1;0;0;0;0;0;0;503917,984999999990000;5372052,815999999600000;9,053039243000058;48,501582296000038
150071;08170521335010807870;08;3;35;066;2017;05;18;1;2;5;1;1;1;0;0;0;0;0;505439,554799999980000;5281710,950699999900000;9,072485772000050;47,688762456000063
150073;08170521327100749450;08;3;27;050;2017;05;12;1;3;0;1;1;0;0;0;0;0;0;487759,858699999980000;5313276,374400000100000;8,835999705000063;47,972676712000066
150074;08170521325010805970;08;3;25;049;2017;05;22;1;2;6;2;0;1;1;0;0;2;0;472879,507999999970000;5334335,588100000300000;8,635291289000065;48,161686664000058
150075;08170521317300723210;08;3;17;073;2017;05;11;1;3;5;3;1;1;0;0;0;0;0;411841,205100000020000;5349131,948699999600000;7,811507204000066;48,289244231000055
150078;08170521311400700370;08;3;15;074;2017;05;13;1;3;5;3;1;1;0;0;0;0;0;396424,737800000000000;5295874,765499999700000;7,616623072000039;47,807889260000081
150080;08170521311010696050;08;3;11;000;2017;05;15;1;3;4;1;1;1;0;0;0;0;0;414012,252800000020000;5316135,649199999900000;7,847433515000034;47,992736877000027
150082;08170521215202721650;08;2;15;100;2017;05;21;1;2;0;1;1;0;0;0;0;1;0;473785,349800000030000;5450069,389100000300000;8,640130848000069;49,202859126000078
150083;08170521212402698020;08;2;12;000;2017;05;16;1;3;0;7;1;0;0;0;0;0;0;455618,728599999970000;5426857,767300000400000;8,393305193000060;48,993025385000067
150086;08170521136300712620;08;1;36;065;2017;05;14;1;3;3;6;1;0;0;0;1;0;0;559486,217300000020000;5406644,162499999600000;9,810217003000048;48,809936213000071
150087;08170521121500732670;08;1;25;069;2017;05;18;1;3;1;7;0;1;1;0;0;0;0;521943,439499999980000;5456421,972099999900000;9,301583456000060;49,260169231000077
150088;08170521118400747480;08;1;18;048;2017;05;13;1;3;0;7;1;0;0;0;0;0;0;513436,559799999990000;5414993,562900000300000;9,183292295000058;48,887747902000058
150089;08170521116010810860;08;1;16;033;2017;05;12;1;3;5;2;1;1;0;0;0;0;0;533915,549899999980000;5388103,346900000200000;9,460429206000072;48,645069435000039
150090;08170521116010730720;08;1;16;033;2017;05;17;1;2;6;2;0;1;1;0;0;0;0;533446,383500000000000;5388498,814799999800000;9,454092068000023;48,648652303000063
150091;08170521111500737330;08;1;11;000;2017;05;18;1;3;0;7;1;1;0;0;0;0;0;516414,537799999990000;5408000,741899999800000;9,223635140000056;48,824770346000037
150092;08170521111500733580;08;1;11;000;2017;05;10;1;3;5;2;1;1;0;0;0;0;0;513522,128399999990000;5402233,217799999800000;9,184038672000042;48,772956069000031
150094;08170520426113796240;08;4;26;087;2017;05;19;7;3;5;3;1;1;0;0;0;0;0;570073,185399999960000;5324842,105000000400000;9,940707840000073;48,073001639000040
150099;08170520335200794440;08;3;35;063;2017;05;10;7;3;0;7;1;0;0;0;0;0;0;498279,767999999980000;5287433,638000000300000;8,977054135000060;47,740273719000072
150100;08170520335200794430;08;3;35;063;2017;05;09;7;3;7;1;1;0;0;0;0;0;0;498938,056500000010000;5286612,617399999900000;8,985836930000062;47,732887922000032
150101;08170520335100852360;08;3;35;043;2017;05;08;7;3;5;7;1;0;0;0;1;0;0;513257,782799999990000;5278281,854899999700000;9,176564517000031;47,657795513000053
150103;08170520335010807570;08;4;36;095;2017;05;21;7;2;6;4;0;1;1;0;0;0;0;538431,441200000000000;5291781,599700000100000;9,513003923000042;47,778250678000063
150105;08170520317500753300;08;3;17;096;2017;05;16;7;3;5;2;1;1;0;0;0;0;0;422351,903999999980000;5368854,071999999700000;7,949534619000076;48,468023294000034
150106;08170520317200748530;08;3;17;057;2017;05;13;7;3;5;3;1;1;0;0;0;0;0;413288,698299999990000;5379423,567200000400000;7,824751076000041;48,561906210000075
150108;08170520311010778030;08;3;15;098;2017;05;01;7;3;5;4;0;0;1;0;1;2;0;403884,017400000010000;5312553,657399999900000;7,712511239000037;47,959074865000048
150110;08170520311010707400;08;3;11;000;2017;05;15;7;3;6;7;0;0;1;1;0;0;0;412854,250600000030000;5316833,269500000400000;7,831773485000042;47,998855424000055
150113;08170520299200803270;08;2;12;000;2017;05;11;7;3;6;3;0;1;1;0;0;0;0;460425,278999999980000;5426975,637699999800000;8,458996309000042;48,994412442000055
150117;08170520215402728710;08;2;15;009;2017;05;14;7;3;6;4;0;0;1;0;1;0;0;470545,859500000020000;5441078,630500000000000;8,596318801000052;49,121838892000028
150118;08170520136100696340;08;1;36;033;2017;05;12;7;3;5;3;1;0;0;1;0;0;0;580763,650299999980000;5416826,371299999800000;10,101980800000035;48,899115910000035
150119;08170520121400882330;08;1;25;017;2017;05;16;7;3;0;3;1;1;0;0;0;0;0;502774,578600000010000;5432426,038400000000000;9,037967856000023;49,044704109000065
150120;08170520121300739830;08;1;21;000;2017;05;17;7;3;5;7;1;1;0;0;0;0;0;514322,274399999990000;5445141,289599999800000;9,196439038000051;49,158922766000046
150123;08170520116400741360;08;1;16;033;2017;05;19;7;3;5;3;1;1;0;0;0;1;0;535642,344000000040000;5387541,870000000100000;9,483822576000023;48,639922380000030
150126;08170520111500794940;08;1;11;000;2017;05;20;7;3;5;3;1;1;0;0;0;0;0;515422,399600000000000;5408107,264700000200000;9,210122144000025;48,825754036000035
150128;08170520111500722620;08;1;11;000;2017;05;15;7;3;3;6;1;1;0;0;0;0;0;516951,718400000010000;5406987,283300000200000;9,230911859000059;48,815639020000049
150130;08170519426200716240;08;4;26;070;2017;05;11;6;3;0;1;1;0;0;0;0;0;0;565592,736599999950000;5342186,172600000200000;9,883240627000021;48,229503471000044
150131;08170519426010765280;08;4;21;000;2017;05;13;6;2;4;2;1;0;0;1;0;0;0;570767,944800000060000;5361548,908699999600000;9,956167202000074;48,403123401000073
150132;08170519426010765270;08;4;21;000;2017;05;20;6;2;0;1;1;0;0;0;0;2;1;572176,364999999990000;5361156,510400000000000;9,975126483000054;48,399433980000026
150133;08170519335100731740;08;3;35;043;2017;05;07;6;3;5;3;1;0;0;0;0;0;0;512998,113799999990000;5279262,818300000400000;9,173135494000064;47,666627175000031
150134;08170519335100731730;08;3;35;043;2017;05;16;6;3;5;3;1;0;0;1;0;0;0;513336,759900000000000;5278793,530299999800000;9,177631929000029;47,662397781000038
150135;08170519335010807550;08;4;36;049;2017;05;14;6;3;5;3;1;1;0;0;0;0;1;578082,915200000050000;5282998,552299999600000;10,040650342000049;47,695651806000058
150137;08170519326200706510;08;3;26;074;2017;05;08;6;3;0;7;1;1;0;0;0;0;1;465559,715700000000000;5323812,280199999900000;8,537709804000031;48,066657016000079
150138;08170519326100740430;08;3;26;012;2017;05;12;6;3;6;3;0;1;1;0;0;0;0;462517,152599999970000;5311694,048200000100000;8,497930638000071;47,957459878000066
150140;08170519317500802260;08;3;17;096;2017;05;20;6;3;5;2;1;1;0;0;0;0;0;420524,966200000020000;5369196,920800000400000;7,924758140000051;48,470878955000046
150144;08170519316100753940;08;3;16;020;2017;05;07;6;3;1;5;1;1;0;0;0;0;1;408650,169400000010000;5338821,797700000000000;7,770722478000039;48,196054653000033
150146;08170519311010778020;08;3;11;000;2017;05;07;6;3;5;3;1;1;0;0;0;0;1;414769,625999999990000;5317613,428500000400000;7,857289572000070;48,006131488000051
150147;08170519311010778010;08;3;11;000;2017;05;07;6;3;2;6;1;1;0;0;0;0;1;414704,308200000030000;5316745,709300000200000;7,856586544000038;47,998317302000032
150148;08170519311010737680;08;3;11;000;2017;05;11;6;3;5;2;1;1;0;0;0;0;1;414731,738300000030000;5315684,215499999900000;7,857165065000061;47,988772395000069
150152;08170519235200693050;08;2;35;046;2017;05;18;6;3;0;1;1;0;0;0;0;0;1;478875,271100000010000;5376740,397599999800000;8,713790866000068;48,543409969000038
150155;08170519222500767970;08;2;22;000;2017;05;14;6;3;6;4;0;1;1;0;0;0;1;465697,799999999990000;5475806,872000000400000;8,526897798000050;49,433963698000071
150158;08170519222014792330;08;2;22;000;2017;05;06;6;3;6;7;1;0;1;0;0;0;1;461468,652899999990000;5482029,310700000300000;8,467965506000041;49,489678138000045
150159;08170519221000808310;08;2;21;000;2017;05;14;6;3;4;6;1;0;0;0;0;0;1;478114,724999999980000;5473292,438000000100000;8,698289788000068;49,411920580000071
150160;08170519221000808300;08;2;21;000;2017;05;09;6;3;5;2;1;1;0;0;0;0;0;476452,449599999990000;5473488,161899999700000;8,675362437000047;49,413619020000056
150162;08170519215302769970;08;2;15;007;2017;05;13;6;3;6;4;0;1;1;0;0;0;1;476745,322999999970000;5431352,703999999900000;8,681842745000040;49,034616548000031
150163;08170519212502742150;08;2;12;000;2017;05;16;6;3;5;3;1;1;0;0;0;0;0;453746,761300000010000;5429608,197100000500000;8,367403566000064;49,017628272000081
150165;08170519136100696330;08;1;36;088;2017;05;19;6;3;6;2;0;1;1;0;0;0;1;580179,514500000050000;5410221,609299999700000;10,092717614000037;48,839787362000038
150166;08170519127210731610;08;1;27;075;2017;05;12;6;2;0;1;1;0;0;0;0;0;0;571169,653100000000000;5465921,571399999800000;9,979757065000058;49,341860629000053
150167;08170519127202733950;08;1;27;014;2017;05;11;6;2;5;2;1;1;0;0;0;0;0;579158,945399999970000;5443664,156700000200000;10,085325809000039;49,140701466000053
150168;08170519126200694760;08;1;26;066;2017;05;07;6;3;8;7;1;1;0;0;0;0;1;537229,714799999960000;5449249,993700000500000;9,511000302000070;49,194918613000027
150170;08170519126010763460;08;1;21;000;2017;05;07;6;2;6;4;0;1;1;0;0;0;1;516709,955599999990000;5442256,447399999900000;9,229067687000054;49,132912346000069
150171;08170519119400714580;08;1;19;091;2017;05;16;6;3;5;3;1;1;0;0;0;0;1;528486,136999999990000;5406327,409400000200000;9,387981874000047;48,809281202000079
150175;08170519116500725490;08;1;16;071;2017;05;19;6;3;0;1;1;0;0;0;0;0;1;526916,396399999970000;5391159,479500000400000;9,365611460000025;48,672902927000052
150176;08170519116010730700;08;1;16;033;2017;05;13;6;2;0;7;1;1;0;0;0;0;1;534928,891500000030000;5387611,739600000000000;9,474144144000036;48,640591190000066
150180;08170519115100708190;08;1;15;003;2017;05;08;6;2;6;7;0;0;1;0;1;0;1;500264,262700000020000;5392814,229899999700000;9,003590636000070;48,688369369000043
150181;08170519111500794920;08;1;11;000;2017;05;12;6;3;6;4;0;1;1;0;0;0;1;517027,884199999970000;5398787,641699999600000;9,231609754000033;48,741873865000059
150182;08170519111500794910;08;1;11;000;2017;05;11;6;3;5;3;1;1;0;0;0;0;1;518523,413999999990000;5402879,133999999600000;9,252135597000063;48,778637864000075
150186;08170518426010714060;08;4;25;033;2017;05;09;5;2;5;3;1;1;0;0;0;0;0;553522,243000000020000;5348346,372100000300000;9,721499345000041;48,286054690000071
150189;08170518416213709060;08;4;16;025;2017;05;14;5;3;5;3;1;1;0;0;0;0;0;503642,542599999990000;5361250,511099999800000;9,049216465000029;48,404401324000048
150191;08170518335100761110;08;3;35;043;2017;05;20;5;3;4;6;1;0;0;0;0;0;0;512032,237199999970000;5280355,207999999600000;9,160300122000024;47,676474829000028
150192;08170518335100713770;08;3;35;043;2017;05;16;5;3;0;1;1;0;0;0;0;0;0;513365,840000000030000;5278253,100300000000000;9,178002715000048;47,657534564000059
150195;08170518317114720120;08;3;17;067;2017;05;07;5;2;9;1;1;0;0;0;0;0;0;434599,293999999990000;5375073,474000000400000;8,114227273000040;48,525361794000048
150196;08170518317100725110;08;3;17;001;2017;05;11;5;3;5;3;1;1;0;0;0;0;0;432046,014000000020000;5386620,865799999800000;8,077763249000043;48,628960670000026
150197;08170518317100725100;08;3;17;001;2017;05;11;5;3;1;5;1;1;0;0;0;0;0;432317,556099999990000;5389983,465599999800000;8,080898516000048;48,659236758000077
150198;08170518311400780670;08;3;15;006;2017;05;13;5;3;5;3;1;1;0;0;0;0;0;403149,838800000030000;5307121,107300000300000;7,703901345000077;47,910098520000076
150199;08170518311400780640;08;3;15;076;2017;05;16;5;3;5;5;0;1;1;0;0;0;0;392740,770900000000000;5296438,133100000200000;7,567295329000046;47,812353144000042
150201;08170518311010784470;08;3;36;050;2017;05;16;5;3;6;4;0;1;1;1;0;0;0;400299,178699999990000;5275303,020899999900000;7,673063628000023;47,623453986000072
150202;08170518311010777980;08;3;11;000;2017;05;16;5;3;2;7;0;1;1;0;0;0;0;414201,612199999970000;5316362,155199999900000;7,849925848000055;47,994799821000072
150203;08170518311010777970;08;3;11;000;2017;05;15;5;3;3;6;1;0;0;0;0;0;0;411360,510000000010000;5317009,848000000200000;7,811717188000046;48,000238427000056
150204;08170518311010743380;08;3;11;000;2017;05;14;5;3;5;3;1;1;0;0;0;0;0;414108,909300000000000;5316210,705099999900000;7,848713792000069;47,993425024000032
150206;08170518235010755080;08;2;31;000;2017;05;17;5;2;0;1;1;0;0;0;0;0;1;476401,489599999970000;5415040,993200000400000;8,678084430000070;48,887870922000047
150208;08170518226500795220;08;2;26;085;2017;05;19;5;3;6;6;1;0;1;0;0;0;0;491131,319100000020000;5455306,755400000100000;8,878135707000070;49,250466948000053
150210;08170518226400723640;08;2;26;084;2017;05;07;5;3;5;3;1;1;0;0;0;0;0;468245,516200000010000;5472185,507199999900000;8,562325005000048;49,401529017000030
150211;08170518225100709390;08;2;25;058;2017;05;14;5;3;5;3;1;1;0;0;0;0;0;510731,910099999980000;5466908,832600000300000;9,147778540000047;49,354799098000058
150212;08170518222200758500;08;2;22;000;2017;05;18;5;3;6;2;0;1;1;0;0;0;0;461230,994400000030000;5481623,668700000300000;8,464723889000027;49,486014470000043
150213;08170518222014792320;08;2;22;000;2017;05;15;5;3;5;3;1;1;0;0;0;0;0;461884,516999999990000;5479421,512000000100000;8,473958733000075;49,466248588000042
150214;08170518222014698700;08;2;22;000;2017;05;07;5;2;5;3;1;1;0;0;0;0;0;465044,454800000010000;5484126,184799999900000;8,517152117000023;49,508755038000061
150215;08170518221000808290;08;2;26;056;2017;05;07;5;3;1;7;1;1;0;0;0;0;0;485354,653799999970000;5470950,321600000400000;8,798184926000033;49,391070749000050
150216;08170518221000808270;08;2;21;000;2017;05;11;5;3;1;7;1;1;0;0;0;0;0;477704,981900000010000;5472238,374800000300000;8,692700339000055;49,402424564000057
150218;08170518216100798710;08;2;16;043;2017;05;18;5;3;5;3;1;1;0;0;0;0;0;441494,813299999980000;5412500,320500000400000;8,202307538000071;48,862705497000036
150219;08170518215502691550;08;2;15;106;2017;05;16;5;3;5;3;1;1;0;0;0;0;0;464877,799300000010000;5452699,372700000200000;8,517623712000045;49,226070023000034
150221;08170518212402697980;08;2;12;000;2017;05;13;5;3;0;1;1;0;0;0;0;0;1;456417,878000000030000;5427311,984000000200000;8,404180266000026;48,997168052000063
150222;08170518212302710170;08;2;12;000;2017;05;15;5;3;1;5;1;1;0;0;0;0;0;455791,170400000000000;5428477,551900000300000;8,395486033000054;49,007607905000043
150223;08170518212202710770;08;2;12;000;2017;05;17;5;3;5;3;1;1;0;0;0;0;0;457762,781100000020000;5428841,269999999600000;8,422406634000026;49,011017692000053
150224;08170518212102727300;08;2;12;000;2017;05;18;5;3;5;3;1;1;0;0;0;0;0;460819,101399999990000;5427017,903400000200000;8,464375709000024;48,994817750000038
150227;08170518128010759590;08;1;28;064;2017;05;13;5;2;6;4;0;1;1;0;0;0;0;537384,069099999960000;5501990,819000000100000;9,518091141000070;49,669290558000057
150228;08170518127010755970;08;1;27;014;2017;05;17;5;2;0;3;1;1;0;0;0;0;0;572582,966600000040000;5446697,649000000200000;9,995726108000042;49,168796972000052
150230;08170518121600733230;08;1;25;001;2017;05;19;5;3;3;2;1;0;0;0;0;0;0;521493,344600000010000;5435173,456600000200000;9,294262828000058;49,069049728000039
150232;08170518119400769490;08;1;19;091;2017;05;17;5;2;6;4;0;1;1;0;0;0;0;527175,374300000020000;5406559,678799999900000;9,370145032000039;48,811429337000050
150233;08170518118500782760;08;1;18;049;2017;05;07;5;3;6;2;0;1;1;0;0;0;0;519814,956000000010000;5421012,005400000100000;9,270593379000047;48,941716584000062
150235;08170518118100796580;08;1;18;007;2017;05;11;5;3;2;6;1;0;0;0;1;0;0;510342,613200000020000;5427368,940800000000000;9,141401121000058;48,999132174000067
150239;08170518116010688410;08;1;16;033;2017;05;06;5;3;2;6;1;1;0;0;0;0;0;532930,201600000030000;5388129,231700000400000;9,447054848000050;48,645354986000029
150240;08170518116010688400;08;1;16;019;2017;05;21;5;3;5;3;1;1;0;0;0;1;1;521496,132300000000000;5398239,568599999900000;9,292356605000066;48,736805274000062
150243;08170518111250743720;08;1;11;000;2017;05;12;5;3;6;7;0;1;1;0;0;0;0;516559,950900000000000;5404293,979100000100000;9,225466717000074;48,791421012000058
150245;08170517436400766740;08;4;36;082;2017;05;12;4;3;5;3;1;1;0;0;0;0;0;547511,983400000030000;5296197,734699999900000;9,634692749000067;47,817376720000027
150246;08170517435200688000;08;4;35;005;2017;05;19;4;3;3;2;1;0;0;0;0;0;0;525599,179400000020000;5286367,266400000100000;9,341397008000058;47,730173431000026
150247;08170517416200711620;08;4;16;041;2017;05;10;4;3;1;5;1;1;0;0;0;0;0;504076,710000000020000;5374274,748999999800000;9,055209674000025;48,521570636000035
150249;08170517416010767140;08;4;16;041;2017;05;13;4;3;5;3;1;1;0;0;0;0;0;504050,669999999980000;5372650,600100000400000;9,054841251000028;48,506959353000070
150252;08170517335300757920;08;3;35;075;2017;05;13;4;3;7;7;1;0;1;0;0;0;0;487853,703099999980000;5289452,272099999700000;8,837926681000056;47,758324407000032
150254;08170517335100693930;08;3;35;043;2017;05;14;4;3;0;1;1;0;0;0;0;0;0;513238,159099999990000;5279663,915000000000000;9,176345050000066;47,670231241000067
150255;08170517335100693910;08;3;35;043;2017;05;19;4;3;2;2;1;1;0;0;0;0;0;514401,579600000000000;5282321,741200000000000;9,191930542000023;47,694120532000056
150256;08170517327200701780;08;3;27;005;2017;05;14;4;3;5;1;1;0;0;0;1;0;0;482320,004599999990000;5323677,064700000000000;8,762684959000069;48,066125363000026
150257;08170517327100718240;08;3;27;050;2017;05;17;4;3;5;3;1;0;0;0;0;0;0;486670,989300000020000;5315269,710500000000000;8,821348622000073;47,990589344000057
150258;08170517326200759100;08;3;26;074;2017;05;12;4;3;6;4;0;0;1;0;1;0;1;465702,602599999980000;5323162,963299999900000;8,539679792000072;48,060822945000041
150259;08170517317500718640;08;3;17;096;2017;05;16;4;3;5;3;1;1;0;0;0;0;0;421484,843999999980000;5367825,365500000300000;7,937999725000054;48,458662521000065
150260;08170517317300776880;08;3;17;065;2017;05;15;4;3;1;7;1;0;0;0;1;0;0;417594,866500000000000;5354680,330199999700000;7,887974088000021;48,339927275000036
150261;08170517317300723180;08;3;17;075;2017;05;07;4;3;5;2;1;1;0;0;0;0;0;411740,704399999990000;5359229,839700000400000;7,808037141000057;48,380057875000034
150264;08170517311010784450;08;3;36;050;2017;05;07;4;3;5;3;1;1;0;0;0;0;0;399435,423699999980000;5272910,003600000400000;7,662120213000037;47,601794452000036
150265;08170517311010743300;08;3;11;000;2017;05;13;4;3;5;3;1;0;0;0;0;0;0;416047,152999999990000;5315784,973000000200000;7,874772075000067;47,989852791000033
150268;08170517235100798120;08;2;35;047;2017;05;15;4;3;5;3;1;1;0;0;0;0;0;479788,014299999980000;5389435,001299999700000;8,725539037000033;48,657642479000060
150272;08170517226700799610;08;2;26;060;2017;05;20;4;3;0;7;1;0;0;0;0;0;0;476533,033400000010000;5462754,411100000100000;8,677106249000076;49,317073106000066
150276;08170517222014792310;08;2;22;000;2017;05;21;4;3;5;2;1;1;0;0;0;2;0;463820,230600000010000;5479672,572599999600000;8,500649950000025;49,468625173000078
150277;08170517222014698690;08;2;22;000;2017;05;17;4;3;6;7;1;0;1;0;0;0;0;461773,035199999980000;5482958,691200000200000;8,472078277000037;49,498056668000061
150278;08170517221400799990;08;2;21;000;2017;05;12;4;3;0;7;1;0;0;0;0;0;0;476490,894800000010000;5469620,529900000400000;8,676121289000037;49,378831729000069
150280;08170517216100757120;08;2;16;043;2017;05;13;4;3;5;3;1;1;0;0;0;0;0;441394,747500000000000;5411891,166000000200000;8,201030543000059;48,857216730000061
150282;08170517215202721570;08;2;15;039;2017;05;07;4;3;3;6;1;1;0;0;0;0;0;473135,157000000010000;5452634,165000000000000;8,631033659000025;49,225901372000067
150283;08170517215102720600;08;2;12;000;2017;05;09;4;3;2;4;0;1;1;1;0;0;0;458765,789300000000000;5431949,514899999800000;8,435806054000068;49,039044634000049
150284;08170517212502742120;08;2;12;000;2017;05;14;4;3;1;3;1;1;0;0;0;0;0;453389,617099999970000;5428879,469999999700000;8,362602986000070;49,011046464000060
150285;08170517199200789010;08;1;18;079;2017;05;08;4;2;3;2;1;0;0;0;1;0;0;510081,353000000000000;5422532,629999999900000;9,137709363000056;48,955630853000059
150292;08170526416200711630;08;4;16;041;2017;05;12;6;3;6;7;0;1;1;0;0;0;0;503792,580699999990000;5374153,008500000500000;9,051360689000035;48,520477195000069
150294;08170526416010767230;08;4;15;061;2017;05;18;6;2;6;4;0;1;1;0;0;2;0;516596,807399999990000;5370357,234100000000000;9,224609016000045;48,486121218000051
150295;08170526415400744940;08;4;15;061;2017;05;12;6;3;0;7;1;0;0;0;0;0;0;516156,787000000010000;5371514,540199999700000;9,218698917000040;48,496544214000039
150297;08170526335200794520;08;3;35;063;2017;05;13;6;3;0;1;1;0;0;0;0;0;0;497691,244599999980000;5287067,367800000100000;8,969205872000032;47,736976329000072
150298;08170526335100761160;08;3;35;043;2017;05;18;6;3;5;3;1;1;0;0;0;0;0;511121,929100000010000;5281405,621799999800000;9,148199302000023;47,685942396000030
150299;08170526335100745620;08;3;35;043;2017;05;07;6;3;2;6;1;0;0;0;0;0;0;512835,947600000010000;5278796,926000000000000;9,170961755000064;47,662438467000072
150301;08170526326100736030;08;3;26;012;2017;05;14;6;2;0;1;1;0;0;0;0;0;0;466615,356800000010000;5309531,290500000100000;8,552990605000048;47,938228392000042
150302;08170526325010806110;08;3;27;046;2017;05;17;6;3;6;4;0;0;1;0;1;0;0;479998,293599999980000;5325129,079500000000000;8,731453467000051;48,079120514000067
150303;08170526426100707650;08;4;26;021;2017;05;09;6;3;0;7;1;0;0;0;1;0;0;560149,952599999960000;5326788,908400000100000;9,807780953000076;48,091528736000043
150305;08170526317200748580;08;3;17;057;2017;05;01;6;3;8;7;1;0;0;0;0;2;0;413902,099300000000000;5379390,378499999600000;7,833069923000039;48,561692247000053
150307;08170526421100698910;08;4;25;071;2017;05;11;6;3;0;1;1;0;0;0;0;0;0;554471,054000000000000;5371535,292000000400000;9,737296086000072;48,494577338000056
150309;08170526317200697150;08;3;17;057;2017;05;15;6;3;8;7;1;0;0;0;0;0;0;412431,847300000020000;5380119,304100000300000;7,812993810000023;48,568044810000060
150310;08170526317100789820;08;3;17;001;2017;05;05;6;2;8;1;1;0;0;0;0;1;0;429456,743800000000000;5387445,495799999700000;8,042487666000056;48,636091449000048
150311;08170526317100687530;08;3;17;001;2017;05;09;6;3;0;1;1;0;0;0;0;0;0;431838,320100000010000;5387075,193799999500000;8,074870205000025;48,633024757000044
150312;08170526311100695080;08;3;15;015;2017;05;22;6;3;1;1;1;1;0;0;0;1;0;394147,451699999980000;5320401,089800000200000;7,580192556000043;48,028122288000077
150313;08170526311010784660;08;3;36;050;2017;05;10;6;3;6;4;0;1;1;0;0;0;0;401012,731800000010000;5276901,199300000400000;7,682196427000065;47,637939660000029
150314;08170526311010784650;08;3;36;091;2017;05;09;6;2;5;3;1;1;0;0;0;0;0;396810,567600000010000;5271621,812599999800000;7,627513247000024;47,589794330000075