OBJECTID;UIDENTSTLA;ULAND;UREGBEZ;UKREIS;UGEMEINDE;UJAHR;UMONAT;USTUNDE;UWOCHENTAG;UKATEGORIE;UART;UTYP1;IstRad;IstPKW;IstFuss;IstKrad;IstSonstig;LICHT;STRZUSTAND;LINREFX;LINREFY;XGCSWGS84;YGCSWGS84
150317;08170526311010744480;08;3;11;000;2017;05;13;6;3;6;1;1;0;1;0;0;0;0;413580,874000000010000;5316552,717199999800000;7,841568618000053;47,996430396000051
150319;08170526311010696140;08;3;11;000;2017;05;14;6;3;1;7;1;1;0;0;0;0;0;413786,315000000000000;5315607,698499999900000;7,844511749000048;47,987957341000026
150320;08170526299200804310;08;2;12;000;2017;05;16;6;3;5;3;1;1;0;0;0;0;0;458742,009000000020000;5431918,670400000200000;8,435483833000035;49,038765593000051
150322;08170526222800719870;08;2;22;000;2017;05;21;6;3;6;4;0;1;1;0;0;2;0;461801,278300000010000;5488507,527499999900000;8,471931077000022;49,547966988000042
150324;08170526222600765020;08;2;22;000;2017;05;08;6;3;3;6;1;1;0;0;0;0;0;463441,445499999970000;5483128,202399999800000;8,495102695000071;49,499684180000031
150325;08170526222600689260;08;2;22;000;2017;05;13;6;2;6;7;0;1;1;0;0;0;0;461622,060300000010000;5483702,447499999800000;8,469921119000048;49,504736811000043
150326;08170526222400693360;08;2;26;038;2017;05;17;6;3;5;3;1;1;0;0;0;0;0;471929,246999999970000;5479590,584099999600000;8,612572627000077;49,468316723000044
150327;08170526222014792380;08;2;22;000;2017;05;14;6;2;6;4;0;0;1;0;1;0;0;461733,443299999980000;5482363,358199999700000;8,471589182000059;49,492699474000062
150330;08170526221000808710;08;2;26;085;2017;05;08;6;2;0;7;0;0;1;0;1;0;0;492983,232000000020000;5453514,648000000000000;8,903614126000036;49,234370579000029
150331;08170526221000808690;08;2;22;000;2017;05;13;6;3;6;7;0;1;1;0;0;0;0;461381,829000000030000;5481345,871399999600000;8,466833471000030;49,483525448000080
150332;08170526221000808380;08;2;21;000;2017;05;19;6;3;4;6;1;0;0;0;0;0;0;477323,546299999990000;5471525,494400000200000;8,687483659000066;49,395998214000031
150334;08170526216200694190;08;2;11;000;2017;05;15;6;3;0;1;1;0;0;0;0;0;0;438324,629299999970000;5398098,405799999800000;8,161250898000048;48,732853643000055
150336;08170526212102727440;08;2;15;017;2017;05;15;6;2;0;7;1;0;0;0;0;0;0;457466,050999999980000;5420370,968000000300000;8,419234792000054;48,934805286000028
150337;08170526136300723440;08;1;36;065;2017;05;11;6;2;6;4;0;1;1;0;0;0;0;558755,292200000030000;5405738,078599999700000;9,800132963000067;48,801855489000047
150339;08170526136100780530;08;1;36;021;2017;05;13;6;3;6;7;1;0;1;0;0;0;0;577378,748999999950000;5407765,338000000500000;10,054091017000076;48,818050202000052
150340;08170526128010759660;08;2;25;118;2017;05;18;6;2;6;4;0;1;1;0;0;0;0;507329,510899999990000;5476971,804100000300000;9,101113224000073;49,445365686000059
150341;08170526127010756010;08;1;27;043;2017;05;17;6;2;5;3;1;1;0;0;0;0;0;565318,190300000020000;5444054,668200000200000;9,895649342000070;49,145841567000048
150343;08170526121200770860;08;1;21;000;2017;05;14;6;3;5;2;1;1;0;0;0;0;0;516397,913400000020000;5441787,049399999900000;9,224771016000034;49,128698358000065
150344;08170526121100717280;08;1;25;006;2017;05;00;6;3;0;1;1;0;0;0;1;2;0;506772,218700000030000;5454130,103799999700000;9,093037023000022;49,239909502000046
150346;08170526117010726380;08;4;25;079;2017;05;19;6;3;5;3;1;1;0;0;0;0;0;556281,470100000040000;5373350,449000000000000;9,762043598000048;48,510746203000053
150347;08170526116500860260;08;1;16;071;2017;05;16;6;2;1;5;1;1;0;0;0;0;0;527628,768599999950000;5392068,256900000400000;9,375348288000055;48,681047109000076
150349;08170526116010730780;08;1;16;019;2017;05;18;6;2;6;4;0;1;1;0;0;0;0;523203,349300000000000;5398174,263899999700000;9,315571455000054;48,736156554000047
150350;08170526115300706720;08;1;15;041;2017;05;11;6;3;0;7;1;0;0;0;0;0;0;492898,706999999990000;5402408,519999999600000;8,903346871000053;48,774639492000063
150351;08170526111500733610;08;1;11;000;2017;05;16;6;3;6;4;0;1;1;0;0;0;0;508234,009299999980000;5406740,862300000200000;9,112156932000062;48,813598947000060
150352;08170526111500722680;08;1;11;000;2017;05;19;6;3;5;3;1;1;0;0;0;0;0;516253,302000000030000;5406385,497999999700000;9,221374455000046;48,810244118000071
150354;08170526111310762310;08;1;11;000;2017;05;17;6;3;3;6;1;0;0;0;1;0;0;517301,734699999970000;5402678,741700000100000;9,235498155000073;48,776870335000069
150356;08170525436100793530;08;4;36;055;2017;05;23;5;3;8;1;1;0;0;0;0;2;0;581030,354199999940000;5294934,541899999600000;10,082149062000042;47,802664776000029
150358;08170525435200696990;08;4;35;066;2017;05;16;5;3;0;7;1;0;0;0;0;0;0;517299,488200000020000;5285306,880500000000000;9,230669289000048;47,720908451000071
150359;08170525416200699560;08;4;16;041;2017;05;19;5;3;0;7;1;0;0;0;0;0;0;504788,457400000010000;5371288,846800000400000;9,064814387000070;48,494703292000054
150363;08170525335300738020;08;3;35;035;2017;05;15;5;3;0;1;1;0;0;0;0;0;0;483351,257199999990000;5290287,653500000000000;8,777816989000030;47,765740187000063
150365;08170525317600734280;08;3;17;129;2017;05;15;5;3;0;7;1;0;0;0;0;0;0;429855,797499999990000;5350352,924599999600000;8,054125183000053;48,302480740000078
150366;08170525317300795840;08;3;17;073;2017;05;17;5;3;1;5;1;1;0;0;0;0;0;411681,694000000020000;5348860,348000000200000;7,809414067000034;48,286778999000035
150367;08170525317200748570;08;3;17;153;2017;05;19;5;3;1;5;1;1;0;0;0;0;0;422020,502099999980000;5391929,541299999700000;7,940724932000023;48,675540489000070
150368;08170525311400735380;08;3;15;048;2017;05;12;5;3;0;1;1;0;0;0;0;0;0;394306,127700000010000;5307082,413300000100000;7,585595493000028;47,908353920000081
150369;08170525311010737780;08;3;11;000;2017;05;05;5;3;0;1;1;1;0;0;0;1;0;414465,401000000010000;5317719,921000000100000;7,853190339000037;48,007048786000041
150372;08170525235010791170;08;2;36;004;2017;05;15;5;2;5;3;1;1;0;0;0;0;0;472425,426800000020000;5414226,232499999900000;8,623901659000069;48,880377494000072
150373;08170525235010791110;08;2;31;000;2017;05;19;5;2;0;1;1;0;0;0;0;0;0;478898,564499999980000;5416209,837299999800000;8,712087059000055;48,898475516000076
150374;08170525226700795670;08;2;26;076;2017;05;10;5;3;3;7;1;0;0;0;0;0;0;475437,199100000030000;5464871,566200000200000;8,661898009000026;49,336073698000064
150375;08170525226300775360;08;2;26;006;2017;05;17;5;3;0;2;1;0;0;0;0;0;0;483567,182700000000000;5466473,139100000300000;8,773738403000039;49,350753028000042
150376;08170525222400712760;08;2;26;036;2017;05;10;5;3;5;3;1;1;0;0;0;0;0;468541,663899999990000;5479854,822200000300000;8,565798159000053;49,470527397000069
150377;08170525222400712750;08;2;26;038;2017;05;21;5;3;0;7;1;0;0;0;0;2;0;470264,470399999990000;5481324,705600000000000;8,589465935000021;49,483835282000030
150378;08170525222014792350;08;2;26;062;2017;05;13;5;2;5;3;1;1;0;0;0;0;0;471470,455200000030000;5466518,723600000100000;8,607179912000049;49,350717050000071
150380;08170525215502691690;08;2;15;066;2017;05;12;5;3;4;7;1;0;0;0;0;0;0;460945,653300000010000;5450157,282100000400000;8,463868441000045;49,202966075000063
150382;08170525136100772960;08;1;36;002;2017;05;12;5;3;6;6;1;0;1;0;0;0;0;573651,184600000040000;5415358,661799999900000;10,004686443000026;48,886801185000081
150383;08170525135200796450;08;1;35;032;2017;05;19;5;3;3;6;1;1;0;0;0;0;0;578966,713400000010000;5393300,576799999900000;10,072944908000068;48,687748240000076
150384;08170525128010759640;08;1;28;014;2017;05;12;5;2;2;6;1;1;0;0;0;0;0;546646,570900000050000;5478527,936099999600000;9,643668541000068;49,457616112000039
150385;08170525121400769160;08;1;25;058;2017;05;20;5;3;4;2;1;0;0;0;1;0;0;508393,696000000000000;5443242,051799999500000;9,115085495000074;49,141948128000081
150386;08170525116400786990;08;1;16;033;2017;05;14;5;3;0;7;1;0;0;0;0;0;0;533200,027800000040000;5388758,357300000300000;9,450768285000038;48,651000255000042
150387;08170525116200758440;08;1;16;077;2017;05;13;5;3;1;5;1;1;0;0;0;0;0;516699,703099999980000;5391669,511099999800000;9,226857901000074;48,677848041000061
150388;08170525115100739650;08;1;15;024;2017;05;18;5;3;6;4;0;1;1;0;0;0;0;501079,152000000000000;5387392,006000000100000;9,014648697000041;48,639589388000047
150392;08170524436300764910;08;4;36;081;2017;05;17;4;3;5;3;1;1;0;0;0;0;0;562406,729999999980000;5281858,173000000400000;9,831588370000077;47,687096598000039
150393;08170524426100749630;08;4;26;021;2017;05;15;4;3;4;6;1;0;0;0;0;0;0;558826,760499999970000;5327163,923100000200000;9,790064660000041;48,095025967000026
150396;08170524337100783040;08;3;37;096;2017;05;17;4;3;1;5;1;1;0;0;0;0;0;421016,711499999980000;5267453,309700000100000;7,950156295000056;47,555693311000027
150399;08170524336100775710;08;3;36;050;2017;05;20;4;3;1;5;1;1;0;0;0;1;0;399056,445200000020000;5273895,632799999800000;7,656852834000063;47,610601608000081
150400;08170524335300780240;08;3;35;075;2017;05;12;4;3;6;6;0;1;1;0;0;0;0;490109,155099999970000;5289252,463399999800000;8,868026612000051;47,756565171000034
150401;08170524335300780230;08;3;35;075;2017;05;12;4;3;3;2;1;1;0;0;0;0;0;488175,022799999980000;5289870,942099999600000;8,842202782000072;47,762097377000032
150402;08170524335300780220;08;3;35;075;2017;05;14;4;3;5;3;1;1;0;0;0;0;0;489252,533999999990000;5288649,446000000500000;8,856611671000053;47,751125782000031
150403;08170524335100731770;08;3;35;043;2017;05;19;4;3;6;6;1;0;1;0;0;0;0;510464,166099999970000;5281278,606800000200000;9,139431616000024;47,684810544000072
150406;08170524325202711350;08;3;25;049;2017;05;15;4;3;5;3;1;1;0;0;0;0;0;470879,880699999980000;5335259,138100000100000;8,608338240000023;48,169907119000072
150407;08170524325010806060;08;3;27;050;2017;05;08;4;3;0;5;1;1;0;0;0;0;0;487256,947600000010000;5313440,155500000300000;8,829256592000036;47,974140463000026
150408;08170524317600712720;08;3;17;040;2017;05;12;4;3;6;7;0;1;1;0;0;0;0;432332,538000000000000;5347508,110899999700000;8,087974680000059;48,277159769000036
150409;08170524317314769340;08;3;17;150;2017;05;12;4;3;5;3;1;1;0;0;0;0;0;409380,262300000000000;5357140,064799999800000;7,776616660000059;48,360926635000055
150413;08170524311010744440;08;3;11;000;2017;05;10;4;3;2;6;1;1;0;0;0;0;0;414819,224500000010000;5316871,933100000000000;7,858101655000041;47,999468058000048
150415;08170524311010737760;08;3;15;098;2017;05;17;4;3;5;3;1;1;0;0;0;0;0;407447,792699999990000;5312542,102800000500000;7,760239267000031;47,959496072000036
150417;08170524311010737740;08;3;11;000;2017;05;13;4;3;5;2;1;0;0;0;1;0;0;414517,694800000000000;5315642,155199999900000;7,854305247000070;47,988365470000076
150419;08170524237100701170;08;2;37;028;2017;05;19;4;3;6;7;0;0;1;0;1;0;0;456503,997199999980000;5368341,322499999800000;8,411580582000056;48,466700180000032
150420;08170524235118772700;08;2;35;079;2017;05;19;4;3;6;3;0;1;1;0;0;0;0;466497,080200000030000;5398847,892500000100000;8,544300906000046;48,741747614000076
150421;08170524235010791080;08;2;31;000;2017;05;17;4;3;6;4;0;1;1;0;0;0;0;478104,675200000000000;5415286,377899999700000;8,701304692000065;48,890140838000036
150424;08170524222700698550;08;2;22;000;2017;05;09;4;3;5;3;1;1;0;0;0;0;0;464232,229100000000000;5480729,376299999700000;8,506240553000055;49,478155045000051
150426;08170524221400742910;08;2;21;000;2017;05;10;4;2;5;3;1;1;0;0;0;0;0;474891,375300000010000;5472058,965099999700000;8,653931506000049;49,400701237000078
150427;08170524221000808670;08;2;21;000;2017;05;19;4;3;6;4;0;1;1;0;0;0;0;482275,005100000010000;5473949,337399999600000;8,755613426000025;49,417964737000034
150428;08170524221000808190;08;2;21;000;2017;05;07;4;2;5;3;1;1;0;0;0;0;0;474925,288000000000000;5471904,525999999600000;8,654408659000069;49,399313482000082
150429;08170524216100798760;08;2;16;043;2017;05;08;4;3;4;1;1;1;0;0;0;0;0;441529,253000000030000;5410020,377200000000000;8,203131164000070;48,840401710000037
150431;08170524212600703620;08;2;12;000;2017;05;12;4;3;0;7;1;0;0;0;0;0;0;453275,882600000010000;5430067,472099999900000;8,360910976000071;49,021723978000068
150432;08170524211100713380;08;2;11;000;2017;05;11;4;3;5;3;1;1;0;0;0;0;0;445336,242499999990000;5399482,324900000400000;8,256412227000055;48,745956947000082
150433;08170524211010752470;08;2;11;000;2017;05;11;4;3;5;3;1;1;0;0;0;0;0;441796,113200000020000;5403200,377500000400000;8,207734839000068;48,779080532000080
150434;08170524136100775860;08;1;36;088;2017;05;19;4;3;0;1;1;0;0;0;0;1;0;579455,934000000010000;5409402,907999999800000;10,082699510000054;48,832516781000038
150435;08170524136100772950;08;1;36;088;2017;05;16;4;3;6;7;0;1;1;0;0;0;0;580228,094599999950000;5410873,525700000100000;10,093507214000056;48,845644567000079
150436;08170524135200796440;08;1;35;019;2017;05;17;4;3;6;1;0;1;1;0;0;0;0;583591,223299999950000;5394462,343299999800000;10,136002092000069;48,697595283000055
150437;08170524128010759630;08;1;26;045;2017;05;17;4;2;5;3;1;1;0;0;0;0;0;544363,961000000010000;5473251,461000000100000;9,611582738000038;49,410328251000067
150440;08170524119010801990;08;1;19;067;2017;05;17;4;2;6;4;0;1;1;0;0;0;0;539202,750600000030000;5405492,011800000400000;9,533856920000062;48,801182702000062
150441;08170524118400715760;08;1;18;048;2017;05;17;4;3;5;3;1;1;0;0;0;0;0;514217,894399999990000;5415711,475599999500000;9,193975643000044;48,894188621000069
150442;08170524118100796660;08;1;18;079;2017;05;11;4;3;5;3;1;1;0;0;0;0;0;510824,643999999970000;5422276,741499999500000;9,147855740000068;48,953316400000062
150444;08170524118010717120;08;1;18;007;2017;05;11;4;3;0;7;1;0;0;0;0;0;0;510243,956999999990000;5427226,764000000400000;9,140048741000044;48,997854854000082
150446;08170524116200775020;08;1;16;047;2017;05;15;4;3;5;3;1;1;0;0;0;0;0;520173,342200000010000;5392144,592799999800000;9,274068385000021;48,682019298000057
150447;08170524116010688480;08;1;16;019;2017;05;08;4;2;7;7;1;0;0;0;0;0;0;522506,054699999980000;5398657,023199999700000;9,306114583000067;48,740524988000061
150448;08170524116010688470;08;1;16;019;2017;05;23;4;3;0;1;1;0;0;0;0;2;1;522477,808000000020000;5398996,108000000000000;9,305748895000022;48,743576378000057
150450;08170524115200776180;08;1;15;016;2017;05;07;4;3;5;3;1;1;0;0;0;0;0;488864,898999999980000;5378958,466000000000000;8,849075647000063;48,563621246000025
150451;08170524115200690240;08;1;15;021;2017;05;18;4;3;0;2;1;0;0;0;0;0;0;489528,119200000020000;5382595,600499999700000;8,857973221000066;48,596353241000031
150453;08170524111500794960;08;1;11;000;2017;05;15;4;3;5;3;1;0;0;1;0;0;0;512096,232399999980000;5409233,173800000000000;9,164838296000028;48,835956229000033
150454;08170524111500752830;08;1;11;000;2017;05;11;4;3;3;6;1;0;0;0;1;0;0;510662,707700000030000;5397836,164300000300000;9,145007697000040;48,733455860000049
150455;08170524111500752810;08;1;11;000;2017;05;08;4;3;5;7;1;1;0;0;0;0;0;511556,570100000010000;5403193,265499999700000;9,157314158000077;48,781632205000051
150460;08170523436200806530;08;4;36;064;2017;05;13;3;3;5;3;1;1;0;0;0;0;0;546243,976499999990000;5292712,056400000100000;9,617383310000037;47,786108555000055
150463;08170523421110774320;08;4;25;020;2017;05;17;3;3;4;3;1;1;0;0;0;0;0;560233,932599999940000;5365581,960400000200000;9,814434625000047;48,440497859000061
150465;08170523417200698290;08;4;17;031;2017;05;16;3;3;5;3;1;1;0;0;0;0;0;497427,379900000000000;5356139,807099999900000;8,965271153000060;48,358427713000026
150467;08170523416010767190;08;4;16;041;2017;05;11;3;3;5;3;1;1;0;0;0;0;0;504628,689200000020000;5374914,280100000100000;9,062692060000074;48,527320259000078
150469;08170523415300771080;08;4;15;059;2017;05;14;3;3;6;2;0;1;1;0;0;0;0;516705,988900000000000;5367826,469499999700000;9,225985452000032;48,463350629000047
150471;08170523337200753810;08;3;37;126;2017;05;12;3;3;3;7;1;1;0;0;0;0;0;441235,858699999980000;5274749,669200000400000;8,217901023000025;47,623483664000048
150472;08170523337010768700;08;3;37;126;2017;05;07;3;3;6;4;0;0;1;0;1;0;0;442160,269299999990000;5274190,941499999700000;8,230276753000055;47,618540019000079
150474;08170523335010807610;08;4;36;049;2017;05;12;3;2;5;3;1;1;0;0;0;0;0;578779,567000000040000;5283736,973000000200000;10,050066760000050;47,702210177000040
150475;08170523327100787460;08;3;27;050;2017;05;18;3;3;5;3;1;1;0;0;0;0;0;487823,486500000000000;5313402,388500000400000;8,836848651000025;47,973811699000066
150476;08170523326400758700;08;3;26;074;2017;05;09;3;3;0;1;1;0;0;0;0;0;0;460064,155700000000000;5324717,828400000000000;8,463861679000047;48,074483494000049
150478;08170523325010806010;08;4;17;013;2017;05;16;3;2;3;2;1;0;0;0;1;0;0;513536,907100000010000;5353083,678500000400000;9,182641498000066;48,330793050000068
150480;08170523317100705420;08;3;17;001;2017;05;14;3;3;0;6;1;0;0;0;1;0;0;431825,281599999990000;5386489,918999999800000;8,074789523000050;48,627758776000064
150481;08170523317100705400;08;3;17;001;2017;05;18;3;3;5;3;1;1;0;0;0;0;0;431017,376400000010000;5386607,358099999800000;8,063807283000074;48,628726548000031
150482;08170523317100705390;08;3;17;001;2017;05;14;3;3;0;2;1;1;0;0;0;0;0;431089,151300000030000;5386604,460199999600000;8,064781717000074;48,628708395000046
150484;08170523311200788600;08;3;11;000;2017;05;19;3;3;0;7;1;0;1;0;0;0;0;413267,818199999980000;5316526,849299999900000;7,837378288000025;47,996155313000031
150485;08170523311010784570;08;3;36;091;2017;05;07;3;2;5;3;1;0;0;0;0;0;0;396815,101800000000000;5271520,452999999700000;7,627597377000029;47,588883297000052
150486;08170523311010784550;08;3;36;050;2017;05;07;3;3;5;3;1;1;0;0;0;0;0;400341,424300000010000;5275052,379200000300000;7,673682765000024;47,621205873000065
150487;08170523311010778070;08;3;11;000;2017;05;14;3;3;5;3;1;1;0;0;0;0;0;413081,153799999970000;5320282,607599999800000;7,834115228000030;48,029914147000056
150489;08170523299200804270;08;2;12;000;2017;05;11;3;3;4;5;1;0;0;1;0;0;0;458166,807399999990000;5428689,666400000500000;8,427947022000069;49,009681518000036
150490;08170523299200804250;08;2;15;108;2017;05;07;3;3;5;3;1;1;0;0;0;0;0;449383,917000000020000;5424975,885800000300000;8,308315347000075;48,975618261000079
150491;08170523235010791040;08;2;31;000;2017;05;13;3;3;6;4;0;1;1;0;0;0;0;478104,571899999980000;5415284,821300000000000;8,701303367000037;48,890126832000078
150492;08170523226710760230;08;2;26;041;2017;05;10;3;3;3;6;1;1;0;0;0;0;0;475829,918000000010000;5466189,610999999600000;8,667223672000034;49,347945103000029
150495;08170523226400734230;08;2;26;084;2017;05;09;3;3;4;6;1;1;0;0;0;0;0;468916,027000000000000;5470691,735999999600000;8,571683293000035;49,388127536000070
150496;08170523222700698530;08;2;22;000;2017;05;13;3;3;5;3;1;1;0;0;0;0;0;461461,927800000000000;5481476,727699999700000;8,467926519000059;49,484707523000054
150497;08170523222310799050;08;2;22;000;2017;05;07;3;3;4;6;1;0;0;0;1;0;0;466323,740899999980000;5481871,219899999900000;8,535014738000029;49,488545065000039
150498;08170523221400760630;08;2;26;018;2017;05;12;3;3;5;3;1;1;0;0;0;0;0;473510,329800000010000;5471989,190000000400000;8,634901807000063;49,400015086000053
150499;08170523221400742900;08;2;26;018;2017;05;17;3;3;6;4;0;1;1;0;0;0;0;473111,951799999980000;5472363,432500000100000;8,629385884000044;49,403363855000066
150501;08170523212502742240;08;2;12;000;2017;05;12;3;3;5;2;1;0;0;0;1;0;0;454315,507600000010000;5429318,993800000300000;8,375214269000026;49,015069252000046
150502;08170523212502742230;08;2;12;000;2017;05;08;3;3;5;2;1;1;0;0;0;0;0;454815,416299999980000;5427510,480600000400000;8,382251927000027;48,998838342000056
150504;08170523135100795270;08;1;35;015;2017;05;18;3;3;5;3;1;1;0;0;0;0;0;574323,991599999950000;5386123,338100000300000;10,008584649000056;48,623760894000043
150506;08170523119500770400;08;1;19;085;2017;05;12;3;3;3;6;1;0;0;0;0;0;0;529429,023000000040000;5413992,883000000400000;9,401374345000022;48,878193112000076
150508;08170523119500701840;08;1;19;085;2017;05;07;3;3;3;6;1;0;0;0;0;0;0;528748,302799999950000;5413254,985899999700000;9,392038548000073;48,871587225000042
150510;08170523119400690580;08;1;19;091;2017;05;05;3;3;5;3;1;1;0;0;0;0;0;528392,428399999980000;5406479,107200000400000;9,386716085000046;48,810650120000048
150512;08170523118100793090;08;1;18;010;2017;05;07;3;3;0;1;1;0;0;0;0;0;0;507265,004100000020000;5431890,443699999700000;9,099406014000067;49,039849573000026
150513;08170523117010726340;08;4;25;071;2017;05;07;3;3;5;3;1;1;0;0;0;0;0;550561,896500000030000;5371019,682199999700000;9,684325121000029;48,490265779000026
150514;08170523116010730770;08;1;16;071;2017;05;15;3;2;6;7;0;1;1;0;0;0;0;528589,469000000040000;5390719,276999999800000;9,388306222000040;48,668868533000079
150516;08170523115100708220;08;1;15;024;2017;05;19;3;3;5;2;1;1;0;0;0;0;0;500507,766799999980000;5388115,891599999700000;9,006893449000074;48,646102316000054
150517;08170523111500752790;08;1;11;000;2017;05;19;3;3;6;7;0;1;1;0;0;0;0;508230,778200000000000;5406802,996100000100000;9,112114167000073;48,814157938000051
150520;08170522436500798620;08;4;36;012;2017;05;22;2;2;6;4;1;0;1;0;0;1;0;549735,001000000050000;5298908,569100000000000;9,664698452000039;47,841597671000045
150522;08170522436300715420;08;4;36;081;2017;05;16;2;2;0;7;1;0;0;0;0;0;0;561750,402400000020000;5282740,568599999900000;9,822968437000043;47,695098331000054
150523;08170522435200721190;08;4;35;059;2017;05;15;2;3;5;2;1;1;0;0;0;0;0;511949,685000000000000;5290587,359000000200000;9,159481065000023;47,768541054000082
150524;08170522435100711990;08;4;35;030;2017;05;21;2;3;0;7;1;0;0;0;0;1;0;541072,555799999970000;5271119,542700000100000;9,546312753000052;47,592185550000067
150525;08170522435010807260;08;4;36;008;2017;05;07;2;3;5;3;1;1;0;0;0;0;0;548305,296600000000000;5310135,997299999900000;9,646848762000047;47,942717451000078
150528;08170522426010765320;08;4;21;000;2017;05;08;2;3;5;3;1;1;0;0;0;0;0;573766,629500000040000;5361429,747100000300000;9,996656152000071;48,401707720000047
150530;08170522417100714740;08;4;17;010;2017;05;15;2;3;5;3;1;1;0;0;0;0;0;506639,177399999990000;5343615,430599999600000;9,089427876000059;48,245719970000039
150532;08170522335100693960;08;3;35;043;2017;05;12;2;3;5;2;1;1;0;0;0;0;0;511989,701100000010000;5280355,902900000100000;9,159733454000048;47,676481872000068
150535;08170522326400758670;08;3;26;074;2017;05;16;2;3;3;2;1;1;0;0;0;0;0;462817,335700000000000;5323426,465099999700000;8,500933926000073;48,063031945000034
150537;08170522326300782270;08;3;26;031;2017;05;16;2;3;0;1;1;0;0;0;0;0;0;459660,533600000020000;5335535,451200000000000;8,457419324000057;48,171779806000075
150538;08170522311400696470;08;3;15;006;2017;05;15;2;3;5;3;1;1;0;0;0;0;0;403164,067500000000000;5308138,209800000300000;7,703863214000023;47,919249523000076
150540;08170522311010784540;08;3;36;050;2017;05;09;2;3;6;2;0;1;1;0;0;0;0;399316,783000000000000;5272944,992999999800000;7,660534263000045;47,602090777000058
150541;08170522311010744370;08;3;11;000;2017;05;15;2;3;0;7;1;0;0;0;0;0;0;415057,886999999990000;5320064,564000000200000;7,860667854000042;48,028218759000026
150544;08170522299200803420;08;2;12;000;2017;05;22;2;3;5;3;1;0;0;1;0;2;0;456536,709199999980000;5430312,301400000200000;8,405483479000054;49,024164630000030
150546;08170522226700714390;08;2;26;098;2017;05;18;2;3;6;4;0;1;1;0;0;0;0;476636,672100000030000;5459903,475499999700000;8,678699024000025;49,291432920000034
150548;08170522222014705870;08;2;22;000;2017;05;09;2;3;1;5;1;1;0;0;0;0;0;464709,346399999980000;5485606,592400000400000;8,512391012000023;49,522051130000079
150550;08170601111230810350;08;1;11;000;2017;06;15;5;3;5;3;1;1;0;0;0;0;0;515525,371700000020000;5399038,988400000100000;9,211182515000076;48,744174232000034
150551;08170601111211866580;08;1;11;000;2017;06;08;5;3;5;2;1;1;0;0;0;0;0;508577,592699999980000;5396883,666899999600000;9,116631386000051;48,724919366000051
150554;08170531435114886720;08;4;35;029;2017;05;07;4;3;5;2;1;1;0;0;0;0;0;545605,238999999940000;5270846,555100000500000;9,606571018000068;47,589426422000031
150555;08170531421212731130;08;4;25;072;2017;05;13;4;3;4;6;1;0;0;0;0;0;0;583033,228299999960000;5371647,774500000300000;10,123859270000025;48,492463885000063
150556;08170531421200716120;08;4;21;000;2017;05;09;4;3;4;2;1;1;0;0;0;0;0;572725,180399999950000;5360569,828200000300000;9,982438407000075;48,394093560000044
150557;08170531421100726840;08;4;25;033;2017;05;17;4;3;5;3;1;1;0;0;0;0;0;553486,059499999970000;5347277,771900000100000;9,720876341000064;48,276444588000061
150559;08170531416010795940;08;4;16;048;2017;05;10;4;3;5;3;1;1;0;0;0;0;0;497380,423599999980000;5375153,680499999800000;8,964518326000075;48,529485592000071
150560;08170531416010767370;08;4;16;023;2017;05;20;4;3;0;7;1;0;0;0;0;0;0;507150,930999999980000;5370068,680999999900000;9,096770831000072;48,483703739000077
150561;08170601111250899500;08;1;11;000;2017;06;13;5;3;6;2;0;1;1;0;0;0;0;515325,125400000020000;5404016,441399999900000;9,208644114000038;48,788955975000079
150564;08170531337100802130;08;3;37;066;2017;05;18;4;3;6;4;1;0;1;0;0;0;0;428564,476499999990000;5267853,180999999900000;8,050401026000031;47,560165190000077
150565;08170531325202719410;08;3;25;064;2017;05;11;4;3;0;1;1;0;0;0;0;0;0;478003,438299999980000;5333180,191700000300000;8,704255138000065;48,151489740000045
150567;08170531325010806210;08;4;17;013;2017;05;17;4;3;5;3;1;1;0;0;0;0;0;504660,247500000000000;5350179,839900000000000;9,062844644000052;48,304795953000053
150570;08170531317500692450;08;3;17;096;2017;05;12;4;3;0;7;1;0;0;0;0;0;0;422369,678699999990000;5368861,189399999600000;7,949773722000032;48,468089509000038
150571;08170531316100791920;08;3;16;043;2017;05;15;4;3;0;7;1;0;0;0;1;0;0;412054,753700000000000;5330483,197200000300000;7,818251092000025;48,121529510000073
150572;08170531316100777390;08;3;16;011;2017;05;17;4;3;5;7;1;1;0;0;0;0;0;413949,259199999970000;5330490,902900000100000;7,843701188000068;48,121857744000067
150573;08170531311010707570;08;3;11;000;2017;05;07;4;3;5;3;1;1;0;0;0;0;0;412419,546600000000000;5314334,623499999800000;7,826457056000038;47,976319908000050
150574;08170531311010707540;08;3;11;000;2017;05;20;4;3;3;6;1;0;0;0;0;0;0;413531,848999999990000;5316404,827999999700000;7,840941385000065;47,995093452000049
150575;08170531299200804440;08;2;12;000;2017;05;07;4;3;5;3;1;1;0;0;0;0;0;460348,938000000020000;5426432,041000000200000;8,458005789000026;48,989517769000031