OBJECTID;UIDENTSTLA;ULAND;UREGBEZ;UKREIS;UGEMEINDE;UJAHR;UMONAT;USTUNDE;UWOCHENTAG;UKATEGORIE;UART;UTYP1;IstRad;IstPKW;IstFuss;IstKrad;IstSonstig;LICHT;STRZUSTAND;LINREFX;LINREFY;XGCSWGS84;YGCSWGS84
150576;08170531299200804430;08;2;15;108;2017;05;10;4;2;5;3;1;1;0;0;0;0;0;450239,418599999980000;5425471,940800000000000;8,319944475000057;48,980149780000033
150577;08170531299200803740;08;2;12;000;2017;05;19;4;3;6;4;0;1;1;0;0;0;0;455554,975099999980000;5426035,593100000200000;8,392523647000076;48,985625238000068
150578;08170531235200693280;08;2;35;006;2017;05;09;4;3;0;7;1;0;0;0;0;0;0;470846,943000000030000;5382348,388100000100000;8,604628014000070;48,593538125000066
150579;08170531235010791460;08;2;31;000;2017;05;21;4;3;6;7;0;1;1;0;0;2;0;477872,419200000000000;5414382,067300000200000;8,698185269000021;48,881997708000029
150580;08170531235010791430;08;2;31;000;2017;05;10;4;3;6;4;0;1;1;0;0;0;0;478104,607299999970000;5415285,355499999600000;8,701303821000067;48,890131638000071
150581;08170531226300689890;08;2;26;006;2017;05;10;4;3;0;5;1;1;0;0;0;0;0;483767,499100000020000;5467075,938199999700000;8,776471946000072;49,356180569000060
150582;08170531222800719880;08;2;22;000;2017;05;08;4;3;5;3;1;1;0;0;0;0;0;462954,614500000030000;5486391,515900000000000;8,488073264000036;49,529006361000029
150584;08170531221300774440;08;2;21;000;2017;05;11;4;3;5;3;1;1;0;0;0;0;0;477519,674100000000000;5474943,799800000200000;8,689992995000068;49,426752601000032
150587;08170531212702772540;08;2;15;017;2017;05;18;4;3;5;3;1;0;0;0;0;0;0;453901,591499999980000;5419680,494199999600000;8,370646131000058;48,928339036000068
150588;08170531212502742430;08;2;12;000;2017;05;00;4;3;5;3;1;1;0;0;0;2;0;453160,508600000000000;5427131,888600000200000;8,359671706000029;48,995309535000047
150589;08170531212402819980;08;2;12;000;2017;05;20;4;3;4;1;1;1;0;0;0;0;0;456275,689200000020000;5424676,616700000100000;8,402519965000067;48,973452475000045
150590;08170531212010804800;08;2;12;000;2017;05;17;4;3;6;4;0;1;1;0;0;0;0;455911,061800000020000;5428625,418100000400000;8,397109281000041;49,008946554000033
150592;08170531211010752550;08;2;16;043;2017;05;22;4;1;6;4;0;0;1;1;0;2;0;442041,863599999980000;5412101,574099999900000;8,209822048000035;48,859170140000060
150593;08170531199200704070;08;1;18;010;2017;05;15;4;2;5;3;1;1;0;0;0;0;0;507557,346399999980000;5431834,020899999900000;9,103405033000058;49,039338505000046
150594;08170531136100780550;08;1;36;088;2017;05;15;4;3;5;3;1;1;0;0;0;0;0;580542,536599999990000;5410040,256900000400000;10,097628429000054;48,838109246000045
150595;08170531128200776630;08;1;28;128;2017;05;21;4;2;0;3;1;1;0;0;0;2;0;550418,572200000050000;5505154,872899999800000;9,699126810000053;49,696798662000049
150596;08170531127202712440;08;1;27;014;2017;05;17;4;3;6;4;0;1;1;0;0;0;0;578289,558500000040000;5443004,766300000300000;10,073280027000067;49,134882446000063
150598;08170531126200689160;08;1;26;066;2017;05;18;4;2;0;7;1;0;0;0;0;0;0;535821,305999999980000;5450645,089999999900000;9,491794223000056;49,207551370000033
150599;08170531126010763640;08;1;21;000;2017;05;10;4;2;0;3;1;1;0;0;0;0;0;514352,281100000020000;5444267,193599999900000;9,196819442000049;49,151059291000081
150602;08170531118500739400;08;1;18;070;2017;05;09;4;3;0;7;1;0;0;0;0;0;0;517555,622199999980000;5425430,179200000100000;9,239930750000042;48,981528949000051
150608;08170531111310762340;08;1;11;000;2017;05;13;4;3;1;5;1;0;0;0;0;0;0;517156,377900000020000;5405105,409500000100000;9,233621000000028;48,798704359000055
150609;08170531111230737070;08;1;11;000;2017;05;00;4;2;0;1;1;0;0;0;0;2;0;508703,543100000010000;5399416,049200000200000;9,118397442000060;48,747698958000058
150613;08170530436400688690;08;4;36;082;2017;05;20;3;3;5;3;1;0;0;0;0;0;0;547592,189999999940000;5294980,390100000400000;9,635630458000037;47,806418429000075
150614;08170530435200697050;08;4;35;066;2017;05;14;3;3;7;7;1;0;0;0;0;0;0;516611,655299999980000;5287790,366700000100000;9,221592654000062;47,743271790000051
150617;08170530426010714130;08;4;26;058;2017;05;12;3;3;5;7;0;1;1;0;0;0;0;557494,346999999950000;5317288,053999999500000;9,770844441000065;48,006301408000070
150618;08170530421300792200;08;4;21;000;2017;05;11;3;3;0;5;1;1;0;0;0;0;0;570868,543300000020000;5360599,231499999800000;9,957365904000028;48,394569466000064
150621;08170530416200699580;08;4;16;041;2017;05;21;3;3;0;7;1;0;0;0;0;2;0;503894,770299999970000;5375754,839399999900000;9,052759549000029;48,534887207000054
150622;08170530416010767350;08;4;15;092;2017;05;17;3;3;5;3;1;1;0;0;0;0;0;518739,038699999980000;5363743,500000000000000;9,253303962000075;48,426561319000029
150623;08170530416010767340;08;4;16;041;2017;05;07;3;3;4;6;1;1;0;0;0;0;1;506166,066500000020000;5375118,614400000300000;9,083517664000055;48,529145299000049
150624;08170530415400733010;08;4;15;061;2017;05;07;3;3;5;2;1;1;0;0;0;0;1;516317,520100000020000;5370836,708700000300000;9,220848105000073;48,490442054000027
150625;08170530337100802520;08;3;37;116;2017;05;15;3;3;5;3;1;1;0;0;0;0;0;418057,269600000000000;5273900,035199999800000;7,909622832000025;47,613322644000050
150630;08170530335010807970;08;3;35;043;2017;05;08;3;2;5;3;1;1;0;0;0;0;0;511741,010000000010000;5281070,289900000200000;9,156439480000074;47,682914246000053
150631;08170530335010749050;08;3;35;075;2017;05;10;3;2;4;6;1;0;0;0;0;0;0;489251,381300000010000;5288627,972600000000000;8,856596823000075;47,750932555000077
150633;08170530317100687550;08;3;17;001;2017;05;16;3;2;0;7;1;0;0;0;0;0;0;430563,158000000000000;5387119,446100000300000;8,057557972000041;48,633282500000064
150634;08170530317000806990;08;3;17;127;2017;05;15;3;3;5;3;1;0;0;0;1;0;0;421505,397400000020000;5351879,970900000100000;7,941257180000036;48,315235680000058
150635;08170530311400778370;08;3;15;108;2017;05;12;3;2;5;3;1;1;0;0;0;0;0;401727,177199999980000;5303119,635700000500000;7,685778867000067;47,873888904000069
150636;08170530311010784700;08;3;36;050;2017;05;08;3;3;5;3;1;1;0;0;0;0;0;400339,013700000010000;5275053,996100000100000;7,673650325000040;47,621220047000065
150638;08170530311010707510;08;3;11;000;2017;05;14;3;3;5;3;1;1;0;0;0;0;0;414408,810300000010000;5319289,974499999500000;7,852118298000050;48,021164402000068
150640;08170530299200804410;08;2;12;000;2017;05;11;3;3;5;3;1;1;0;0;0;0;0;456266,491099999980000;5428062,575899999600000;8,402029919000029;49,003909015000033
150641;08170530299200804390;08;2;12;000;2017;05;15;3;2;0;4;1;0;1;0;0;0;0;454632,948600000000000;5428660,409699999700000;8,379628970000056;49,009168666000051
150642;08170530299200803690;08;2;15;109;2017;05;15;3;2;0;5;1;1;0;0;0;0;0;461319,315899999990000;5434558,963700000200000;8,470494276000068;49,062682542000061
150644;08170530231416760490;08;2;36;062;2017;05;08;3;3;9;1;1;1;0;0;0;0;0;485443,511000000000000;5407838,205000000100000;8,801684911000052;48,823354518000031
150645;08170530226700795700;08;2;26;098;2017;05;08;3;3;5;7;1;1;0;0;0;0;0;476639,506899999980000;5459678,991800000000000;8,678751130000023;49,289413793000051
150646;08170530222014792420;08;2;22;000;2017;05;06;3;2;6;4;0;0;1;0;1;0;0;461937,209299999990000;5480878,879200000300000;8,474545716000023;49,479360179000025
150647;08170530221300793760;08;2;26;012;2017;05;10;3;3;5;3;1;1;0;0;0;0;0;476015,926299999990000;5477074,476400000000000;8,669127543000059;49,445860128000049
150649;08170530215402728980;08;2;15;009;2017;05;13;3;3;3;2;1;1;0;0;0;0;0;470038,927299999980000;5440865,234299999700000;8,589387118000047;49,119894850000037
150651;08170530212702772520;08;2;15;017;2017;05;14;3;2;6;2;0;1;1;0;0;0;0;456752,528100000000000;5421281,497700000200000;8,409396148000042;48,942946250000034
150652;08170530135200796490;08;1;35;019;2017;05;07;3;2;0;1;1;0;0;0;0;0;0;584514,188500000050000;5391373,750300000400000;10,147910984000021;48,669691191000027
150653;08170530135010782660;08;1;35;019;2017;05;14;3;2;5;3;1;1;0;0;0;0;0;582995,400099999970000;5392469,967500000300000;10,127506321000055;48,679754685000034
150656;08170530119200791710;08;1;19;020;2017;05;17;3;2;6;4;0;1;1;0;0;0;0;519439,589400000000000;5410032,313900000400000;9,264945011000066;48,842958606000082
150657;08170530119200740370;08;1;19;020;2017;05;10;3;3;3;2;1;0;0;0;1;0;0;520140,684599999980000;5406848,078499999800000;9,274343808000026;48,814291565000076
150659;08170530118300706230;08;1;18;046;2017;05;13;3;3;6;4;0;1;1;0;0;0;0;516383,672700000000000;5413192,177600000100000;9,223422303000064;48,871472207000068
150660;08170530116010730830;08;1;16;019;2017;05;21;3;3;5;3;1;1;0;0;0;2;0;523389,604899999980000;5398386,532999999800000;9,318116587000077;48,738059139000029
150661;08170530115100783630;08;1;15;003;2017;05;08;3;3;0;7;1;0;0;0;0;0;0;500567,670999999970000;5390261,967299999700000;9,007709653000063;48,665408697000032
150663;08170529436400688660;08;4;36;082;2017;05;16;2;3;6;7;0;1;1;0;0;0;0;548121,655299999980000;5295339,649600000100000;9,642741297000043;47,809611287000052
150664;08170529435211756790;08;4;35;036;2017;05;13;2;3;0;1;1;0;0;0;0;0;0;520973,165400000000000;5281857,714800000200000;9,279487165000035;47,689765517000069
150668;08170529426010714120;08;4;26;120;2017;05;08;2;3;5;3;1;1;0;0;0;0;0;561338,653199999940000;5324391,207499999600000;9,823398550000036;48,069845390000069
150669;08170529421300715340;08;4;21;000;2017;05;17;2;3;5;3;1;1;0;0;0;0;0;570969,199099999970000;5364103,668999999800000;9,959318277000023;48,426081541000030
150670;08170529415300771100;08;4;15;059;2017;05;15;2;3;5;3;1;1;0;0;0;0;0;516967,698800000010000;5369780,515700000300000;9,229604927000025;48,480922951000082
150671;08170529415200794690;08;4;15;053;2017;05;09;2;3;5;3;1;1;0;0;0;0;0;536753,754300000030000;5362021,305300000100000;9,496658792000062;48,410274467000079
150672;08170529415100734870;08;4;15;014;2017;05;17;2;3;3;2;1;1;0;0;0;0;0;526409,303199999970000;5374256,678600000200000;9,357648669000071;48,520865752000077
150673;08170529335010807650;08;4;35;016;2017;05;07;2;2;8;1;1;0;0;0;0;0;0;535663,270999999950000;5281514,935999999800000;9,475213112000063;47,686037636000037
150676;08170529317500802310;08;3;17;096;2017;05;08;2;3;4;1;1;1;0;0;0;0;0;420907,217000000000000;5368004,058000000200000;7,930154346000052;48,460197486000027
150678;08170529317000806980;08;3;17;150;2017;05;19;2;2;9;7;1;0;0;0;0;0;0;407772,795800000020000;5356627,295199999600000;7,755033244000060;48,356081731000074
150679;08170529317000806970;08;3;17;057;2017;05;15;2;3;5;2;1;1;0;0;0;0;0;413646,641799999980000;5379385,345499999800000;7,829609369000025;48,561611839000079
150680;08170529311400778340;08;3;15;074;2017;05;16;2;2;5;3;1;1;0;0;0;0;0;399922,868000000020000;5298681,919700000400000;7,662683155000025;47,833693135000033
150681;08170529311400778320;08;3;15;007;2017;05;15;2;2;1;5;1;1;0;0;0;0;0;400953,665099999980000;5295276,165400000300000;7,677232244000038;47,803217744000051
150682;08170529311400778310;08;3;15;050;2017;05;16;2;2;5;3;0;1;1;0;0;0;0;398872,262600000020000;5303727,840099999700000;7,647468003000029;47,878916336000032
150684;08170529311010778140;08;3;11;000;2017;05;08;2;3;1;5;1;1;0;0;0;0;0;412829,467599999970000;5317350,952999999700000;7,831336143000044;48,003508769000064
150686;08170529299200804360;08;2;12;000;2017;05;10;2;3;5;3;1;0;0;0;1;0;0;454609,265399999970000;5428515,960099999800000;8,379321285000060;49,007867590000046
150687;08170529299200804350;08;2;12;000;2017;05;17;2;3;5;3;1;1;0;0;0;0;0;454252,335000000020000;5428583,163999999900000;8,374433303000046;49,008445737000045
150689;08170529299200803670;08;2;12;000;2017;05;18;2;3;5;3;1;1;0;0;0;0;0;455751,850099999980000;5428959,057799999600000;8,394895911000049;49,011936280000043
150690;08170529235200693240;08;2;35;006;2017;05;12;2;3;0;7;0;0;1;0;1;0;0;470024,112000000020000;5381043,586400000400000;8,593563259000064;48,581761229000051
150693;08170529226200736510;08;2;26;032;2017;05;09;2;3;5;2;1;1;0;0;0;0;0;466936,590800000010000;5462953,156399999700000;8,545051260000037;49,318416463000062
150697;08170529222014792410;08;2;22;000;2017;05;13;2;2;6;4;0;1;1;0;0;0;0;461158,581599999980000;5481539,388100000100000;8,463732425000046;49,485251781000045
150698;08170529221200742540;08;2;21;000;2017;05;09;2;3;1;5;1;1;0;0;0;0;0;475348,487100000030000;5473011,326200000000000;8,660172577000026;49,409286242000064
150701;08170529215402728970;08;2;15;009;2017;05;18;2;3;5;3;1;0;0;0;0;0;0;469913,349099999990000;5442189,913099999500000;8,587567317000037;49,131804448000025
150704;08170529212502742400;08;2;12;000;2017;05;15;2;2;0;7;1;0;0;0;0;0;0;451767,841100000020000;5427715,262400000400000;8,340565009000045;49,000449769000056
150705;08170529212202710900;08;2;12;000;2017;05;08;2;3;5;3;1;0;0;0;0;0;0;457794,173799999990000;5428871,078300000200000;8,422832807000077;49,011287970000069
150706;08170529211100713420;08;2;16;049;2017;05;15;2;3;5;3;1;1;0;0;0;0;0;438713,782499999970000;5401629,605700000200000;8,166017063000027;48,764655384000037
150707;08170529211010709830;08;2;16;015;2017;05;07;2;3;4;6;1;1;0;0;0;0;0;452291,031900000000000;5407202,536799999900000;8,350115015000029;48,815974791000031
150708;08170529199200784010;08;1;15;015;2017;05;15;2;3;5;2;1;1;0;0;0;0;0;492776,028600000020000;5387658,685800000100000;8,901935311000045;48,641947675000040
150709;08170529136100773000;08;1;36;088;2017;05;18;2;3;5;3;1;1;0;0;0;0;0;579980,350100000040000;5409964,868300000200000;10,089953730000047;48,837503864000041
150712;08170529126100721110;08;1;26;060;2017;05;19;2;3;5;3;1;1;0;0;0;0;0;544915,944000000020000;5460311,961600000000000;9,617732541000066;49,293902903000060
150714;08170529126010763610;08;1;25;034;2017;05;17;2;1;6;7;0;0;1;0;1;0;0;498259,300600000020000;5444521,959699999500000;8,976127813000062;49,153516278000041
150716;08170529121400882340;08;1;25;013;2017;05;10;2;3;5;3;1;1;0;0;0;0;0;504989,146599999980000;5434683,164800000400000;9,068300215000022;49,064994195000054
150717;08170529121300783310;08;1;21;000;2017;05;17;2;3;0;3;1;0;0;0;1;0;0;514496,130000000000000;5445360,221199999600000;9,198831446000042;49,160888043000057
150721;08170529118500756370;08;1;18;070;2017;05;17;2;3;6;4;1;0;1;0;0;0;0;520103,060799999980000;5423828,168300000000000;9,274666737000075;48,967040319000034
150723;08170529118300719180;08;1;18;051;2017;05;13;2;3;6;7;1;0;1;0;0;0;0;510104,195100000010000;5415109,088600000400000;9,137837488000059;48,888850437000031
150724;08170529116200785160;08;1;16;077;2017;05;08;2;2;0;1;1;0;0;0;0;0;0;517507,701799999980000;5390448,258399999700000;9,237782398000036;48,666839450000055
150725;08170529116010730810;08;1;16;080;2017;05;12;2;3;6;7;0;1;1;0;1;0;0;522219,609799999980000;5395344,670800000400000;9,302040085000044;48,710737609000034
150727;08170528435100746200;08;4;35;035;2017;05;18;1;3;0;7;1;0;0;0;0;0;0;541319,976900000010000;5281074,035699999900000;9,550543634000064;47,681733826000027
150728;08170528426200716270;08;4;26;070;2017;05;18;1;3;1;6;1;1;0;0;0;0;0;565307,132199999990000;5342107,768100000000000;9,879383200000063;48,228827639000031
150729;08170528421300736770;08;4;21;000;2017;05;12;1;2;5;3;1;1;0;0;0;0;0;572154,679200000010000;5360757,426400000200000;9,974764956000058;48,395846599000038
150731;08170528416200711640;08;4;16;041;2017;05;01;1;3;5;3;1;1;0;0;0;2;0;504283,194100000020000;5373914,603500000200000;9,058002326000064;48,518329261000076
150732;08170528416100729720;08;4;16;048;2017;05;13;1;3;0;7;1;0;0;0;0;0;0;497043,207600000020000;5374803,749400000100000;8,959953282000072;48,526335989000074
150733;08170528415300688260;08;4;15;092;2017;05;17;1;3;6;7;0;1;1;0;0;0;0;518734,121999999970000;5365252,656999999700000;9,253304978000074;48,440138473000047
150734;08170528415100760440;08;4;15;050;2017;05;15;1;3;8;1;1;0;0;0;0;0;0;521251,043000000010000;5377565,919999999900000;9,287962613000047;48,550832278000030
150735;08170528335200794540;08;3;35;025;2017;05;18;1;3;6;4;0;1;1;0;0;0;0;498858,305999999980000;5281167,513500000400000;8,984787566000023;47,683894667000061
150736;08170528335100731810;08;3;35;043;2017;05;16;1;3;0;7;1;0;0;0;0;0;0;513362,955000000020000;5278683,616999999600000;9,177977458000044;47,661408276000031
150737;08170528335100713880;08;3;35;043;2017;05;12;1;3;8;1;1;0;0;0;0;0;0;513073,203900000020000;5278313,903400000200000;9,174107302000039;47,658087632000047
150738;08170528327100787490;08;3;27;050;2017;05;17;1;3;6;4;0;1;1;0;0;0;0;487156,189000000010000;5315991,035000000100000;8,827830232000054;47,997089143000039
150741;08170528311010778130;08;3;11;000;2017;05;16;1;3;6;7;1;0;1;0;0;0;0;413043,490999999980000;5318220,426000000000000;7,834028570000044;48,011359101000039
150742;08170528311010778100;08;3;11;000;2017;05;12;1;3;0;1;1;0;0;0;0;0;0;405061,519700000000000;5319721,316999999800000;7,726694717000044;48,023723516000075
150748;08170528128100753500;08;1;28;007;2017;05;12;1;2;0;1;1;0;0;0;0;0;0;555216,953499999950000;5481909,261400000200000;9,762391600000058;49,487309470000071
150754;08170528111330730980;08;1;11;000;2017;05;18;1;2;5;2;1;1;0;0;0;0;0;513816,831300000020000;5408458,695000000300000;9,188259086000073;48,828953241000079
150756;08170527436500702240;08;4;36;052;2017;05;15;7;3;5;3;1;1;0;0;0;0;0;566138,571400000020000;5293150,156899999800000;9,883026505000032;47,788314157000059
150760;08170527416010767270;08;4;16;041;2017;05;16;7;3;0;7;1;0;0;0;0;0;0;505698,574000000020000;5372923,065999999600000;9,077155612000070;48,509397769000032
150761;08170527336400786180;08;3;36;091;2017;05;22;7;3;1;5;1;1;0;0;0;2;0;396101,721499999990000;5274647,344499999700000;7,617370885000071;47,616896384000029
150768;08170527311400696520;08;3;15;007;2017;05;18;7;3;6;4;0;1;1;0;0;0;0;401100,859899999980000;5295951,964900000000000;7,679043349000040;47,809319259000063
150769;08170527311010743460;08;3;11;000;2017;05;16;7;3;0;1;1;0;0;0;0;0;0;414589,034099999990000;5316573,239600000000000;7,855075910000039;47,996750479000070
150770;08170527311010696160;08;3;11;000;2017;05;09;7;3;5;2;1;1;0;0;0;0;0;413660,152400000020000;5317400,231200000300000;7,842460550000055;48,004064790000029
150771;08170527299200803570;08;2;12;000;2017;05;14;7;3;0;7;1;0;0;0;0;0;0;451782,425400000010000;5427496,407200000200000;8,340790374000051;48,998482301000081
150772;08170527235118772720;08;2;35;079;2017;05;12;7;3;0;7;1;0;0;0;0;0;0;467068,301700000010000;5400472,595700000400000;8,551940355000056;48,756393475000039
150774;08170527226700714400;08;2;26;103;2017;05;18;7;3;5;3;1;1;0;0;0;0;0;473076,059799999990000;5456984,456899999600000;8,629929699000059;49,265029846000061
150775;08170527226400695500;08;2;26;063;2017;05;09;7;3;5;3;1;1;0;0;0;0;0;469992,322300000000000;5470929,925699999600000;8,586495540000044;49,390323988000034
150776;08170527226200759910;08;2;26;032;2017;05;14;7;2;0;1;1;0;0;0;0;0;0;466251,613000000010000;5462707,633999999600000;8,535647128000051;49,316170547000070
150777;08170527222700759020;08;2;22;000;2017;05;16;7;3;0;7;1;0;0;0;0;0;0;461871,639800000000000;5481377,979000000300000;8,473592452000048;49,483845209000037
150779;08170527222014937390;08;2;22;000;2017;05;19;7;2;6;4;0;0;1;0;1;0;0;461677,972799999990000;5484150,462799999900000;8,470649875000049;49,508769993000044
150780;08170527222014792390;08;2;22;000;2017;05;18;7;3;3;6;1;1;0;0;0;0;0;461934,383299999990000;5481552,536000000300000;8,474441857000045;49,485419196000066
150782;08170527212402698140;08;2;12;000;2017;05;14;7;3;5;3;1;1;0;0;0;0;0;456078,775599999990000;5424874,627000000300000;8,399807970000040;48,975219643000059
150783;08170527212302710310;08;2;12;000;2017;05;05;7;3;5;3;1;0;0;0;0;0;0;456417,338200000000000;5428619,484500000300000;8,404032560000076;49,008929144000035
150784;08170527136300712660;08;1;36;065;2017;05;12;7;3;6;4;0;1;1;0;0;0;0;560199,015200000020000;5405509,498700000300000;9,819758080000042;48,799661269000069
150786;08170527135200742800;08;1;35;019;2017;05;12;7;3;5;3;1;1;0;0;0;0;0;587071,403999999980000;5391064,044700000400000;10,182571477000067;48,666554323000071
150787;08170527121600801090;08;1;25;024;2017;05;20;7;3;6;4;0;1;1;0;0;0;0;523301,937500000000000;5444163,439600000200000;9,319542582000054;49,149851587000057
150791;08170527119500722160;08;1;19;085;2017;05;09;7;3;0;2;1;1;0;0;0;0;0;529269,613099999960000;5413641,847000000100000;9,399175126000046;48,875042882000059
150793;08170527118400708420;08;1;18;048;2017;05;13;7;3;6;6;0;0;1;0;1;0;0;513935,056199999990000;5415934,563799999700000;9,190124495000021;48,896201889000054
150794;08170527116500740130;08;1;16;049;2017;05;20;7;3;5;3;1;1;0;0;0;0;0;524847,791500000050000;5386334,162300000000000;9,337224070000048;48,629580086000033
150795;08170527116100788100;08;1;16;058;2017;05;10;7;3;6;7;0;1;1;0;0;0;0;534027,021799999990000;5395272,083700000300000;9,462532484000064;48,709552111000050
150796;08170527116010688510;08;1;16;033;2017;05;13;7;3;5;3;1;1;0;0;0;0;0;531344,332999999980000;5389223,328800000300000;9,425608825000040;48,655278938000038
150797;08170527115400729160;08;1;15;045;2017;05;13;7;3;5;3;1;1;0;0;0;0;0;499795,699900000010000;5394886,741000000400000;8,997223073000043;48,707013889000052
150798;08170527115200704780;08;1;15;021;2017;05;19;7;3;0;7;1;0;0;0;0;0;0;491203,885699999980000;5382283,949300000400000;8,880707652000069;48,593575342000065
150800;08170527111500771700;08;1;11;000;2017;05;17;7;2;6;2;0;0;1;0;1;0;0;513046,526599999980000;5409012,556499999900000;9,177781101000051;48,833952351000050
150801;08170527111500733640;08;1;11;000;2017;05;08;7;3;4;6;1;1;0;0;0;0;0;518401,438299999980000;5399954,663499999800000;9,250344516000041;48,752333245000045
150805;08170526436200722250;08;4;36;064;2017;05;15;6;3;4;2;1;1;0;0;0;0;0;543293,443399999990000;5292341,133700000100000;9,577957166000033;47,782976443000052
150806;08170526435200697030;08;4;35;059;2017;05;19;6;3;0;1;1;0;0;0;0;0;0;512269,633199999980000;5290458,067099999600000;9,163747440000066;47,767371736000030
150807;08170526426100783160;08;4;26;021;2017;05;14;6;3;5;3;1;1;0;0;0;0;0;559822,033100000000000;5326716,154000000100000;9,803367428000058;48,090905095000039
150808;08170526426100783150;08;4;26;021;2017;05;18;6;3;0;1;1;0;0;0;0;0;0;558737,859900000040000;5328139,483799999600000;9,789005098000075;48,103810486000043
150809;08170607336100860800;08;3;36;050;2017;06;00;4;2;0;1;1;0;0;0;0;2;0;400971,137099999990000;5275902,318099999800000;7,681868848000022;47,628947982000057
150811;08170607335010923820;08;3;35;035;2017;06;15;4;2;5;4;0;1;1;0;0;0;0;482581,101700000000000;5293671,173200000100000;8,767403340000044;47,796162908000042
150814;08170607316100873930;08;3;16;036;2017;06;15;4;3;0;6;1;1;0;0;0;0;0;411412,878399999990000;5325941,245400000400000;7,810570898000037;48,080585262000056
150816;08170607299200920300;08;2;12;000;2017;06;18;4;3;5;3;1;1;0;0;0;0;0;453144,726800000000000;5430195,663999999900000;8,359102347000032;49,022867118000079
150817;08170607299200919250;08;2;12;000;2017;06;23;4;3;0;7;1;0;0;0;0;2;0;456383,044500000020000;5428340,666899999600000;8,403593595000075;49,006418724000071
150818;08170607299200919240;08;2;12;000;2017;06;19;4;3;5;3;1;1;0;0;0;0;0;451517,548000000010000;5426981,449500000100000;8,337230796000029;48,993829501000050
150819;08170607216200816710;08;2;16;007;2017;06;19;4;3;0;7;1;0;0;0;0;0;0;435966,048300000020000;5394065,143799999700000;8,129805317000034;48,696336431000077
150820;08170607416200833070;08;4;16;041;2017;06;02;4;3;0;7;1;0;0;0;0;2;1;504795,918699999980000;5375182,021499999800000;9,064960135000035;48,529727699000034
150821;08170607215302888850;08;2;12;000;2017;06;16;4;3;6;2;0;1;1;0;0;0;0;458554,985900000030000;5428260,324300000400000;8,433298772000057;49,005845709000027
150825;08170607118400830310;08;1;18;048;2017;06;06;4;3;6;4;0;1;1;0;0;0;0;513102,078299999990000;5417244,191200000200000;9,178801749000058;48,908001115000047
150826;08170607118300862550;08;1;18;046;2017;06;18;4;3;6;4;0;1;1;0;0;0;0;513251,361600000000000;5412164,863599999800000;9,180674304000036;48,862305568000068
150827;08170607118010956190;08;1;18;078;2017;06;17;4;2;6;7;0;0;1;0;1;0;0;513865,663899999990000;5420470,896200000300000;9,189331897000045;48,937010923000059
150828;08170607117400822450;08;1;17;051;2017;06;16;4;3;3;1;1;1;0;0;0;0;1;543187,505899999990000;5396488,962899999700000;9,587173076000056;48,719931529000064
150830;08170607116100883830;08;1;16;019;2017;06;17;4;3;5;2;1;0;0;0;1;0;0;523207,234100000000000;5400313,532100000400000;9,315744826000071;48,755401006000056
150832;08170607111500872850;08;1;11;000;2017;06;13;4;3;5;3;1;1;0;0;0;0;0;508639,681999999970000;5397536,315000000400000;9,117489302000024;48,730789747000074
150833;08170607111210899660;08;1;11;000;2017;06;06;4;3;4;6;1;1;0;0;0;0;0;511830,842200000010000;5397092,475100000400000;9,160872358000063;48,726744543000052
150834;08170606435100882560;08;4;35;024;2017;06;12;3;3;0;1;1;0;0;0;0;0;1;527545,846600000050000;5279205,554600000400000;9,366905360000033;47,665655921000052
150835;08170606421200905890;08;4;21;000;2017;06;17;3;3;0;6;1;0;0;0;1;0;0;573716,657800000040000;5360829,656800000000000;9,995875718000036;48,396315635000065
150840;08170606336200865840;08;3;36;069;2017;06;14;3;3;0;7;1;0;0;0;0;0;0;404647,494899999990000;5267819,625300000400000;7,732547795000073;47,556790896000052
150841;08170606335100880870;08;3;35;043;2017;06;12;3;3;6;7;0;1;1;0;0;0;0;515589,660299999990000;5281457,627600000200000;9,207733170000040;47,686317994000035
150844;08170606311010864020;08;3;11;000;2017;06;08;3;3;1;7;1;1;0;0;0;0;0;412047,337799999980000;5314756,542500000400000;7,821384308000063;47,980064143000050
150849;08170606299200920260;08;2;15;097;2017;06;14;3;2;5;3;1;1;0;0;0;0;1;483470,772999999990000;5442798,045400000200000;8,773387595000031;49,137789090000069
150854;08170606221400041430;08;2;21;000;2017;06;18;3;3;5;3;1;1;0;0;0;0;0;475489,408200000010000;5470519,280899999700000;8,662268920000031;49,386876394000069
150855;08170606216200880170;08;2;16;007;2017;06;08;3;3;0;1;1;0;0;0;0;0;0;438391,375600000030000;5394686,467699999900000;8,162668059000055;48,702169531000038
150857;08170606215502814100;08;2;15;106;2017;06;10;3;3;6;4;0;1;1;0;0;0;0;464975,175099999990000;5452631,886300000400000;8,518966937000073;49,225468563000049
150861;08170606119200885870;08;1;19;020;2017;06;19;3;3;4;6;1;1;0;0;0;0;0;521044,135599999980000;5405095,603400000400000;9,286560056000042;48,798496693000061