OBJECTID;UIDENTSTLA;ULAND;UREGBEZ;UKREIS;UGEMEINDE;UJAHR;UMONAT;USTUNDE;UWOCHENTAG;UKATEGORIE;UART;UTYP1;IstRad;IstPKW;IstFuss;IstKrad;IstSonstig;LICHT;STRZUSTAND;LINREFX;LINREFY;XGCSWGS84;YGCSWGS84
150862;08170606118500879410;08;1;18;049;2017;06;19;3;2;0;1;1;0;0;0;0;0;0;517086,866299999990000;5419461,852900000300000;9,233273907000068;48,927853342000049
150863;08170606117400811720;08;1;17;051;2017;06;12;3;3;6;7;0;0;1;0;1;0;1;542884,383999999960000;5396571,307699999800000;9,583060645000046;48,720693196000070
150865;08170606116010810920;08;1;16;080;2017;06;08;3;3;5;3;1;1;0;0;0;0;0;519957,475099999980000;5396535,971099999700000;9,271347990000038;48,721531004000042
150868;08170606111500890350;08;1;11;000;2017;06;15;3;2;5;3;1;1;0;0;0;0;0;509394,630100000010000;5403389,579800000400000;9,127889257000049;48,783434646000046
150869;08170606111120896940;08;1;11;000;2017;06;22;3;3;0;1;1;0;0;0;0;2;0;514099,353699999980000;5403011,973199999900000;9,191921474000026;48,779948876000049
150870;08170605436300884500;08;4;36;064;2017;06;03;2;3;4;1;1;0;0;0;1;2;0;545943,130899999990000;5288053,822999999900000;9,612874568000052;47,744219769000040
150871;08170605435200914010;08;4;35;034;2017;06;03;2;3;6;6;1;0;1;0;0;2;0;530414,942900000020000;5283988,302799999700000;9,405453590000036;47,708559914000034
150873;08170605299200919200;08;2;12;000;2017;06;15;2;2;5;3;1;1;0;0;0;0;0;456985,411700000000000;5428315,265100000400000;8,411832434000075;49,006232510000075
150875;08170605222014820810;08;2;26;096;2017;06;19;2;3;0;1;1;0;0;0;0;0;0;472766,562099999980000;5489481,368800000300000;8,623446498000021;49,557318701000042
150876;08170605216100909330;08;2;16;043;2017;06;14;2;3;0;7;1;0;0;0;0;0;0;442433,779299999990000;5410394,724800000000000;8,215404689000025;48,843853515000035
150878;08170605212502861810;08;2;12;000;2017;06;19;2;3;3;2;1;1;0;0;0;0;0;454300,403999999980000;5428355,111999999700000;8,375116242000047;49,006397955000068
150879;08170605211010872520;08;2;11;000;2017;06;14;2;2;5;3;1;0;0;1;0;0;0;437789,332999999980000;5397213,582700000100000;8,154105522000066;48,724841391000041
150880;08170605128100857060;08;1;28;007;2017;06;13;2;3;0;1;1;1;0;0;0;0;1;555901,059699999980000;5482346,413599999600000;9,771898117000035;49,491178598000033
150881;08170605119300831180;08;1;19;067;2017;06;12;2;3;5;3;1;0;0;1;0;0;0;538971,043700000040000;5405677,633500000500000;9,530719331000057;48,802867040000081
150883;08170605118400906410;08;1;18;048;2017;06;07;2;3;5;3;1;1;0;0;0;0;0;512543,837100000000000;5417034,708300000100000;9,171177129000057;48,906128224000042
150884;08170605117010847200;08;1;17;026;2017;06;17;2;2;6;4;0;1;1;0;0;0;0;547438,630899999990000;5394481,557400000300000;9,644736545000058;48,701564898000072
150888;08170605115100892090;08;1;15;003;2017;06;18;2;3;6;4;0;1;1;0;0;0;0;501069,789500000010000;5392400,428600000200000;9,014534557000047;48,684645906000071
150889;08170605111110897350;08;1;11;000;2017;06;05;2;2;0;1;1;0;0;0;0;1;0;513093,774600000000000;5402617,408499999900000;9,178220961000022;48,776421382000080
150890;08170604435100865690;08;4;35;029;2017;06;19;1;3;0;7;1;0;0;0;0;0;0;544921,233800000050000;5271535,879200000300000;9,597544542000037;47,595676250000054
150891;08170604435100851060;08;4;35;030;2017;06;14;1;3;0;7;1;0;0;0;0;0;0;540983,630200000010000;5271216,630099999700000;9,545139067000036;47,593064713000047
150893;08170604416200868540;08;4;16;041;2017;06;13;1;3;0;7;1;0;0;0;0;0;0;504316,199000000020000;5373613,377000000300000;9,058446156000059;48,515619090000030
150894;08170604416100833560;08;4;16;036;2017;06;20;1;3;5;3;1;1;0;0;0;0;0;495335,707600000020000;5368952,473799999800000;8,936892334000049;48,473685232000037
150895;08170604336300810070;08;3;36;081;2017;06;17;1;2;5;3;1;1;0;0;0;0;0;411674,299799999980000;5277937,995699999900000;7,823890323000057;47,648808955000050
150896;08170604317300895160;08;3;17;065;2017;06;20;1;3;6;4;0;1;1;0;0;0;0;414611,295900000030000;5354199,333800000100000;7,847817761000044;48,335204559000033
150897;08170604317100906900;08;3;17;089;2017;06;23;1;3;3;6;1;0;0;0;0;2;0;430966,951599999970000;5378689,560600000400000;8,064438985000038;48,557499981000035
150901;08170604212502861770;08;2;12;000;2017;06;20;1;3;0;7;1;0;0;0;0;0;0;453231,345900000010000;5429290,150899999800000;8,360391445000062;49,014728578000074
150904;08170604119400876510;08;1;19;079;2017;06;18;1;3;8;3;1;0;0;1;0;0;0;526620,636000000060000;5408386,084900000100000;9,362707847000024;48,827883187000054
150906;08170604118200890040;08;1;18;019;2017;06;19;1;3;0;7;1;0;0;0;0;0;0;504694,667900000000000;5403439,849100000200000;9,063909229000046;48,783940099000063
150907;08170604115400880480;08;1;15;045;2017;06;17;1;3;5;1;1;1;0;0;0;0;1;501144,503000000030000;5394107,683000000200000;9,015554372000054;48,700004403000037
150909;08170603436300884490;08;4;36;081;2017;06;18;7;3;3;6;1;1;0;0;0;0;0;563201,296100000040000;5283236,855499999600000;9,842374772000028;47,699422969000068
150911;08170603435200810620;08;4;35;066;2017;06;06;7;3;0;1;1;0;0;0;0;0;0;519588,581000000010000;5287341,150999999600000;9,261283000000049;47,739146429000073
150912;08170603415300843030;08;4;15;059;2017;06;03;7;3;0;1;1;0;0;0;0;2;0;516499,932800000010000;5367986,368400000000000;9,223204417000034;48,464794581000035
150914;08170603415100855100;08;4;15;014;2017;06;14;7;3;5;3;1;1;0;0;0;0;0;526084,074999999950000;5374873,740899999600000;9,353282950000050;48,526430562000030
150921;08170603327100832900;08;3;27;050;2017;06;08;7;3;5;3;1;1;0;0;0;0;0;487052,905800000010000;5315991,785500000200000;8,826445717000070;47,997093812000060
150922;08170603325010921910;08;4;17;002;2017;06;16;7;2;8;6;1;1;0;0;0;0;1;486383,833999999970000;5344516,282999999800000;8,816565414000024;48,253713220000066
150923;08170603317300037360;08;3;17;150;2017;06;00;7;3;0;1;1;0;0;0;0;2;0;407979,439699999990000;5360094,291600000100000;7,757063216000063;48,387295727000037
150926;08170603299200919150;08;2;12;000;2017;06;22;7;2;6;4;0;1;1;0;0;2;0;452105,648899999970000;5428671,814600000200000;8,345070406000048;49,009080278000056
150928;08170603222600899000;08;2;22;000;2017;06;18;7;3;5;2;1;1;0;0;0;0;1;461714,330499999980000;5483200,382600000100000;8,471244168000055;49,500226847000079
150929;08170603222014820760;08;2;26;096;2017;06;11;7;3;0;3;1;0;0;0;1;0;0;473318,943000000030000;5488055,876600000100000;8,631180584000049;49,544521613000029
150930;08170603215302888820;08;2;15;082;2017;06;13;7;3;5;3;1;1;0;0;0;0;0;489869,234600000030000;5438587,976599999700000;8,861214579000034;49,100056663000032
150931;08170603215110877050;08;2;12;000;2017;06;09;7;3;4;2;1;1;0;0;0;0;0;458785,570200000020000;5431958,389000000400000;8,436075793000043;49,039125780000063
150932;08170603199200870220;08;1;15;037;2017;06;20;7;3;0;1;1;0;0;0;0;1;0;492366,145000000020000;5385258,205199999700000;8,896415403000049;48,620347647000074
150933;08170603136300894770;08;1;36;065;2017;06;11;7;3;0;1;1;0;0;0;0;0;0;562225,983899999990000;5404516,580500000200000;9,847206744000062;48,790530423000064
150934;08170603136100894160;08;1;36;045;2017;06;20;7;3;9;1;1;0;0;0;0;1;0;596904,309899999990000;5401106,845900000100000;10,318441501000052;48,755427989000054
150937;08170603119400835870;08;1;19;091;2017;06;11;7;3;1;5;1;1;0;0;0;0;0;528047,866400000060000;5408115,840099999700000;9,382135026000071;48,825389328000028
150940;08170603116010851320;08;1;16;058;2017;06;12;7;3;5;3;1;1;0;0;0;0;0;534073,789299999950000;5395152,441499999700000;9,463158300000032;48,708473282000057
150946;08170602435100833350;08;4;35;016;2017;06;00;6;2;0;1;1;0;0;0;0;2;0;537041,546500000050000;5278370,902700000400000;9,493311278000022;47,657672078000076
150947;08170602426010835150;08;4;25;088;2017;06;08;6;2;0;2;1;1;0;0;0;0;0;561615,216699999990000;5350153,960199999600000;9,830848234000030;48,301579220000065
150951;08170602416100838920;08;4;16;036;2017;06;11;6;3;0;7;1;0;0;0;0;0;0;496187,011100000000000;5369561,273000000000000;8,948404873000072;48,479167993000033
150952;08170602416010886120;08;4;15;059;2017;06;18;6;2;6;4;0;1;1;0;0;0;0;516148,531200000030000;5368178,031399999700000;9,218458235000071;48,466527977000055
150954;08170602336300885060;08;3;36;103;2017;06;23;6;3;0;1;1;0;0;0;0;2;0;413894,790800000020000;5284404,989400000300000;7,852175892000048;47,707284567000045
150955;08170602336300835400;08;3;36;081;2017;06;10;6;3;6;7;0;1;1;0;0;0;0;411968,543999999990000;5278460,309600000300000;7,827702353000063;47,653547707000030
150956;08170602335010923780;08;3;35;043;2017;06;11;6;2;6;7;0;1;1;0;0;0;0;514281,539999999980000;5279685,652599999700000;9,190244524000036;47,670404625000060
150957;08170602335010923480;08;4;36;011;2017;06;20;6;2;9;7;1;0;0;0;0;0;0;547681,577500000010000;5297067,931699999600000;9,637053920000028;47,825193259000059
150959;08170602317500839730;08;3;17;096;2017;06;20;6;3;0;1;1;0;0;0;0;0;0;421182,614000000000000;5366427,366999999600000;7,934175719000052;48,446049848000030
150960;08170602317500815110;08;3;17;065;2017;06;00;6;3;9;7;1;0;0;0;0;2;0;413498,588800000030000;5355283,602599999900000;7,832584106000070;48,344805966000081
150962;08170602316211870720;08;3;16;055;2017;06;10;6;2;2;6;1;1;0;0;0;0;0;428899,522600000030000;5333622,823200000500000;8,044039011000052;48,151877135000063
150964;08170602311010896020;08;3;11;000;2017;06;16;6;3;0;7;0;0;1;0;1;0;0;413193,260200000020000;5316744,376400000400000;7,836335067000050;47,998101924000025
150965;08170602311010863970;08;3;11;000;2017;06;11;6;3;0;4;0;0;1;0;1;0;0;414228,114000000000000;5316769,373900000000000;7,850199620000069;47,998466463000057
150967;08170602235100914660;08;2;35;085;2017;06;13;6;3;6;7;0;1;1;0;0;0;0;480880,104600000020000;5395730,457000000400000;8,740077213000063;48,714310881000074
150968;08170602226700879880;08;2;26;076;2017;06;14;6;3;5;3;1;1;0;0;0;0;0;475237,295999999970000;5465111,031000000400000;8,659131559000059;49,338219585000047
150973;08170602222700820680;08;2;22;000;2017;06;18;6;3;5;7;1;1;0;0;0;0;0;463911,377600000010000;5479621,308600000100000;8,501912578000031;49,468169500000045
150975;08170602221010924750;08;2;26;010;2017;06;07;6;3;6;4;0;1;1;0;0;0;0;480586,039500000010000;5458919,413900000000000;8,733059269000023;49,282719467000049
150977;08170602212702890580;08;2;15;017;2017;06;13;6;3;0;1;1;0;0;0;0;0;0;454752,435699999970000;5421425,388899999700000;8,382067775000053;48,944097496000040
150978;08170602212302831640;08;2;12;000;2017;06;14;6;3;5;3;1;1;0;0;0;0;0;455143,080900000000000;5430815,993900000100000;8,386366026000076;49,028595591000055
150979;08170602211010872490;08;3;17;118;2017;06;13;6;2;5;3;1;1;0;0;0;0;0;434623,655800000010000;5385332,280299999800000;8,112944383000070;48,617644461000054
150980;08170602136100894150;08;1;36;088;2017;06;16;6;3;0;1;1;0;0;0;0;0;0;588395,440199999950000;5408296,169900000100000;10,204247651000060;48,821354669000073
150983;08170602128100873640;08;1;28;126;2017;06;20;6;2;0;1;1;0;0;0;0;0;0;567083,163799999980000;5478462,012299999600000;9,925625806000028;49,455110225000055
150985;08170602127010875720;08;1;27;076;2017;06;19;6;2;5;3;1;1;0;0;0;0;0;553751,841600000040000;5440309,043200000200000;9,736566411000069;49,113272161000054
150986;08170602126010882900;08;1;21;000;2017;06;10;6;2;6;4;0;1;1;0;0;0;0;515547,347000000010000;5444205,649799999800000;9,213205441000071;49,150476588000060
150987;08170602119500823510;08;1;19;042;2017;06;08;6;3;4;6;1;1;0;0;0;0;0;529052,039299999950000;5415057,732800000300000;9,396308577000070;48,887789840000039
150988;08170602119400888460;08;1;19;091;2017;06;16;6;3;5;2;1;1;0;0;0;0;0;525857,486000000030000;5405913,934999999600000;9,352154280000036;48,805676629000061
150989;08170602118400818070;08;1;18;048;2017;06;16;6;3;6;4;1;0;1;0;0;0;0;517031,031599999990000;5415509,899400000500000;9,232346747000065;48,892304358000047
150990;08170602118200912520;08;1;18;011;2017;06;07;6;2;0;7;1;0;0;0;0;0;0;505361,004000000020000;5408330,213999999700000;9,073044021000044;48,827928012000029
150991;08170602117400859770;08;1;17;051;2017;06;19;6;3;5;3;1;1;0;0;0;0;0;542637,260000000010000;5394747,650200000000000;9,579512465000050;48,704305243000078
150992;08170602116010851280;08;1;16;019;2017;06;07;6;2;2;7;1;1;0;0;0;0;0;521934,336799999990000;5400972,995000000100000;9,298461884000062;48,761379597000030
150993;08170602115100910740;08;1;15;003;2017;06;10;6;3;6;4;0;1;1;0;0;0;0;501034,456999999990000;5391585,097500000100000;9,014052476000074;48,677311152000073
150995;08170602111500872800;08;1;11;000;2017;06;16;6;3;6;4;0;1;1;0;0;0;0;511645,363499999980000;5408944,221099999700000;9,158686012000032;48,833365478000076
150996;08170602111340824160;08;1;11;000;2017;06;15;6;3;5;3;1;1;0;0;0;0;0;508504,444900000000000;5406782,534300000400000;9,115841441000043;48,813970181000059
150998;08170602111300871100;08;1;11;000;2017;06;11;6;3;0;1;1;0;0;0;0;0;0;513838,574299999980000;5404253,990000000200000;9,188413567000055;48,791127796000069
151001;08170601426010884770;08;4;26;021;2017;06;16;5;3;5;3;1;1;0;0;0;0;0;559091,084700000010000;5328593,711000000100000;9,793812295000066;48,107864113000062
151008;08170601335200911200;08;3;35;063;2017;06;16;5;3;0;1;1;0;0;0;0;0;0;497728,173799999990000;5287473,682199999700000;8,969696311000064;47,740632313000049
151012;08170601325202862990;08;3;25;049;2017;06;14;5;3;0;1;1;0;0;0;0;0;0;472559,817700000010000;5334120,200500000300000;8,631006173000060;48,159735156000067
151013;08170601317510912970;08;3;17;009;2017;06;12;5;3;4;6;1;0;0;0;0;0;0;425172,852000000010000;5362302,997999999700000;7,988861849000045;48,409437743000069
151017;08170601317000922830;08;3;17;096;2017;06;12;5;2;0;7;1;0;0;0;0;0;0;421176,680100000000000;5369439,116000000400000;7,933528121000052;48,473139501000048
151019;08170601311400898780;08;3;15;074;2017;06;18;5;3;5;3;1;1;0;0;0;0;0;397415,959099999980000;5295533,528599999800000;7,629938874000061;47,804978623000068
151020;08170601311300891820;08;3;11;000;2017;06;21;5;3;0;7;1;0;0;0;0;2;0;413062,926700000010000;5315401,985000000300000;7,834860181000067;47,986008951000031
151023;08170601311010828980;08;3;11;000;2017;06;01;5;3;0;1;1;0;0;0;0;2;0;411397,553000000010000;5319774,806900000200000;7,811642280000058;48,025115005000032
151024;08170601311010818430;08;3;11;000;2017;06;09;5;3;6;1;0;1;1;0;0;0;0;404416,603100000010000;5316680,165199999700000;7,718725270000050;47,996272424000040
151025;08170601299200920180;08;2;12;000;2017;06;07;5;3;6;4;1;0;1;0;0;0;0;458944,351700000000000;5429519,929999999700000;8,438495115000023;49,017202097000052
151026;08170601235010907010;08;2;31;000;2017;06;19;5;3;4;6;1;0;0;0;0;0;0;477629,794799999970000;5415285,681699999600000;8,694826523000074;48,890117614000076
151028;08170601226400844430;08;2;26;084;2017;06;13;5;3;6;6;1;0;1;0;0;0;0;468712,927000000030000;5469842,922000000300000;8,568951585000036;49,380482257000040
151032;08170601222500839320;08;2;22;000;2017;06;14;5;3;5;3;1;1;0;0;0;0;0;463060,130200000010000;5478881,736399999800000;8,490233348000061;49,461466207000058
151034;08170601221000924230;08;2;26;098;2017;06;10;5;3;4;7;1;0;0;0;1;0;0;477796,254699999990000;5460121,931800000400000;8,694633644000021;49,293441180000059
151036;08170601215302888790;08;2;15;082;2017;06;17;5;3;1;5;1;1;0;0;0;0;0;489512,469600000010000;5439269,861300000000000;8,856309419000070;49,106184528000028
151038;08170601212302831610;08;2;12;000;2017;06;22;5;3;0;1;1;0;0;0;0;2;0;456895,231499999990000;5428664,214100000400000;8,410562358000050;49,009365059000061
151043;08170601128010879520;08;2;25;052;2017;06;15;5;2;0;1;1;0;0;0;0;0;0;513040,350400000000000;5477901,768400000400000;9,179926590000036;49,453634883000063
151044;08170601127202833620;08;1;27;014;2017;06;11;5;3;5;3;1;0;0;0;0;0;0;578140,179099999950000;5443022,615199999900000;10,071236004000070;49,135061993000079
151048;08170601126100819410;08;1;26;039;2017;06;11;5;3;0;5;1;0;0;0;1;0;0;548050,820799999990000;5460720,568300000400000;9,660892974000035;49,297339632000046
151049;08170601121300892430;08;1;21;000;2017;06;07;5;3;4;2;1;1;0;0;0;0;0;514192,166000000030000;5443359,773000000000000;9,194591756000023;49,142900461000067
151050;08170601121200889680;08;1;21;000;2017;06;20;5;3;0;7;0;1;1;0;0;0;0;516129,923499999980000;5442684,272099999700000;9,221133524000038;49,136776275000045
151053;08170601119400813240;08;1;19;091;2017;06;18;5;3;4;2;1;1;0;0;0;0;0;528389,769899999960000;5406469,329400000200000;9,386679200000060;48,810562283000081
151055;08170601118300898430;08;1;18;081;2017;06;16;5;3;6;7;0;1;1;0;0;0;0;520007,726499999990000;5413573,626899999600000;9,272861244000069;48,874797268000066
151057;08170601118010838220;08;1;15;050;2017;06;12;5;3;1;7;1;1;0;0;0;0;0;489348,605500000010000;5401167,690899999800000;8,855059989000040;48,763426407000054
151058;08170601118010838210;08;1;18;046;2017;06;08;5;3;6;4;0;1;1;0;0;0;0;513586,694200000030000;5411631,370199999800000;9,185228627000072;48,857499119000067
151059;08170601117100813470;08;1;17;037;2017;06;20;5;3;8;7;1;0;0;0;0;0;0;555541,857500000040000;5397170,450799999800000;9,755219864000026;48,725083375000054
151062;08170601116010851240;08;1;16;049;2017;06;12;5;3;5;3;1;1;0;0;0;0;0;525559,528900000030000;5384060,700600000100000;9,346743191000030;48,609099228000048
151068;08170614222500887160;08;2;22;000;2017;06;21;4;3;5;2;1;1;0;0;0;0;0;462026,215600000000000;5478670,792200000000000;8,475986278000050;49,459505104000073
151069;08170614222500887150;08;2;22;000;2017;06;16;4;3;5;3;1;1;0;0;0;0;0;465765,408600000020000;5473696,830600000000000;8,528012323000041;49,414988433000076
151070;08170614222200896840;08;2;22;000;2017;06;12;4;3;0;5;1;0;0;0;1;0;0;460825,627700000010000;5482570,085099999800000;8,459033532000035;49,494500930000072
151071;08170614211100834680;08;2;11;000;2017;06;12;4;3;5;3;1;0;0;1;0;0;0;443287,833600000010000;5402151,867800000100000;8,228182626000034;48,769786808000049
151072;08170614211010872630;08;2;11;000;2017;06;20;4;2;0;7;1;0;0;0;0;0;0;440806,978999999990000;5404109,526999999800000;8,194141305000073;48,787165060000063
151077;08170614127202917980;08;1;27;014;2017;06;17;4;3;5;3;1;1;0;0;0;0;0;576549,170000000040000;5444117,294999999900000;10,049636403000022;49,145107707000079
151078;08170614126200870070;08;1;26;066;2017;06;18;4;3;0;7;1;1;0;0;0;0;0;536111,713699999960000;5449836,511900000300000;9,495708396000055;49,200261198000078
151081;08170614121500827210;08;1;25;065;2017;06;12;4;3;5;3;1;1;0;0;0;0;0;516396,820599999980000;5447967,267099999800000;9,225007710000057;49,184291312000028
151082;08170614119400835920;08;1;19;079;2017;06;09;4;3;6;4;0;1;1;0;0;0;0;522482,533000000000000;5407407,708800000100000;9,306273217000069;48,819245545000058
151083;08170614119200908590;08;1;19;020;2017;06;12;4;3;3;2;1;1;0;0;0;0;0;520355,560100000000000;5406432,555400000000000;9,277250060000029;48,810546597000041
151086;08170614116400904280;08;1;16;033;2017;06;16;4;3;0;5;1;1;0;0;0;0;0;533747,487399999980000;5387535,477199999600000;9,458101442000043;48,639970040000037
151087;08170614115100979600;08;1;15;003;2017;06;14;4;3;0;7;1;0;0;0;0;0;0;501367,091699999990000;5392993,060800000100000;9,018575775000045;48,689976708000074
151088;08170614111500911930;08;1;11;000;2017;06;00;4;3;1;5;1;1;0;0;0;2;0;512939,087899999980000;5403572,418600000400000;9,176145571000063;48,785015811000051
151089;08170614111500911900;08;1;11;000;2017;06;07;4;3;5;3;1;1;0;0;0;0;0;511382,453800000020000;5400819,906299999900000;9,154878324000038;48,760284812000066
151094;08170613435100865740;08;4;35;016;2017;06;09;3;3;3;6;1;1;0;0;0;0;0;536371,530600000060000;5278285,120299999600000;9,484381345000031;47,656938276000062
151095;08170613426010884860;08;4;25;039;2017;06;15;3;2;6;4;0;1;1;0;0;0;0;566268,928300000030000;5352749,836500000200000;9,894001248000052;48,324460267000063
151096;08170613415400853430;08;4;15;061;2017;06;16;3;3;6;4;0;1;1;0;0;0;0;515763,243800000000000;5372687,151499999700000;9,213416220000056;48,507103416000064
151097;08170613415000921790;08;4;15;091;2017;06;14;3;3;8;1;1;0;0;0;0;0;0;516080,295600000010000;5354191,549399999900000;9,216999243000032;48,340700511000080
151098;08170613335010923590;08;4;36;009;2017;06;10;3;2;5;3;1;1;0;0;0;0;0;552748,217500000030000;5305465,316200000200000;9,705766942000025;47,900346601000081
151102;08170613317300895290;08;3;17;065;2017;06;10;3;3;0;7;1;0;0;0;0;0;0;415319,188599999990000;5354912,221800000400000;7,857224319000068;48,341712161000032
151103;08170613311010858080;08;3;11;000;2017;06;16;3;3;0;1;1;0;0;0;0;0;0;411192,745999999980000;5319567,411000000300000;7,808938957000066;48,023220993000052
151105;08170613299200920390;08;2;12;000;2017;06;17;3;3;5;3;1;1;0;0;0;0;0;451642,340600000000000;5428847,099600000300000;8,338714472000049;49,010620835000054
151106;08170613235010907620;08;2;31;000;2017;06;15;3;2;6;7;0;1;1;0;0;0;0;478480,370100000000000;5416209,612700000400000;8,706381206000060;48,898459109000044
151107;08170613222800910380;08;2;22;000;2017;06;11;3;3;6;7;0;0;1;0;1;0;0;460314,614699999980000;5487564,237499999800000;8,451475022000068;49,539387098000077
151110;08170613221200894980;08;2;21;000;2017;06;09;3;3;6;4;0;1;1;0;0;0;0;476398,308299999980000;5472861,854600000200000;8,674653265000075;49,407983396000077
151112;08170613221000924560;08;2;21;000;2017;06;09;3;3;5;3;1;1;0;0;0;0;0;477287,492499999990000;5474500,349000000400000;8,686816616000044;49,422755215000052
151116;08170613212502862020;08;2;12;000;2017;06;18;3;3;5;3;1;1;0;0;0;0;0;454617,410399999990000;5429309,790900000400000;8,379343897000069;49,015008753000075
151118;08170613135200913320;08;1;35;019;2017;06;12;3;3;6;4;0;0;1;0;1;0;0;584858,048700000040000;5392249,962299999800000;10,152760268000065;48,677525480000043
151119;08170613135200840850;08;1;35;032;2017;06;19;3;3;0;3;1;1;0;0;0;0;0;578635,954499999990000;5393933,450699999900000;10,068572061000054;48,693482410000058
151121;08170613127100809670;08;1;27;076;2017;06;19;3;3;5;7;1;1;0;0;0;0;0;552324,411199999970000;5441211,668700000300000;9,717124870000021;49,121514164000075
151122;08170613121200867940;08;1;21;000;2017;06;11;3;3;5;3;1;1;0;0;0;0;0;515074,711699999990000;5441005,704099999700000;9,206604429000038;49,121703759000070
151124;08170613118600822410;08;1;18;076;2017;06;15;3;2;0;7;1;0;0;0;0;0;0;505445,944100000020000;5424196,395999999700000;9,074412903000052;48,970655747000080
151125;08170613118400837020;08;1;18;048;2017;06;14;3;3;5;3;1;1;0;0;0;0;0;512026,541000000030000;5415564,034000000000000;9,164074668000069;48,892908686000055
151126;08170613118400818210;08;1;18;048;2017;06;10;3;3;5;2;1;1;0;0;0;0;0;514969,022000000000000;5416121,535500000200000;9,204238285000031;48,897859714000049
151127;08170613117010847280;08;1;17;024;2017;06;11;3;3;6;4;0;1;1;0;0;0;0;561967,674000000000000;5385157,387000000100000;9,840784457000041;48,616418174000046
151130;08170613115100830010;08;1;15;024;2017;06;19;3;3;2;7;1;0;0;0;0;0;0;500675,884800000000000;5388238,195799999900000;9,009176021000030;48,647202426000035
151131;08170613111500911880;08;1;11;000;2017;06;17;3;3;5;3;1;1;0;0;0;0;0;516830,761699999970000;5405181,793700000300000;9,229190203000030;48,799400402000060
151132;08170613111370870610;08;1;11;000;2017;06;17;3;3;1;7;1;0;0;1;0;0;0;508460,442199999990000;5407153,534500000100000;9,115249719000076;48,817308257000036
151133;08170613111340824220;08;1;11;000;2017;06;10;3;3;5;3;1;1;0;0;0;0;0;511394,696899999980000;5406132,282700000300000;9,155192192000072;48,808074311000041
151134;08170612426100877490;08;4;26;021;2017;06;22;2;3;6;4;0;1;1;0;0;2;0;558807,746300000000000;5327248,700199999800000;9,789820999000028;48,095790393000073
151135;08170612426010884850;08;4;25;020;2017;06;16;2;2;6;4;0;1;1;0;0;0;0;558763,109700000030000;5361523,498399999900000;9,793980528000077;48,404128344000071
151136;08170612421300887300;08;4;21;000;2017;06;18;2;3;8;1;1;0;0;0;0;0;0;567179,868000000020000;5355874,210000000000000;9,906787032000068;48,352469489000043
151138;08170612416100969360;08;4;16;036;2017;06;13;2;2;5;3;1;1;0;0;0;0;0;495813,411499999990000;5369899,134499999700000;8,943346160000033;48,482205162000071
151139;08170612415100815350;08;4;15;062;2017;06;20;2;3;0;7;1;0;0;0;0;0;0;520173,401599999980000;5378163,812699999700000;9,273389170000030;48,556246644000055
151142;08170612337010887850;08;3;37;062;2017;06;11;2;3;0;7;1;0;0;0;1;0;1;456173,659700000020000;5274456,919700000400000;8,416726865000044;47,622032776000026
151143;08170612335010923580;08;4;36;082;2017;06;17;2;2;5;3;1;1;0;0;0;0;0;547309,317000000040000;5295127,109000000200000;9,631868719000067;47,807759307000026
151149;08170612316211870730;08;3;16;010;2017;06;14;2;3;5;3;1;0;0;0;1;0;0;430300,693900000010000;5335546,401700000300000;8,062560173000065;48,169336255000076
151150;08170612316100908770;08;3;16;043;2017;06;20;2;2;0;1;1;0;0;0;0;0;0;407711,961000000010000;5328754,868999999900000;7,760283475000051;48,105368582000040
151153;08170612235010907590;08;2;31;000;2017;06;18;2;2;6;2;0;1;1;0;0;0;0;477708,358100000010000;5415602,865299999700000;8,695880959000021;48,892973721000033
151154;08170612231102824530;08;2;36;040;2017;06;16;2;3;5;3;1;1;0;0;0;0;0;492427,341399999980000;5417918,558199999900000;8,896644578000064;48,914159847000064
151160;08170612212302831740;08;2;12;000;2017;06;11;2;3;6;4;0;1;1;0;0;0;0;455632,441400000010000;5428685,610500000400000;8,393292952000024;49,009468021000032
151161;08170612212302831730;08;2;12;000;2017;06;17;2;3;5;3;1;1;0;0;0;0;0;455198,907599999980000;5430970,970700000400000;8,387112556000034;49,029993675000071
151162;08170612212202832200;08;2;12;000;2017;06;20;2;3;5;2;1;1;0;0;0;0;0;458590,685100000000000;5428031,446399999800000;8,433810224000069;49,003789310000059
151163;08170612211100869200;08;2;11;000;2017;06;16;2;3;0;7;1;0;0;0;0;0;0;439732,772999999990000;5406582,094999999700000;8,179155698000045;48,809302662000050
151164;08170612136100894270;08;1;36;088;2017;06;18;2;3;3;2;1;1;0;0;0;0;0;580289,990699999970000;5410578,891200000400000;10,094292951000057;48,842986556000028
151167;08170612119300869930;08;1;19;001;2017;06;19;2;3;5;3;1;1;0;0;0;0;0;552771,111999999960000;5410462,741000000400000;9,719255057000055;48,844891545000053
151168;08170612119300856210;08;1;19;086;2017;06;12;2;3;3;6;1;0;0;0;1;0;0;534732,712199999950000;5405247,343899999700000;9,472966249000024;48,799247606000051