OBJECTID;UIDENTSTLA;ULAND;UREGBEZ;UKREIS;UGEMEINDE;UJAHR;UMONAT;USTUNDE;UWOCHENTAG;UKATEGORIE;UART;UTYP1;IstRad;IstPKW;IstFuss;IstKrad;IstSonstig;LICHT;STRZUSTAND;LINREFX;LINREFY;XGCSWGS84;YGCSWGS84
151172;08170612116400868980;08;1;16;033;2017;06;20;2;3;8;2;1;0;0;0;0;2;0;533432,234700000030000;5388208,032999999800000;9,453876504000050;48,646037220000039
151174;08170612116200893430;08;1;16;015;2017;06;09;2;3;6;7;0;0;1;0;1;0;0;523114,815400000020000;5393901,917600000300000;9,314128004000054;48,697726138000064
151175;08170612111500890400;08;1;11;000;2017;06;20;2;3;5;3;1;1;0;0;0;0;0;512146,158999999990000;5401167,593000000300000;9,165280096000060;48,763398152000036
151177;08170611435100882600;08;4;35;029;2017;06;12;1;2;0;7;1;0;0;0;0;0;0;545179,689999999940000;5271519,048000000400000;9,600980611000068;47,595506854000064
151179;08170611426100877460;08;4;26;074;2017;06;13;1;3;3;6;1;0;0;1;0;0;0;555490,527800000040000;5327794,576600000300000;9,745343903000048;48,100998801000060
151180;08170611417300824290;08;4;17;013;2017;06;10;1;3;5;3;1;1;0;0;0;0;0;510800,854100000000000;5355968,420800000400000;9,145800498000028;48,356798664000053
151181;08170611417200911680;08;4;17;002;2017;06;12;1;2;0;1;1;0;0;0;0;0;0;490862,632199999990000;5343910,655799999800000;8,876915890000021;48,248344952000082
151182;08170611416200897890;08;4;16;041;2017;06;18;1;3;0;7;1;0;0;0;0;0;0;503651,943000000030000;5373576,445000000300000;9,049451068000053;48,515291051000077
151183;08170611416100838980;08;4;16;036;2017;06;14;1;3;5;3;1;1;0;0;0;0;0;487109,382099999990000;5372296,393000000200000;8,825487697000028;48,503653549000035
151184;08170611416010886270;08;4;15;061;2017;06;13;1;3;5;3;1;1;0;0;0;0;0;515076,407200000020000;5369326,832999999600000;9,203996003000043;48,476889657000072
151186;08170611335300878050;08;3;35;075;2017;06;16;1;3;1;5;1;1;0;0;0;0;0;487556,751999999980000;5289592,685399999800000;8,833960330000025;47,759582116000047
151188;08170611335010881760;08;3;35;043;2017;06;01;1;2;7;7;1;0;0;0;0;2;0;513797,256200000000000;5280974,107099999700000;9,183834126000022;47,682008204000056
151191;08170611311010902460;08;3;36;050;2017;06;03;1;3;6;4;0;1;1;0;0;2;0;400436,893700000020000;5275182,810999999800000;7,674923327000045;47,622393837000061
151192;08170611311010858060;08;3;11;000;2017;06;15;1;3;5;3;1;0;0;0;0;0;0;411505,152599999970000;5318889,322200000300000;7,813267962000055;48,017164791000027
151193;08170611299200919380;08;2;15;046;2017;06;11;1;2;0;1;1;0;0;0;0;0;0;455114,486500000000000;5413032,477900000300000;8,387934649000044;48,868627556000035
151194;08170611222700879180;08;2;22;000;2017;06;14;1;2;0;1;1;0;0;0;0;0;0;462203,035800000010000;5480968,171699999800000;8,478206739000029;49,480179931000066
151196;08170611216300911530;08;2;16;017;2017;06;16;1;3;0;1;1;0;0;0;0;0;0;451885,890000000010000;5399458,006000000100000;8,345503041000029;48,746278618000076
151198;08170611212302831720;08;2;12;000;2017;06;12;1;3;0;7;1;0;0;0;0;0;0;455429,566200000000000;5429251,765499999700000;8,390456716000074;49,014546015000064
151199;08170611136300821800;08;1;36;065;2017;06;18;1;2;0;1;1;0;0;0;0;0;0;560727,981999999960000;5408197,392000000000000;9,827358225000069;48,823787348000053
151200;08170611136300821780;08;1;36;065;2017;06;12;1;2;0;1;1;0;0;0;0;0;0;558354,309200000020000;5404730,753200000200000;9,794529785000066;48,792832302000079
151202;08170611126010882970;08;1;21;000;2017;06;18;1;1;0;7;1;0;0;0;0;0;0;511486,557299999990000;5442597,611700000200000;9,157473031000052;49,136101102000055
151204;08170611119300819890;08;1;19;061;2017;06;11;1;3;0;1;1;0;0;0;0;0;0;540178,573100000040000;5412289,883200000000000;9,547811161000027;48,862270437000063
151206;08170611118400867110;08;1;18;048;2017;06;05;1;3;6;4;0;0;1;0;1;1;0;514720,935799999980000;5415357,648500000100000;9,200825876000067;48,890993941000033
151208;08170611117200839930;08;1;17;033;2017;06;00;1;3;7;1;1;0;0;0;0;2;0;559021,503900000010000;5387743,126199999800000;9,801182800000049;48,639962598000068
151213;08170611111330883570;08;1;11;000;2017;06;23;1;3;8;1;1;0;0;0;0;2;0;511527,204199999980000;5408765,371899999700000;9,157070886000042;48,831758783000055
151214;08170610436500915500;08;4;36;052;2017;06;17;7;2;0;1;1;0;0;0;0;0;0;563776,736299999990000;5289547,433400000400000;9,850967957000023;47,756140306000077
151217;08170610435010923260;08;4;37;100;2017;06;10;7;3;6;4;1;0;1;0;0;0;0;537191,737500000050000;5318379,387900000400000;9,498749360000033;48,017623961000027
151218;08170610421200855460;08;4;21;000;2017;06;14;7;3;0;3;1;0;0;0;1;0;0;572860,501200000060000;5361070,964100000400000;9,984353128000066;48,398585773000036
151219;08170610421100847770;08;4;25;088;2017;06;18;7;3;0;1;1;0;0;0;0;0;0;562703,885000000010000;5350292,326000000400000;9,845547255000042;48,302716942000075
151220;08170610416010886240;08;4;16;041;2017;06;17;7;2;0;1;1;0;0;0;0;0;0;506626,167000000020000;5374888,892599999900000;9,089745939000068;48,527073953000070
151221;08170610336400897180;08;3;36;091;2017;06;19;7;3;0;7;1;0;0;0;0;0;0;396206,527400000020000;5274476,978799999700000;7,618805539000050;47,615380714000025
151222;08170610336300810090;08;3;36;081;2017;06;16;7;3;5;3;1;1;0;0;0;0;0;411094,604999999980000;5277590,332999999600000;7,816243710000038;47,645602064000059
151223;08170610335200911320;08;3;35;063;2017;06;16;7;3;0;7;1;0;0;0;0;0;0;496526,100500000000000;5288078,621000000300000;8,953657135000071;47,746069950000049
151227;08170610311010829040;08;3;11;000;2017;06;19;7;3;6;6;1;0;1;0;0;0;0;417218,961699999990000;5315752,612599999600000;7,890481107000028;47,989714456000058
151229;08170610235010907430;08;2;31;000;2017;06;00;7;2;5;7;1;1;0;0;0;2;0;478261,844300000000000;5415616,563099999900000;8,703431191000050;48,893116607000081
151230;08170610235010907420;08;2;31;000;2017;06;15;7;2;6;2;0;1;1;0;0;0;0;477601,699900000010000;5415508,826999999600000;8,694431026000075;48,892123938000054
151231;08170610235010907390;08;2;31;000;2017;06;08;7;3;6;7;0;1;1;0;1;0;0;478466,736500000000000;5415012,316700000300000;8,706258294000065;48,887688161000028
151232;08170610235010874790;08;2;31;000;2017;06;14;7;3;5;7;1;1;0;0;0;0;0;474293,084099999980000;5413426,009399999900000;8,649425018000045;48,873259242000074
151237;08170610126010882950;08;1;21;000;2017;06;15;7;2;6;4;0;0;1;1;0;0;0;515190,699800000000000;5442756,232599999800000;9,208260021000058;49,137447527000063
151238;08170610121500853220;08;1;25;065;2017;06;16;7;3;5;3;1;1;0;0;0;0;0;516867,895699999990000;5450043,808799999800000;9,231559221000055;49,202957527000081
151239;08170610121300860060;08;1;21;000;2017;06;19;7;2;0;7;1;0;0;0;0;0;0;513561,196999999990000;5441909,973899999600000;9,185891682000033;49,129873258000032
151241;08170610119300819880;08;1;19;061;2017;06;15;7;3;5;3;1;1;0;0;0;0;0;538622,654199999990000;5413508,377299999800000;9,526713110000060;48,873330166000073
151243;08170610119200827690;08;1;19;020;2017;06;15;7;2;6;4;0;1;1;0;0;0;0;519952,416299999980000;5406787,239099999900000;9,271776407000061;48,813750340000070
151245;08170610116010851410;08;1;16;033;2017;06;01;7;3;6;7;0;1;1;0;0;2;1;533668,425900000030000;5388692,349499999500000;9,457122311000035;48,650381395000068
151248;08170609435110897480;08;4;35;016;2017;06;16;6;3;0;7;1;0;0;0;0;0;0;535307,726200000030000;5278044,997399999800000;9,470195131000025;47,654836724000063
151251;08170609336200832410;08;3;36;105;2017;06;20;6;3;8;1;1;0;0;0;0;0;0;399266,449000000020000;5267431,770600000400000;7,661129905000053;47,552489366000032
151252;08170609335100865390;08;3;35;043;2017;06;12;6;3;0;7;1;0;0;0;0;0;0;512970,613900000000000;5278104,327300000000000;9,172734808000030;47,656203997000034
151254;08170609327100870770;08;3;27;050;2017;06;22;6;3;6;2;0;1;1;0;0;2;1;486637,796900000020000;5314635,105600000400000;8,820923493000066;47,984879008000064
151256;08170609317500839780;08;3;17;096;2017;06;22;6;3;1;5;1;1;0;0;0;2;1;420639,483699999980000;5367831,674300000100000;7,926566217000072;48,458613196000044
151257;08170609311100817540;08;3;15;115;2017;06;18;6;3;0;6;1;1;0;0;0;0;0;408559,826799999980000;5320434,632700000000000;7,773450057000048;48,030650237000032
151258;08170609311010858030;08;3;11;000;2017;06;08;6;3;3;2;1;1;0;0;0;0;0;410384,251099999990000;5316998,532800000200000;7,798634989000050;48,000000532000058
151260;08170609299200919340;08;2;15;097;2017;06;20;6;2;0;5;1;1;0;0;0;0;1;475890,238300000030000;5443663,711900000500000;8,669409714000040;49,145325232000062
151262;08170609235010874760;08;2;35;085;2017;06;06;6;3;6;4;0;1;1;0;0;0;0;482847,844300000000000;5395424,764299999900000;8,766839842000024;48,711618110000074
151266;08170609222200896760;08;2;22;000;2017;06;16;6;3;5;3;1;1;0;0;0;0;0;461800,168699999980000;5482338,191300000100000;8,472512964000032;49,492477316000077
151269;08170609216200822310;08;2;16;007;2017;06;14;6;3;9;1;1;0;0;0;0;0;0;436453,909900000030000;5393811,503800000100000;8,136473386000034;48,694104803000073
151271;08170609212502861930;08;2;12;000;2017;06;14;6;3;6;7;0;1;1;0;0;0;0;453257,825799999990000;5428911,971800000400000;8,360797115000025;49,011328850000041
151273;08170609212102848020;08;2;12;000;2017;06;18;6;3;5;7;1;1;0;0;0;0;0;461060,669500000020000;5427379,557099999900000;8,467643261000035;48,998086192000073
151274;08170609211010872550;08;2;11;000;2017;06;15;6;2;1;7;0;1;1;0;0;0;0;445115,555100000000000;5400004,805300000100000;8,253340864000052;48,750637378000079
151276;08170609119300871190;08;1;19;076;2017;06;10;6;3;5;7;1;0;0;0;1;0;0;542533,878999999960000;5407697,212799999900000;9,579445920000069;48,820800472000030
151277;08170609119300831210;08;1;19;076;2017;06;18;6;3;0;1;1;0;0;0;0;0;1;542514,600499999940000;5406852,354399999600000;9,579095750000022;48,813201916000025
151278;08170609118200904740;08;1;18;080;2017;06;15;6;3;0;3;1;1;0;0;0;0;0;507324,568800000010000;5411014,254499999800000;9,099845660000028;48,852053193000074
151281;08170609116010851400;08;1;16;078;2017;06;15;6;3;4;6;1;1;0;0;0;0;1;510912,883199999980000;5394249,731599999600000;9,148315075000028;48,701187873000038
151282;08170609115100859910;08;1;15;051;2017;06;19;6;3;1;5;1;0;0;0;1;0;1;502266,034700000020000;5386214,256400000300000;9,030753317000063;48,628990955000063
151283;08170608436111874130;08;4;36;010;2017;06;15;5;3;0;7;1;0;0;0;0;0;0;566703,483400000030000;5306335,327300000000000;9,892600855000069;47,906874121000044
151284;08170608426010884800;08;4;26;021;2017;06;11;5;2;0;1;1;0;0;0;0;0;0;559518,866700000010000;5329173,566399999900000;9,799639342000035;48,113040735000027
151285;08170608421311822110;08;4;25;028;2017;06;16;5;3;5;2;1;0;0;0;1;0;0;579634,529300000050000;5340218,664200000500000;10,071919810000054;48,210197413000060
151286;08170608421100891770;08;4;25;033;2017;06;17;5;3;0;3;1;1;0;0;0;0;0;553581,239399999960000;5347893,090300000300000;9,722237080000070;48,281971964000036
151288;08170608335200911300;08;3;35;063;2017;06;15;5;3;1;5;1;1;0;0;0;0;0;497999,803100000020000;5287240,737400000000000;8,973320621000028;47,738537269000062
151289;08170608335100852430;08;3;35;043;2017;06;16;5;3;2;5;1;1;0;0;0;0;0;512431,636100000000000;5278797,668100000400000;9,165576782000073;47,662453041000049
151290;08170608326400846290;08;3;26;041;2017;06;16;5;3;6;7;0;1;1;0;1;0;0;463511,686300000000000;5329124,353900000500000;8,509766200000058;48,114334345000032
151291;08170608325010921960;08;3;25;049;2017;06;12;5;2;0;1;1;0;0;0;0;0;0;473208,269399999990000;5333382,550699999600000;8,639772316000062;48,153126356000030
151292;08170608317510913030;08;3;17;034;2017;06;11;5;3;6;7;0;1;1;0;0;0;0;427138,155700000000000;5361733,412499999600000;8,015513737000049;48,404544491000081
151295;08170608316200867390;08;3;16;009;2017;06;12;5;3;5;3;1;1;0;0;0;0;0;417181,801099999980000;5324592,355200000100000;7,888274055000068;48,069227086000069
151297;08170608311010857990;08;3;11;000;2017;06;18;5;3;2;1;1;1;0;0;0;0;0;409708,144700000000000;5317115,619199999600000;7,789548731000025;48,000958608000076
151298;08170608226700879900;08;2;26;103;2017;06;20;5;3;5;3;1;1;0;0;0;0;0;469776,981299999980000;5458982,361200000200000;8,584434016000046;49,282846761000030
151300;08170608226400854560;08;2;26;062;2017;06;19;5;3;5;3;1;1;0;0;0;0;0;469468,541000000030000;5468527,267900000300000;8,579462510000042;49,368686572000058
151301;08170608212402820100;08;2;12;000;2017;06;19;5;3;5;3;1;1;0;0;0;0;0;455311,863000000010000;5427865,672199999900000;8,388999687000023;49,002069465000034
151302;08170608212302831690;08;2;12;000;2017;06;09;5;3;6;7;1;0;1;0;0;0;0;455057,745100000000000;5430044,705199999700000;8,385284183000067;49,021651591000079
151303;08170608212102848010;08;2;15;101;2017;06;16;5;3;0;1;1;0;0;0;0;0;0;466744,638400000000000;5426035,492300000000000;8,545458527000051;48,986328229000037
151307;08170608121200838040;08;1;21;000;2017;06;16;5;3;0;7;1;1;0;0;0;0;0;512681,747700000010000;5440299,644700000100000;9,173785965000036;49,115406510000071
151309;08170608119500964160;08;1;19;068;2017;06;16;5;3;5;2;1;1;0;0;0;0;0;525680,603000000000000;5413202,932900000400000;9,350202144000036;48,871253615000057
151312;08170608118300862570;08;1;18;046;2017;06;07;5;3;5;3;1;1;0;0;0;0;0;513967,548499999980000;5412468,556400000100000;9,190449390000026;48,865021808000051
151313;08170608117010847230;08;1;17;024;2017;06;19;5;3;5;3;1;0;1;0;0;0;0;560828,372600000000000;5386311,128100000300000;9,825497203000055;48,626908200000059
151315;08170608116100883860;08;1;16;019;2017;06;23;5;3;5;3;1;1;0;0;0;2;0;521946,538400000020000;5398044,017400000200000;9,298471820000032;48,735030410000036
151317;08170608116010851350;08;1;16;019;2017;06;13;5;3;5;2;1;1;0;0;0;0;0;521886,120400000010000;5398166,279299999600000;9,297656643000039;48,736132392000059
151322;08170608111362826970;08;1;11;000;2017;06;16;5;3;0;3;0;1;1;0;0;0;0;517262,436400000010000;5409135,514200000100000;9,235234772000069;48,834955551000064
151323;08170608111340824170;08;1;11;000;2017;06;15;5;3;0;1;1;1;0;0;0;0;0;511307,672800000000000;5406706,701799999900000;9,154022782000027;48,813243307000050
151324;08170607437200892560;08;4;37;104;2017;06;05;4;3;0;1;1;0;0;0;0;2;0;515273,081400000020000;5325866,731599999600000;9,205086023000035;48,085888001000058
151325;08170607426300827150;08;4;26;097;2017;06;16;4;3;5;3;1;1;0;0;0;0;0;534798,670200000050000;5333805,933000000200000;9,467916168000045;48,156547576000037
151328;08170620216100909450;08;2;16;043;2017;06;08;3;3;5;3;1;1;0;0;0;0;0;441998,347699999980000;5413216,440000000400000;8,209070808000035;48,869194260000029
151330;08170620215402849670;08;2;15;103;2017;06;13;3;3;1;5;1;1;0;0;0;0;0;466856,742299999980000;5442827,083900000000000;8,545615790000056;49,137378606000027
151331;08170620212702891020;08;2;15;017;2017;06;20;3;3;5;3;1;0;0;0;0;0;0;456547,237900000010000;5421050,059899999800000;8,406617466000057;48,940850027000067
151332;08170620212402820330;08;2;12;000;2017;06;09;3;3;5;7;1;0;0;0;0;0;0;456121,726700000000000;5428171,726800000300000;8,400038868000024;49,004880565000065
151333;08170620212302831870;08;2;12;000;2017;06;17;3;3;3;6;1;1;0;0;0;0;0;455762,837600000030000;5428749,613599999800000;8,395068984000034;49,010053097000082
151334;08170620212302831860;08;2;12;000;2017;06;00;3;3;5;3;1;0;0;0;0;2;0;457340,040500000000000;5429305,605800000000000;8,416577168000060;49,015165371000080
151339;08170620119500842890;08;1;19;085;2017;06;12;3;3;6;7;0;1;1;0;0;0;0;529323,983099999950000;5413082,704599999800000;9,399876511000059;48,870010493000052
151340;08170620119300831270;08;1;19;067;2017;06;07;3;3;3;6;1;0;0;0;0;0;0;538462,901799999990000;5405658,121100000100000;9,523797779000063;48,802723167000067
151341;08170620119300819940;08;1;19;067;2017;06;13;3;3;5;1;1;1;0;0;0;0;0;538514,563100000030000;5405695,502600000200000;9,524504791000027;48,803056235000042
151342;08170620119200827760;08;1;19;020;2017;06;19;3;3;6;4;0;0;1;0;1;0;0;520360,674200000010000;5406044,715900000200000;9,277300476000050;48,807057499000052
151343;08170620118400867160;08;1;18;048;2017;06;13;3;3;7;7;1;0;0;0;0;0;0;514534,525299999980000;5415610,267199999700000;9,198291831000063;48,893270831000052
151344;08170620118300898500;08;1;18;046;2017;06;14;3;3;1;5;1;1;0;0;0;0;0;513043,141300000020000;5413324,268600000100000;9,177872323000031;48,872739735000039
151345;08170620118110838910;08;1;18;007;2017;06;22;3;3;5;2;1;1;0;0;0;2;0;511282,697400000000000;5427339,859000000200000;9,154252817000042;48,998854099000027
151351;08170619436200002430;08;4;35;013;2017;06;12;2;3;5;3;1;0;0;0;0;0;0;539905,601099999970000;5275322,948800000400000;9,531174421000060;47,630078202000050
151355;08170619417100836120;08;4;17;079;2017;06;11;2;3;4;6;1;0;0;0;1;0;0;497279,527000000000000;5339962,014000000400000;8,963379423000049;48,212879757000053
151356;08170619416213830950;08;4;16;025;2017;06;14;2;3;0;7;1;0;0;0;0;0;0;503885,223699999970000;5361294,052699999900000;9,052495870000030;48,404791599000077
151359;08170619335310848850;08;3;35;022;2017;06;07;2;3;5;3;1;1;0;0;0;0;0;483388,833900000030000;5300250,286000000300000;8,777936662000059;47,855379126000059
151360;08170619335300858350;08;3;35;075;2017;06;14;2;3;0;1;1;0;0;0;0;0;0;487628,102499999980000;5290292,746299999800000;8,834892480000065;47,765882304000058
151361;08170619335300858330;08;3;35;075;2017;06;13;2;3;5;3;1;1;0;0;0;0;0;487725,193700000000000;5289992,369500000000000;8,836196678000022;47,763181514000053
151362;08170619335100865400;08;3;35;043;2017;06;13;2;3;7;1;1;0;0;0;0;0;0;515808,654800000020000;5280869,751100000000000;9,210629971000060;47,681023182000047
151363;08170619327210850450;08;3;27;049;2017;06;17;2;3;0;6;1;0;0;0;1;0;0;472430,447099999990000;5325162,338899999900000;8,629845939000063;48,079137370000069
151365;08170619325010922120;08;4;17;044;2017;06;19;2;2;5;3;1;0;0;0;0;0;0;497659,899700000010000;5336268,549499999700000;8,968520022000064;48,179651628000045
151366;08170619317500873500;08;3;17;096;2017;06;13;2;3;5;3;1;1;0;0;0;0;0;421227,179000000000000;5368088,770999999700000;7,934465570000043;48,460999618000073
151368;08170619317300895330;08;3;17;065;2017;06;07;2;3;8;7;1;0;0;0;0;0;0;416345,742299999980000;5354880,907900000000000;7,871081167000057;48,341567276000035
151369;08170619317210877410;08;3;17;153;2017;06;07;2;3;5;3;1;1;0;0;0;0;0;417033,389599999990000;5388045,151899999900000;7,873771783000052;48,639959912000052
151370;08170619316200877830;08;3;16;056;2017;06;16;2;3;5;3;1;1;0;0;0;0;0;423254,832999999980000;5327345,649600000100000;7,969287647000044;48,094754399000067
151371;08170619316100814620;08;3;16;017;2017;06;15;2;3;5;3;1;1;0;0;0;0;0;410297,751099999990000;5340443,714700000400000;7,792545640000071;48,210878494000042
151373;08170619311400855760;08;3;15;006;2017;06;15;2;3;2;1;1;1;0;0;0;0;0;403069,419899999980000;5308053,989099999900000;7,702615647000073;47,918477654000071
151374;08170619311200859330;08;3;11;000;2017;06;20;2;3;0;7;0;0;1;0;1;0;0;413484,451100000010000;5316573,836799999700000;7,840272104000064;47,996607333000043
151376;08170619311010864280;08;3;11;000;2017;06;13;2;3;3;6;1;1;0;0;0;0;0;411847,313199999980000;5315201,622999999700000;7,818613096000036;47,984040244000028
151377;08170619311010864270;08;3;11;000;2017;06;12;2;3;0;2;1;0;0;0;1;0;0;413124,367700000000000;5318256,959400000100000;7,835105384000030;48,011698731000081
151378;08170619311010864260;08;3;11;000;2017;06;07;2;3;5;3;1;1;0;0;0;0;0;414413,949399999980000;5315274,070600000200000;7,852988439000058;47,985040526000034
151379;08170619311010864240;08;3;11;000;2017;06;00;2;3;3;6;1;1;0;0;0;2;0;412451,826999999990000;5316386,524000000200000;7,826471136000066;47,994781830000079
151382;08170619299200920460;08;2;12;000;2017;06;18;2;3;6;2;0;1;1;0;0;0;0;451828,633500000000000;5431100,504499999800000;8,340994261000049;49,030904757000030
151384;08170619299200920440;08;2;12;000;2017;06;08;2;3;5;3;1;1;0;0;0;0;0;454820,657000000010000;5433127,563000000100000;8,381697911000060;49,049364690000061
151385;08170619299200919640;08;2;12;000;2017;06;06;2;3;5;3;1;1;0;0;0;0;0;451399,319000000020000;5431193,520399999800000;8,335110310000061;49,031707743000027
151386;08170619235010907840;08;2;31;000;2017;06;18;2;2;1;5;1;1;0;0;0;0;0;477618,212899999980000;5416134,555200000300000;8,694622019000065;48,897753368000053
151392;08170619222500846930;08;2;22;000;2017;06;18;2;3;0;1;1;0;0;0;0;0;1;462046,757900000030000;5480221,964999999900000;8,476120989000037;49,473458428000072
151393;08170619222014909220;08;2;22;000;2017;06;07;2;3;0;7;1;0;0;0;0;0;0;464278,674000000000000;5476683,487999999900000;8,507246707000036;49,441766782000059
151394;08170619222014909210;08;2;26;096;2017;06;08;2;2;5;3;1;1;0;0;0;0;0;474300,209299999990000;5487968,441100000400000;8,644750314000021;49,543777603000080
151395;08170619222014827500;08;2;22;000;2017;06;20;2;2;6;4;0;1;1;0;0;0;0;461659,618599999990000;5484018,276899999900000;8,470409191000044;49,507579895000049
151397;08170619221300841650;08;2;21;000;2017;06;17;2;3;1;5;1;1;0;0;0;0;0;477615,018300000000000;5474900,660500000200000;8,691310220000048;49,426368088000061
151398;08170619221000924340;08;2;21;000;2017;06;19;2;3;6;4;0;0;1;0;1;0;0;477749,696000000000000;5473040,469600000400000;8,693271698000046;49,409640924000030
151400;08170619216200916960;08;2;16;007;2017;06;16;2;3;6;4;0;1;1;0;0;0;0;436434,582200000000000;5393998,295599999800000;8,136182027000075;48,695783040000038
151401;08170619216100883400;08;2;16;043;2017;06;19;2;3;0;7;1;0;0;0;0;0;0;442290,923899999990000;5413107,827700000300000;8,213075398000058;48,868244591000064
151406;08170619212402820280;08;2;12;000;2017;06;16;2;3;0;7;1;1;0;0;0;0;0;455865,830000000020000;5423905,622000000400000;8,397003322000046;48,966488110000057
151410;08170619121200905400;08;1;21;000;2017;06;17;2;3;5;3;1;1;0;0;0;0;0;515903,092300000020000;5446608,141300000300000;9,218178761000047;49,172078606000071
151411;08170619119500830690;08;1;19;085;2017;06;15;2;3;5;1;1;1;0;0;0;0;0;529399,650600000050000;5413945,201999999600000;9,400970325000060;48,877765587000056
151413;08170619119100888010;08;1;19;008;2017;06;19;2;3;0;7;1;0;0;0;0;0;0;531252,714000000040000;5419469,093200000000000;9,426665598000056;48,927365210000062
151414;08170619118500979210;08;1;18;053;2017;06;14;2;3;6;7;0;0;1;0;1;0;0;514808,305700000030000;5427533,618599999700000;9,202460401000053;49,000522569000054
151420;08170619115300845650;08;1;15;028;2017;06;20;2;3;5;7;1;1;0;0;0;0;0;501077,821100000000000;5404772,425400000100000;9,014676043000065;48,795944667000072
151421;08170619111500911990;08;1;11;000;2017;06;20;2;3;5;3;1;0;0;0;1;1;0;515553,049400000020000;5404745,549499999700000;9,211774769000044;48,795509286000026
151422;08170619111500911980;08;1;11;000;2017;06;19;2;3;5;3;1;0;0;1;0;0;0;512682,778200000000000;5398560,103199999800000;9,172501845000056;48,739930561000051
151424;08170619111500857770;08;1;11;000;2017;06;07;2;3;6;3;0;1;1;0;0;0;0;511935,386300000010000;5403555,092400000400000;9,162481291000063;48,784880017000035
151425;08170619111320885430;08;1;11;000;2017;06;07;2;3;6;4;0;1;1;0;0;0;0;517372,634199999970000;5407295,350800000100000;9,236658458000022;48,818398715000058
151427;08170619111230857500;08;1;11;000;2017;06;08;2;3;1;5;1;1;0;0;0;0;0;511984,121700000020000;5399133,076500000400000;9,163015942000072;48,745098853000059
151429;08170618426300885340;08;4;26;014;2017;06;16;1;3;3;1;1;0;0;1;0;0;0;548594,204499999990000;5316856,546699999800000;9,651477320000026;48,003158016000043
151431;08170618421300871060;08;4;25;141;2017;06;17;1;2;6;7;0;1;1;0;0;0;0;569221,452999999980000;5362180,964999999900000;9,935379272000034;48,408980700000029
151433;08170618416200821510;08;4;16;041;2017;06;13;1;3;0;7;1;0;0;0;0;0;0;502103,728200000010000;5374323,514499999600000;9,028490418000047;48,522019062000027
151434;08170618416010886380;08;4;16;006;2017;06;08;1;3;1;7;1;1;0;0;0;0;0;497892,404600000010000;5359822,347799999600000;8,971530246000043;48,391559769000025
151436;08170618415400853500;08;4;15;061;2017;06;13;1;3;4;6;1;0;0;0;0;0;0;510542,305999999980000;5362740,571999999700000;9,142480338000041;48,417729033000057
151438;08170618335100839180;08;3;35;002;2017;06;09;1;2;0;1;1;0;0;0;0;0;0;507531,923799999990000;5283738,092100000000000;9,100402986000063;47,706980962000046
151439;08170618326100845830;08;3;26;006;2017;06;19;1;3;5;3;1;1;0;0;0;0;0;457995,684200000020000;5311103,921299999600000;8,437427678000063;47,951869911000074
151440;08170618317500834140;08;3;17;122;2017;06;16;1;3;0;1;1;0;0;0;0;0;0;417182,611900000020000;5366367,797799999800000;7,880107146000057;48,445000416000028
151441;08170618317300895320;08;3;17;065;2017;06;13;1;3;8;7;1;0;0;0;0;0;0;415852,821400000020000;5354426,884499999700000;7,864521236000030;48,337417919000075
151442;08170618311300897700;08;3;15;064;2017;06;10;1;2;0;1;1;0;0;0;0;0;0;422667,100500000000000;5312499,114799999600000;7,964075668000021;47,961128850000080
151444;08170618221000924070;08;2;21;000;2017;06;18;1;2;5;3;1;0;0;0;0;0;0;477335,132999999970000;5473894,532800000200000;8,687508125000022;49,417307782000080
151445;08170618212102848190;08;2;12;000;2017;06;20;1;3;0;1;1;0;0;0;0;0;0;461310,152999999990000;5427363,763799999800000;8,471055411000066;48,997959814000069
151447;08170618135010900590;08;1;17;002;2017;06;17;1;2;5;2;1;1;0;0;0;0;0;541746,650600000050000;5387421,015499999700000;9,566668633000063;48,638457350000067
151451;08170618111500911940;08;1;11;000;2017;06;16;1;3;5;3;1;1;0;0;0;0;0;512743,925400000010000;5402374,632000000200000;9,173451620000037;48,774244647000046
151452;08170618111370870650;08;1;11;000;2017;06;00;1;3;0;3;1;1;0;0;0;2;0;511795,310999999990000;5406140,876000000200000;9,160648655000045;48,808144141000071
151454;08170617426010884960;08;4;26;120;2017;06;19;7;3;1;1;1;0;0;0;1;0;0;562650,171600000000000;5323973,629400000000000;9,840940978000049;48,065961310000034
151455;08170617426010884950;08;4;25;028;2017;06;15;7;2;4;6;1;0;0;0;0;0;0;578862,859999999990000;5343443,946999999700000;10,062134773000025;48,239306124000052
151456;08170617421100825200;08;4;25;081;2017;06;14;7;3;6;7;0;1;1;0;0;0;0;547703,073699999950000;5342784,643000000200000;9,642432990000032;48,236485577000053
151457;08170617416010886370;08;4;16;041;2017;06;12;7;3;5;3;1;1;0;0;0;0;0;506363,050500000010000;5374841,486200000200000;9,086181524000040;48,526650191000044