OBJECTID;UIDENTSTLA;ULAND;UREGBEZ;UKREIS;UGEMEINDE;UJAHR;UMONAT;USTUNDE;UWOCHENTAG;UKATEGORIE;UART;UTYP1;IstRad;IstPKW;IstFuss;IstKrad;IstSonstig;LICHT;STRZUSTAND;LINREFX;LINREFY;XGCSWGS84;YGCSWGS84
151458;08170617336210828260;08;3;36;069;2017;06;16;7;3;6;7;0;1;1;0;0;0;0;408761,415700000010000;5268052,646999999900000;7,787169891000076;47,559478321000029
151459;08170617336101816640;08;3;36;050;2017;06;17;7;3;6;4;0;1;1;0;0;0;0;399348,646300000020000;5273704,453700000400000;7,660783653000067;47,608927338000058
151460;08170617336100860820;08;3;36;050;2017;06;12;7;3;3;5;1;1;0;0;0;0;0;401532,266899999990000;5276300,787700000200000;7,689246150000031;47,632617944000060
151461;08170617335400821250;08;3;35;098;2017;06;16;7;3;6;7;0;1;1;0;0;0;0;502785,634000000020000;5294148,302899999500000;9,037200127000062;47,800685509000061
151462;08170617335300874320;08;3;35;075;2017;06;16;7;3;5;3;1;1;0;0;0;0;0;491515,286700000000000;5288726,422100000100000;8,886798828000053;47,751852124000038
151463;08170617335100816540;08;3;35;043;2017;06;20;7;3;0;7;1;0;0;0;0;0;0;512912,178799999990000;5280294,974800000000000;9,172021357000062;47,675915895000060
151464;08170617335100816530;08;3;35;043;2017;06;11;7;3;0;1;1;0;0;0;0;0;0;513355,406800000000000;5278195,012600000000000;9,177861994000068;47,657012125000051
151465;08170617325302859200;08;3;25;053;2017;06;09;7;3;0;7;0;1;1;0;1;0;0;454884,225900000020000;5342157,432599999900000;8,392475734000072;48,231032394000067
151467;08170617317010824970;08;3;17;114;2017;06;17;7;3;6;7;0;1;1;0;0;0;0;405294,560799999980000;5346210,675499999900000;7,723926647000042;48,262022965000028
151469;08170617316100873990;08;3;16;011;2017;06;16;7;3;3;2;1;1;0;0;0;0;0;414472,440999999990000;5330158,821999999700000;7,850796558000070;48,118941125000049
151471;08170617311100868090;08;3;15;132;2017;06;15;7;2;5;3;1;1;0;0;0;0;0;409935,449900000010000;5324836,383600000300000;7,790971396000032;48,070439938000050
151474;08170617311010818670;08;3;11;000;2017;06;01;7;3;0;7;1;0;0;0;0;2;0;414535,908899999980000;5318156,073499999900000;7,854048558000045;48,010981572000048
151476;08170617299200919550;08;2;12;000;2017;06;21;7;3;0;1;1;0;0;0;0;0;0;459186,676099999980000;5429130,036600000200000;8,441848356000037;49,013711020000073
151478;08170617231102824640;08;2;36;038;2017;06;00;7;3;9;1;1;0;0;0;0;2;0;485178,196699999970000;5427263,581500000300000;8,797364914000070;48,998093110000070
151483;08170617136100894290;08;1;36;033;2017;06;13;7;3;0;7;1;0;0;0;0;0;0;580267,476299999980000;5415288,423499999600000;10,094909914000027;48,885347879000051
151485;08170617118200912560;08;1;18;027;2017;06;08;7;3;5;2;1;1;0;0;0;0;0;502496,751099999990000;5412481,257799999800000;9,034043708000070;48,865288323000073
151490;08170617116100883900;08;1;16;019;2017;06;15;7;3;6;4;0;1;1;0;0;0;0;523374,447999999970000;5399801,301599999900000;9,317990728000041;48,750786794000078
151491;08170617115300865030;08;1;15;041;2017;06;12;7;3;5;3;1;1;0;0;0;0;0;495340,539500000010000;5401237,880099999700000;8,936595003000036;48,764131527000075
151492;08170617115300865020;08;1;15;028;2017;06;11;7;2;0;7;1;0;0;0;0;0;0;499636,452400000010000;5401283,195299999800000;8,995052876000045;48,764556517000074
151493;08170617115100830070;08;1;15;003;2017;06;10;7;3;3;6;1;1;0;0;0;0;0;501652,394700000000000;5392518,116399999700000;9,022450517000038;48,685703368000077
151494;08170616437113883240;08;4;37;088;2017;06;17;6;3;6;4;0;1;1;0;0;0;0;518844,366700000010000;5307987,916100000000000;9,252255040000023;47,924935075000064
151495;08170616436500882840;08;4;36;052;2017;06;21;6;2;9;1;1;0;0;0;0;1;0;569205,119500000030000;5293252,936900000100000;9,923979483000039;47,788916561000065
151497;08170616426010884940;08;4;21;000;2017;06;15;6;3;0;2;1;1;0;0;0;0;0;573709,506900000040000;5360971,720300000200000;9,995804069000030;48,397594361000074
151499;08170616416100839000;08;4;16;048;2017;06;17;6;3;0;7;1;0;0;0;0;0;0;493129,827099999990000;5378082,058500000300000;8,906896540000048;48,555798084000060
151500;08170616416100812930;08;4;16;018;2017;06;12;6;3;0;2;1;1;0;0;0;0;0;491806,288799999980000;5361906,141900000200000;8,889277390000075;48,410256991000040
151503;08170616415112826130;08;4;15;061;2017;06;18;6;3;0;7;0;0;1;0;1;0;0;514848,185400000020000;5374692,029400000300000;9,201098833000060;48,525162241000032
151504;08170616335100880950;08;3;35;043;2017;06;10;6;3;1;6;1;1;0;0;0;0;0;512757,250600000030000;5278624,125699999700000;9,169908551000049;47,660885222000047
151505;08170616327200011740;08;3;27;002;2017;06;21;6;3;0;7;1;0;0;0;0;0;0;478166,666600000000000;5326456,479899999700000;8,706794165000076;48,091002948000039
151506;08170616326300834850;08;3;26;017;2017;06;20;6;3;4;2;1;1;0;0;0;0;0;440686,947800000020000;5322811,095800000200000;8,204009168000027;48,055821983000044
151507;08170616317600904490;08;3;17;146;2017;06;09;6;2;5;5;1;1;0;0;0;0;0;430792,449000000020000;5355347,962000000300000;8,065933759000075;48,347516673000030
151510;08170616311010863320;08;3;11;000;2017;06;14;6;3;5;3;1;0;0;0;1;0;0;414602,723999999990000;5317818,773000000000000;7,855011439000066;48,007956361000026
151512;08170616231302837320;08;2;31;000;2017;06;19;6;3;0;7;1;0;0;0;0;0;0;477983,170099999990000;5415442,928200000000000;8,699638712000024;48,891544807000059
151514;08170616222700856660;08;2;22;000;2017;06;10;6;3;4;5;1;1;0;0;0;0;0;462467,046099999980000;5480352,055599999600000;8,481909749000067;49,474654656000041
151515;08170616222600812170;08;2;22;000;2017;06;09;6;3;6;4;0;1;1;0;0;0;0;462998,723300000010000;5483000,915300000500000;8,489000590000046;49,498512454000036
151516;08170616215302889040;08;2;15;007;2017;06;17;6;3;5;3;1;0;0;0;1;0;0;476875,652899999990000;5435428,345599999700000;8,683393087000070;49,071283461000064
151518;08170616215102841320;08;2;15;109;2017;06;17;6;3;5;3;1;1;0;0;0;0;0;461054,505000000000000;5434632,628999999700000;8,466862316000061;49,063328483000078
151519;08170616212702890940;08;2;15;046;2017;06;16;6;2;0;1;1;0;0;0;0;0;0;455117,985800000020000;5412960,945799999900000;8,387990211000044;48,867984356000079
151520;08170616212702890910;08;2;15;017;2017;06;19;6;3;3;5;1;1;0;0;0;0;0;456747,034300000000000;5421295,765900000000000;8,409319612000047;48,943074211000066
151521;08170616212102848140;08;2;12;000;2017;06;16;6;3;4;2;1;1;0;0;0;0;0;459534,308000000020000;5427188,650299999900000;8,446795717000043;48,996270781000078
151527;08170616115400850080;08;1;15;045;2017;06;18;6;3;1;7;1;1;0;0;0;0;0;500192,924100000000000;5395644,474499999500000;9,002622654000049;48,713830517000076
151529;08170616111500853940;08;1;11;000;2017;06;09;6;3;5;2;1;1;0;0;0;0;0;512092,386300000010000;5406563,427799999700000;9,164707165000039;48,811939655000060
151530;08170616111370890210;08;1;11;000;2017;06;00;6;3;2;6;1;1;0;0;0;2;0;510990,497700000010000;5405943,413800000200000;9,149682089000066;48,806382548000045
151532;08170615436300899390;08;4;36;049;2017;06;12;5;3;0;1;1;0;0;0;0;0;0;577936,243999999950000;5281782,808699999900000;10,038478749000035;47,684732449000080
151533;08170615435200870920;08;4;35;059;2017;06;13;5;3;0;1;1;0;0;0;0;0;0;514281,577600000020000;5288876,569299999600000;9,190546235000056;47,753100738000057
151534;08170615435200819580;08;4;35;059;2017;06;19;5;3;6;4;1;0;1;0;0;0;0;511194,414500000010000;5290647,840499999900000;9,149402784000074;47,769098801000041
151535;08170615426010884920;08;4;26;035;2017;06;14;5;2;0;1;1;0;0;0;0;0;0;539485,861900000020000;5330605,919599999700000;9,530642489000059;48,127484572000071
151538;08170615417200894660;08;4;17;002;2017;06;00;5;3;0;1;1;0;0;0;0;2;0;488646,673799999990000;5345444,347000000100000;8,847024961000045;48,262107368000045
151539;08170615416100812920;08;4;16;036;2017;06;14;5;3;0;7;1;0;0;0;0;0;0;494162,428699999990000;5368340,793600000400000;8,921026477000055;48,468172490000029
151540;08170615337110887530;08;3;37;090;2017;06;16;5;3;6;7;0;1;1;0;0;0;0;425390,278600000020000;5274061,429399999800000;8,007156737000059;47,615660530000071
151543;08170615335200911380;08;3;35;063;2017;06;18;5;3;0;1;1;0;0;0;0;0;0;495570,765399999970000;5288650,278099999800000;8,940906862000077;47,751207626000053
151544;08170615335100880930;08;3;35;066;2017;06;16;5;3;0;1;1;0;0;0;0;0;0;508532,076599999970000;5282664,852800000500000;9,113714320000042;47,697311904000060
151547;08170615316200877820;08;3;16;014;2017;06;21;5;3;0;1;1;0;0;0;0;1;1;425929,696899999980000;5330347,059000000400000;8,004684973000053;48,122070628000074
151548;08170615311010829080;08;3;11;000;2017;06;21;5;3;1;1;1;1;0;0;0;2;0;412323,107299999970000;5318380,253800000100000;7,824338595000029;48,012698360000059
151549;08170615311010818590;08;3;11;000;2017;06;14;5;3;2;6;1;1;0;0;0;0;0;411455,793400000020000;5315686,069199999800000;7,813267365000058;47,988343893000035
151552;08170615226500854260;08;2;26;085;2017;06;14;5;3;4;3;1;1;0;0;0;0;0;491426,437800000010000;5455343,636199999600000;8,882190126000069;49,250802905000057
151554;08170615222500904410;08;2;22;000;2017;06;16;5;3;0;7;1;0;0;0;0;0;0;466205,499300000020000;5474769,950100000000000;8,533988190000059;49,424665385000026
151555;08170615222014820890;08;2;26;009;2017;06;10;5;2;5;3;1;0;0;0;0;0;0;466522,813700000000000;5471741,542600000300000;8,538619038000036;49,397443376000069
151559;08170615127010875780;08;1;27;089;2017;06;19;5;2;4;6;1;1;0;0;0;0;0;564299,307799999950000;5437177,281700000200000;9,880584371000055;49,084091316000070
151560;08170615119300831240;08;1;19;067;2017;06;11;5;3;5;3;1;1;0;0;0;0;0;538756,074999999950000;5405773,050200000400000;9,527800960000036;48,803738806000069
151561;08170615119100887990;08;1;19;075;2017;06;09;5;3;5;2;1;0;0;1;0;0;0;536399,067599999950000;5427626,222699999800000;9,497651211000061;49,000460024000063
151569;08170614435211876840;08;4;35;066;2017;06;10;4;3;0;7;1;0;0;0;0;0;0;518335,538300000010000;5286825,030199999900000;9,244547662000059;47,734539456000050
151570;08170614426010884870;08;4;21;000;2017;06;13;4;2;6;4;0;1;1;0;0;0;0;571157,685999999990000;5361566,542000000400000;9,961435334000043;48,403238140000042
151572;08170614421311822140;08;4;25;028;2017;06;09;4;3;6;4;0;1;1;0;0;0;0;579417,559400000030000;5340365,177500000200000;10,069027250000033;48,211542533000056
151573;08170614421200837470;08;4;21;000;2017;06;14;4;3;0;1;1;0;0;0;0;0;0;573714,403000000050000;5361636,813000000100000;9,995987000000071;48,403576428000065
151575;08170614416213830930;08;4;16;025;2017;06;08;4;3;4;6;1;1;0;0;0;0;0;502483,427600000000000;5361270,260700000500000;9,033555124000031;48,404584635000049
151576;08170614416200868590;08;4;16;041;2017;06;15;4;3;1;1;1;1;0;0;0;0;0;504330,731199999980000;5373731,082999999600000;9,058644160000029;48,516677917000038
151578;08170614335110816110;08;3;35;002;2017;06;14;4;2;6;6;0;0;1;1;0;0;0;505149,278899999980000;5284716,413200000300000;9,068653146000031;47,715806933000067
151584;08170614231202871960;08;2;36;071;2017;06;14;4;3;0;7;1;0;0;0;1;0;0;468733,430400000010000;5422047,852199999600000;8,572947396000075;48,950561640000046
151585;08170614231202871920;08;2;36;072;2017;06;09;4;3;5;2;1;0;0;0;1;0;0;466302,142200000000000;5410317,942699999500000;8,540708612000060;48,844917676000080
151586;08170625118100822760;08;1;18;079;2017;06;14;1;3;5;3;1;1;0;0;0;0;0;507823,486500000000000;5421144,271200000300000;9,106840732000023;48,943174316000068
151587;08170624426300899880;08;4;26;008;2017;06;18;7;2;7;1;1;0;0;0;0;0;0;533294,762800000030000;5332032,065800000000000;9,447555930000021;48,140669203000073
151589;08170625212713914540;08;2;15;108;2017;06;03;1;2;0;7;1;1;0;0;0;2;0;448650,321300000010000;5424297,056499999900000;8,298377007000056;48,969451665000065
151591;08170625135100891950;08;1;35;020;2017;06;14;1;3;0;1;1;0;0;0;0;0;0;586445,415500000000000;5386270,421500000200000;10,173070918000064;48,623526073000050
151594;08170625126100819470;08;1;26;046;2017;06;14;1;3;0;1;1;0;0;0;0;0;0;550144,238800000050000;5458699,472099999900000;9,689430249000054;49,278992608000067
151598;08170625116200893590;08;1;16;078;2017;06;00;1;3;0;7;1;0;0;0;0;2;0;510392,016999999990000;5394132,672000000300000;9,141233151000051;48,700143693000030
151599;08170624421300875930;08;4;21;000;2017;06;16;7;3;1;5;1;1;0;0;0;0;0;574688,094500000010000;5361660,930300000100000;10,009145148000073;48,403678743000057
151600;08170624416200866160;08;4;16;041;2017;06;03;7;3;0;7;1;0;0;0;0;2;0;504204,483300000020000;5374186,892099999800000;9,056939183000054;48,520779401000027
151601;08170624336400814810;08;3;36;091;2017;06;16;7;3;0;7;1;0;0;0;0;0;0;394115,174000000000000;5271836,347000000100000;7,591621996000072;47,591289592000066
151602;08170624336300896660;08;3;36;081;2017;06;10;7;3;5;2;1;1;0;0;0;0;0;411759,890000000010000;5277978,889999999700000;7,825021508000020;47,649188510000045
151604;08170624335400821290;08;3;35;098;2017;06;17;7;3;0;1;1;0;0;0;0;0;0;502797,306600000010000;5294050,929800000000000;9,037355378000029;47,799809344000039
151605;08170624335200911460;08;3;35;063;2017;06;14;7;3;5;3;1;1;0;0;0;0;0;498427,450000000010000;5287326,432799999600000;8,979024426000024;47,739309506000041
151608;08170624436200858500;08;4;36;064;2017;06;21;7;3;5;3;1;1;0;0;0;1;0;545362,535900000020000;5290628,617999999800000;9,605398626000067;47,767426474000047
151609;08170624335100852560;08;3;35;066;2017;06;21;7;3;8;7;1;0;0;0;0;1;0;508542,264000000020000;5282609,797600000200000;9,113849017000064;47,696816402000081
151610;08170624317500834180;08;3;17;096;2017;06;21;7;3;2;7;1;0;0;0;0;0;0;423483,781699999990000;5369021,581199999900000;7,964814003000072;48,469668766000041
151615;08170624299200919920;08;2;15;007;2017;06;12;7;2;5;2;1;1;0;0;0;0;0;477925,044200000000000;5431683,242999999800000;8,697964777000038;49,037633258000028
151616;08170624235010908100;08;2;31;000;2017;06;00;7;3;0;1;1;0;0;0;0;2;0;477553,753700000000000;5414834,705199999700000;8,693813959000067;48,886058031000061
151619;08170624226200879790;08;2;26;059;2017;06;12;7;3;4;2;1;1;0;0;0;0;0;465135,848000000000000;5459229,964999999900000;8,520599113000060;49,284826803000044
151621;08170624226200817650;08;2;26;059;2017;06;11;7;3;0;3;1;1;0;0;0;0;0;465360,132300000000000;5460178,303899999700000;8,523600844000043;49,293369725000048
151622;08170624222700847060;08;2;22;000;2017;06;20;7;3;0;7;1;0;0;0;1;0;0;461382,793400000020000;5479743,865000000200000;8,467003180000063;49,469116293000070
151623;08170624222014909240;08;2;22;000;2017;06;13;7;3;0;7;0;0;1;0;1;0;0;461798,839600000010000;5481173,636199999600000;8,472607144000051;49,482002673000068
151625;08170624221200862480;08;2;21;000;2017;06;21;7;3;3;2;1;0;0;0;1;1;0;477443,096599999990000;5472915,435600000400000;8,689052285000059;49,408504974000039
151626;08170624215402849770;08;2;15;021;2017;06;19;7;2;0;7;1;0;0;0;0;0;0;469249,215099999970000;5444549,678100000100000;8,578283439000074;49,152998009000044
151627;08170624199200902020;08;1;18;019;2017;06;11;7;2;6;7;1;0;1;0;0;0;0;504846,107900000000000;5405255,212799999900000;9,065992218000076;48,800269834000062
151633;08170624119300856280;08;1;19;076;2017;06;19;7;3;4;2;1;1;0;0;0;0;0;542168,260499999970000;5406714,978900000500000;9,574364350000053;48,811989762000053
151636;08170624115200826340;08;1;15;010;2017;06;16;7;3;0;7;1;1;0;0;0;0;0;487133,544700000030000;5388771,973899999600000;8,825304857000049;48,651872279000031
151637;08170624115100860000;08;1;15;003;2017;06;19;7;2;0;7;1;0;0;0;0;0;0;501284,051400000000000;5391288,408099999700000;9,017442144000029;48,674641634000068
151643;08170623436200917270;08;4;36;064;2017;06;07;6;3;4;6;1;0;0;0;0;0;0;547244,949400000040000;5293618,639399999800000;9,630844742000022;47,794192404000057
151645;08170623435100918210;08;4;35;016;2017;06;14;6;3;6;4;1;0;1;0;0;0;0;536114,964299999990000;5278312,425200000400000;9,480966880000040;47,657198324000035
151649;08170623336100912470;08;3;36;050;2017;06;08;6;3;5;3;1;1;0;0;0;0;0;398920,984300000010000;5273077,849600000300000;7,655239511000048;47,603224267000030
151652;08170623335300874360;08;3;35;075;2017;06;07;6;3;0;7;1;0;0;0;0;0;0;487561,582999999980000;5289577,178600000200000;8,834025238000038;47,759442686000057
151654;08170623335100852540;08;3;35;066;2017;06;14;6;3;0;1;1;0;0;0;0;0;0;509603,777100000010000;5282346,591000000000000;9,127990751000027;47,694433254000046
151655;08170623335100852530;08;3;35;043;2017;06;18;6;3;7;7;1;0;0;0;0;0;0;512713,425800000030000;5279507,442699999500000;9,169350574000021;47,668833885000026
151656;08170623335100852520;08;3;35;043;2017;06;16;6;2;5;2;1;0;0;0;0;0;0;512552,225500000000000;5278771,110200000000000;9,167182141000069;47,662211753000065
151657;08170623335100835020;08;3;35;043;2017;06;07;6;3;2;7;1;1;0;0;0;0;0;512955,664500000010000;5279267,572300000100000;9,172570211000050;47,666670802000056
151658;08170623335100835010;08;3;35;043;2017;06;11;6;3;0;1;1;0;0;0;0;0;0;515469,383399999990000;5280203,087899999700000;9,206086025000047;47,675032997000073
151659;08170623335010839210;08;3;35;043;2017;06;22;6;2;7;1;1;0;0;0;0;1;0;512728,872700000010000;5279500,835900000300000;9,169556142000033;47,668774135000035
151660;08170623327200856130;08;3;27;051;2017;06;22;6;3;8;1;1;0;0;0;0;2;0;484572,664400000010000;5332732,913900000000000;8,792594196000039;48,147658947000082
151661;08170623325302825050;08;3;25;014;2017;06;12;6;3;4;2;1;1;0;0;0;0;0;463161,880500000030000;5339786,723600000100000;8,504142960000024;48,210239226000056
151662;08170623317300844100;08;3;17;073;2017;06;08;6;3;4;6;1;1;0;0;0;0;0;412066,567800000020000;5347896,649700000000000;7,814801825000075;48,278164301000061
151663;08170623317200910560;08;3;17;057;2017;06;18;6;3;5;2;1;1;0;0;0;0;0;413009,884900000000000;5380302,139299999900000;7,820789265000030;48,569769800000074
151664;08170623311010896350;08;3;11;000;2017;06;18;6;3;5;3;1;1;0;0;0;0;0;413065,858100000010000;5315391,565100000200000;7,834901569000067;47,985915619000082
151665;08170623311010896320;08;3;11;000;2017;06;07;6;3;5;3;1;1;0;0;0;0;0;412397,699700000000000;5314502,040599999900000;7,826130239000065;47,977822889000038
151666;08170623311010896310;08;3;11;000;2017;06;08;6;3;1;7;1;1;0;0;0;0;0;415230,324100000030000;5315891,574799999600000;7,863805208000031;47,990703965000080
151668;08170623311010829150;08;3;11;000;2017;06;14;6;3;5;2;1;1;0;0;0;0;0;415457,296099999980000;5315521,373900000000000;7,866919673000041;47,987403891000042
151673;08170623226200916210;08;2;26;032;2017;06;12;6;3;0;7;1;1;0;0;0;0;0;467599,178200000020000;5463007,878800000100000;8,554163651000067;49,318944211000030
151674;08170623222800910430;08;2;22;000;2017;06;17;6;3;5;3;1;1;0;0;0;0;0;463314,731600000000000;5485588,315399999700000;8,493124176000038;49,521803930000033
151676;08170623222500813670;08;2;22;000;2017;06;09;6;3;4;2;1;1;0;0;0;0;0;462529,156399999980000;5479828,690800000000000;8,482816624000066;49,469951083000069
151682;08170623216200822340;08;2;16;063;2017;06;10;6;3;0;7;1;0;0;0;0;0;0;429139,052600000000000;5399906,950699999900000;8,036038621000046;48,748144160000038
151683;08170623216100883420;08;2;16;043;2017;06;17;6;3;6;4;1;0;1;0;0;0;0;441183,685999999990000;5411391,875000000000000;8,198225148000063;48,852705653000044
151684;08170623212302831920;08;2;12;000;2017;06;12;6;3;6;2;1;0;1;0;0;0;0;455739,537799999990000;5428491,595099999600000;8,394778516000031;49,007730524000067
151686;08170623136300855930;08;1;36;065;2017;06;18;6;3;4;2;1;1;0;0;0;0;0;559217,350100000040000;5404857,382100000000000;9,806297664000056;48,793889740000054
151687;08170623119400836000;08;1;19;079;2017;06;15;6;2;0;1;1;0;0;0;0;0;0;523151,421500000000000;5408474,700000000200000;9,315445389000047;48,828819369000030
151688;08170623118400818310;08;1;18;048;2017;06;05;6;3;7;7;1;0;0;0;0;0;0;513508,913300000010000;5415700,218999999600000;9,184302650000063;48,894103224000048
151689;08170623118300840220;08;1;18;081;2017;06;17;6;3;0;1;1;0;0;0;0;0;0;519933,843300000010000;5415169,889999999700000;9,271931489000053;48,889159153000037
151691;08170623117010847390;08;1;17;049;2017;06;06;6;2;1;5;1;1;0;0;0;0;0;555797,685900000040000;5392581,521999999900000;9,758077880000030;48,683781774000067
151692;08170623116400847610;08;1;16;033;2017;06;12;6;2;0;1;1;0;0;0;0;0;0;531087,545000000040000;5389316,793999999800000;9,422129150000046;48,656132572000047
151693;08170623116200893550;08;1;16;078;2017;06;14;6;3;4;6;1;0;0;0;0;0;0;509328,150599999990000;5394445,640599999600000;9,126781739000023;48,702975995000031
151694;08170623116010851570;08;1;16;019;2017;06;15;6;3;5;3;1;0;0;0;1;0;0;523013,883099999980000;5398153,907900000000000;9,312993570000060;48,735980461000054
151698;08170623111500872980;08;1;11;000;2017;06;07;6;3;5;3;1;1;0;0;0;0;0;517173,477300000030000;5406787,283900000200000;9,233924204000061;48,813833769000041
151699;08170623111230857540;08;1;11;000;2017;06;14;6;3;6;4;0;1;1;0;0;0;0;510801,569599999990000;5397194,725300000000000;9,146879337000030;48,727683077000052
151701;08170622435100833460;08;4;35;024;2017;06;00;5;3;6;6;1;0;1;0;0;2;0;527461,473000000000000;5279178,570899999700000;9,365779847000056;47,665416723000078
151702;08170622426100809510;08;4;26;021;2017;06;18;5;3;0;3;1;1;0;0;0;0;0;560039,890499999980000;5328094,585699999700000;9,806486723000035;48,103285174000064
151703;08170622426010884980;08;4;26;021;2017;06;11;5;2;0;7;1;0;0;0;1;0;0;558815,079499999990000;5327216,775100000200000;9,789915079000025;48,095502512000053
151704;08170622421201906390;08;4;21;000;2017;06;08;5;3;6;4;0;1;1;0;0;0;0;573840,210700000050000;5361194,514700000200000;9,997608766000042;48,399583145000065
151706;08170622416010886440;08;4;16;041;2017;06;12;5;3;5;3;1;1;0;0;0;0;0;504712,942900000020000;5375102,954500000000000;9,063835345000030;48,529017013000043
151708;08170622336200865910;08;3;36;105;2017;06;07;5;2;5;3;1;0;0;1;0;0;0;397807,207400000010000;5268266,172000000300000;7,641546390000030;47,559767083000054
151709;08170622335110816160;08;3;35;002;2017;06;16;5;2;5;3;1;1;0;0;0;0;0;505423,140599999980000;5285521,066200000200000;9,072314443000039;47,723044654000034
151710;08170622335010923900;08;3;35;043;2017;06;07;5;3;5;3;1;1;0;0;0;0;0;512853,095900000010000;5280068,829800000400000;9,171227578000071;47,673882297000034
151714;08170622325102837270;08;3;25;061;2017;06;16;5;3;3;6;1;0;0;1;0;0;0;474964,109999999990000;5352580,301900000300000;8,662244974000032;48,325913451000076
151716;08170622317500918700;08;3;17;096;2017;06;16;5;3;5;3;1;1;0;0;0;0;0;421869,282000000010000;5368284,911999999500000;7,943112915000029;48,462843971000041
151717;08170622317300822020;08;3;17;065;2017;06;16;5;3;0;7;1;1;0;0;0;0;0;416849,061400000010000;5354889,214900000000000;7,877870487000052;48,341708450000056
151718;08170622316200867440;08;3;16;056;2017;06;16;5;3;5;3;1;1;0;0;0;0;0;422270,987100000030000;5327251,589700000400000;7,956093667000062;48,093789014000038
151719;08170622316100874000;08;3;16;011;2017;06;11;5;3;2;6;1;1;0;0;0;0;0;413829,843300000010000;5330550,527300000200000;7,842084833000058;48,122377921000066
151720;08170622311400819080;08;3;15;006;2017;06;08;5;3;3;6;1;1;0;0;0;0;0;402782,815500000030000;5307471,401399999900000;7,698911966000026;47,913193882000030
151722;08170622311010896300;08;3;11;000;2017;06;18;5;3;5;2;1;1;0;0;0;0;0;414805,536499999990000;5316553,378700000200000;7,857981445000064;47,996600709000063
151723;08170622311010896290;08;3;11;000;2017;06;15;5;3;8;7;1;1;0;0;0;0;0;414321,565999999990000;5319380,487999999900000;7,850930393000056;48,021966906000046
151724;08170622311010863450;08;3;11;000;2017;06;22;5;3;6;4;0;0;1;1;0;2;0;411898,005100000010000;5317728,920599999800000;7,818773460000045;48,006780980000030
151725;08170622311010863430;08;3;15;047;2017;06;21;5;3;5;3;1;1;0;0;0;1;0;415347,625000000000000;5321042,537999999700000;7,864360028000021;48,037054465000040
151728;08170622226400854620;08;2;26;062;2017;06;09;5;3;3;6;1;0;0;0;1;0;0;470278,803799999990000;5469600,293100000400000;8,590542529000061;49,378378279000060
151730;08170622222200878740;08;2;22;000;2017;06;16;5;3;3;5;1;1;0;0;0;0;0;461210,959600000000000;5482279,402599999700000;8,464382939000075;49,491911160000029
151733;08170622216300911560;08;2;16;015;2017;06;08;5;3;5;3;1;0;0;0;1;0;0;450382,730400000000000;5405561,056699999600000;8,324320672000056;48,801059730000077
151734;08170622215102841450;08;2;15;105;2017;06;19;5;3;0;7;1;0;0;0;0;0;0;456796,640000000010000;5442178,366499999500000;8,407771125000068;49,130918326000028
151739;08170622128200891990;08;1;28;139;2017;06;16;5;3;0;3;1;1;0;0;0;0;0;550631,554400000020000;5491222,581299999700000;9,700280862000057;49,571474463000072
151741;08170622119500823580;08;1;19;068;2017;06;09;5;3;1;6;1;1;0;0;0;0;0;525891,409800000020000;5413294,448300000300000;9,353082617000041;48,872068089000038
151742;08170622119200917720;08;1;19;020;2017;06;12;5;3;5;3;1;1;0;0;0;0;0;520846,212699999970000;5406917,690800000000000;9,283957485000030;48,814894512000080
151743;08170622118400818280;08;1;18;048;2017;06;16;5;3;5;2;1;1;0;0;0;0;0;513073,945200000020000;5415618,467199999800000;9,178365777000067;48,893377137000073
151745;08170622116100883960;08;1;16;058;2017;06;18;5;3;5;2;1;1;0;0;0;0;0;534162,601900000010000;5395251,026999999800000;9,464373631000058;48,709355276000053
151747;08170622115300865100;08;1;15;028;2017;06;19;5;3;6;4;0;1;1;0;0;0;0;501547,960900000010000;5405632,338000000500000;9,021080896000058;48,803679387000045
151749;08170622111140893980;08;1;11;000;2017;06;07;5;3;5;2;1;1;0;0;0;0;0;512473,758800000010000;5402055,971300000300000;9,169764860000043;48,771383472000082
151750;08170621437210893020;08;4;37;082;2017;06;14;4;3;0;1;1;0;0;0;0;0;0;513256,455200000030000;5344054,332899999800000;9,178574179000066;48,249564800000030
151752;08170621435100882660;08;4;35;016;2017;06;19;4;3;1;1;1;1;0;0;0;0;0;535860,665599999950000;5278409,507100000000000;9,477588303000061;47,658085956000036
151753;08170621426010835300;08;4;26;021;2017;06;13;4;3;3;3;1;1;0;0;0;0;0;559631,836000000010000;5325011,217000000200000;9,800575427000069;48,075585008000076
151755;08170621415400900170;08;4;15;061;2017;06;16;4;2;0;7;1;0;0;0;0;0;0;515570,532100000010000;5372196,715599999800000;9,210788847000060;48,502696100000037
151757;08170621415100815380;08;4;15;050;2017;06;12;4;3;1;5;1;0;0;0;1;0;0;521273,204700000000000;5376560,537899999900000;9,288211550000028;48,541786893000051