OBJECTID;UIDENTSTLA;ULAND;UREGBEZ;UKREIS;UGEMEINDE;UJAHR;UMONAT;USTUNDE;UWOCHENTAG;UKATEGORIE;UART;UTYP1;IstRad;IstPKW;IstFuss;IstKrad;IstSonstig;LICHT;STRZUSTAND;LINREFX;LINREFY;XGCSWGS84;YGCSWGS84
151758;08170621335300825970;08;3;35;075;2017;06;11;4;3;0;7;1;0;0;0;0;0;0;488245,382600000010000;5290826,309600000300000;8,843115841000042;47,770694604000028
151759;08170621335100880990;08;3;35;043;2017;06;23;4;3;0;1;1;0;0;0;0;2;0;512912,692900000020000;5279016,574199999700000;9,171990411000024;47,664413263000029
151762;08170621325202834800;08;3;25;049;2017;06;17;4;3;6;4;1;0;1;0;0;0;0;472254,540299999990000;5334146,517500000100000;8,626899418000050;48,159958672000073
151764;08170621317300895220;08;3;17;065;2017;06;07;4;3;0;7;1;0;0;0;0;0;0;416004,079000000030000;5354508,088100000300000;7,866545692000045;48,338168464000034
151765;08170621317200868250;08;3;17;057;2017;06;08;4;3;0;7;1;0;0;0;0;0;0;412529,627299999990000;5380583,242900000000000;7,814221369000052;48,572231298000077
151767;08170621311010902550;08;3;36;050;2017;06;08;4;3;1;5;1;1;0;0;0;0;0;399495,368100000020000;5273415,142199999700000;7,662801655000067;47,606347651000078
151768;08170621311010864330;08;3;11;000;2017;06;14;4;2;5;2;1;1;0;0;0;0;0;414099,511200000010000;5316791,541500000300000;7,848471580000023;47,998648602000060
151769;08170621311010863420;08;3;11;000;2017;06;14;4;2;5;2;0;1;1;0;0;0;0;413212,986800000010000;5315214,619500000000000;7,836908742000048;47,984343912000043
151770;08170621311010863390;08;3;15;109;2017;06;17;4;3;1;5;1;0;0;0;1;0;0;422639,850400000000000;5314290,286700000100000;7,963388270000053;47,977238513000032
151772;08170621311010818720;08;3;11;000;2017;06;07;4;3;5;1;1;1;0;0;0;0;0;411384,028300000010000;5316315,153500000000000;7,812175861000071;47,993992733000027
151774;08170621299200920530;08;2;12;000;2017;06;12;4;2;0;7;1;0;0;0;0;0;0;453086,260899999990000;5430103,240199999900000;8,358313378000048;49,022031320000053
151775;08170621299200919750;08;2;12;000;2017;06;19;4;2;0;1;1;0;0;0;0;0;0;456879,987800000000000;5427871,373900000000000;8,410438120000038;49,002232293000077
151777;08170621235010875010;08;2;31;000;2017;06;16;4;3;6;7;0;1;1;0;0;0;0;481071,490100000000000;5416607,197800000200000;8,741716216000043;48,902120250000053
151778;08170621235010875000;08;2;31;000;2017;06;07;4;3;3;2;1;1;0;0;0;0;0;481573,462999999990000;5415034,207000000400000;8,748636632000057;48,887985242000070
151779;08170621231202872100;08;2;36;043;2017;06;10;4;3;0;7;0;1;1;0;1;0;0;469147,318199999980000;5411009,529500000200000;8,579434242000048;48,851286880000032
151780;08170621226700916390;08;2;26;041;2017;06;07;4;3;5;3;1;1;0;0;0;0;0;475882,006999999980000;5465549,097000000100000;8,667979595000077;49,342185790000030
151781;08170621226700835730;08;2;26;041;2017;06;18;4;3;0;1;1;1;0;0;0;0;0;476223,764499999990000;5465738,183899999600000;8,672673038000028;49,343900032000079
151783;08170621226400817990;08;2;26;084;2017;06;20;4;3;3;1;1;1;0;0;0;0;0;469618,068099999970000;5470026,790500000100000;8,581407497000043;49,382181934000073
151784;08170621226200879780;08;2;26;032;2017;06;13;4;3;5;3;1;0;0;0;1;0;0;468087,750100000000000;5463344,464800000200000;8,560859287000028;49,321997489000069
151789;08170621222500904440;08;2;22;000;2017;06;08;4;2;0;4;0;1;1;0;0;0;0;463013,168400000020000;5478018,638399999600000;8,489665925000054;49,453700177000030
151792;08170621221300892970;08;2;26;012;2017;06;08;4;3;5;3;1;1;0;0;0;0;0;476395,166700000000000;5477202,695500000400000;8,674351629000057;49,447028278000062
151793;08170621216100909470;08;2;16;043;2017;06;07;4;3;1;5;1;1;0;0;0;0;0;440634,853599999970000;5413204,828800000300000;8,190481367000075;48,868960789000027
151794;08170621215402849690;08;2;15;021;2017;06;09;4;2;5;3;1;0;0;0;0;0;0;470350,754299999970000;5445467,687599999800000;8,593321952000053;49,161309817000074
151796;08170621212402820360;08;2;12;000;2017;06;20;4;3;6;4;0;1;1;0;0;1;0;456896,415600000010000;5427511,364600000000000;8,410700925000072;48,998995106000052
151799;08170621136100843530;08;1;36;088;2017;06;14;4;3;5;2;1;1;0;0;0;0;0;579185,613900000000000;5409337,342199999800000;10,079004035000025;48,831961595000053
151801;08170621135100830750;08;1;35;020;2017;06;17;4;3;5;3;1;1;0;0;0;0;0;586915,432999999960000;5386269,984699999900000;10,179447595000056;48,623457010000038
151803;08170621128200844350;08;1;28;115;2017;06;08;4;2;0;7;1;0;0;0;0;0;0;547681,465699999940000;5496685,290799999600000;9,660144243000048;49,620846224000047
151804;08170621127100849200;08;1;27;076;2017;06;15;4;3;4;1;1;1;0;0;0;0;0;554873,799499999960000;5440869,539500000000000;9,752015541000048;49,118214526000031
151805;08170621127100834400;08;1;27;025;2017;06;19;4;3;8;1;1;0;0;0;0;0;0;557602,702599999960000;5426284,643600000100000;9,787335557000063;48,986778382000068
151807;08170621121600917390;08;1;25;098;2017;06;07;4;3;6;4;0;1;1;0;0;0;0;520133,098999999990000;5437582,814700000000000;9,275760063000064;49,090768812000078
151808;08170621121600917380;08;1;25;102;2017;06;07;4;2;4;2;1;1;0;0;0;0;0;520615,270499999980000;5444230,202499999700000;9,282703877000074;49,150548213000036
151809;08170621118400830390;08;1;18;048;2017;06;15;4;3;5;3;1;1;0;0;0;0;0;513995,249900000000000;5415453,776600000400000;9,190929280000034;48,891875499000037
151810;08170621118200912570;08;1;18;019;2017;06;12;4;3;5;3;1;1;0;0;0;0;0;506029,136600000030000;5405211,862800000200000;9,082101543000022;48,799869512000043
151811;08170621118010838330;08;1;15;050;2017;06;13;4;2;0;7;1;0;0;0;0;0;0;491297,646699999980000;5400574,507299999700000;8,881594257000074;48,758120447000067
151812;08170621117200899190;08;1;17;024;2017;06;11;4;3;6;7;0;1;1;0;0;0;0;560419,751399999950000;5386097,590800000400000;9,819921312000076;48,625026982000065
151813;08170621116500860430;08;1;16;071;2017;06;08;4;2;5;3;1;0;0;0;0;0;0;528651,204200000040000;5391056,309299999800000;9,389168046000066;48,671897621000028
151819;08170621111500853990;08;1;11;000;2017;06;20;4;3;6;7;1;0;1;0;0;0;0;513425,346599999990000;5404334,443699999700000;9,182790090000026;48,791860608000036
151820;08170621111500851010;08;1;11;000;2017;06;08;4;3;6;4;1;0;1;0;0;0;0;512852,181999999970000;5402276,673800000000000;9,174921981000068;48,773361195000064
151822;08170620436500915530;08;4;35;024;2017;06;18;3;3;6;4;0;0;1;1;0;0;0;527863,424499999960000;5279307,459599999700000;9,371141844000022;47,666559209000070
151825;08170620435200870960;08;4;35;059;2017;06;12;3;3;0;1;1;0;0;0;0;0;0;512870,881600000020000;5290081,978000000100000;9,171760373000041;47,763976140000068
151826;08170620435100851160;08;4;35;034;2017;06;21;3;3;5;2;1;1;0;0;0;2;0;529459,552799999950000;5284866,964800000200000;9,392777252000030;47,716509904000077
151827;08170620435010923310;08;4;35;059;2017;06;18;3;2;0;1;1;0;0;0;0;0;0;513872,816200000000000;5289231,352400000200000;9,185103850000076;47,756301833000066
151829;08170620421200837510;08;4;21;000;2017;06;11;3;3;6;4;0;1;1;0;0;0;0;573770,954099999970000;5361190,594499999700000;9,996672542000056;48,399555990000067
151832;08170620416010886410;08;4;15;061;2017;06;05;3;3;0;2;1;0;0;0;1;0;0;515461,918400000020000;5370865,580000000100000;9,209269187000075;48,490723426000045
151833;08170620416010886400;08;4;16;041;2017;06;18;3;3;1;1;1;1;0;0;0;0;0;504908,836000000010000;5373800,645700000200000;9,066473321000046;48,517299474000026
151834;08170620415100894610;08;4;15;014;2017;06;21;3;3;5;3;1;1;0;0;0;1;0;526478,513700000010000;5374257,002399999600000;9,358585955000024;48,520865749000052
151837;08170620335100880960;08;3;35;043;2017;06;18;3;3;5;3;1;1;0;0;0;0;0;515385,973400000020000;5280489,388600000200000;9,204984918000037;47,677611018000050
151838;08170620335010923880;08;3;35;043;2017;06;14;3;3;5;3;1;0;0;0;1;0;0;513038,679000000000000;5279676,058000000200000;9,173688158000061;47,670344552000074
151839;08170620335010923640;08;4;36;079;2017;06;10;3;2;8;1;1;0;0;0;0;0;0;553236,097900000050000;5291785,422199999900000;9,710611536000045;47,777231757000038
151840;08170620335010923630;08;4;36;064;2017;06;19;3;2;4;1;1;1;0;0;0;0;0;539860,895999999950000;5291368,835000000000000;9,532046346000072;47,774450107000064
151843;08170620316200877850;08;3;16;056;2017;06;08;3;2;5;3;1;1;0;0;0;0;0;423747,558900000000000;5328872,573499999900000;7,975631131000057;48,108549136000079
151844;08170620316200877840;08;3;16;056;2017;06;10;3;2;0;6;1;0;0;0;1;0;0;424007,618499999980000;5329122,387400000400000;7,979079661000071;48,110827443000062
151845;08170620316100895560;08;3;16;037;2017;06;14;3;3;0;3;1;1;0;0;0;0;0;407297,279299999990000;5333684,100100000400000;7,753641909000066;48,149646091000079
151847;08170620316100814640;08;3;16;039;2017;06;06;3;3;5;3;1;1;0;0;0;0;0;417697,149900000020000;5327379,287399999800000;7,894653599000037;48,094363326000064
151848;08170620299200920500;08;2;12;000;2017;06;11;3;3;5;3;1;1;0;0;0;0;0;455995,523899999970000;5428946,203999999900000;8,398229409000066;49,011838085000079
151849;08170620299200920490;08;2;12;000;2017;06;07;3;3;3;2;1;1;0;0;0;0;0;456910,308499999980000;5427298,568199999600000;8,410913428000072;48,997081942000079
151850;08170620237100916120;08;2;37;028;2017;06;16;3;3;1;5;1;1;0;0;0;0;0;457088,235600000010000;5368399,082800000000000;8,419477881000034;48,467259926000054
151855;08170620231102824700;08;2;36;046;2017;06;15;3;3;6;4;0;1;1;0;0;0;0;484292,684000000010000;5418402,358000000000000;8,785600695000028;48,918359024000040
151856;08170620225200823000;08;2;25;091;2017;06;17;3;3;9;1;1;0;0;0;0;0;0;525865,593800000030000;5477227,659300000400000;9,356838470000071;49,447160799000073
151858;08170625121200889860;08;1;21;000;2017;06;15;1;3;5;3;1;1;0;0;0;0;0;515418,219199999990000;5441912,170699999700000;9,211346943000024;49,129849230000048
151859;08170620221200848440;08;2;21;000;2017;06;18;3;3;3;6;1;0;0;0;0;0;0;477152,670400000000000;5472168,242100000400000;8,685091800000066;49,401773248000040
151861;08170629421100891800;08;4;25;033;2017;06;11;5;2;4;2;1;1;0;0;0;0;0;554284,694099999960000;5348033,495099999900000;9,731736392000073;48,283175110000059
151862;08170629417010887470;08;3;25;072;2017;06;13;5;2;5;3;1;1;0;0;0;0;0;472261,522500000020000;5330271,948800000400000;8,627245770000059;48,125100365000037
151863;08170629416010886590;08;4;15;061;2017;06;13;5;3;5;3;1;1;0;0;0;0;0;514338,353699999980000;5370225,973299999700000;9,194040452000024;48,484995931000071
151867;08170629415400853610;08;4;15;061;2017;06;09;5;3;3;2;1;1;0;0;0;0;1;516096,186999999980000;5370606,747000000400000;9,217843652000056;48,488378946000068
151869;08170629336400839310;08;3;36;091;2017;06;22;5;3;5;3;1;1;0;0;0;2;0;395588,932099999980000;5271922,015300000100000;7,611198137000031;47,592299168000068
151870;08170629325202832880;08;3;25;049;2017;06;22;5;2;9;1;1;0;0;0;0;2;0;478336,010100000010000;5335863,469100000300000;8,708589814000050;48,175642104000076
151871;08170629325010922280;08;3;25;070;2017;06;20;5;2;5;3;1;1;0;0;0;0;0;462087,940899999990000;5348399,811900000100000;8,488916338000024;48,287663086000066
151872;08170629317500873560;08;3;17;096;2017;06;16;5;3;0;1;1;0;0;0;0;0;1;421858,231600000000000;5368955,366800000000000;7,942838206000033;48,468873287000065
151875;08170629311400855790;08;3;15;006;2017;06;14;5;3;0;7;1;0;0;0;0;0;1;402871,906699999990000;5307689,891200000400000;7,700054753000075;47,915172700000028
151877;08170629311010864570;08;3;11;000;2017;06;14;5;3;4;2;1;1;0;0;0;0;1;413096,023800000020000;5316618,738300000300000;7,835057314000039;47,996958557000028
151878;08170629311010829280;08;3;11;000;2017;06;13;5;2;2;1;1;1;0;0;0;0;0;413871,815999999990000;5315625,652499999900000;7,845653843000036;47,988130365000075
151879;08170629311010829260;08;3;11;000;2017;06;13;5;3;5;3;1;1;0;0;0;0;0;414050,617299999980000;5317338,311700000400000;7,847706736000021;48,003560427000082
151881;08170629235200815900;08;2;35;020;2017;06;17;5;3;6;3;0;1;1;0;0;0;0;476938,972000000010000;5381177,167899999800000;8,687311301000023;48,583255695000048
151884;08170629226700912720;08;2;26;098;2017;06;22;5;3;8;7;1;0;0;0;0;2;0;478086,689100000020000;5459888,639700000200000;8,698640699000066;49,291353195000056
151885;08170629226600887710;08;2;26;031;2017;06;12;5;3;0;1;1;0;0;0;0;0;1;475304,958800000020000;5493237,834099999600000;8,658308118000036;49,591215323000029
151890;08170629221300910680;08;2;21;000;2017;06;16;5;3;5;3;1;1;0;0;0;0;1;476639,002600000010000;5473871,810300000000000;8,677911721000044;49,417077062000033
151891;08170629221000924460;08;2;21;000;2017;06;14;5;3;6;4;1;1;1;0;0;0;0;476840,582700000030000;5472245,230399999800000;8,680785828000069;49,402453951000041
151898;08170629136100891670;08;1;36;088;2017;06;08;5;3;2;2;1;1;0;0;0;0;1;580422,886399999960000;5409030,294099999600000;10,095800006000047;48,829040919000079
151899;08170629135200913440;08;1;35;019;2017;06;21;5;3;6;4;0;1;1;0;0;2;0;585417,493999999950000;5395423,875599999900000;10,161014707000049;48,705996165000045
151901;08170629121400904920;08;1;25;056;2017;06;13;5;3;1;5;1;1;0;0;0;0;0;511292,314900000000000;5435812,490000000200000;9,154620354000031;49,075069695000082
151904;08170629119400876620;08;1;19;079;2017;06;16;5;3;5;3;1;1;0;0;0;0;0;522028,155099999970000;5411174,316900000000000;9,300285897000038;48,853145288000064
151907;08170629116400904360;08;1;16;033;2017;06;18;5;3;5;3;1;1;0;0;0;0;0;533430,769800000010000;5387524,929700000200000;9,453801485000042;48,639892174000067
151909;08170629116010851660;08;1;16;058;2017;06;16;5;3;0;1;1;0;0;0;0;0;1;535122,777000000000000;5394951,166500000300000;9,477399346000027;48,706604462000030
151916;08170629111500843320;08;1;11;000;2017;06;16;5;3;6;4;0;1;1;0;0;0;0;511320,359699999970000;5395677,914500000000000;9,153892167000038;48,714028606000056
151918;08170628436200922670;08;4;36;064;2017;06;08;4;2;8;1;1;0;0;0;0;0;1;545415,199600000050000;5290020,159000000000000;9,606037831000037;47,761948426000060
151919;08170628435100865820;08;4;35;016;2017;06;08;4;2;1;5;1;1;0;0;0;0;1;535469,845899999960000;5278004,671799999700000;9,472350742000060;47,654465029000050
151920;08170628421200906000;08;4;21;000;2017;06;16;4;3;1;7;1;1;0;0;0;0;0;573538,496000000040000;5361548,950500000300000;9,993595223000057;48,402806635000047
151921;08170628421200905990;08;4;21;000;2017;06;18;4;3;6;7;0;1;1;0;0;0;0;573704,604199999940000;5360815,298700000200000;9,995710385000052;48,396187890000078
151922;08170628421200905980;08;4;21;000;2017;06;16;4;3;4;6;1;0;0;0;0;0;0;573956,447000000040000;5362076,645999999700000;9,999334357000066;48,407504451000079
151923;08170628421200905960;08;4;21;000;2017;06;05;4;3;6;1;1;0;1;0;0;1;0;572864,281599999990000;5361114,354500000400000;9,984411725000030;48,398975642000039
151925;08170628415400853600;08;4;15;061;2017;06;17;4;3;1;5;1;1;0;0;0;0;0;516295,954099999970000;5371996,054600000400000;9,220601468000041;48,500872485000059
151926;08170628336280876490;08;3;36;069;2017;06;14;4;3;6;7;0;1;1;0;0;0;0;408171,504100000020000;5267925,940600000300000;7,779356531000076;47,558255311000039
151928;08170628335300898390;08;3;35;075;2017;06;17;4;3;5;2;1;1;0;0;0;0;0;490817,199299999980000;5289334,268000000200000;8,877472283000031;47,757311686000037
151929;08170628335300874400;08;3;35;075;2017;06;07;4;3;5;3;1;1;0;0;0;0;1;488256,538999999990000;5289675,310100000400000;8,843295848000025;47,760338663000027
151931;08170628335100835040;08;3;35;043;2017;06;20;4;3;3;6;1;0;0;0;0;1;1;513866,789800000030000;5280026,529900000400000;9,184730487000024;47,673480750000067
151932;08170628325102855350;08;3;25;057;2017;06;18;4;3;6;4;0;1;1;0;0;0;0;474292,653600000020000;5356863,887299999600000;8,652925086000039;48,364423683000041
151935;08170628317000923040;08;3;17;096;2017;06;16;4;2;0;1;1;0;0;0;0;0;0;424831,888600000010000;5368086,003100000300000;7,983217622000041;48,461415792000025
151936;08170628316200877870;08;3;16;042;2017;06;17;4;3;3;6;1;0;0;0;1;0;0;429559,985999999980000;5327930,747000000400000;8,053858805000061;48,100746097000069
151937;08170628316200867480;08;3;16;010;2017;06;21;4;3;5;3;1;1;0;0;0;1;1;430339,084900000020000;5335475,559999999600000;8,063088060000041;48,168703193000056
151940;08170628311010863580;08;3;11;000;2017;06;01;4;3;0;1;1;0;0;0;0;2;1;413586,164700000020000;5315566,190999999600000;7,841838134000057;47,987556953000080
151941;08170628299200920090;08;2;12;000;2017;06;20;4;1;0;1;1;0;0;0;0;0;0;459313,006899999980000;5428337,412499999600000;8,443655382000031;49,006589571000063
151944;08170628226400905070;08;2;26;084;2017;06;17;4;3;5;3;1;1;0;0;0;0;0;469413,073299999990000;5469993,839399999900000;8,578585759000021;49,381875286000081
151951;08170628221000924680;08;2;21;000;2017;06;15;4;3;5;3;1;1;0;0;0;0;0;476267,903400000010000;5470039,335799999500000;8,673024255000030;49,382590188000052
151954;08170628211010872770;08;2;11;000;2017;06;19;4;2;0;1;1;0;0;0;0;1;0;440950,240700000020000;5407215,684000000400000;8,195644811000022;48,815118689000030
151955;08170628199200902030;08;1;15;003;2017;06;12;4;2;0;1;1;1;0;0;0;0;0;500559,758600000000000;5391355,238199999600000;9,007603673000062;48,675243916000056
151956;08170628135200840910;08;1;35;019;2017;06;11;4;3;0;7;1;0;0;0;0;0;0;591345,036800000000000;5392093,796199999700000;10,240827926000065;48,675205522000056
151957;08170628127202877030;08;1;27;014;2017;06;13;4;3;0;1;1;0;0;0;0;0;0;577774,226099999970000;5443610,754700000400000;10,066333490000034;49,140398060000052
151959;08170628121400916290;08;1;25;074;2017;06;07;4;3;6;3;0;1;1;0;0;0;0;509732,242900000010000;5439478,409699999700000;9,133347377000064;49,108072925000045
151960;08170628121300901500;08;1;21;000;2017;06;18;4;3;5;3;1;1;0;0;0;0;0;513826,774700000010000;5442133,219399999800000;9,189539754000066;49,131875514000058
151965;08170628118500876310;08;1;18;021;2017;06;16;4;3;6;3;0;1;1;0;0;0;0;521785,688000000020000;5427282,008000000400000;9,297841129000062;48,998052385000051
151966;08170628118300862680;08;1;18;081;2017;06;19;4;3;3;6;1;1;0;0;0;0;0;518741,119300000020000;5412116,952899999900000;9,255520973000046;48,861732998000036
151967;08170628118200890120;08;1;18;011;2017;06;17;4;3;0;7;1;1;0;0;0;0;0;504101,977000000010000;5408255,475999999800000;9,055888960000061;48,827265270000055
151970;08170628117300849090;08;1;17;026;2017;06;16;4;3;5;4;0;1;1;0;0;0;0;545648,507199999990000;5395439,974800000000000;9,620514551000042;48,710319963000074
151971;08170628116010811080;08;1;16;071;2017;06;23;4;3;0;1;1;0;0;0;0;2;1;528732,772600000030000;5391580,908400000100000;9,390312412000071;48,676613124000028
151973;08170628115300964310;08;1;15;041;2017;06;18;4;3;2;6;1;0;0;0;0;0;0;493366,517999999980000;5403403,068099999800000;8,909698022000043;48,783591563000073
151975;08170628111330851810;08;1;11;000;2017;06;07;4;3;4;3;1;1;0;0;0;0;1;512433,214299999990000;5408644,325799999800000;9,169412549000072;48,830652391000058
151976;08170628111120030100;08;1;11;000;2017;06;00;4;2;0;7;1;0;0;0;0;2;1;511840,382999999970000;5403378,513700000000000;9,161182890000021;48,783293346000050
151977;08170628111110819400;08;1;11;000;2017;06;20;4;2;6;1;1;0;1;0;0;0;0;513442,272400000020000;5404188,423399999700000;9,183015761000036;48,790546659000029
151979;08170627435212861300;08;4;35;052;2017;06;15;3;3;3;6;1;0;0;0;0;0;0;522388,122700000010000;5289691,336600000000000;9,298745286000042;47,760201040000027
151980;08170627435200914200;08;4;35;034;2017;06;17;3;2;0;1;1;0;0;0;0;0;0;532223,102500000040000;5285057,461699999900000;9,429636073000040;47,718091854000079
151982;08170627435115856920;08;4;35;035;2017;06;08;3;3;5;3;1;0;0;0;0;0;0;541919,477199999960000;5282974,263600000200000;9,558713509000029;47,698792044000072
151983;08170627435100865810;08;4;35;016;2017;06;15;3;3;0;7;1;0;0;0;0;0;0;537347,537699999990000;5278156,032900000000000;9,497367885000074;47,655721217000064
151984;08170627426010885030;08;4;26;070;2017;06;17;3;2;5;3;1;0;0;0;1;0;0;566629,234100000000000;5342150,808199999900000;9,897190285000022;48,229077287000052
151985;08170627416100850730;08;4;16;036;2017;06;16;3;3;3;2;1;1;0;0;0;0;0;495352,439100000020000;5369446,846500000000000;8,937113214000021;48,478132947000063
151987;08170627415400900250;08;4;15;061;2017;06;06;3;3;0;7;1;0;0;0;0;0;1;515824,659400000000000;5371503,307799999600000;9,214202831000023;48,496451617000048
151988;08170627336200897660;08;3;36;105;2017;06;18;3;3;0;7;1;0;0;0;0;0;0;397898,784999999970000;5268174,743999999900000;7,642784627000026;47,558959066000057
151989;08170627335310848900;08;3;35;022;2017;06;12;3;3;5;3;1;1;0;0;0;0;0;483270,388299999990000;5299944,792000000400000;8,776365074000069;47,852627417000065
151990;08170627335300878210;08;3;35;075;2017;06;11;3;3;5;3;1;1;0;0;0;0;0;491321,635400000030000;5288755,688799999700000;8,884214597000039;47,752112876000069
151993;08170627327200856140;08;3;27;017;2017;06;16;3;3;4;6;1;1;0;0;0;0;0;478217,908899999980000;5330043,432000000000000;8,707299121000062;48,123276155000042
151994;08170627327100904610;08;3;27;057;2017;06;14;3;3;6;7;0;1;1;0;0;0;0;488255,359400000020000;5308595,746799999800000;8,842766474000030;47,930573319000075
151996;08170627317500839870;08;3;17;096;2017;06;07;3;3;5;2;1;1;0;0;0;0;1;422755,717599999970000;5369881,214399999900000;7,954806921000056;48,477312112000050
151998;08170627317200900340;08;3;17;057;2017;06;12;3;2;0;1;1;0;0;0;0;0;0;415274,859999999990000;5380038,103699999900000;7,851539828000057;48,567705250000074
152000;08170627311400898930;08;3;15;074;2017;06;16;3;3;3;2;1;1;0;0;0;0;0;397140,805600000020000;5295683,165099999900000;7,626229655000032;47,806280676000029
152001;08170627311200886820;08;3;11;000;2017;06;08;3;3;4;2;1;1;0;0;0;0;0;412839,187800000010000;5316808,383999999600000;7,831576660000053;47,998629517000040
152002;08170627311010896390;08;3;11;000;2017;06;16;3;3;0;1;1;0;0;0;0;0;0;415115,210299999980000;5315966,022300000300000;7,862247894000063;47,991358382000044
152003;08170627311010863570;08;3;11;000;2017;06;11;3;3;6;4;0;1;1;0;0;0;0;411639,169200000000000;5316014,494500000000000;7,815656952000040;47,991323532000081
152004;08170627299200920680;08;2;15;097;2017;06;16;3;2;1;5;1;1;0;0;0;0;0;475293,187099999980000;5443039,523199999700000;8,661261436000075;49,139686779000044
152005;08170627235010875140;08;2;31;000;2017;06;16;3;3;6;4;0;1;1;0;0;0;0;478575,931500000010000;5416198,910400000400000;8,707685611000045;48,898366147000047
152006;08170627226700880010;08;2;26;041;2017;06;17;3;3;5;3;1;0;0;0;0;0;0;477106,763199999990000;5465641,865399999500000;8,684834600000045;49,343067437000059
152007;08170627226200856990;08;2;26;032;2017;06;16;3;2;0;7;1;0;0;0;0;0;0;466398,268199999990000;5464152,073499999900000;8,537543271000061;49,329171107000036
152009;08170627222600850320;08;2;22;000;2017;06;13;3;3;0;7;1;0;0;0;0;0;0;462250,192700000010000;5484097,533800000300000;8,478558781000061;49,508329820000029
152010;08170627222200878760;08;2;22;000;2017;06;18;3;3;3;2;1;1;0;0;0;0;0;461264,749599999980000;5481955,593799999900000;8,465157396000052;49,489002112000037
152011;08170627222014909270;08;2;22;000;2017;06;18;3;3;1;5;1;1;0;0;0;0;0;461929,662699999990000;5488454,633899999800000;8,473710927000070;49,547499329000061
152012;08170627222014909260;08;2;22;000;2017;06;07;3;3;5;3;1;1;0;0;0;0;0;464480,364500000030000;5484164,841900000300000;8,509357047000037;49,509069959000044
152013;08170627222014827560;08;2;22;000;2017;06;15;3;2;6;2;0;0;1;0;1;0;0;459299,126500000010000;5488504,906800000000000;8,437342662000049;49,547780407000062
152015;08170627222014820950;08;2;22;000;2017;06;16;3;3;5;3;1;1;0;0;0;0;0;463341,514499999990000;5483251,572900000000000;8,493711191000045;49,500787803000037
152016;08170627221400916650;08;2;21;000;2017;06;21;3;3;6;3;0;1;1;0;0;0;0;474730,949100000030000;5472841,041400000500000;8,651670658000057;49,407729231000076
152017;08170627221000924100;08;2;21;000;2017;06;06;3;3;6;4;1;0;1;0;0;0;0;476368,171600000000000;5472208,634499999700000;8,674276711000061;49,402106618000062
152018;08170627216100877270;08;2;16;043;2017;06;07;3;3;2;6;1;0;0;0;0;0;0;442430,432199999980000;5412790,968100000200000;8,215022138000052;48,865407412000081
152020;08170627215102841530;08;2;15;102;2017;06;17;3;3;5;3;1;1;0;0;0;0;0;456694,113399999970000;5438224,646200000300000;8,406789984000056;49,095347567000033
152021;08170627212702891190;08;2;15;108;2017;06;16;3;2;5;5;1;1;0;0;0;0;0;449872,075799999990000;5425423,440000000400000;8,314930519000029;48,979683815000044
152024;08170627121600848630;08;1;25;102;2017;06;17;3;3;5;3;1;1;0;0;0;0;0;520445,580200000030000;5444509,551000000000000;9,280391069000075;49,153066703000036
152025;08170627121500829740;08;1;25;065;2017;06;13;3;3;6;4;0;0;1;1;0;0;0;516054,615700000020000;5448386,465699999600000;9,220328534000032;49,188071165000053
152026;08170627121300881670;08;1;21;000;2017;06;23;3;3;0;7;1;0;1;0;0;2;0;513157,700399999970000;5448029,903500000000000;9,180560731000071;49,184932788000026
152027;08170627119400888560;08;1;19;090;2017;06;18;3;3;5;3;1;1;0;0;0;0;0;532437,905099999970000;5405939,822999999900000;9,441772852000042;48,805600894000065
152028;08170627119300856300;08;1;19;067;2017;06;17;3;3;5;3;1;1;0;0;0;0;0;538810,862599999990000;5407230,050800000300000;9,528684832000067;48,816841881000073
152030;08170627118400818360;08;1;18;048;2017;06;13;3;3;1;5;1;1;0;0;0;0;1;512642,778200000000000;5416711,936999999900000;9,172517309000057;48,903222650000032
152031;08170627118100913640;08;1;18;007;2017;06;15;3;3;5;7;1;1;0;0;0;0;0;511316,953700000010000;5427430,688199999700000;9,154723685000022;48,999670534000074
152032;08170627117300916460;08;1;17;030;2017;06;17;3;3;6;6;1;0;1;0;0;0;0;547352,430399999950000;5390197,843299999800000;9,643074309000042;48,663037096000039
152034;08170627116010851650;08;1;16;071;2017;06;07;3;3;5;3;1;1;0;0;0;0;0;528136,233400000030000;5391037,796699999800000;9,382172125000068;48,671754500000077
152035;08170627116010811060;08;1;16;078;2017;06;10;3;3;5;3;1;1;0;0;0;0;0;510417,510300000020000;5393895,810100000400000;9,141573642000026;48,698012444000028
152038;08170627111500890480;08;1;11;000;2017;06;20;3;3;6;4;0;0;1;0;1;0;0;513957,679899999990000;5404854,718500000400000;9,190055604000065;48,796529221000071
152040;08170627111500873010;08;1;11;000;2017;06;15;3;3;1;5;1;1;0;0;0;0;0;508546,658600000020000;5397734,292000000400000;9,116228404000026;48,732572034000043