OBJECTID;UIDENTSTLA;ULAND;UREGBEZ;UKREIS;UGEMEINDE;UJAHR;UMONAT;USTUNDE;UWOCHENTAG;UKATEGORIE;UART;UTYP1;IstRad;IstPKW;IstFuss;IstKrad;IstSonstig;LICHT;STRZUSTAND;LINREFX;LINREFY;XGCSWGS84;YGCSWGS84
152042;08170627111110819390;08;1;11;000;2017;06;18;3;3;5;2;1;1;0;0;0;0;0;512778,091499999980000;5401280,957000000400000;9,173882662000040;48,764405315000033
152045;08170626435200871000;08;4;35;059;2017;06;09;2;3;0;7;1;0;0;0;0;0;0;512147,921600000000000;5290334,834099999600000;9,162119668000059;47,766265250000060
152046;08170626426010835350;08;4;26;070;2017;06;11;2;3;6;6;1;0;1;0;0;0;0;566196,603800000040000;5343166,460000000000000;9,891524188000062;48,238259123000034
152047;08170626421300857240;08;4;21;000;2017;06;16;2;3;0;1;1;0;0;0;0;0;0;571293,073300000050000;5363119,720099999600000;9,963528260000032;48,417194096000060
152048;08170626416010886520;08;4;15;014;2017;06;06;2;3;5;2;1;1;0;0;0;0;0;526402,365400000010000;5374368,316599999600000;9,357561784000041;48,521870361000026
152049;08170626415400875700;08;4;15;061;2017;06;12;2;3;6;4;0;0;1;1;0;0;0;516621,264800000000000;5372715,272400000100000;9,225033868000025;48,507334278000030
152050;08170626335100816560;08;3;35;043;2017;06;16;2;3;0;7;1;0;0;0;0;0;0;514591,788300000010000;5280523,773799999600000;9,194405328000073;47,677938818000030
152054;08170626311200886810;08;3;11;000;2017;06;19;2;3;4;6;1;0;0;0;0;0;0;414891,717000000000000;5315685,388399999600000;7,859308557000077;47,988804256000037
152056;08170626311010863520;08;3;11;000;2017;06;09;2;3;3;6;1;1;0;0;0;0;0;413461,166000000030000;5317261,546000000100000;7,839821327000038;48,002790361000052
152057;08170626311010863510;08;3;11;000;2017;06;15;2;3;4;6;1;1;0;0;0;0;0;411450,436800000020000;5317096,860000000300000;7,812904502000038;48,001033585000073
152061;08170626299200920660;08;2;15;109;2017;06;12;2;2;0;7;1;0;0;0;1;0;0;461379,533100000000000;5434788,965499999900000;8,471296614000039;49,064755217000027
152062;08170626299200920640;08;2;12;000;2017;06;08;2;3;3;6;1;1;0;0;0;0;0;454091,696799999980000;5429883,570799999900000;8,372089725000024;49,020131036000066
152063;08170626299200920630;08;2;12;000;2017;06;09;2;3;5;3;1;1;0;0;0;0;0;458500,764000000020000;5429884,314199999900000;8,432391349000056;49,020450105000066
152064;08170626299200920020;08;2;12;000;2017;06;11;2;2;3;2;1;0;0;0;1;0;0;454894,191200000000000;5428804,312900000300000;8,383185120000064;49,010482238000066
152065;08170626235200815840;08;2;35;046;2017;06;18;2;3;4;6;1;0;0;0;0;0;0;479500,254100000020000;5378170,887099999900000;8,722187929000029;48,556299701000057
152066;08170626231102824860;08;2;36;046;2017;06;20;2;3;0;7;0;1;1;0;0;1;0;483366,889700000000000;5418369,113500000000000;8,772965386000067;48,918035785000029
152067;08170626226600830590;08;2;26;096;2017;06;07;2;3;5;2;1;1;0;0;0;0;0;475883,965600000000000;5489818,310499999700000;8,666529009000044;49,560481575000040
152069;08170626226200879800;08;2;26;032;2017;06;12;2;3;5;3;1;1;0;0;0;0;0;467291,944900000000000;5463348,631799999600000;8,549908314000049;49,321992843000032
152074;08170626221400916630;08;2;21;000;2017;06;15;2;3;4;6;1;0;0;0;0;0;0;474771,974300000000000;5473442,119199999600000;8,652197977000071;49,413137513000038
152076;08170626215202842550;08;2;15;064;2017;06;18;2;3;0;1;1;0;0;0;0;0;0;485172,200000000010000;5446919,303200000000000;8,796561890000021;49,174904525000045
152077;08170626212502862340;08;2;12;000;2017;06;17;2;3;0;1;1;0;0;0;0;0;0;454500,369699999980000;5428283,329300000300000;8,377858393000054;49,005767039000034
152080;08170626136200859500;08;1;36;019;2017;06;18;2;2;6;4;0;1;1;0;0;0;0;583715,922799999940000;5423695,166600000100000;10,143665144000067;48,960501488000034
152082;08170626136100898760;08;1;36;088;2017;06;07;2;3;5;3;1;1;0;0;0;0;0;580010,246200000050000;5410342,101200000400000;10,090434724000033;48,840892934000067
152085;08170626127202828940;08;1;27;103;2017;06;19;2;2;8;1;1;0;0;0;0;0;0;571817,551100000040000;5439670,165799999600000;9,983975368000074;49,105681339000057
152087;08170626119300838000;08;1;19;067;2017;06;18;2;3;0;7;1;0;1;0;0;0;0;539553,383999999960000;5409973,133999999600000;9,539063691000024;48,841470417000039
152089;08170626119200827770;08;1;19;020;2017;06;05;2;3;5;3;1;1;0;0;0;0;0;520476,862599999990000;5405970,999300000300000;9,278879198000027;48,806390541000042
152091;08170626118400830420;08;1;18;048;2017;06;19;2;3;5;3;1;1;0;0;0;0;0;513465,181099999990000;5415185,045699999700000;9,183689035000043;48,889469811000026
152092;08170626118200915880;08;1;18;080;2017;06;19;2;2;0;5;1;1;0;0;0;1;0;508480,220399999990000;5408782,018199999800000;9,115552816000047;48,831957621000072
152093;08170626118010838350;08;1;15;021;2017;06;08;2;2;5;2;1;1;0;0;0;0;0;490326,398500000010000;5383091,783400000100000;8,868788438000024;48,600829856000075
152096;08170626116400847620;08;1;16;033;2017;06;12;2;3;5;3;1;1;0;0;0;0;0;532938,310599999970000;5388544,101900000100000;9,447197929000026;48,649086687000079
152098;08170626116010851620;08;1;16;056;2017;06;16;2;2;4;2;1;1;0;0;0;0;1;530295,807000000030000;5395730,174300000100000;9,411848817000021;48,713865455000075
152099;08170626116010811050;08;1;16;019;2017;06;15;2;3;2;6;1;1;0;0;0;0;0;524110,829800000010000;5398469,047899999700000;9,327930463000030;48,738773937000076
152100;08170626115300865130;08;1;15;028;2017;06;15;2;3;6;4;0;1;1;0;0;0;0;501584,238399999970000;5403921,390100000400000;9,021568341000034;48,788287718000049
152101;08170626115100910940;08;1;15;024;2017;06;12;2;3;5;3;1;1;0;0;0;0;0;501774,471399999980000;5388168,605899999800000;9,024090474000047;48,646574230000056
152102;08170626111500890470;08;1;11;000;2017;06;13;2;3;0;4;0;0;1;0;1;0;0;516216,191600000020000;5400361,125500000100000;9,220631328000025;48,756050497000047
152105;08170625426100901310;08;4;26;021;2017;06;18;1;3;0;1;1;0;0;0;0;0;0;558520,013000000040000;5326196,933000000200000;9,785812782000050;48,086354982000046
152108;08170625335300825980;08;3;35;075;2017;06;18;1;3;4;6;1;1;0;0;0;0;0;487537,025000000020000;5294752,490799999800000;8,833548964000045;47,806007039000065
152111;08170625325010922180;08;4;17;079;2017;06;19;1;2;0;7;1;1;0;0;0;0;0;501830,707999999980000;5339910,852900000300000;9,024643136000066;48,212422660000072
152113;08170625311400855780;08;3;15;111;2017;06;11;1;3;0;1;1;0;0;0;0;0;0;403457,612700000000000;5299338,652099999600000;7,709758380000039;47,840140993000034
152115;08170625299200919980;08;2;12;000;2017;06;00;1;3;6;6;1;0;1;0;0;2;0;455560,744400000030000;5428410,060800000100000;8,392342748000033;49,006984266000075
152116;08170625299200919970;08;2;12;000;2017;06;16;1;2;6;4;0;1;1;0;0;0;0;454082,446500000020000;5428443,359600000100000;8,372126157000025;49,007175570000072
152117;08170625299200919940;08;2;12;000;2017;06;17;1;2;6;5;0;1;1;0;0;0;0;456273,024299999990000;5426739,966900000300000;8,402261621000037;48,992012438000074
152118;08170625222200858580;08;2;22;000;2017;06;16;1;3;5;3;1;1;0;0;0;0;0;461567,895299999970000;5482464,824199999700000;8,469293418000063;49,493601641000055
152121;08170625221200821410;08;2;21;000;2017;06;08;1;3;2;1;1;0;0;0;0;0;0;477670,235700000020000;5472113,155000000300000;8,692228468000053;49,401296956000067
152122;08170625216300893710;08;2;16;015;2017;06;14;1;3;0;7;1;0;0;0;0;0;0;448284,944499999980000;5408246,019399999600000;8,295417234000070;48,825040597000054
152123;08170625216100883460;08;2;16;043;2017;06;00;1;3;1;5;1;1;0;0;0;2;0;438263,341499999980000;5412456,369500000000000;8,158259314000077;48,861996950000048
152125;08170630226400891350;08;2;26;084;2017;06;11;6;3;6;4;0;1;1;0;0;0;0;469132,848100000000000;5469932,300400000100000;8,574729818000037;49,381307620000030
152127;08170630111310881960;08;1;11;000;2017;06;19;6;3;0;7;1;0;0;0;0;0;0;516356,207799999970000;5405402,171699999800000;9,222736871000052;48,801395559000071
152128;08170630216100909590;08;2;16;043;2017;06;12;6;3;6;7;0;1;1;0;0;0;0;441774,023600000010000;5413050,618400000000000;8,206035759000031;48,867681679000043
152130;08170630116500914490;08;1;16;049;2017;06;12;6;3;5;3;1;1;0;0;0;0;0;524797,402600000030000;5385471,394100000200000;9,336488623000037;48,621820582000055
152136;08170630222014827590;08;2;22;000;2017;06;17;6;2;3;2;1;1;0;0;0;0;0;461565,490300000000000;5481780,441999999800000;8,469326758000022;49,487445839000031
152137;08170629435211876870;08;4;35;066;2017;06;13;5;3;0;1;1;0;0;0;0;0;0;517544,646499999970000;5286838,656000000400000;9,233999896000057;47,734684046000041
152139;08170630111340148900;08;1;11;000;2017;06;13;6;3;6;2;0;1;1;0;0;0;0;511699,926299999990000;5406406,821999999700000;9,159357130000046;48,810538363000035
152145;08170629435200819640;08;4;35;059;2017;06;12;5;3;0;1;1;0;0;0;0;0;0;510976,311300000000000;5290627,964300000100000;9,146491445000038;47,768923716000074
152148;08170705221300016040;08;2;21;000;2017;07;17;4;3;9;1;1;0;0;0;0;0;0;476683,184300000020000;5472312,247000000400000;8,678612454000074;49,403050746000076
152152;08170705212402936760;08;2;12;000;2017;07;17;4;3;5;3;1;1;0;0;0;0;0;455499,669300000010000;5428401,145300000000000;8,391508640000041;49,006899669000063
152153;08170705212302949080;08;2;12;000;2017;07;09;4;3;2;6;1;0;0;0;0;0;0;455187,947999999970000;5430928,293999999800000;8,386967352000056;49,029608999000061
152155;08170705199200991200;08;1;15;045;2017;07;18;4;2;0;7;1;0;0;0;0;0;0;498713,919300000010000;5394452,035799999700000;8,982520443000055;48,703101954000033
152156;08170705136200958560;08;1;36;003;2017;07;21;4;3;9;1;1;0;0;0;0;1;0;571774,420799999960000;5424868,764000000400000;9,980763261000050;48,972559128000057
152159;08170705127100990880;08;1;27;076;2017;07;07;4;3;5;3;1;1;0;0;0;0;0;555848,038300000010000;5439769,236800000100000;9,765213470000049;49,108229969000035
152160;08170705121200029610;08;1;21;000;2017;07;06;4;3;1;5;1;0;0;0;1;0;0;514380,428499999980000;5440933,380300000300000;9,197086506000062;49,121069815000055
152163;08170705119100010350;08;1;19;093;2017;07;11;4;3;1;5;0;0;1;0;1;0;0;522909,145299999970000;5406859,045099999800000;9,312054111000066;48,814294306000079
152167;08170705115300978140;08;1;15;041;2017;07;15;4;3;1;5;1;1;0;0;0;0;0;495395,582500000020000;5401150,348700000000000;8,937344996000036;48,763344505000077
152169;08170705115100979650;08;1;15;003;2017;07;00;4;3;5;2;1;1;0;0;0;2;0;500458,333999999970000;5391946,446000000500000;9,006226592000076;48,680562576000057
152170;08170705111500993520;08;1;11;000;2017;07;08;4;3;2;7;1;1;0;0;0;0;0;513040,615600000020000;5404276,763399999600000;9,177550059000055;48,791349910000065
152171;08170705111500972720;08;1;11;000;2017;07;17;4;3;3;6;1;1;0;0;0;0;0;512396,807299999990000;5400702,761300000400000;9,168676801000061;48,759211606000065
152173;08170705111500961750;08;1;11;000;2017;07;07;4;3;6;4;0;1;1;0;0;0;0;512037,902100000010000;5402028,150700000100000;9,163832167000066;48,771141784000065
152174;08170704437100005910;08;4;37;100;2017;07;20;3;3;0;7;1;0;0;0;0;0;0;534226,058100000020000;5316721,238900000200000;9,458847971000068;48,002871562000053
152175;08170704436400927510;08;4;36;012;2017;07;20;3;3;0;1;1;0;0;0;0;0;0;549361,773000000040000;5299269,010200000400000;9,659751796000023;47,844869271000050
152177;08170704436200977820;08;4;36;064;2017;07;11;3;3;5;3;1;1;0;0;0;0;0;545111,695199999960000;5290936,664599999800000;9,602083139000058;47,770215594000035
152179;08170704435200936170;08;4;35;059;2017;07;17;3;3;5;3;1;0;0;0;0;0;0;512102,274800000010000;5290283,075400000400000;9,161509051000053;47,765800409000065
152180;08170704435010049080;08;4;37;104;2017;07;14;3;3;0;7;1;0;0;0;0;0;0;513118,101000000020000;5329014,178000000300000;9,176245993000066;48,114253536000035
152181;08170704426010952650;08;4;25;137;2017;07;19;3;3;5;3;1;0;0;0;0;0;0;575826,637899999970000;5352788,414599999800000;10,022926494000046;48,323732953000047
152183;08170704426010952630;08;4;21;000;2017;07;19;3;3;5;3;1;1;0;0;0;0;0;570189,610800000020000;5360041,286600000200000;9,948102239000036;48,389626509000038
152184;08170704426010006740;08;4;26;021;2017;07;21;3;3;9;1;1;0;0;0;0;0;0;558233,586899999990000;5327229,376400000400000;9,782107828000051;48,095669290000046
152185;08170704426010006720;08;4;26;021;2017;07;07;3;3;3;2;1;1;0;0;0;0;0;558421,645299999970000;5327131,619599999900000;9,784619926000062;48,094772635000027
152187;08170704421200030260;08;4;21;000;2017;07;08;3;2;0;3;1;0;0;0;0;0;0;572401,670900000030000;5361260,821000000500000;9,978187970000022;48,400346444000036
152188;08170704421100014640;08;4;25;081;2017;07;20;3;3;0;1;1;0;0;0;0;0;0;547907,105600000010000;5342625,305300000100000;9,645162552000045;48,235036751000052
152190;08170704417100005520;08;4;17;079;2017;07;07;3;3;6;4;0;1;1;0;0;0;0;499922,438000000020000;5347525,758800000000000;8,998954544000071;48,280935075000059
152192;08170704415400972240;08;4;15;061;2017;07;10;3;3;6;7;0;1;1;0;0;0;0;515499,199100000030000;5371108,230700000200000;9,209782763000021;48,492905479000058
152193;08170704335300977650;08;3;35;075;2017;07;20;3;3;0;3;1;1;0;0;0;0;0;488701,525199999970000;5290018,911100000100000;8,849224767000067;47,763438177000069
152194;08170704335100985700;08;3;35;043;2017;07;16;3;3;0;1;1;0;0;0;0;0;0;512375,452099999990000;5281708,356200000300000;9,164910969000061;47,688643504000026
152195;08170704335010989530;08;4;37;044;2017;07;22;3;3;8;7;1;0;0;0;0;1;0;533178,866900000020000;5323008,544800000300000;9,445296423000059;48,059492830000067
152199;08170704325102020070;08;3;25;001;2017;07;12;3;3;5;3;1;1;0;0;0;0;0;455679,083999999970000;5346066,805300000100000;8,402769230000047;48,266258366000045
152200;08170704325010047610;08;4;17;079;2017;07;08;3;3;6;4;0;1;1;0;0;0;0;501661,609999999990000;5340118,829199999600000;9,022367725000038;48,214294257000063
152201;08170704317500994170;08;3;17;096;2017;07;13;3;3;5;3;1;1;0;0;0;0;0;422222,655000000030000;5370288,081799999800000;7,947519597000053;48,480906129000061
152202;08170704317500994160;08;3;17;096;2017;07;16;3;3;5;3;1;1;0;0;0;0;0;420894,505599999970000;5369825,654400000300000;7,929637880000030;48,476580927000043
152203;08170704317500951520;08;3;17;096;2017;07;07;3;3;5;2;1;1;0;0;0;0;0;422571,227900000000000;5369405,123999999800000;7,952399200000059;48,473007016000054
152204;08170704317500044130;08;3;17;096;2017;07;08;3;3;5;3;1;0;0;0;1;0;0;423339,888600000010000;5369025,621899999700000;7,962866868000049;48,469687588000056
152206;08170704317114959340;08;3;17;098;2017;07;18;3;3;5;3;1;1;0;0;0;0;0;437580,033300000010000;5369378,444500000200000;8,155444557000067;48,474436126000057
152207;08170704311500978380;08;3;15;113;2017;07;07;3;3;4;2;1;1;0;0;0;0;0;440576,119100000010000;5307778,273699999800000;8,204602810000040;47,920571359000064
152208;08170704311400974730;08;3;15;006;2017;07;13;3;3;5;3;1;1;0;0;0;0;0;403829,486700000010000;5307926,134300000000000;7,712814758000036;47,917442063000067
152212;08170704311010977350;08;3;11;000;2017;07;20;3;3;0;7;1;0;0;0;0;0;0;410213,642899999980000;5314741,222699999800000;7,796820509000042;47,979671600000074
152213;08170704311010977340;08;3;11;000;2017;07;09;3;2;0;7;0;0;1;1;0;0;0;412801,498000000020000;5316746,116000000400000;7,831084178000026;47,998064257000067
152214;08170704311010977330;08;3;11;000;2017;07;10;3;3;0;1;1;0;0;0;0;0;0;414602,723999999990000;5317818,773000000000000;7,855011439000066;48,007956361000026
152217;08170704311010946340;08;3;11;000;2017;07;00;3;3;5;3;1;1;0;0;0;2;0;412808,903799999970000;5314670,186300000200000;7,831605049000075;47,979391592000070
152218;08170704311010934920;08;3;11;000;2017;07;17;3;3;3;2;1;1;0;0;0;0;0;413096,698299999990000;5317207,227000000000000;7,834947157000045;48,002252296000052
152219;08170704299200045800;08;2;12;000;2017;07;11;3;3;4;6;1;0;0;0;0;0;0;455046,214800000020000;5429638,387600000000000;8,385171504000027;49,017995897000048
152220;08170704299200044770;08;2;12;000;2017;07;18;3;3;5;3;1;1;0;0;0;0;0;461412,860099999990000;5427975,100499999700000;8,472401416000025;49,003465359000074
152221;08170704299200044760;08;2;12;000;2017;07;17;3;2;6;4;0;1;1;0;0;0;0;456887,901100000020000;5427719,798100000200000;8,410562400000060;49,000869400000056
152222;08170704235010031570;08;2;31;000;2017;07;14;3;3;2;6;1;1;0;0;0;0;0;478336,483000000010000;5415326,326000000400000;8,704464845000075;48,890508345000057
152224;08170704226700990690;08;2;26;010;2017;07;15;3;3;5;2;1;0;0;0;0;0;0;480933,136000000000000;5458965,038999999900000;8,737829596000040;49,283140795000065
152225;08170704226700037200;08;2;26;095;2017;07;19;3;3;6;7;0;1;1;0;0;0;0;475025,561099999990000;5461632,372399999800000;8,656434759000035;49,306920595000065
152226;08170704226300042580;08;2;21;000;2017;07;12;3;3;6;7;1;0;1;0;0;0;0;477650,115800000030000;5472969,903099999800000;8,691902943000059;49,409002540000074
152227;08170704226200933920;08;2;26;096;2017;07;15;3;3;0;3;1;1;0;0;0;0;0;476251,601399999990000;5488130,059600000300000;8,671714294000026;49,545310964000066
152228;08170704222800958970;08;2;22;000;2017;07;17;3;3;5;5;1;1;0;0;0;0;0;463065,093899999980000;5485666,026700000300000;8,489667832000066;49,522487738000052
152229;08170704222500965590;08;2;22;000;2017;07;15;3;3;0;3;1;0;0;1;0;0;0;462987,730600000010000;5478763,651899999900000;8,489245322000045;49,460399684000038
152233;08170704212502981560;08;2;12;000;2017;07;17;3;3;6;7;0;1;1;0;0;0;0;453201,334099999980000;5428894,209099999600000;8,360026685000037;49,011164792000045
152234;08170704212302949060;08;2;12;000;2017;07;18;3;3;5;3;1;1;0;0;0;0;0;455738,853300000020000;5428254,595200000300000;8,394794994000051;49,005598636000059
152235;08170704199200025720;08;1;18;051;2017;07;23;3;2;1;1;1;1;0;0;0;2;0;509846,710299999980000;5415069,260400000000000;9,134324031000062;48,888496297000074
152237;08170704135200963950;08;1;35;019;2017;07;16;3;3;3;2;1;1;0;0;0;0;0;584952,279400000000000;5392602,568799999500000;10,154112538000049;48,680684111000062
152238;08170704135010024200;08;1;35;016;2017;07;09;3;2;6;4;0;1;1;0;0;0;0;591646,212700000030000;5386067,863400000100000;10,243584527000053;48,620963879000044
152241;08170704119200032900;08;1;19;093;2017;07;15;3;3;5;3;1;1;0;0;0;0;0;524017,908999999990000;5406486,237599999600000;9,327134928000021;48,810898746000078
152242;08170704119100932550;08;1;19;008;2017;07;06;3;3;0;1;1;0;0;0;0;0;0;531866,405000000030000;5421745,804999999700000;9,435221543000068;48,947813972000063
152243;08170704118600939390;08;1;18;076;2017;07;21;3;3;5;3;1;1;0;0;0;2;0;505553,981000000030000;5422725,360999999600000;9,075869033000060;48,957421847000035
152244;08170704118300958160;08;1;18;046;2017;07;19;3;3;5;2;1;1;0;0;0;0;0;514854,789999999980000;5412683,213999999700000;9,202554763000023;48,866932202000044
152246;08170704116400028430;08;1;16;033;2017;07;18;3;3;4;2;1;1;0;0;0;0;0;534051,439000000010000;5387955,207600000300000;9,462261762000026;48,643729403000066
152248;08170704116200016370;08;1;16;078;2017;07;09;3;3;5;2;1;1;0;0;0;0;0;512675,024399999990000;5390348,279099999900000;9,172144268000068;48,666056807000075
152250;08170704115100979630;08;1;15;003;2017;07;13;3;3;2;6;1;1;0;0;0;0;0;500831,401799999990000;5391479,940899999800000;9,011293882000075;48,676365454000063
152252;08170704111500961720;08;1;11;000;2017;07;17;3;3;3;2;1;1;0;0;0;0;0;512968,869000000010000;5402234,335000000000000;9,176508783000031;48,772977897000032
152254;08170704111330957610;08;1;11;000;2017;07;20;3;3;5;3;1;1;0;0;0;0;0;513599,496300000000000;5408736,017400000200000;9,185307038000076;48,831452786000057
152255;08170703437100969490;08;4;37;100;2017;07;20;2;2;2;6;1;0;0;0;0;0;0;539884,529199999990000;5318184,037499999600000;9,534840535000058;48,015703997000060
152256;08170703436300006510;08;4;36;081;2017;07;14;2;3;4;6;1;0;0;0;1;0;0;556960,245000000000000;5281076,276999999800000;9,758917167000050;47,680564966000077
152257;08170703435200038790;08;4;35;059;2017;07;14;2;3;0;1;1;0;0;0;0;0;0;510057,462799999980000;5291099,892799999600000;9,134239322000042;47,773184900000047
152259;08170703416010008230;08;4;16;041;2017;07;18;2;3;0;4;0;0;1;0;1;0;0;504980,056300000000000;5375261,199400000300000;9,067455201000030;48,530438576000051
152262;08170703335200035520;08;3;35;063;2017;07;13;2;3;0;7;1;0;0;0;0;0;0;497536,605700000010000;5288014,289699999600000;8,967137940000043;47,745495775000052
152263;08170703335100971150;08;3;35;043;2017;07;12;2;3;1;5;1;1;0;0;0;0;0;512658,375799999980000;5278415,723500000300000;9,168585647000043;47,659012027000074
152264;08170703335100971140;08;3;35;043;2017;07;16;2;3;0;7;1;0;0;0;0;0;0;513304,403400000010000;5279184,728400000400000;9,177212888000042;47,665918320000060
152269;08170703317500044120;08;3;17;096;2017;07;10;2;3;0;1;1;0;0;0;0;0;0;422784,805999999980000;5369911,373999999800000;7,955194877000054;48,477586969000072
152270;08170703317500044100;08;3;17;096;2017;07;09;2;3;0;7;1;0;0;0;0;0;0;423166,908300000010000;5369021,583399999900000;7,960527763000073;48,469630151000047
152271;08170703316200955250;08;3;16;014;2017;07;17;2;2;5;3;1;1;0;0;0;0;0;425822,512899999970000;5330320,108199999700000;8,003249611000058;48,121815707000053
152272;08170703316200955240;08;3;16;056;2017;07;12;2;3;4;5;1;0;0;0;0;0;0;423236,382600000010000;5328096,186599999700000;7,968904889000044;48,101503687000047
152273;08170703311010984190;08;3;11;000;2017;07;17;2;3;1;5;1;1;0;0;0;0;0;414319,289200000000000;5315665,760200000400000;7,851641915000073;47,988551256000051
152276;08170703299200045770;08;2;12;000;2017;07;11;2;3;6;7;1;0;1;0;0;0;0;455661,554500000030000;5428752,147599999800000;8,393683770000052;49,010068621000073
152278;08170703235200931690;08;2;35;080;2017;07;19;2;3;6;7;0;1;1;0;0;0;0;478216,341000000010000;5386566,060399999800000;8,704348278000055;48,631780506000041
152279;08170703235200931680;08;2;35;080;2017;07;07;2;3;5;2;1;1;0;0;0;0;0;480710,468400000010000;5385712,891599999700000;8,738238329000069;48,624187225000071
152281;08170703235010995580;08;2;31;000;2017;07;09;2;3;6;4;0;0;1;0;1;0;0;477604,882999999970000;5414916,974299999900000;8,694506888000035;48,886799946000053
152282;08170703235010995560;08;2;36;076;2017;07;13;2;3;6;1;0;0;1;1;0;0;0;471489,640499999980000;5423951,880699999600000;8,610458619000042;48,967822499000079
152283;08170703235010031530;08;2;31;000;2017;07;14;2;2;6;2;0;1;1;0;0;0;0;477501,608300000020000;5415379,285899999600000;8,693072679000068;48,890955004000034
152284;08170703222700965720;08;2;22;000;2017;07;17;2;3;5;3;1;1;0;0;0;0;0;463900,555899999980000;5480685,008800000000000;8,501666171000068;49,477736346000029
152286;08170703221400982910;08;2;26;018;2017;07;08;2;3;1;7;1;1;0;0;0;0;1;473278,802700000000000;5471605,303399999600000;8,631736636000028;49,396551981000073
152287;08170703221000050010;08;2;26;103;2017;07;16;2;3;5;3;1;1;0;0;0;0;0;472380,978599999970000;5458243,808600000100000;8,620289075000073;49,276326713000060
152291;08170703212702013250;08;2;15;017;2017;07;07;2;3;5;3;1;1;0;0;0;0;1;456649,646000000010000;5421351,718000000300000;8,407983758000057;48,943570695000062
152292;08170703126010004700;08;1;25;102;2017;07;07;2;3;2;6;0;1;1;0;0;0;0;521318,022400000020000;5444366,666000000200000;9,292348035000032;49,151751743000034
152293;08170703126010004680;08;1;26;046;2017;07;03;2;1;9;1;1;0;0;0;0;2;0;550323,157899999990000;5459005,706199999900000;9,691928546000042;49,281732334000026
152299;08170703116500002510;08;1;16;049;2017;07;09;2;3;6;7;0;1;1;0;0;0;0;525410,030000000030000;5386222,256500000100000;9,344847539000057;48,628550784000026
152301;08170703115400018950;08;1;15;045;2017;07;18;2;3;5;3;1;1;0;0;0;0;0;499434,578800000020000;5394930,531399999700000;8,992314514000043;48,707407608000040
152302;08170703115100025410;08;1;15;003;2017;07;17;2;3;6;4;0;1;1;0;0;0;0;501339,307600000000000;5391999,574799999600000;9,018195030000072;48,681039260000034
152303;08170703115100025380;08;1;15;024;2017;07;17;2;3;5;3;1;1;0;0;0;0;0;501191,535600000000000;5388009,545699999700000;9,016175998000051;48,645144681000033
152304;08170703111500036180;08;1;11;000;2017;07;16;2;3;6;2;0;1;1;0;0;0;0;512810,799000000000000;5404567,491999999600000;9,174430150000035;48,793970052000077
152305;08170702416010008220;08;4;16;041;2017;07;17;1;3;4;7;1;0;1;0;0;0;0;504684,291000000030000;5376913,472900000400000;9,063467621000029;48,545305262000056
152307;08170702311010019260;08;3;11;000;2017;07;13;1;3;5;2;1;0;0;0;0;0;0;414734,941200000000000;5315666,202300000000000;7,857211562000032;47,988610786000038
152309;08170702136100017130;08;1;36;088;2017;07;15;1;3;4;6;1;0;0;0;0;0;0;579495,839500000000000;5409429,224499999500000;10,083248280000021;48,832748371000037
152311;08170702111500993500;08;1;11;000;2017;07;14;1;3;6;4;0;0;1;1;0;0;0;515482,122600000000000;5403430,831899999600000;9,210759478000057;48,783684007000033
152312;08170702111210951800;08;1;11;000;2017;07;16;1;3;2;6;0;1;1;0;0;0;0;510134,501099999990000;5397860,532300000100000;9,137824962000025;48,733683890000066
152314;08170701435200926850;08;4;35;059;2017;07;19;7;3;0;1;1;0;0;0;0;0;0;510798,124000000010000;5293976,859000000200000;9,144196646000069;47,799058403000060
152315;08170701421300033370;08;4;21;000;2017;07;22;7;3;3;6;1;0;0;1;0;2;0;571771,348200000010000;5362080,455699999800000;9,969813392000049;48,407791352000061
152316;08170701416200021400;08;4;16;041;2017;07;12;7;3;0;7;1;0;0;0;1;0;0;498099,418000000010000;5374924,944100000000000;8,974258013000053;48,527430388000028
152317;08170701416010008190;08;4;16;041;2017;07;20;7;3;0;7;1;0;0;0;0;0;1;506177,026599999980000;5375119,712500000400000;9,083666132000076;48,529155070000058
152318;08170701415400996510;08;4;15;080;2017;07;09;7;3;0;1;1;0;0;0;0;0;0;511185,835599999990000;5373368,608300000400000;9,151461910000023;48,513332255000080
152320;08170701335300998970;08;3;35;028;2017;07;14;7;3;5;3;1;1;0;0;0;0;0;483327,097699999980000;5286877,060700000300000;8,777625337000075;47,735052711000037
152321;08170701335300998960;08;3;35;075;2017;07;13;7;3;0;2;1;1;0;0;0;0;0;491482,460399999980000;5288635,499900000200000;8,886362649000034;47,751033614000050
152323;08170701335200035510;08;3;35;063;2017;07;18;7;3;5;2;1;1;0;0;0;0;0;496644,131799999970000;5287550,404500000200000;8,955235783000035;47,741317900000070
152325;08170701335100932700;08;3;35;043;2017;07;14;7;3;0;4;0;0;1;1;0;0;0;512979,360900000030000;5278933,660000000100000;9,172875927000064;47,663665893000029