OBJECTID;UIDENTSTLA;ULAND;UREGBEZ;UKREIS;UGEMEINDE;UJAHR;UMONAT;USTUNDE;UWOCHENTAG;UKATEGORIE;UART;UTYP1;IstRad;IstPKW;IstFuss;IstKrad;IstSonstig;LICHT;STRZUSTAND;LINREFX;LINREFY;XGCSWGS84;YGCSWGS84
152326;08170701335010993010;08;4;35;030;2017;07;23;7;2;0;1;1;0;0;0;0;2;0;541230,666699999940000;5271338,789500000000000;9,548436324000022;47,594148169000050
152327;08170701317300938890;08;3;17;065;2017;07;22;7;2;5;2;1;1;0;0;0;2;1;415334,186999999980000;5354081,122999999700000;7,857593737000059;48,334238550000066
152329;08170701311300014720;08;3;11;000;2017;07;23;7;3;0;1;1;0;0;0;0;2;1;413964,748499999990000;5315651,097799999600000;7,846894024000051;47,988371764000078
152331;08170701311010983180;08;3;11;000;2017;07;11;7;3;5;3;1;1;0;0;0;0;0;412626,039700000020000;5317862,021999999900000;7,828505337000024;48,008078211000054
152332;08170701311010983170;08;3;11;000;2017;07;12;7;3;3;6;1;0;0;0;0;0;0;404833,319299999970000;5319667,968600000300000;7,723646750000057;48,023209693000069
152334;08170701299200044700;08;2;12;000;2017;07;23;7;2;0;1;1;0;0;0;0;2;1;455859,658500000020000;5427881,237700000400000;8,396487313000023;49,002248896000026
152336;08170701226400962930;08;2;26;037;2017;07;15;7;3;0;7;1;0;0;0;0;0;1;466390,821500000020000;5468821,743700000500000;8,537046803000067;49,371173327000065
152337;08170701222600969020;08;2;22;000;2017;07;08;7;3;0;4;1;0;1;0;0;0;0;461543,194200000030000;5482999,828800000300000;8,468900268000027;49,498412150000036
152339;08170701216100033780;08;2;16;043;2017;07;10;7;3;3;6;1;1;0;0;0;0;1;441953,757400000000000;5412258,123100000400000;8,208598763000055;48,860570057000075
152341;08170701119200944890;08;1;19;020;2017;07;08;7;3;0;7;1;0;0;0;0;0;0;520362,042499999980000;5406579,067400000100000;9,277345621000052;48,811864379000042
152342;08170701118100930850;08;1;18;079;2017;07;01;7;3;8;7;1;0;0;0;0;2;0;508759,716000000010000;5420941,968299999800000;9,119621888000040;48,941341911000052
152346;08170630437200892640;08;4;37;031;2017;06;17;6;3;5;3;1;1;0;0;0;0;0;516638,076200000010000;5344552,082499999600000;9,224146340000061;48,253963150000061
152347;08170630437200892620;08;4;37;078;2017;06;17;6;3;2;6;1;1;0;0;0;0;0;508420,238300000030000;5315669,194699999900000;9,112866134000058;47,994267058000048
152348;08170630437100900400;08;4;37;100;2017;06;09;6;3;5;3;1;1;0;0;0;0;0;537703,008700000010000;5318075,789300000300000;9,505578640000067;48,014862573000073
152349;08170630436412850860;08;4;36;009;2017;06;10;6;2;6;7;0;1;1;0;0;0;0;556427,406700000050000;5307602,427699999900000;9,755269627000075;47,919260133000080
152350;08170630435200819670;08;4;35;059;2017;06;11;6;3;6;7;1;0;1;0;0;0;0;512372,214400000000000;5290172,873800000200000;9,165108336000060;47,764803743000073
152351;08170630435200819660;08;4;35;059;2017;06;12;6;3;5;2;1;0;0;1;0;0;0;512123,925999999980000;5290837,213999999700000;9,161813457000051;47,770785873000079
152353;08170630416010886610;08;4;15;061;2017;06;21;6;3;6;4;0;0;1;0;1;0;0;516266,011500000020000;5372196,602400000200000;9,220203947000073;48,502677456000072
152354;08170630416010886600;08;4;16;041;2017;06;14;6;3;6;1;0;1;1;0;0;0;0;503597,673300000020000;5374178,734600000100000;9,048721396000076;48,520709784000076
152356;08170630415300846250;08;4;15;059;2017;06;20;6;3;0;1;1;0;0;0;0;0;0;517018,381400000010000;5369237,776999999800000;9,230268654000042;48,476038907000031
152357;08170630337010887930;08;3;37;065;2017;06;15;6;3;6;7;0;1;1;0;0;0;0;447387,003099999970000;5275468,932699999800000;8,299674223000068;47,630483837000043
152359;08170630335200911470;08;3;35;063;2017;06;16;6;3;3;7;1;0;0;0;0;0;0;497612,156299999970000;5288021,787300000000000;8,968145756000070;47,745563519000029
152360;08170630335100881030;08;3;35;043;2017;06;15;6;3;5;3;1;1;0;0;0;0;0;511829,196600000020000;5279815,818599999900000;9,157580502000030;47,671625330000040
152361;08170630327100833010;08;3;27;050;2017;06;07;6;3;0;1;1;0;0;0;0;0;0;486822,773700000020000;5315595,219999999700000;8,823373015000072;47,993521150000049
152363;08170630317114841030;08;3;17;089;2017;06;10;6;3;0;7;1;0;0;0;0;0;0;431835,817800000020000;5375705,751400000400000;8,076700928000037;48,530755207000027
152364;08170630317100875320;08;3;17;068;2017;06;16;6;2;0;1;1;0;0;0;0;0;0;436165,228000000000000;5389040,870600000000000;8,133287350000046;48,651163019000080
152365;08170630317100827120;08;3;17;089;2017;06;14;6;3;0;1;1;0;0;0;0;0;0;428840,164099999990000;5378739,925699999600000;8,035611566000057;48,557715225000038
152369;08170630111330005370;08;1;11;000;2017;06;15;6;3;1;5;1;1;0;0;0;0;0;512478,032799999990000;5408711,389899999800000;9,170025275000057;48,831254790000060
152370;08170630116500860510;08;1;16;049;2017;06;12;6;3;0;1;1;0;0;0;0;0;0;524743,341800000050000;5385404,097600000000000;9,335751042000027;48,621217319000039
152371;08170630222500845190;08;2;22;000;2017;06;19;6;3;0;7;1;1;0;0;0;0;0;461584,621500000010000;5481281,902499999900000;8,469639334000021;49,482962951000047
152373;08170630115400880660;08;1;15;045;2017;06;07;6;3;1;5;1;1;0;0;0;0;0;497631,772600000030000;5396444,148900000400000;8,967801191000035;48,721019966000028
152374;08170630216100909560;08;2;16;043;2017;06;13;6;3;0;7;1;1;0;0;0;0;0;442382,761300000010000;5412669,266200000400000;8,214389332000053;48,864308279000056
152375;08170630235010875200;08;2;31;000;2017;06;14;6;3;0;7;1;1;0;0;0;0;0;480862,249799999990000;5417302,613900000200000;8,738828518000048;48,908369555000036
152376;08170630212302051860;08;2;12;000;2017;06;17;6;3;5;7;1;1;0;0;0;0;0;455637,342699999980000;5430956,144899999700000;8,393111699000031;49,029892014000040
152377;08170710311010984400;08;3;11;000;2017;07;13;2;3;0;7;1;0;0;0;0;0;0;412693,390699999990000;5314901,292299999900000;7,830010484000070;47,981454715000041
152378;08170710311010946450;08;3;11;000;2017;07;22;2;3;5;3;1;1;0;0;0;2;1;414032,727399999970000;5317943,291799999800000;7,847345681000036;48,009000032000074
152379;08170710311010946420;08;3;11;000;2017;07;20;2;3;4;6;1;1;0;0;0;0;0;413289,090800000010000;5316515,418300000000000;7,837665691000041;47,996055373000047
152380;08170710311010946410;08;3;11;000;2017;07;08;2;3;6;4;0;0;1;0;1;0;0;410459,697400000000000;5315038,260400000000000;7,800055079000060;47,982378013000073
152384;08170710299200045910;08;2;15;017;2017;07;14;2;3;5;2;1;1;0;0;0;0;0;454786,215700000000000;5421551,189500000300000;8,382515108000064;48,945231566000075
152387;08170710222810980640;08;2;22;000;2017;07;16;2;3;1;7;1;1;0;0;0;0;1;462438,841699999990000;5489608,680800000200000;8,480639525000072;49,557911064000052
152389;08170710222014944790;08;2;22;000;2017;07;10;2;2;5;3;1;1;0;0;0;0;0;461924,293999999990000;5480144,207000000400000;8,474438144000033;49,472751366000068
152391;08170710221000049890;08;2;26;049;2017;07;12;2;2;0;7;1;0;0;0;1;0;0;486527,378000000030000;5463118,620000000100000;8,814610110000047;49,320651576000046
152394;08170710136100935460;08;1;36;088;2017;07;19;2;3;0;1;1;0;0;0;0;0;0;578679,863999999940000;5409307,018000000200000;10,072107999000025;48,831753138000067
152395;08170710136100022130;08;1;36;088;2017;07;14;2;3;6;4;0;1;1;0;0;0;0;580022,066899999980000;5410035,054100000300000;10,090535834000036;48,838129756000058
152402;08170710311010984440;08;3;11;000;2017;07;14;2;3;1;5;1;1;0;0;0;0;1;413354,640200000020000;5316512,864400000300000;7,838544690000049;47,996041286000036
152403;08170710311010984430;08;3;11;000;2017;07;10;2;2;0;2;1;1;0;0;0;0;0;414631,932800000010000;5316885,773199999700000;7,855588664000038;47,999567571000057
152404;08170710121200038440;08;1;21;000;2017;07;15;2;3;6;7;0;1;1;0;0;0;0;516205,826699999980000;5443971,048999999600000;9,222225863000062;49,148349255000028
152406;08170710117010966020;08;1;17;024;2017;07;17;2;3;0;3;1;1;0;0;0;0;0;561102,174000000000000;5385817,095700000400000;9,829139734000023;48,622437559000048
152408;08170710116010927160;08;1;16;077;2017;07;18;2;3;6;4;0;1;1;0;0;0;0;518170,121099999990000;5388354,015300000100000;9,246687078000036;48,647980570000072
152409;08170710115100015140;08;1;15;002;2017;07;14;2;3;0;1;1;0;0;0;0;0;0;499591,646000000010000;5386718,626000000200000;8,994457558000022;48,633532334000051
152410;08170710111500972770;08;1;11;000;2017;07;18;2;3;5;3;1;1;0;0;0;0;0;513628,003600000000000;5409424,211500000200000;9,185718359000020;48,837643037000078
152412;08170710111500961790;08;1;11;000;2017;07;10;2;3;5;3;1;1;0;0;0;0;0;512801,988000000010000;5408753,878999999700000;9,174440784000069;48,831630420000067
152413;08170709436500980740;08;4;36;064;2017;07;12;1;2;0;1;1;0;0;0;0;0;1;546198,212100000000000;5291461,027999999900000;9,616639248000070;47,774856323000051
152414;08170709435100969920;08;4;35;057;2017;07;15;1;2;0;1;1;1;0;0;0;0;0;547930,657899999990000;5283106,394299999800000;9,638841767000031;47,699562790000073
152415;08170709415400985030;08;4;15;061;2017;07;12;1;3;3;6;1;1;0;0;0;0;0;510171,669700000030000;5369216,541600000100000;9,137628495000058;48,475995919000070
152417;08170709336100966450;08;3;36;050;2017;07;10;1;3;3;5;1;1;0;0;0;0;1;400440,855900000020000;5274991,202100000300000;7,675019604000056;47,620670852000046
152418;08170709335100971200;08;3;35;043;2017;07;17;1;3;3;2;1;1;0;0;0;0;1;513330,049200000010000;5278770,182400000300000;9,177541837000035;47,662187842000037
152419;08170709335100971180;08;3;35;043;2017;07;23;1;3;0;1;1;0;0;0;0;2;1;512294,902000000000000;5279559,753999999700000;9,163777078000067;47,669312658000081
152420;08170709335100952360;08;3;35;043;2017;07;04;1;3;9;7;1;0;0;0;0;2;0;512948,041700000000000;5278651,148600000000000;9,172450408000032;47,661124574000041
152422;08170709317200988940;08;3;17;057;2017;07;15;1;3;1;5;1;1;0;0;0;0;0;413641,742099999970000;5379261,943300000400000;7,829568587000040;48,560501232000036
152423;08170709316100007510;08;3;16;012;2017;07;19;1;2;6;4;0;1;1;0;0;0;0;400065,078600000010000;5331025,820899999700000;7,657057829000053;48,124640860000056
152424;08170709299200045000;08;2;12;000;2017;07;13;1;2;5;3;1;0;0;0;0;0;0;455244,080800000000000;5428125,967600000100000;8,388044299000057;49,004405937000058
152426;08170709222014944780;08;2;22;000;2017;07;11;1;2;3;6;1;1;0;0;1;0;0;466268,821000000000000;5477440,977000000000000;8,534634075000042;49,448693815000070
152428;08170709215102959650;08;2;15;105;2017;07;01;1;3;1;5;1;1;0;0;0;2;0;457285,482399999980000;5442609,234600000100000;8,414426129000049;49,134828134000031
152431;08170709117010966000;08;1;17;024;2017;07;20;1;2;5;3;1;1;0;0;0;1;0;561971,280299999980000;5386005,661799999900000;9,840960134000056;48,624048254000058
152433;08170709116010927150;08;1;16;036;2017;07;17;1;3;5;3;1;1;0;0;0;0;1;524520,231499999990000;5378354,181099999700000;9,332307519000040;48,557804289000046
152434;08170709115300964370;08;1;15;028;2017;07;08;1;3;5;3;1;1;0;0;0;0;1;500713,730199999990000;5407315,710400000200000;9,009722858000032;48,818824376000066
152437;08170709111320969700;08;1;11;000;2017;07;15;1;3;2;6;1;1;0;0;0;0;0;516199,244599999980000;5408145,120900000400000;9,220707667000056;48,826074807000055
152438;08170709111240928340;08;1;11;000;2017;07;13;1;2;0;1;1;0;0;0;0;0;0;515533,415199999990000;5403572,554300000000000;9,211463080000044;48,784957648000045
152439;08170708436500941180;08;4;35;029;2017;07;07;7;2;5;3;1;1;0;0;0;0;0;545060,934000000010000;5270721,756000000100000;9,599319099000070;47,588341614000058
152440;08170708436200042510;08;4;36;064;2017;07;12;7;3;1;5;1;1;0;0;0;0;0;545878,808800000000000;5292893,580000000100000;9,612527592000049;47,787767841000061
152441;08170708426010952690;08;4;21;000;2017;07;20;7;3;6;4;0;1;1;0;0;1;0;571095,228400000020000;5359626,732699999600000;9,960263137000027;48,385796019000054
152442;08170708337200994620;08;3;37;126;2017;07;05;7;2;0;7;1;0;0;0;0;0;0;438098,248700000000000;5274084,648400000300000;8,176240531000076;47,617208298000037
152444;08170708335200035590;08;3;35;025;2017;07;12;7;3;0;7;1;0;0;0;0;0;0;499990,198900000020000;5281936,076799999900000;8,999869389000025;47,690810962000057
152445;08170708335100002090;08;3;35;043;2017;07;19;7;3;1;5;1;1;0;0;0;0;1;511339,902300000020000;5280662,901700000300000;9,151084480000066;47,679255868000041
152446;08170708317600930220;08;3;17;039;2017;07;20;7;2;8;7;1;0;0;0;0;1;0;441586,233000000010000;5344809,382000000200000;8,213056029000029;48,253803674000039
152448;08170708311010977400;08;3;11;000;2017;07;14;7;3;6;7;0;1;1;0;0;0;0;415373,280000000030000;5315545,479700000000000;7,865789127000028;47,987609622000036
152452;08170708222700965730;08;2;22;000;2017;07;17;7;2;6;4;0;1;1;0;0;0;0;461529,390300000030000;5481150,259300000000000;8,468889656000044;49,481775392000031
152454;08170708221400982940;08;2;26;018;2017;07;07;7;3;5;3;1;1;0;0;0;0;0;473291,630699999980000;5471938,047399999600000;8,631891054000050;49,399545512000032
152455;08170708216100998180;08;2;16;043;2017;07;02;7;2;3;7;1;0;0;0;0;2;0;438038,510499999970000;5415153,430999999900000;8,154785630000049;48,886234153000032
152457;08170708212702013470;08;2;15;047;2017;07;09;7;2;6;7;0;1;1;0;0;0;0;460521,743100000020000;5412139,206700000000000;8,461751328000048;48,860960004000049
152458;08170708212502981690;08;2;12;000;2017;07;11;7;3;2;2;1;1;0;0;0;0;0;453126,710700000000000;5429129,238500000000000;8,358979131000069;49,013273225000034
152460;08170708136200978840;08;1;36;019;2017;07;01;7;3;6;7;0;1;1;0;0;2;0;583112,684000000010000;5422593,815600000300000;10,135201028000040;48,950677428000063
152462;08170708117200971840;08;1;17;028;2017;07;07;7;3;0;1;1;0;0;0;0;0;0;547205,471999999950000;5382670,554999999700000;9,640221470000029;48,595335481000063
152463;08170708116400966350;08;1;16;033;2017;07;23;7;3;0;5;1;0;0;0;0;2;0;533445,023900000030000;5388704,046000000100000;9,454090186000030;48,650498612000035
152464;08170708115400031000;08;1;15;029;2017;07;02;7;3;2;6;1;0;0;0;1;2;0;498015,433000000020000;5398499,918999999800000;8,973007603000042;48,739515093000080
152465;08170708111500036200;08;1;11;000;2017;07;14;7;2;5;3;1;1;0;0;0;0;0;510371,957999999980000;5402076,821999999700000;9,141160482000032;48,771609628000078
152467;08170708111230976850;08;1;11;000;2017;07;15;7;3;7;7;1;0;0;0;0;0;0;510224,696000000000000;5397642,531000000400000;9,139046163000046;48,731721275000041
152469;08170707435200960300;08;4;35;059;2017;07;10;6;3;5;2;1;1;0;0;0;0;0;512726,923300000020000;5289926,698099999700000;9,169834728000069;47,762581865000072
152470;08170707435100986310;08;4;35;016;2017;07;12;6;3;5;3;1;1;0;0;0;0;0;536891,020299999970000;5278069,118900000100000;9,491281208000032;47,654965410000045
152472;08170707421312950370;08;4;25;039;2017;07;07;6;3;5;3;1;1;0;0;0;0;0;567003,712999999990000;5350755,766900000200000;9,903595768000059;48,306445007000036
152475;08170707416200021470;08;4;16;041;2017;07;12;6;2;0;7;1;0;0;0;0;0;0;504030,968600000020000;5374422,139499999600000;9,054591637000044;48,522896910000043
152476;08170707416010008340;08;4;15;061;2017;07;08;6;2;5;3;1;0;0;0;0;0;0;514315,535500000000000;5371173,967600000100000;9,193764145000046;48,493524955000055
152477;08170707335010049400;08;4;36;082;2017;07;13;6;2;1;5;1;1;0;0;0;0;0;546956,444699999990000;5295285,359400000400000;9,627173150000033;47,809208922000039
152478;08170707327100028750;08;3;27;057;2017;07;18;6;3;6;7;0;1;1;0;0;0;0;489441,395699999990000;5309044,109799999700000;8,858633705000045;47,934628001000078
152479;08170707326100988330;08;3;26;012;2017;07;09;6;3;5;3;1;0;0;0;1;0;0;463952,326500000020000;5310824,595499999800000;8,517226429000061;47,949719885000036
152480;08170707317310041680;08;3;17;114;2017;07;14;6;3;5;2;1;1;0;0;0;0;0;405595,299300000010000;5346756,049800000200000;7,727856056000064;48,266973253000060
152481;08170707317310041670;08;3;17;073;2017;07;10;6;3;2;6;1;0;0;0;0;0;0;410364,538000000000000;5348257,477000000000000;7,791789968000046;48,281171161000032
152482;08170707317200023950;08;3;17;057;2017;07;14;6;3;0;1;1;0;0;0;0;0;0;412547,064300000030000;5382869,996399999600000;7,813976519000050;48,592801576000056
152483;08170707317100964750;08;3;17;056;2017;07;07;6;3;5;2;1;1;0;0;0;0;0;434997,917200000030000;5382280,848700000000000;8,118499723000070;48,590235310000025
152485;08170707311010983280;08;3;11;000;2017;07;20;6;3;4;6;1;0;0;0;0;0;0;412184,143400000000000;5317381,882500000300000;7,822680068000068;48,003698656000040
152486;08170707299200104040;08;2;12;000;2017;07;14;6;3;5;3;1;0;1;0;0;0;0;456839,309200000020000;5428488,455000000100000;8,409816375000048;49,007780175000050
152487;08170707299200045890;08;2;12;000;2017;07;09;6;3;5;2;1;1;0;0;0;0;0;461319,902799999980000;5427759,697700000400000;8,471150992000048;49,001521943000057
152488;08170707299200045880;08;2;12;000;2017;07;13;6;3;5;3;1;1;0;0;0;0;0;457493,277200000010000;5428460,669800000300000;8,418761223000047;49,007575634000034
152492;08170707226700001140;08;2;26;060;2017;07;16;6;3;5;3;1;1;0;0;0;0;0;476824,247500000000000;5463859,564799999800000;8,681048947000022;49,327025058000061
152500;08170707212702013410;08;2;15;017;2017;07;15;6;2;4;2;1;1;0;0;0;0;0;456910,769600000000000;5421179,517300000400000;8,411567820000073;48,942039956000031
152502;08170707211100943360;08;2;16;049;2017;07;19;6;3;2;2;1;1;0;0;0;0;0;439345,441899999980000;5402744,711699999900000;8,174447321000059;48,774747688000048
152503;08170707136300938740;08;1;36;042;2017;07;22;6;2;0;1;1;0;0;0;0;2;0;549926,506300000010000;5405371,986300000000000;9,679867164000029;48,799334225000052
152504;08170707135010024220;08;1;35;020;2017;07;06;6;3;8;1;1;0;0;0;0;0;0;586661,702599999960000;5386076,556099999700000;10,175964794000038;48,621752458000060
152506;08170707127202043480;08;1;27;014;2017;07;07;6;3;0;3;1;0;0;0;1;0;0;576772,794499999960000;5444024,941999999800000;10,052684587000044;49,144249183000056
152510;08170707119500940780;08;1;19;085;2017;07;12;6;3;5;3;1;1;0;0;0;0;0;530976,133999999960000;5414855,671400000300000;9,422539757000038;48,885878998000067
152512;08170707117400939560;08;1;17;060;2017;07;12;6;3;6;4;1;0;1;0;0;0;0;542239,002300000050000;5388394,764899999800000;9,573450759000025;48,647183860000041
152513;08170707117300979010;08;1;17;030;2017;07;18;6;3;0;7;0;0;1;0;1;0;0;547290,946400000020000;5389842,590900000200000;9,642198774000065;48,659846053000081
152515;08170707116100005760;08;1;16;019;2017;07;16;6;2;0;7;1;0;0;0;0;0;0;522162,370500000020000;5398110,764200000100000;9,301410673000021;48,735623218000057
152516;08170707116010970150;08;1;16;077;2017;07;10;6;3;6;4;0;1;1;0;0;0;0;515914,969800000020000;5391706,753600000400000;9,216199170000039;48,678203576000044
152517;08170707116010970140;08;1;16;015;2017;07;17;6;2;4;2;1;1;0;0;0;0;0;524019,168999999990000;5393023,519000000300000;9,326366795000070;48,689789944000040
152520;08170707111500993540;08;1;11;000;2017;07;17;6;2;6;6;1;0;1;0;0;0;0;512845,497099999980000;5402269,213700000200000;9,174830765000024;48,773294223000050
152523;08170707111240928320;08;1;11;000;2017;07;02;6;3;0;1;1;0;0;0;0;2;0;518587,483899999990000;5402910,020399999800000;9,253009087000066;48,778913803000080
152524;08170706435200960280;08;4;35;059;2017;07;15;5;2;0;1;1;0;0;0;0;0;0;512374,619599999980000;5290171,995299999600000;9,165140408000070;47,764795792000029
152525;08170706435100004170;08;4;35;016;2017;07;16;5;3;5;2;1;1;0;0;0;0;0;533937,772800000040000;5278682,815299999900000;9,452001503000076;47,660648770000080
152528;08170706416200021440;08;4;16;041;2017;07;13;5;2;0;1;1;0;0;0;0;0;0;504353,196999999990000;5374451,403699999700000;9,058955898000022;48,523158029000058
152529;08170706416010008290;08;4;16;041;2017;07;18;5;3;6;7;1;0;1;0;0;0;0;503669,449000000020000;5374675,732800000300000;9,049697790000039;48,525180544000079
152531;08170706335100932710;08;3;35;043;2017;07;15;5;3;0;7;1;0;0;0;0;0;0;515931,447300000000000;5279314,266900000200000;9,212209261000055;47,667024482000045
152532;08170706335010049380;08;4;36;064;2017;07;12;5;2;0;7;1;0;0;0;0;0;0;545095,364900000040000;5286369,178999999500000;9,601391581000030;47,729122681000035
152535;08170706325010047670;08;3;26;068;2017;07;18;5;2;0;1;1;0;0;0;0;0;0;448415,225299999990000;5321450,708200000200000;8,307879495000066;48,044255000000078
152539;08170706311010983270;08;3;15;064;2017;07;17;5;2;6;7;0;1;1;0;0;0;0;421846,606499999990000;5312819,986700000200000;7,953028178000068;47,963915683000039
152541;08170706311010934970;08;3;11;000;2017;07;22;5;3;0;1;1;0;0;0;0;2;0;409856,008800000010000;5314845,507399999500000;7,792007257000023;47,980559369000048
152542;08170706311010019300;08;3;15;047;2017;07;16;5;3;0;1;1;0;0;0;0;0;0;415535,149299999990000;5321616,311599999700000;7,866762017000042;48,042240603000039
152543;08170706311010019280;08;3;15;073;2017;07;14;5;3;1;6;1;1;0;0;0;0;0;412678,829700000000000;5313913,979600000200000;7,830016087000047;47,972571509000034
152544;08170706299200045870;08;2;12;000;2017;07;08;5;2;6;4;0;1;1;0;0;0;0;455110,672599999990000;5430587,540900000400000;8,385948001000031;49,026538286000061
152545;08170706299200045860;08;2;12;000;2017;07;07;5;3;5;3;1;1;0;0;0;0;0;458961,993399999980000;5428362,001799999700000;8,438853459000029;49,006787514000052
152547;08170706235200931740;08;2;35;046;2017;07;14;5;3;1;5;1;1;0;0;0;0;1;480213,867000000030000;5377598,696999999700000;8,731885881000039;48,551175082000043
152548;08170706235100039440;08;2;35;085;2017;07;06;5;2;7;7;1;0;0;0;1;0;0;483010,924999999990000;5393252,292000000400000;8,769146077000073;48,692078990000027
152549;08170706235010995690;08;2;36;074;2017;07;06;5;3;0;1;1;0;0;0;0;0;0;473292,572099999990000;5419427,371799999800000;8,635388469000077;48,927202753000074
152552;08170706226700041130;08;2;26;098;2017;07;09;5;3;6;7;0;1;1;0;0;0;0;477973,867499999990000;5460245,083900000000000;8,697069514000077;49,294555365000065
152555;08170706225200965440;08;2;25;001;2017;07;19;5;3;3;6;1;1;0;0;0;0;0;527788,538700000030000;5472146,237900000100000;9,383010635000062;49,401369787000078
152556;08170706222700975910;08;2;22;000;2017;07;08;5;3;1;5;1;1;0;0;0;0;0;462199,459399999990000;5481035,629999999900000;8,478150920000076;49,480786461000037
152558;08170706221200967140;08;2;21;000;2017;07;07;5;3;4;2;1;1;0;0;0;0;0;475653,448099999980000;5472594,406899999800000;8,664402029000030;49,405548405000047
152559;08170706221000050050;08;2;21;000;2017;07;16;5;3;1;5;1;1;0;0;0;0;0;477316,046299999990000;5474042,320299999800000;8,687236523000024;49,418636393000043
152561;08170706215302011410;08;2;15;007;2017;07;07;5;3;0;7;1;0;0;0;1;1;0;477746,761100000000000;5431540,295900000300000;8,695533346000048;49,036340977000066
152562;08170706215102959560;08;2;15;102;2017;07;15;5;3;0;7;1;1;0;0;0;0;0;455825,151799999990000;5436864,514999999700000;8,395036181000023;49,083051442000055
152563;08170706212702013370;08;2;15;017;2017;07;17;5;3;5;3;1;1;0;0;0;0;0;456753,960100000030000;5421292,026700000300000;8,409414586000025;48,943041061000031
152564;08170706212702013340;08;2;15;108;2017;07;17;5;3;5;3;1;1;0;0;0;0;0;447913,657000000010000;5423276,776999999800000;8,288442895000060;48,960212621000039
152566;08170706212302949120;08;2;12;000;2017;07;00;5;3;5;3;1;1;0;0;0;2;0;455116,910099999980000;5430630,165699999800000;8,386028603000057;49,026922152000054
152567;08170706212302949100;08;2;12;000;2017;07;11;5;3;4;6;1;0;0;0;1;0;0;455613,431800000020000;5428455,386699999700000;8,393058191000023;49,007395768000038
152570;08170706136300938640;08;1;36;007;2017;07;17;5;3;5;3;1;1;0;0;0;0;0;572584,615299999950000;5400722,977900000300000;9,987549659000024;48,755285544000060
152571;08170706136010945740;08;1;36;088;2017;07;10;5;2;6;2;0;0;1;1;0;0;0;580324,805500000020000;5409841,113900000200000;10,094622740000034;48,836346317000050
152572;08170706135200982810;08;1;35;019;2017;07;16;5;3;5;3;1;1;0;0;0;0;0;586153,598200000010000;5392043,727099999800000;10,170312979000073;48,675493115000052
152573;08170706135100014840;08;1;35;016;2017;07;08;5;3;3;2;1;1;0;0;0;0;0;591070,343299999950000;5386880,099399999700000;10,235950615000036;48,628353320000031
152575;08170706121500972020;08;1;25;005;2017;07;08;5;3;6;4;0;0;1;0;1;0;0;515497,924699999970000;5452862,353699999900000;9,212861507000071;49,228347121000070
152577;08170706119500940770;08;1;19;085;2017;07;13;5;3;8;1;1;0;0;0;0;0;0;530359,873099999970000;5413579,365199999900000;9,414038911000034;48,874428393000073
152579;08170706119010043900;08;1;19;008;2017;07;14;5;3;6;4;0;1;1;0;0;0;0;531245,270000000020000;5421228,740000000200000;9,426698863000070;48,943194433000031
152580;08170706118010956250;08;1;15;003;2017;07;06;5;2;5;3;1;1;0;0;0;0;0;500788,352000000010000;5391269,798999999600000;9,010708686000044;48,674475047000044
152581;08170706116500970760;08;1;16;020;2017;07;19;5;3;6;4;0;1;1;0;0;0;0;526513,687400000050000;5382181,722900000400000;9,359567148000053;48,592156122000063
152583;08170706116100029280;08;1;16;019;2017;07;06;5;3;5;3;1;1;0;0;0;0;0;525251,013400000050000;5396653,128499999600000;9,343326536000063;48,722392975000048
152585;08170706116010970110;08;1;16;049;2017;07;15;5;2;6;4;1;0;1;0;0;0;0;524783,381199999950000;5386117,801900000300000;9,336337000000071;48,627636254000038
152587;08170706115200981140;08;1;15;021;2017;07;12;5;3;6;4;0;1;1;0;0;0;1;490380,456000000010000;5382418,963000000500000;8,869537252000043;48,594777846000056
152588;08170706115200981120;08;1;15;021;2017;07;13;5;3;6;4;0;1;1;0;0;0;0;490143,826999999990000;5382376,735000000300000;8,866329039000050;48,594394273000034
152589;08170706115100136280;08;1;15;003;2017;07;22;5;3;5;7;1;1;0;0;0;2;0;501189,357900000000000;5392526,733599999900000;9,016159421000054;48,685781944000041
152590;08170706115100015130;08;1;15;048;2017;07;08;5;2;0;7;1;0;0;0;0;0;0;511171,597300000020000;5386212,395200000100000;9,151614163000033;48,628878528000030
152593;08170706111230988050;08;1;11;000;2017;07;07;5;3;1;5;1;1;0;0;0;0;0;508547,127400000000000;5397734,637400000400000;9,116234786000064;48,732575135000047
152594;08170705435100043700;08;4;35;016;2017;07;16;4;3;5;3;1;1;0;0;0;0;0;537460,019600000000000;5278742,632500000300000;9,498916059000067;47,660992576000069
152595;08170705426200969240;08;4;26;070;2017;07;06;4;3;5;3;1;1;0;0;0;0;0;565028,130899999990000;5341217,523099999900000;9,875490211000056;48,220847860000049
152596;08170705426100946960;08;4;26;021;2017;07;07;4;3;0;1;1;0;0;0;0;0;0;558893,321400000020000;5326738,292299999900000;9,790899785000022;48,091190766000068