OBJECTID;UIDENTSTLA;ULAND;UREGBEZ;UKREIS;UGEMEINDE;UJAHR;UMONAT;USTUNDE;UWOCHENTAG;UKATEGORIE;UART;UTYP1;IstRad;IstPKW;IstFuss;IstKrad;IstSonstig;LICHT;STRZUSTAND;LINREFX;LINREFY;XGCSWGS84;YGCSWGS84
152601;08170705416200989140;08;4;16;041;2017;07;10;4;3;0;7;1;0;0;0;0;0;0;506224,695599999980000;5374652,303700000000000;9,084304815000053;48,524949627000069
152602;08170705416010987350;08;4;16;025;2017;07;14;4;3;6;4;0;1;1;0;0;0;0;504286,697400000000000;5361462,536000000300000;9,057922169000051;48,406304764000026
152603;08170705415400996540;08;4;15;061;2017;07;14;4;2;5;3;1;1;0;0;0;0;0;515173,443000000030000;5370077,764999999700000;9,205336232000036;48,483642988000042
152604;08170705415100017560;08;4;15;014;2017;07;21;4;3;0;1;1;0;0;0;0;1;0;527052,006999999980000;5375027,128999999700000;9,366402310000069;48,527769493000051
152605;08170705415100017550;08;4;15;014;2017;07;06;4;3;3;6;1;1;0;0;0;0;0;525313,582500000020000;5375215,496299999800000;9,342868345000056;48,529536611000026
152606;08170705336200937460;08;3;36;069;2017;07;19;4;2;5;3;1;1;0;0;0;0;0;408571,330499999980000;5268002,211299999600000;7,784654177000050;47,558997865000038
152607;08170705335300977660;08;3;35;075;2017;07;09;4;3;5;3;1;1;0;0;0;0;0;489509,471000000020000;5288897,711400000400000;8,860033620000024;47,753363794000052
152608;08170705335200035550;08;3;35;063;2017;07;13;4;3;5;3;1;1;0;0;0;0;0;497388,383199999980000;5287457,990100000100000;8,965163969000059;47,740489836000052
152609;08170705335100002080;08;3;35;043;2017;07;12;4;3;0;1;1;0;0;0;0;0;0;512406,180799999970000;5280553,519799999900000;9,165287620000072;47,678252103000034
152610;08170705325010047640;08;3;25;069;2017;07;13;4;3;5;3;1;1;0;0;0;0;0;469919,075799999990000;5334864,339300000100000;8,595443806000048;48,166310477000081
152612;08170705311400939080;08;3;15;006;2017;07;13;4;3;1;5;1;0;0;1;0;0;0;402712,334099999980000;5308003,049800000200000;7,697848943000054;47,917965366000033
152614;08170705311010946380;08;3;11;000;2017;07;08;4;3;5;3;1;0;0;0;1;0;0;414152,152999999990000;5316393,515999999800000;7,849256743000069;47,995075284000052
152615;08170705311010946370;08;3;11;000;2017;07;08;4;3;5;3;1;1;0;0;0;0;0;414775,474300000000000;5317753,041000000200000;7,857340223000051;48,007388136000031
152616;08170705311010934960;08;3;11;000;2017;07;16;4;2;4;6;1;0;0;0;0;0;0;411737,330200000030000;5321115,364199999700000;7,815922199000056;48,037220650000052
152618;08170705299200045820;08;2;12;000;2017;07;17;4;3;6;4;0;0;1;0;1;0;0;452229,837500000020000;5427392,949900000400000;8,346918946000073;48,997586483000077
152619;08170705299200045810;08;2;12;000;2017;07;07;4;3;5;3;1;0;0;0;1;0;0;455040,007500000010000;5429891,589100000400000;8,385058554000068;49,020273009000050
152620;08170705299200044800;08;2;15;009;2017;07;23;4;2;5;3;1;1;0;0;0;2;0;468813,865200000000000;5440888,771700000400000;8,572596451000038;49,120045641000047
152623;08170705226713968060;08;2;26;076;2017;07;12;4;2;3;6;1;0;0;0;0;0;0;475003,231199999980000;5465417,881799999600000;8,655890382000052;49,340970138000046
152624;08170705226400962940;08;2;26;084;2017;07;17;4;3;6;4;0;1;1;0;0;0;0;469012,514199999980000;5470067,495699999900000;8,573061439000071;49,382517560000053
152625;08170705226400014040;08;2;26;062;2017;07;09;4;2;0;7;1;1;0;0;0;0;0;470259,001899999970000;5468612,663599999600000;8,590343567000048;49,369493782000063
152633;08170714416200986710;08;4;16;041;2017;07;02;6;3;0;7;1;0;0;0;0;2;0;505727,045900000030000;5375387,540500000100000;9,077574953000067;48,531568811000056
152634;08170714416010008500;08;4;16;041;2017;07;12;6;3;5;3;1;1;0;0;0;0;0;506363,330399999980000;5374841,464499999800000;9,086185315000023;48,526649993000035
152635;08170714335200035640;08;3;35;063;2017;07;10;6;3;0;1;1;0;0;0;0;0;0;496960,716200000020000;5288056,737400000000000;8,959455191000075;47,745875245000036
152638;08170714317200988980;08;3;17;057;2017;07;12;6;3;6;7;0;1;1;0;0;0;0;412275,297199999970000;5380707,722900000400000;7,810748094000076;48,573315361000027
152639;08170714317200034940;08;3;17;057;2017;07;12;6;3;3;6;1;0;0;0;0;0;0;414263,447500000010000;5379584,646999999900000;7,837926381000045;48,563489112000070
152640;08170714317000048900;08;3;17;041;2017;07;16;6;3;6;4;0;1;1;0;0;0;0;437598,187299999990000;5348154,232099999700000;8,158841651000046;48,283513046000053
152641;08170714316100007540;08;3;16;011;2017;07;20;6;3;0;3;1;1;0;0;0;0;0;414637,080399999980000;5330140,057500000100000;7,853012056000068;48,118794432000072
152643;08170714311010977470;08;3;11;000;2017;07;07;6;3;0;1;1;0;0;0;0;0;0;412611,379000000020000;5315677,621000000300000;7,828753694000056;47,988426849000064
152644;08170714311010946490;08;3;11;000;2017;07;11;6;3;5;3;1;1;0;0;0;0;0;413861,640799999990000;5316236,414500000000000;7,845394936000048;47,993623026000080
152645;08170714311010946470;08;3;11;000;2017;07;12;6;3;0;7;1;0;0;0;0;0;0;413822,195799999990000;5315882,347699999800000;7,844937410000057;47,990432750000082
152649;08170714237200963230;08;2;37;040;2017;07;11;6;3;0;1;1;0;0;0;0;0;1;477889,944800000000000;5364879,938400000300000;8,701069135000068;48,436675833000038
152650;08170714435117931570;08;4;35;057;2017;07;16;6;3;0;1;1;0;0;0;0;0;0;544076,262800000030000;5280747,807300000500000;9,587233271000059;47,678616602000034
152652;08170714435114009000;08;4;35;030;2017;07;12;6;3;0;1;1;0;0;0;0;0;1;540494,420999999970000;5272033,653900000300000;9,538707654000064;47,600446562000059
152653;08170714426010006830;08;4;26;021;2017;07;15;6;2;6;7;0;1;1;0;0;0;0;558526,905999999960000;5327269,250000000000000;9,786052343000051;48,096001123000065
152655;08170714235010995880;08;2;31;000;2017;07;15;6;2;4;7;1;0;0;0;0;0;0;480913,742399999990000;5416962,758600000300000;8,739547115000050;48,905313918000047
152657;08170714226600009940;08;2;26;040;2017;07;17;6;3;5;3;1;1;0;0;0;0;0;475001,047499999990000;5495598,266800000300000;8,653952922000030;49,612433770000052
152660;08170714222014033610;08;2;22;000;2017;07;11;6;3;6;4;0;1;1;0;0;0;0;460991,883299999990000;5481910,945500000400000;8,461394335000023;49,488583045000041
152661;08170714221400001610;08;2;21;000;2017;07;20;6;3;4;6;1;1;0;0;0;0;0;477481,334700000010000;5469703,206899999600000;8,689761421000071;49,379612819000045
152662;08170714221200982590;08;2;21;000;2017;07;16;6;2;5;3;1;1;0;0;0;0;0;477022,103599999970000;5472453,722900000400000;8,683275691000063;49,404336190000038
152668;08170714212502981900;08;2;12;000;2017;07;17;6;3;5;3;1;1;0;0;0;0;0;453504,210100000030000;5428929,667299999900000;8,364164194000068;49,011506637000082
152669;08170714212412927340;08;2;12;000;2017;07;12;6;2;3;6;1;0;0;0;0;0;0;455789,163000000000000;5426401,139999999700000;8,395684587000062;48,988930191000065
152670;08170714212010046900;08;2;12;000;2017;07;07;6;3;5;2;1;1;0;0;0;0;0;454981,851000000020000;5426563,766699999600000;8,384632130000057;48,990334711000060
152671;08170714135010024260;08;1;35;019;2017;07;16;6;3;6;4;0;1;1;0;0;0;0;584080,094000000040000;5392027,144600000200000;10,142148977000033;48,675626639000029
152673;08170714119400953590;08;1;19;091;2017;07;06;6;3;5;3;1;1;0;0;0;0;0;528461,757800000020000;5405856,558000000200000;9,387617190000071;48,805046675000028
152674;08170714119300991060;08;1;19;084;2017;07;09;6;3;1;3;1;1;0;0;0;0;0;546196,688399999980000;5413261,343500000400000;9,629969452000069;48,870589976000076
152675;08170714119300948580;08;1;19;055;2017;07;14;6;3;5;3;1;0;0;0;0;0;0;543491,252400000000000;5404629,004499999800000;9,592162583000061;48,793134302000055
152676;08170714119200032940;08;1;19;020;2017;07;15;6;3;6;4;0;1;1;0;0;0;0;519855,526799999990000;5406757,373200000300000;9,270455223000056;48,813484776000053
152678;08170714118600939440;08;1;18;050;2017;07;22;6;2;0;7;1;0;0;0;0;2;0;507252,982299999970000;5416851,785199999800000;9,098973372000046;48,904567257000053
152680;08170714117100044350;08;1;17;037;2017;07;00;6;2;0;1;1;0;0;0;0;2;0;554731,812999999970000;5397684,524000000200000;9,744274657000062;48,729779270000051
152684;08170714116200016480;08;1;16;080;2017;07;12;6;3;0;7;1;0;0;0;0;0;0;522167,597000000010000;5396486,895999999700000;9,301394439000035;48,721014846000060
152686;08170714111500961830;08;1;11;000;2017;07;12;6;3;5;2;1;1;0;0;0;0;0;510920,469900000030000;5397415,652700000400000;9,148501986000042;48,729668470000036
152689;08170714111500013010;08;1;11;000;2017;07;18;6;3;5;2;1;1;0;0;0;0;0;512630,353899999990000;5401034,166799999800000;9,171864702000050;48,762188219000052
152691;08170714111230976870;08;1;11;000;2017;07;07;6;2;0;1;1;0;0;0;0;0;0;512734,487700000000000;5399600,826899999800000;9,173237332000042;48,749291831000050
152692;08170713436400927530;08;4;36;082;2017;07;14;5;3;5;3;1;1;0;0;0;0;0;548412,322000000040000;5295030,948900000200000;9,646588885000028;47,806812131000072
152693;08170713435010049200;08;4;37;076;2017;07;17;5;3;5;3;1;0;0;0;0;0;0;524540,531399999980000;5321923,792700000100000;9,329300679000028;48,050124179000079
152695;08170713416200938210;08;4;16;041;2017;07;16;5;3;3;6;1;1;0;0;0;0;0;504029,944900000000000;5374442,223799999800000;9,054577967000057;48,523077602000058
152697;08170713416010008460;08;4;16;041;2017;07;09;5;3;6;4;0;1;1;0;0;0;0;504136,747600000000000;5372332,556400000100000;9,056003486000066;48,504097547000072
152699;08170713336300953020;08;3;36;081;2017;07;17;5;3;3;6;1;0;0;0;1;0;0;410822,919600000020000;5277806,960199999600000;7,812582906000046;47,647513423000078
152700;08170713335110149440;08;3;35;066;2017;07;17;5;3;5;2;1;0;0;0;0;0;0;505863,601499999990000;5281578,861899999900000;9,078134703000046;47,687570255000026
152701;08170713335100262590;08;3;35;043;2017;07;13;5;3;5;2;1;1;0;1;0;0;0;513446,978300000020000;5279838,434000000400000;9,179132082000024;47,671797195000067
152704;08170713316100007520;08;3;16;037;2017;07;19;5;2;0;3;1;1;0;0;0;0;0;407168,821100000000000;5333891,975999999800000;7,751869908000060;48,151497157000051
152706;08170713311300021170;08;3;11;000;2017;07;08;5;3;3;6;1;1;0;0;0;0;0;412912,185200000010000;5314457,730800000000000;7,833031837000021;47,977494549000028
152708;08170713311010984540;08;3;11;000;2017;07;17;5;3;5;2;1;1;0;0;0;0;0;414923,833500000010000;5316833,331100000100000;7,859511366000049;47,999134747000028
152709;08170713311010977460;08;3;11;000;2017;07;09;5;3;4;1;1;0;0;0;0;0;0;413278,246500000010000;5317664,196800000000000;7,837288141000045;48,006387545000052
152710;08170713311010019530;08;3;11;000;2017;07;07;5;2;5;2;1;0;0;0;1;0;0;412607,932800000010000;5315559,844600000400000;7,828731489000063;47,987366941000062
152711;08170713311010019520;08;3;15;047;2017;07;09;5;2;0;1;1;0;0;0;0;0;0;415414,663999999990000;5321332,684999999600000;7,865201874000036;48,039673327000060
152712;08170713299200045980;08;2;12;000;2017;07;07;5;3;3;6;1;0;0;0;0;0;0;455550,031299999970000;5426540,967000000200000;8,392400807000058;48,990170786000078
152713;08170713299200045970;08;2;12;000;2017;07;10;5;3;1;5;1;1;0;0;0;0;0;456424,009499999990000;5427343,419900000100000;8,404260714000031;48,997451255000044
152714;08170713226600009930;08;2;26;096;2017;07;16;5;3;0;3;1;1;0;0;0;0;0;474860,700200000020000;5487538,007700000000000;8,652525315000048;49,539929551000057
152715;08170713226500997750;08;2;26;085;2017;07;12;5;2;4;3;1;1;0;0;0;0;0;491549,264000000020000;5455501,426000000000000;8,883874556000023;49,252223965000042
152717;08170713226400973500;08;2;26;037;2017;07;08;5;3;0;1;1;0;0;0;0;0;0;466627,255000000000000;5468752,133999999600000;8,540309309000065;49,370560201000046
152719;08170713222600969070;08;2;22;000;2017;07;00;5;3;6;4;1;0;1;0;0;2;0;462866,440500000030000;5482759,894299999800000;8,487196452000035;49,496336513000074
152720;08170713222600022440;08;2;22;000;2017;07;15;5;3;1;3;1;1;0;0;0;0;0;461269,608300000020000;5483219,112900000100000;8,465100642000039;49,500367082000025
152721;08170713222500009440;08;2;22;000;2017;07;15;5;3;5;3;1;1;0;0;0;0;0;462209,580599999990000;5478755,365100000100000;8,478508414000032;49,460277233000056
152722;08170713221300035040;08;2;21;000;2017;07;15;5;3;5;7;1;1;0;0;0;0;0;475390,613200000020000;5473991,553000000300000;8,660692515000051;49,418104902000039
152724;08170713221000050470;08;2;26;013;2017;07;17;5;2;6;3;0;1;1;0;0;0;0;498833,533100000000000;5479165,242999999800000;8,983901699000057;49,465138538000076
152727;08170713215502930440;08;2;15;111;2017;07;19;5;2;5;3;1;1;0;0;0;0;0;457905,563100000030000;5448423,951100000200000;8,422318330000053;49,187173766000058
152730;08170713215402968380;08;2;15;009;2017;07;17;5;2;2;6;1;0;0;0;0;0;0;469426,244499999970000;5440795,058699999900000;8,580995925000025;49,119233439000027
152733;08170713212502981850;08;2;12;000;2017;07;17;5;3;2;6;1;1;0;0;0;0;0;453278,473899999980000;5428914,618300000200000;8,361079156000074;49,011354219000054
152734;08170713212302949180;08;2;12;000;2017;07;08;5;3;1;5;1;0;0;0;1;0;0;455488,191100000000000;5428340,923000000400000;8,391358301000025;49,006357136000076
152735;08170713212202949550;08;2;12;000;2017;07;18;5;2;5;3;1;1;0;0;0;0;0;457895,647300000010000;5428014,214499999800000;8,424309254000036;49,003587284000048
152736;08170713211010993260;08;2;16;049;2017;07;14;5;2;2;6;1;0;0;0;0;0;0;437695,189399999970000;5402259,140200000300000;8,152062278000074;48,770216913000070
152737;08170713199200030480;08;1;15;001;2017;07;20;5;2;0;7;1;0;0;0;0;1;0;492069,938800000000000;5390601,645300000000000;8,892293848000065;48,668414395000070
152738;08170713135200959190;08;1;35;019;2017;07;08;5;3;2;2;1;1;0;0;0;0;0;584754,351000000020000;5391926,944799999700000;10,151285665000046;48,674634248000075
152740;08170713121200955940;08;1;21;000;2017;07;16;5;2;5;3;1;1;0;0;0;0;0;516064,839299999990000;5442274,527599999700000;9,220224929000040;49,133092190000070
152742;08170713119300975520;08;1;19;067;2017;07;07;5;3;6;4;0;1;1;0;0;0;0;538739,593200000000000;5405335,570399999600000;9,527535237000052;48,799804464000033
152744;08170713118400954800;08;1;18;048;2017;07;13;5;3;3;6;1;1;0;0;0;0;0;517562,455399999980000;5415044,543600000400000;9,239576658000033;48,888103318000049
152745;08170713118300982720;08;1;18;003;2017;07;09;5;2;0;3;1;1;0;0;0;0;0;510437,722100000010000;5416954,424800000200000;9,142434474000027;48,905445092000036
152746;08170713118300982700;08;1;18;051;2017;07;05;5;3;5;3;1;1;0;0;0;0;0;510556,599300000000000;5415256,715400000100000;9,144012803000067;48,890170911000041
152747;08170713118300958180;08;1;18;081;2017;07;16;5;3;6;4;0;1;1;0;0;0;0;519131,553000000010000;5413222,841000000000000;9,260895895000033;48,871669352000026
152748;08170713118100038240;08;1;18;007;2017;07;20;5;3;4;1;1;1;0;0;0;0;0;510337,757800000020000;5427324,219999999700000;9,141333601000042;48,998729965000052
152749;08170713117010966040;08;1;17;024;2017;07;16;5;3;6;4;0;1;1;0;0;0;0;560828,525600000050000;5386311,095599999700000;9,825499275000027;48,626907893000066
152751;08170713115400031080;08;1;15;045;2017;07;11;5;3;0;1;1;0;0;0;0;0;0;500246,118900000000000;5395079,993999999900000;9,003345460000048;48,708752392000065
152752;08170713115300978190;08;1;15;028;2017;07;08;5;3;8;1;1;0;0;0;0;0;0;500733,087000000000000;5404865,245900000400000;9,009982171000047;48,796780176000027
152754;08170713111500993630;08;1;11;000;2017;07;11;5;3;5;7;1;1;0;0;0;0;0;506140,821000000000000;5406986,451000000400000;9,083648948000075;48,815832451000063
152755;08170713111500993600;08;1;11;000;2017;07;08;5;3;6;6;1;0;1;0;0;0;0;517054,064000000010000;5399052,014999999700000;9,231976788000054;48,744251437000059
152756;08170713111500963670;08;1;11;000;2017;07;16;5;2;6;4;0;1;1;0;0;0;0;511738,233000000010000;5404175,983000000000000;9,159815109000022;48,790469248000079
152758;08170713111500036240;08;1;11;000;2017;07;15;5;3;5;3;1;1;0;0;0;0;0;516537,728500000030000;5403087,535000000100000;9,225115609000056;48,780568574000029
152761;08170713111250983880;08;1;11;000;2017;07;15;5;2;0;1;1;0;0;0;0;0;0;516159,510799999990000;5400379,400999999600000;9,219860874000062;48,756216376000054
152762;08170713111110023340;08;1;11;000;2017;07;16;5;3;1;5;1;1;0;0;0;0;0;512016,339199999990000;5401189,559100000200000;9,163514209000027;48,763598278000075
152763;08170712436300954650;08;4;36;081;2017;07;07;4;3;0;1;1;0;0;0;0;0;1;562860,427200000030000;5282115,729899999700000;9,837670460000027;47,689369792000036
152765;08170712426300988870;08;4;26;014;2017;07;09;4;3;6;7;0;1;1;0;0;0;0;548773,060700000030000;5317008,329599999800000;9,653892250000070;48,004509922000068
152766;08170712426300944420;08;4;26;097;2017;07;12;4;3;3;2;1;0;0;0;1;0;0;535278,787299999970000;5334047,138399999600000;9,474391783000044;48,158691151000028
152768;08170712416010008420;08;4;16;041;2017;07;16;4;3;5;3;1;1;0;0;0;0;1;499161,322400000000000;5371459,458200000200000;8,988647694000065;48,496255869000038
152770;08170712336101932960;08;3;36;050;2017;07;07;4;3;5;2;1;0;0;0;1;0;0;399922,189599999980000;5274335,499200000400000;7,668268672000068;47,614692649000062
152771;08170712335200035610;08;3;35;063;2017;07;15;4;3;6;2;0;0;1;0;1;0;0;497305,523200000000000;5287164,730600000400000;8,964060526000026;47,737850864000052
152772;08170712335112040100;08;3;35;043;2017;07;13;4;3;1;5;1;0;0;0;1;0;0;511209,004900000000000;5281369,590900000200000;9,149358654000025;47,685616698000047
152773;08170712335100952400;08;3;35;043;2017;07;17;4;3;1;6;1;1;0;0;0;0;0;513803,245100000000000;5280171,359500000300000;9,183888540000055;47,674785236000048
152774;08170712335010049450;08;4;36;064;2017;07;07;4;3;5;3;1;1;0;0;0;0;1;540152,548500000030000;5288437,635200000400000;9,535668223000073;47,748059496000053
152775;08170712327200940670;08;3;27;046;2017;07;07;4;3;3;7;1;1;0;0;0;0;0;480069,373499999990000;5323972,614199999700000;8,732461730000068;48,068718053000055
152776;08170712327100957410;08;3;27;050;2017;07;08;4;3;5;3;1;1;0;0;0;0;0;486077,834199999980000;5313919,836699999900000;8,813442258000066;47,978431669000031
152780;08170712311010983410;08;3;11;000;2017;07;18;4;2;5;3;1;0;0;0;1;0;0;413621,871600000010000;5315573,811099999600000;7,842315062000068;47,987630323000076
152781;08170712311010026370;08;3;36;050;2017;07;13;4;3;3;6;1;1;0;0;0;0;0;398858,806600000010000;5272844,491399999700000;7,654466367000055;47,601115434000064
152782;08170712311010026360;08;3;36;105;2017;07;11;4;3;6;4;0;1;1;0;0;0;0;401526,160199999980000;5266634,215099999700000;7,691334652000023;47,545661551000080
152783;08170712311010019450;08;3;11;000;2017;07;12;4;3;6;7;0;0;1;0;1;0;0;412979,805700000030000;5316892,447399999900000;7,833444242000041;47,999404851000065
152784;08170712311010019440;08;3;11;000;2017;07;17;4;3;3;6;1;1;0;0;0;0;0;413716,313199999980000;5316263,685499999700000;7,843441882000036;47,993848744000047
152785;08170712235010031970;08;2;31;000;2017;07;18;4;3;6;4;0;1;1;0;0;0;1;475804,896599999980000;5415027,141499999900000;8,669947055000023;48,887723311000059
152788;08170712226600971740;08;2;26;096;2017;07;13;4;3;0;4;0;0;1;1;0;0;1;476225,845199999980000;5488687,130900000200000;8,671324645000027;49,550320593000038
152793;08170712221000050110;08;2;21;000;2017;07;19;4;3;6;4;1;0;1;0;0;0;0;476515,326000000000000;5473873,263100000100000;8,676206480000076;49,417085367000027
152794;08170712212702013630;08;2;15;017;2017;07;11;4;3;0;1;1;0;0;0;0;0;0;456087,112199999970000;5421127,069899999500000;8,400326137000036;48,941510255000026
152795;08170712212702013620;08;2;15;096;2017;07;22;4;3;5;3;1;1;0;0;0;1;0;463267,573600000000000;5418027,733799999600000;8,498657308000077;48,914098624000076
152798;08170712127202946250;08;1;27;014;2017;07;12;4;3;0;1;1;0;0;0;0;0;0;578749,057000000030000;5443388,065999999600000;10,079653051000037;49,138271046000057
152800;08170712121300015540;08;1;21;000;2017;07;17;4;3;0;7;1;0;0;0;0;0;1;515733,592500000030000;5445094,608199999700000;9,215794195000058;49,158468301000028
152802;08170712119400929560;08;1;19;091;2017;07;07;4;2;0;1;1;0;0;0;0;0;0;528596,337100000000000;5406991,716799999600000;9,389529057000061;48,815252052000062
152805;08170712118100038220;08;1;18;079;2017;07;17;4;3;5;3;1;1;0;0;0;0;1;510197,595600000000000;5422514,130500000000000;9,139296747000060;48,955462531000080
152806;08170712118100038200;08;1;18;079;2017;07;14;4;3;0;7;1;0;0;0;0;0;1;509163,434100000010000;5423331,251500000200000;9,125188777000062;48,962829266000028
152809;08170712115400031050;08;1;15;045;2017;07;17;4;3;5;3;1;1;0;0;0;0;1;500645,078600000010000;5393559,663700000400000;9,008766087000026;48,695075088000067
152810;08170712115400031040;08;1;15;045;2017;07;13;4;3;2;6;1;1;0;0;0;0;0;500365,618499999980000;5395289,517500000100000;9,004969986000049;48,710637222000059
152811;08170712115300985450;08;1;15;028;2017;07;10;4;3;6;4;0;1;1;0;0;0;0;501102,786700000000000;5404765,498900000000000;9,015015966000021;48,795882313000050
152814;08170712111500012990;08;1;11;000;2017;07;15;4;3;5;2;1;0;0;0;1;0;0;515295,672299999980000;5406742,203599999700000;9,208344662000059;48,813477299000056
152815;08170711436500040190;08;4;35;016;2017;07;10;3;3;4;2;1;0;0;0;1;0;0;534014,273399999950000;5278344,308299999700000;9,452994000000047;47,657599054000059
152816;08170711435100004220;08;4;35;016;2017;07;16;3;3;5;3;1;0;0;1;0;0;0;536684,712000000060000;5279154,979799999900000;9,488625037000077;47,664747061000071
152817;08170711421100036490;08;4;25;033;2017;07;14;3;3;5;3;1;1;0;0;0;0;0;554216,160500000000000;5348309,884200000200000;9,730848137000066;48,285667382000042
152818;08170711416010008410;08;4;15;061;2017;07;09;3;3;6;4;1;0;1;0;0;0;0;512756,106299999980000;5371686,694799999700000;9,172672673000022;48,498171232000061
152819;08170711415100970630;08;4;15;050;2017;07;10;3;3;0;1;1;0;0;0;0;0;0;521835,462999999990000;5375887,655600000200000;9,295793709000066;48,535714175000066
152822;08170711335300943140;08;3;35;075;2017;07;11;3;3;0;7;1;0;0;0;0;0;0;488432,824900000010000;5289899,793999999800000;8,845642215000055;47,762361651000049
152828;08170711317100996190;08;3;17;001;2017;07;11;3;3;5;3;1;1;0;0;0;0;0;431582,926099999980000;5386397,689799999800000;8,071516146000022;48,626902706000067
152829;08170711317000048730;08;3;17;096;2017;07;08;3;2;5;3;1;1;0;0;0;0;0;423337,333900000030000;5369030,786100000100000;7,962831364000067;48,469733728000051
152830;08170711316200981440;08;3;16;056;2017;07;18;3;3;5;3;1;1;0;0;1;0;0;421030,595800000010000;5326647,234000000200000;7,939549847000023;48,088200009000047
152831;08170711311200043590;08;3;11;000;2017;07;20;3;3;5;1;1;1;0;0;0;0;0;411048,428100000020000;5322207,617999999800000;7,806455410000069;48,046950044000027
152836;08170711299200045020;08;2;12;000;2017;07;20;3;2;6;7;0;1;1;0;0;0;1;455601,785500000000000;5431047,212100000100000;8,392615328000034;49,030708610000033
152838;08170711235112044660;08;2;35;008;2017;07;14;3;3;0;1;1;0;0;0;0;0;0;480286,221000000020000;5403539,975999999800000;8,731629971000075;48,784546122000052
152840;08170711226500036630;08;2;26;085;2017;07;13;3;3;5;7;0;1;1;0;0;0;0;490627,144399999990000;5455076,403500000000000;8,871213265000051;49,248387371000035
152841;08170711226400962970;08;2;26;084;2017;07;17;3;3;5;3;1;1;0;0;0;0;0;469258,187900000020000;5469680,445100000100000;8,576476098000057;49,379048577000049
152843;08170711222014051140;08;2;26;009;2017;07;15;3;3;1;3;1;1;0;0;0;0;0;466254,672900000010000;5471734,925400000100000;8,534924224000065;49,397369051000055
152844;08170711221200967180;08;2;21;000;2017;07;21;3;3;6;7;1;0;1;0;0;2;1;478133,749000000010000;5473145,865100000100000;8,698560122000060;49,410602863000065
152845;08170711215102959740;08;2;12;000;2017;07;07;3;3;0;6;1;1;0;0;0;0;0;454050,215700000000000;5432897,584699999500000;8,371180781000021;49,047239068000067
152846;08170711215102959700;08;2;15;102;2017;07;19;3;2;4;6;1;1;0;0;0;0;0;456598,923499999980000;5437887,874099999700000;8,405522308000059;49,092311600000073
152849;08170711136210018600;08;1;36;010;2017;07;15;3;3;0;1;1;0;0;0;0;0;0;599167,285700000010000;5412537,649899999600000;10,351983019000045;48,857873672000039
152851;08170711121500011920;08;1;25;065;2017;07;16;3;3;5;3;1;1;0;0;0;0;0;517217,889199999980000;5447707,020999999700000;9,236263698000073;49,181927831000053
152853;08170711121200038460;08;1;21;000;2017;07;13;3;3;6;4;0;1;1;0;0;0;0;515599,255300000020000;5442491,424399999900000;9,213850908000040;49,135055248000072
152858;08170711118200037020;08;1;18;011;2017;07;12;3;2;6;2;0;1;1;0;0;0;0;505218,551199999990000;5408408,802400000400000;9,071104095000067;48,828636197000037
152859;08170711118100034350;08;1;18;079;2017;07;14;3;3;0;3;1;1;0;0;0;0;0;510747,119699999980000;5421054,683600000100000;9,146764581000070;48,942324524000071
152860;08170711117300979050;08;1;17;026;2017;07;06;3;3;5;3;1;1;0;0;0;0;1;550630,044800000030000;5393126,590099999700000;9,687941667000075;48,689125490000038
152861;08170711116010927190;08;1;16;076;2017;07;16;3;2;6;7;0;1;1;0;0;0;0;528640,932099999980000;5402778,450899999600000;9,389842705000035;48,777348607000079
152863;08170711111500134180;08;1;11;000;2017;07;14;3;3;6;4;0;1;1;0;0;0;0;515269,508199999980000;5403663,890800000200000;9,207873819000042;48,785785836000059
152864;08170711111500012970;08;1;11;000;2017;07;18;3;3;6;4;0;1;1;0;0;0;0;516731,429699999980000;5405690,307699999800000;9,227858297000068;48,803977602000032
152865;08170711111340961200;08;1;11;000;2017;07;09;3;3;1;5;1;1;0;0;0;0;1;508753,104100000000000;5406735,408900000200000;9,119227485000067;48,813542792000078
152867;08170710437211021630;08;4;37;078;2017;07;07;2;3;0;1;1;0;0;0;0;0;1;507456,383099999980000;5318639,537800000000000;9,099998143000050;48,021003682000071
152870;08170710426300972940;08;4;26;097;2017;07;16;2;3;0;1;1;0;0;0;0;0;0;535661,862199999970000;5333264,641400000100000;9,479477186000054;48,151629942000056
152872;08170710426010006800;08;4;21;000;2017;07;17;2;3;5;3;0;1;1;0;0;0;0;571123,038300000010000;5360198,194699999900000;9,960735464000038;48,390933362000055
152874;08170710421300033420;08;4;25;141;2017;07;17;2;3;5;3;1;1;0;0;0;0;0;567989,879800000000000;5362754,927899999500000;9,918832473000066;48,414277790000028
152875;08170710417312967370;08;4;17;025;2017;07;08;2;3;4;6;1;1;0;0;0;0;0;485766,405099999970000;5359041,320000000300000;8,807757216000027;48,384376105000058
152876;08170710416200950490;08;4;16;022;2017;07;17;2;3;5;3;1;0;0;0;0;0;0;511852,122900000020000;5375073,632299999700000;9,160532206000028;48,528658994000068