OBJECTID;UIDENTSTLA;ULAND;UREGBEZ;UKREIS;UGEMEINDE;UJAHR;UMONAT;USTUNDE;UWOCHENTAG;UKATEGORIE;UART;UTYP1;IstRad;IstPKW;IstFuss;IstKrad;IstSonstig;LICHT;STRZUSTAND;LINREFX;LINREFY;XGCSWGS84;YGCSWGS84
152877;08170710416200938180;08;4;16;041;2017;07;04;2;3;0;7;1;0;0;0;0;2;0;500205,822600000010000;5372123,831799999800000;9,002786334000064;48,502233367000031
152878;08170710415400985050;08;4;15;061;2017;07;07;2;3;8;1;1;0;0;0;0;0;1;515644,033899999980000;5371154,523799999600000;9,211744833000068;48,493318359000057
152881;08170710335112040080;08;3;35;043;2017;07;09;2;3;5;3;1;1;0;0;0;0;1;511243,934799999990000;5281028,577399999800000;9,149815304000072;47,682547770000042
152882;08170710335100150640;08;3;35;043;2017;07;11;2;3;0;7;1;1;0;0;0;0;0;513024,898800000020000;5279330,328300000200000;9,173494283000025;47,667234069000074
152883;08170710326400020210;08;3;26;074;2017;07;08;2;3;0;7;1;0;0;0;0;0;0;459741,608300000020000;5323146,496500000400000;8,459679673000039;48,060326438000061
152885;08170710325202932210;08;3;25;069;2017;07;17;2;3;5;3;1;1;0;0;0;0;1;469614,760899999990000;5334992,763500000400000;8,591342026000064;48,167451394000068
152886;08170710317600148560;08;3;17;039;2017;07;11;2;3;6;4;0;1;1;0;0;0;0;441432,644700000000000;5344255,735299999800000;8,211063728000056;48,248808924000059
152887;08170710317500994210;08;3;17;096;2017;07;07;2;3;5;3;1;1;0;0;0;0;0;424030,446600000020000;5370241,501400000400000;7,971986890000039;48,480708214000060
152889;08170710317500931130;08;3;17;096;2017;07;18;2;3;0;1;1;0;0;0;0;0;0;421818,693600000000000;5367901,486100000300000;7,942500368000026;48,459388797000031
152890;08170710317200988950;08;3;17;057;2017;07;13;2;3;5;3;1;1;0;0;0;0;0;412547,622800000010000;5380481,038599999600000;7,814486761000069;48,571314548000032
152895;08170720111370039320;08;1;11;000;2017;07;11;5;2;6;4;0;1;1;0;0;0;1;512099,994400000030000;5406590,953800000300000;9,164811604000022;48,812187128000062
152897;08170720111230988100;08;1;11;000;2017;07;17;5;2;0;1;1;0;0;0;0;0;1;509189,719800000020000;5399090,311300000200000;9,125003795000055;48,744761638000057
152903;08170719435200038840;08;4;35;066;2017;07;20;4;3;0;7;1;0;0;0;0;1;1;519575,294999999980000;5287359,415000000000000;9,261106608000034;47,739311162000035
152904;08170719435117931610;08;4;35;057;2017;07;13;4;3;0;1;1;0;0;0;0;0;0;544476,834200000040000;5279930,961000000100000;9,592486635000057;47,671239822000075
152909;08170719416100950960;08;4;16;048;2017;07;14;4;3;0;7;1;0;0;0;0;0;0;496033,881899999980000;5376233,660500000200000;8,946269397000037;48,539194397000074
152910;08170719416010008660;08;4;16;041;2017;07;17;4;3;4;7;1;1;0;0;0;0;0;504273,584600000000000;5374146,990600000100000;9,057874577000064;48,520419966000077
152911;08170719416010008650;08;4;16;041;2017;07;14;4;2;5;3;1;1;0;0;0;0;0;506186,578600000010000;5375126,456100000100000;9,083795611000028;48,529215644000033
152913;08170719337100024960;08;3;37;096;2017;07;17;4;3;6;7;0;1;1;0;0;0;0;420790,234000000000000;5267522,242999999800000;7,947134061000043;47,556285868000032
152914;08170719337100024950;08;3;37;096;2017;07;12;4;3;6;6;1;0;1;0;0;0;0;420466,251800000030000;5267060,531600000300000;7,942911951000042;47,552092539000057
152916;08170719335010049740;08;3;35;075;2017;07;14;4;2;0;2;1;1;0;0;0;0;0;488779,772000000000000;5289717,206000000200000;8,850276736000069;47,760724943000071
152918;08170719317500951550;08;3;17;096;2017;07;07;4;3;5;7;1;1;0;0;0;0;0;423421,353799999980000;5374122,419200000400000;7,963034310000069;48,515542893000031
152919;08170719317300018330;08;3;17;065;2017;07;08;4;3;1;5;1;0;0;0;0;0;0;417337,216599999990000;5354685,928600000200000;7,884496786000057;48,339943970000036
152920;08170719311010984720;08;3;11;000;2017;07;10;4;2;5;7;1;1;0;0;0;0;0;413066,239500000030000;5315390,215400000100000;7,834906953000029;47,985903529000041
152924;08170719311010946610;08;3;11;000;2017;07;17;4;3;5;3;1;0;0;0;1;0;0;412674,259000000020000;5315380,964800000200000;7,829656613000054;47,985766918000081
152926;08170719299200045360;08;2;12;000;2017;07;19;4;3;0;7;1;0;0;0;0;0;0;458295,042800000000000;5428557,492600000500000;8,429714080000053;49,008501274000025
152927;08170719299200045350;08;2;12;000;2017;07;16;4;2;5;2;1;0;0;0;1;0;0;457794,744699999980000;5429095,734299999700000;8,422817252000073;49,013308822000056
152928;08170719235010995970;08;2;31;000;2017;07;07;4;2;8;7;1;0;0;0;0;0;0;477946,733000000010000;5415880,330500000200000;8,699118020000071;48,895478233000063
152931;08170719222400994490;08;2;26;038;2017;07;17;4;3;5;2;1;1;0;0;0;0;1;471471,608400000030000;5479570,881400000300000;8,606257959000061;49,468118176000075
152933;08170719215502930540;08;2;15;106;2017;07;07;4;3;0;1;1;0;0;0;0;0;0;464755,692700000010000;5453514,264200000100000;8,515875118000054;49,233392904000027
152935;08170719215102959880;08;2;15;102;2017;07;19;4;3;4;2;1;1;0;0;0;0;0;456779,246400000000000;5438865,485899999700000;8,407887516000073;49,101117895000073
152936;08170719212702013740;08;2;15;017;2017;07;06;4;3;5;3;1;1;0;0;0;0;0;454864,614000000000000;5421831,498999999800000;8,383554670000024;48,947758726000075
152937;08170719212502982140;08;2;12;000;2017;07;18;4;3;5;3;1;1;0;0;0;0;0;453791,913799999980000;5428224,372200000100000;8,368178606000072;49,005184080000049
152939;08170719211010993360;08;2;11;000;2017;07;11;4;2;5;2;1;1;0;0;0;0;0;443707,421399999990000;5401802,612099999600000;8,233940212000050;48,766683289000071
152940;08170719136010945850;08;1;36;079;2017;07;14;4;2;0;1;1;0;0;0;0;0;0;560051,850300000050000;5401416,182500000100000;9,817156322000074;48,762855948000038
152941;08170719128010000750;08;1;28;115;2017;07;06;4;2;5;2;1;1;0;0;0;0;0;548650,242199999980000;5497559,770800000100000;9,673664313000074;49,628634056000067
152945;08170719118400030820;08;1;18;048;2017;07;15;4;3;6;4;0;1;1;0;0;0;0;514227,361299999990000;5414816,650799999900000;9,194073643000024;48,886138796000068
152946;08170719118300945150;08;1;18;081;2017;07;17;4;3;6;4;0;1;1;0;0;0;0;518483,685000000000000;5412301,208399999900000;9,252019409000070;48,863398238000059
152947;08170719118010956310;08;1;18;048;2017;07;16;4;3;6;4;1;0;1;0;0;0;0;513376,252199999990000;5415052,575400000400000;9,182471556000053;48,888280068000029
152948;08170719117300967860;08;1;17;026;2017;07;11;4;3;6;7;0;0;1;0;1;0;0;548053,392100000060000;5394570,845499999800000;9,653101569000057;48,702321033000032
152949;08170719115200929290;08;1;15;015;2017;07;22;4;3;1;7;1;1;0;0;0;2;1;492342,048599999980000;5387070,933899999600000;8,896054950000064;48,636654994000025
152950;08170719115100979780;08;1;15;003;2017;07;07;4;3;5;3;1;1;0;0;0;0;0;499628,489000000000000;5392681,941499999700000;8,994952261000037;48,687179233000052
152951;08170719111500961860;08;1;11;000;2017;07;17;4;3;6;7;0;1;1;0;0;0;0;519509,041199999980000;5401487,254900000100000;9,265485511000065;48,766086562000055
152953;08170719111210023210;08;1;11;000;2017;07;13;4;3;6;7;1;0;0;0;1;0;0;510557,721499999990000;5397744,595800000200000;9,143577594000021;48,732633897000028
152954;08170719111130932460;08;1;11;000;2017;07;06;4;3;0;7;1;0;0;0;0;1;0;511290,367800000010000;5402050,597400000300000;9,153659109000046;48,771357726000076
152955;08170718436310028830;08;4;36;049;2017;07;07;3;3;5;3;1;1;0;0;0;0;0;577994,050000000050000;5282783,282200000200000;10,039427701000022;47,693725930000028
152956;08170718435200960400;08;4;35;005;2017;07;05;3;3;4;2;1;1;0;0;0;1;0;525424,750200000010000;5286829,870400000400000;9,339097839000033;47,734342584000046
152958;08170718426100925560;08;4;26;021;2017;07;08;3;3;0;1;1;1;0;0;0;0;0;559819,937000000030000;5329118,684299999800000;9,803676128000063;48,112518794000039
152961;08170718417200937190;08;4;17;002;2017;07;07;3;3;0;1;1;0;0;0;0;0;0;488853,682199999980000;5347439,998700000300000;8,849761568000076;48,280065384000068
152963;08170718416010259120;08;4;15;061;2017;07;16;3;2;5;3;1;1;0;0;0;0;0;516074,886000000000000;5373271,993499999900000;9,217657998000050;48,512356943000043
152966;08170718415400034730;08;4;15;061;2017;07;08;3;3;5;2;1;1;0;0;0;0;0;516280,639000000020000;5370805,253999999700000;9,220347718000028;48,490160033000052
152967;08170718415400034700;08;4;15;061;2017;07;06;3;3;0;1;1;0;0;0;0;0;0;516104,262899999970000;5371244,706100000100000;9,217977547000032;48,494118042000025
152970;08170718335010049730;08;3;35;043;2017;07;11;3;3;6;4;0;0;1;0;1;0;0;514002,374100000020000;5279952,710199999600000;9,186534336000022;47,672813623000081
152973;08170718317100944340;08;3;17;001;2017;07;20;3;3;0;7;1;0;0;0;0;0;0;431613,778100000000000;5385899,118499999900000;8,072017008000046;48,622421420000080
152974;08170718316200955270;08;3;16;056;2017;07;18;3;3;4;2;1;1;0;0;0;0;0;422875,387200000000000;5327196,454699999700000;7,964219386000025;48,093366488000072
152976;08170718311010977540;08;3;11;000;2017;07;19;3;3;1;7;1;1;0;0;0;0;0;413308,441200000000000;5317085,576999999600000;7,837809825000022;48,001186766000046
152977;08170718311010977510;08;3;11;000;2017;07;11;3;3;5;3;1;1;0;0;0;0;0;418737,175700000020000;5314350,747100000300000;7,911091256000077;47,977298583000049
152979;08170718299200046070;08;2;12;000;2017;07;08;3;3;5;3;1;1;0;0;0;0;0;456895,188000000020000;5427793,148799999600000;8,410654237000074;49,001529709000067
152980;08170718299200046060;08;2;12;000;2017;07;10;3;3;6;4;0;0;1;0;1;0;0;456213,680400000010000;5428708,592000000200000;8,401238206000073;49,009716259000072
152985;08170718226200976250;08;2;26;032;2017;07;19;3;3;4;7;1;1;0;0;0;0;0;466939,936200000000000;5462957,665400000300000;8,545096917000024;49,318457202000047
152987;08170718225100940550;08;2;25;058;2017;07;11;3;3;6;4;0;0;1;0;1;0;0;509563,771200000020000;5466346,764999999700000;9,131679803000054;49,349762721000047
152988;08170718225100027030;08;2;25;058;2017;07;13;3;3;6;4;0;0;1;0;1;0;0;509707,754200000020000;5468505,003100000300000;9,133714867000037;49,369173861000036
152989;08170718222500009480;08;2;22;000;2017;07;15;3;3;5;3;1;1;0;0;0;0;0;463210,438399999980000;5478241,798100000200000;8,492366959000037;49,455719376000047
152990;08170718222200999730;08;2;22;000;2017;07;10;3;3;6;4;0;0;1;0;1;0;0;461138,997700000010000;5481492,030299999800000;8,463466706000077;49,484824569000068
152992;08170718221300035080;08;2;26;012;2017;07;15;3;3;4;6;1;1;0;0;0;0;0;476298,456799999990000;5477921,437300000300000;8,672974454000041;49,453489427000079
152994;08170718221200018150;08;2;21;000;2017;07;08;3;3;6;4;1;0;1;0;0;0;0;477298,092599999970000;5472497,822900000000000;8,687077306000049;49,404743220000057
152995;08170718221000049910;08;2;21;000;2017;07;13;3;3;5;3;1;1;0;0;0;0;0;478005,474800000030000;5473270,471099999700000;8,696784905000072;49,411719052000080
152996;08170718216100005300;08;2;16;043;2017;07;12;3;3;5;3;1;1;0;0;0;0;0;441760,975299999990000;5411139,209499999900000;8,206129807000025;48,850487383000029
153001;08170718128100987180;08;1;28;058;2017;07;13;3;3;5;2;1;1;0;0;0;0;0;559216,454999999960000;5482603,694000000100000;9,817711838000037;49,493178053000065
153003;08170718121600003570;08;1;25;107;2017;07;09;3;3;6;7;0;1;1;0;0;0;0;537332,942400000060000;5440818,642599999900000;9,511635347000038;49,119072240000037
153004;08170718119400953610;08;1;19;079;2017;07;11;3;3;0;1;1;0;0;0;0;0;0;523088,837999999990000;5407214,298000000400000;9,314521726000066;48,817483428000060
153005;08170718118300958200;08;1;18;081;2017;07;14;3;2;6;7;1;0;1;0;0;0;0;519789,240800000030000;5413530,690000000400000;9,269879539000044;48,874418033000040
153008;08170718116400981370;08;1;16;070;2017;07;18;3;3;0;1;1;0;0;0;0;0;0;540475,936600000020000;5384763,061400000000000;9,549161319000064;48,614630523000073
153009;08170718116200016530;08;1;16;078;2017;07;18;3;3;6;4;0;1;1;0;0;0;0;510214,828700000010000;5394130,039900000200000;9,138825008000026;48,700122941000075
153010;08170718116100005810;08;1;16;019;2017;07;07;3;3;1;5;1;1;0;0;0;0;0;523049,910299999990000;5396294,485999999600000;9,313379585000064;48,719251939000060
153011;08170718115100025550;08;1;15;003;2017;07;12;3;3;5;2;1;1;0;0;0;0;0;500779,277300000020000;5391795,903300000400000;9,010586411000077;48,679207957000074
153012;08170718111500993650;08;1;11;000;2017;07;20;3;3;6;2;0;1;1;0;0;0;0;511621,251200000000000;5406238,541000000200000;9,158280786000034;48,809026003000042
153013;08170718111500963690;08;1;11;000;2017;07;18;3;2;5;2;1;1;0;0;0;0;0;514076,029299999990000;5403006,120900000400000;9,191603782000072;48,779896757000074
153014;08170718111500036300;08;1;11;000;2017;07;18;3;3;6;4;0;1;1;0;0;0;0;512924,228999999990000;5406344,722000000100000;9,176030531000038;48,809955461000072
153016;08170718111500036270;08;1;11;000;2017;07;17;3;2;5;2;1;1;0;0;0;0;0;512366,282100000010000;5401415,640599999600000;9,168282885000053;48,765625240000077
153017;08170718111370991620;08;1;11;000;2017;07;16;3;3;5;3;1;1;0;0;0;0;0;509315,590900000010000;5406979,672100000100000;9,126894738000033;48,815731977000041
153018;08170718111250983940;08;1;11;000;2017;07;18;3;3;0;1;1;0;0;0;0;0;0;514848,142100000000000;5404474,959400000100000;9,202166833000035;48,793092324000042
153020;08170718111240042220;08;1;11;000;2017;07;21;3;3;1;1;1;1;0;0;0;1;0;514689,810000000000000;5404047,950400000400000;9,199995788000024;48,789254759000073
153021;08170717437210016140;08;4;37;031;2017;07;15;2;3;0;1;1;0;0;0;0;0;0;515896,516100000010000;5343500,548299999900000;9,214116703000059;48,244521818000067
153022;08170717436500004570;08;4;35;016;2017;07;18;2;2;0;1;1;0;0;0;0;0;0;535582,808199999970000;5277746,829300000300000;9,473834017000058;47,652138908000040
153024;08170717421300009720;08;4;21;000;2017;07;16;2;2;0;1;1;0;0;0;0;0;0;571386,803300000030000;5359681,318799999500000;9,964210053000045;48,386254103000056
153031;08170717415400023800;08;4;15;061;2017;07;07;2;3;5;3;1;1;0;0;0;0;0;515079,283000000000000;5372708,277999999900000;9,204157002000045;48,507310272000041
153032;08170717335100932770;08;3;35;043;2017;07;09;2;3;5;3;1;1;0;0;0;0;0;513630,622600000000000;5279962,504999999900000;9,181582335000030;47,672909698000069
153034;08170717317114959420;08;3;17;089;2017;07;20;2;3;0;1;1;0;0;0;0;0;0;431618,910500000000000;5375101,652300000200000;8,073862369000040;48,525297627000043
153035;08170717317110941280;08;3;17;005;2017;07;09;2;3;0;7;1;0;0;0;0;0;0;423910,684899999990000;5379124,479100000100000;7,968745759000058;48,560595331000059
153036;08170717317100964800;08;3;17;056;2017;07;21;2;2;1;5;1;1;0;0;0;1;0;434557,628600000000000;5382565,459099999600000;8,112484828000049;48,592749573000049
153037;08170717316100994830;08;3;16;017;2017;07;18;2;2;6;7;0;1;1;0;0;0;0;408856,287200000020000;5341981,303200000000000;7,772816591000037;48,224503367000068
153039;08170717311010984630;08;3;11;000;2017;07;10;2;3;6;7;0;1;1;0;0;0;0;412232,923400000030000;5323708,590099999700000;7,822037418000036;48,060615576000032
153041;08170717311010983480;08;3;15;047;2017;07;19;2;3;4;2;1;1;0;0;0;0;0;415347,625000000000000;5321042,537999999700000;7,864360028000021;48,037054465000040
153043;08170717311010026420;08;3;36;091;2017;07;15;2;3;2;6;1;1;0;0;0;0;0;397533,495000000000000;5271682,375699999700000;7,637111693000065;47,590453745000048
153044;08170717311010019570;08;3;11;000;2017;07;17;2;3;0;2;1;1;0;0;0;0;0;409696,173899999990000;5314727,912700000200000;7,789890576000062;47,979479037000033
153045;08170717311010019560;08;3;11;000;2017;07;13;2;3;5;3;1;0;0;0;1;0;0;413590,555999999980000;5315705,031999999700000;7,841869032000034;47,988806472000078
153047;08170717299200046030;08;2;15;017;2017;07;16;2;3;5;3;1;1;0;0;0;0;0;454924,535600000000000;5419720,958499999700000;8,384606446000021;48,928778376000025
153049;08170717235010995910;08;2;31;000;2017;07;13;2;3;6;4;0;1;1;0;0;0;0;477116,662699999990000;5414517,137799999700000;8,687869533000026;48,883185317000027
153050;08170717235010032250;08;2;36;076;2017;07;06;2;3;4;2;1;1;0;0;0;0;0;472612,837200000010000;5423062,000599999900000;8,625864564000040;48,959868397000037
153055;08170717221000050530;08;2;21;000;2017;07;16;2;3;6;7;0;1;1;0;0;0;0;478090,863499999980000;5475410,126899999600000;8,697843904000024;49,430967977000080
153056;08170717215102959830;08;2;12;000;2017;07;07;2;3;5;3;1;1;0;0;0;0;0;454350,651300000030000;5433152,346699999600000;8,375263251000035;49,049552981000033
153057;08170717212502981980;08;2;12;000;2017;07;14;2;3;5;3;1;1;0;0;0;0;0;452697,275700000000000;5427836,687599999800000;8,353257334000034;49,001613917000043
153058;08170717212413974900;08;2;12;000;2017;07;14;2;2;5;3;1;0;0;0;0;0;0;456717,522699999970000;5427522,579400000200000;8,408254097000054;48,999083468000038
153059;08170717212412927350;08;2;12;000;2017;07;14;2;3;5;3;1;0;0;0;0;0;0;456527,135300000020000;5425178,509700000300000;8,405902061000063;48,977984831000072
153060;08170717212102966870;08;2;12;000;2017;07;08;2;3;0;1;1;0;0;0;0;0;0;460415,421700000010000;5427747,171199999700000;8,458786375000045;49,001351922000026
153061;08170717211010993320;08;2;16;043;2017;07;08;2;2;5;3;1;1;0;0;0;0;0;442433,492199999980000;5413021,042200000000000;8,215031488000022;48,867477208000025
153065;08170717127100925680;08;1;27;076;2017;07;19;2;3;0;1;1;0;0;0;0;0;0;559894,948100000040000;5443750,056300000300000;9,821248415000071;49,143654594000054
153067;08170717116400966370;08;1;16;033;2017;07;16;2;2;3;6;1;1;0;0;0;0;0;533078,599700000020000;5388395,881299999500000;9,449090710000064;48,647745901000064
153070;08170717115200017470;08;1;15;021;2017;07;17;2;3;5;3;1;1;0;0;0;0;0;489739,651300000030000;5383681,897300000300000;8,860815307000053;48,606129304000035
153071;08170717111500013020;08;1;11;000;2017;07;10;2;2;6;4;0;1;1;0;0;0;0;519801,046900000020000;5401088,592899999600000;9,269439991000070;48,762491021000073
153072;08170717111240042180;08;1;11;000;2017;07;14;2;3;2;2;1;1;0;0;0;0;0;518601,211300000020000;5402991,204800000400000;9,253199612000060;48,779643717000056
153075;08170716436400981010;08;4;36;008;2017;07;19;1;3;0;1;1;0;0;0;0;0;0;549241,212900000040000;5311278,196200000100000;9,659511346000045;47,952922174000037
153076;08170716421200006340;08;4;25;097;2017;07;18;1;3;0;7;1;0;0;0;0;0;0;586594,231799999950000;5374155,642500000100000;10,172567621000042;48,514540292000049
153077;08170716335010028290;08;3;35;097;2017;07;12;1;2;0;1;1;0;0;0;0;0;0;485387,400700000000000;5294714,236100000300000;8,804840799000033;47,805617626000071
153081;08170716311400939140;08;3;15;033;2017;07;22;1;3;0;1;1;0;0;0;0;2;0;396996,898899999970000;5305569,485999999600000;7,621953982000036;47,895183349000035
153082;08170716311400935640;08;3;15;006;2017;07;18;1;3;5;3;1;1;0;0;0;0;0;403030,375999999990000;5307037,946999999700000;7,702321760000075;47,909332439000082
153083;08170716311200043600;08;3;11;000;2017;07;06;1;3;0;1;1;0;0;0;0;0;0;413594,792399999980000;5318428,647199999500000;7,841377258000023;48,013306902000068
153084;08170716311010984600;08;3;15;064;2017;07;15;1;3;5;3;1;1;0;0;0;0;0;422490,372800000010000;5312873,657100000400000;7,961641160000056;47,964476771000079
153086;08170716311010946580;08;3;11;000;2017;07;01;1;3;6;1;0;1;1;0;0;2;0;415302,467599999970000;5317585,694600000000000;7,864437566000049;48,005952845000081
153088;08170716222014033630;08;2;26;038;2017;07;01;1;3;4;6;1;0;0;0;0;2;0;473372,215700000000000;5477726,198099999700000;8,632613161000052;49,451612100000034
153089;08170716221200990610;08;2;21;000;2017;07;17;1;3;0;1;1;0;0;0;0;0;0;476188,943700000000000;5472963,832000000400000;8,671761132000029;49,408892509000054
153090;08170716216100998260;08;2;16;002;2017;07;14;1;2;5;3;1;1;0;0;0;0;0;445062,239899999990000;5422977,420500000000000;8,249533187000054;48,957273098000030
153092;08170716121500011970;08;1;25;065;2017;07;12;1;3;0;1;1;0;0;0;0;0;0;516539,848500000020000;5450235,094700000200000;9,227063768000051;49,204687127000057
153093;08170716119200944960;08;1;19;020;2017;07;20;1;2;5;3;1;0;0;0;0;0;0;520172,262999999980000;5406146,804999999700000;9,274739474000057;48,807982018000075
153094;08170716115300985470;08;1;15;028;2017;07;14;1;3;0;7;1;0;0;0;0;0;0;499897,791000000030000;5401206,384899999900000;8,998609168000030;48,763865629000065
153095;08170716115300978220;08;1;15;028;2017;07;11;1;3;4;6;0;1;1;0;0;0;0;501003,613000000010000;5407166,194899999500000;9,013671448000025;48,817478948000030
153097;08170716111500972800;08;1;11;000;2017;07;19;1;3;1;5;1;1;0;0;0;0;0;512675,610400000010000;5401912,290699999800000;9,172507571000040;48,770086851000030
153098;08170716111140016880;08;1;11;000;2017;07;19;1;2;6;7;0;1;1;0;0;0;0;511000,535800000010000;5401827,205299999600000;9,149708607000036;48,769353295000030
153102;08170715426010952740;08;4;21;000;2017;07;11;7;2;6;4;0;1;1;0;0;0;0;571376,455300000030000;5360605,353299999600000;9,964227340000036;48,394567240000072
153104;08170715421200006330;08;4;21;000;2017;07;16;7;3;0;3;1;0;0;0;1;0;0;572553,617600000000000;5360613,988199999600000;9,980128763000039;48,394510555000068
153107;08170715416010008530;08;4;15;078;2017;07;14;7;3;5;3;1;1;0;0;0;0;0;529788,449000000020000;5371290,424200000200000;9,403197983000041;48,494029571000056
153109;08170715336100929370;08;3;36;050;2017;07;13;7;3;1;7;1;1;0;0;0;0;0;401113,300999999980000;5277019,019999999600000;7,683508298000049;47,639014871000029
153113;08170715317000048920;08;3;17;031;2017;07;15;7;2;0;1;1;0;0;0;0;0;0;418344,175300000000000;5359511,112499999800000;7,897146056000054;48,383477224000046
153114;08170715317000048910;08;3;17;114;2017;07;14;7;2;4;7;1;1;0;0;0;0;0;405837,700300000030000;5346252,962200000000000;7,731233696000061;48,262484285000028
153115;08170715316100018810;08;3;16;012;2017;07;15;7;3;5;3;1;1;0;0;0;0;0;402923,806900000030000;5333947,503100000300000;7,694797371000050;48,151362741000071
153118;08170715299600962200;08;2;26;098;2017;07;21;7;2;5;3;1;0;0;1;0;2;0;475741,434000000010000;5459868,011900000300000;8,666389753000033;49,291079037000031
153119;08170715299200045200;08;2;12;000;2017;07;14;7;3;6;4;0;1;1;0;0;0;0;455462,662499999980000;5428045,862400000000000;8,391041615000063;49,003701194000030
153120;08170715235200931910;08;2;35;046;2017;07;09;7;3;6;2;0;1;1;0;0;0;0;479993,681600000010000;5377595,616800000000000;8,728902418000075;48,551140385000053
153121;08170715226700041170;08;2;26;065;2017;07;12;7;2;5;3;1;1;0;0;0;0;0;478485,235400000010000;5457585,743900000100000;8,704245468000067;49,270652681000058
153124;08170715221400958330;08;2;21;000;2017;07;11;7;3;1;3;1;1;0;0;0;0;0;475494,424000000000000;5470524,013000000300000;8,662337740000055;49,386919161000037
153125;08170715221200938030;08;2;21;000;2017;07;10;7;3;1;5;1;1;0;0;0;0;0;477313,194699999990000;5472883,528199999600000;8,687263434000045;49,408213143000069
153126;08170715215502930480;08;2;15;106;2017;07;00;7;3;3;6;1;1;0;0;0;2;0;466666,512800000030000;5453912,695100000100000;8,542088601000046;49,237083788000064
153127;08170715212402936880;08;2;12;000;2017;07;09;7;3;5;3;1;1;0;0;0;0;1;456275,760899999990000;5425936,502799999900000;8,402385469000024;48,984785356000032
153128;08170715211010993280;08;2;16;043;2017;07;10;7;3;6;7;0;1;1;0;0;0;0;441951,051600000010000;5412132,438199999700000;8,208579700000030;48,859439271000042
153129;08170715136200938400;08;1;36;019;2017;07;18;7;2;0;1;1;0;0;0;0;0;0;584027,909300000060000;5423503,869099999800000;10,147886893000077;48,958738653000069
153133;08170715119500961360;08;1;19;089;2017;07;16;7;3;5;2;1;1;0;0;0;0;0;534774,730699999960000;5413225,332700000100000;9,474215305000030;48,871011790000068
153134;08170715119300936600;08;1;19;067;2017;07;14;7;3;4;7;1;1;0;0;0;0;0;539741,481999999960000;5406301,582999999600000;9,541271308000034;48,808431007000081
153137;08170715117400927890;08;1;17;044;2017;07;10;7;3;6;7;1;0;1;0;0;0;0;537357,505800000040000;5390988,625099999800000;9,507414969000024;48,670828567000058
153139;08170715116500039060;08;1;16;071;2017;07;10;7;3;6;7;0;1;1;0;0;0;0;530234,028399999950000;5390357,685499999700000;9,410615851000046;48,665538234000053
153142;08170715115400001900;08;1;15;029;2017;07;09;7;3;2;6;1;1;0;0;0;0;0;497242,203600000010000;5398596,921500000200000;8,962490145000061;48,740384786000050
153148;08170714435200991880;08;4;35;034;2017;07;22;6;3;6;7;0;1;1;0;0;2;0;528863,441899999980000;5284995,963600000400000;9,384838180000031;47,717697489000045
153150;08170725317500931250;08;3;17;096;2017;07;14;3;3;0;7;1;0;0;0;0;0;0;422145,012600000020000;5368665,674900000000000;7,946771242000068;48,466303097000036
153152;08170725316200986880;08;3;16;009;2017;07;13;3;3;0;1;1;0;0;0;0;0;1;416636,327400000010000;5324422,730999999700000;7,880986309000036;48,067630184000052
153154;08170725299200046230;08;2;12;000;2017;07;07;3;3;5;3;1;0;0;0;0;0;1;456890,614699999980000;5428664,651999999800000;8,410499182000024;49,009368675000076
153161;08170725222400932120;08;2;26;038;2017;07;14;3;3;0;7;1;0;0;0;0;0;1;470123,482599999990000;5481411,119500000000000;8,587512955000022;49,484605619000035
153162;08170725221300960160;08;2;21;000;2017;07;10;3;3;4;2;1;0;0;0;1;0;1;476511,742199999980000;5474190,675099999600000;8,676138282000068;49,419940292000035
153163;08170725221000050250;08;2;26;041;2017;07;13;3;2;4;6;1;1;0;0;0;0;1;475905,859500000020000;5464143,426300000400000;8,668392909000033;49,329542809000031
153164;08170725215402968650;08;2;15;021;2017;07;19;3;3;0;3;1;1;0;0;0;0;1;469478,142999999980000;5443866,318000000000000;8,581474652000054;49,146862511000052
153169;08170725212010046790;08;2;12;000;2017;07;09;3;3;5;3;1;1;0;0;0;0;0;453774,025100000030000;5428575,394000000300000;8,367894056000068;49,008340202000056
153172;08170725416200950520;08;4;16;041;2017;07;15;3;3;5;6;1;1;0;0;0;0;1;503651,675200000000000;5374703,989699999800000;9,049457315000041;48,525434857000050
153173;08170725335100952500;08;3;35;043;2017;07;19;3;3;5;3;1;1;0;0;0;0;1;509845,990899999980000;5281974,142300000400000;9,131210350000060;47,691078446000063
153180;08170725121100971660;08;1;25;026;2017;07;13;3;3;5;3;1;1;0;0;0;0;1;493595,995300000010000;5442424,752399999600000;8,912207997000053;49,134620170000062
153181;08170725119300992180;08;1;19;055;2017;07;04;3;2;0;1;1;0;0;0;0;2;1;543050,708699999960000;5405250,642599999900000;9,586229769000056;48,798756885000046
153182;08170725119300948670;08;1;19;067;2017;07;18;3;3;5;3;1;1;0;0;0;0;1;539580,850400000000000;5406271,233300000400000;9,539080711000054;48,808168247000026