OBJECTID;UIDENTSTLA;ULAND;UREGBEZ;UKREIS;UGEMEINDE;UJAHR;UMONAT;USTUNDE;UWOCHENTAG;UKATEGORIE;UART;UTYP1;IstRad;IstPKW;IstFuss;IstKrad;IstSonstig;LICHT;STRZUSTAND;LINREFX;LINREFY;XGCSWGS84;YGCSWGS84
153185;08170725116500039160;08;1;16;049;2017;07;12;3;3;5;3;1;1;0;0;0;0;1;525104,944699999990000;5385564,125099999800000;9,340667356000040;48,622642527000039
153188;08170725116010927280;08;1;16;080;2017;07;17;3;3;5;3;1;1;0;0;0;0;1;522624,450499999980000;5395147,862700000400000;9,307532376000040;48,708952577000048
153191;08170725111500969830;08;1;11;000;2017;07;18;3;3;0;1;1;0;0;0;0;1;1;506829,173000000010000;5398421,444000000100000;9,092883259000075;48,738774858000056
153192;08170725111500961930;08;1;11;000;2017;07;19;3;2;5;3;1;1;0;0;0;0;0;512194,739500000030000;5402059,818799999500000;9,165967606000038;48,771423615000060
153194;08170724435010049300;08;4;37;104;2017;07;16;2;3;8;1;1;0;0;0;0;0;0;515594,579099999970000;5325994,837600000200000;9,209407723000027;48,087032784000030
153198;08170724416200989240;08;4;16;041;2017;07;12;2;3;4;2;1;1;0;0;0;0;0;504565,945400000030000;5374809,707000000400000;9,061841098000059;48,526379942000062
153201;08170724337010010290;08;3;37;096;2017;07;14;2;3;6;4;0;0;1;0;1;0;0;420298,121800000020000;5268257,151700000300000;7,940460692000045;47,562837129000059
153202;08170724335300995150;08;3;35;075;2017;07;00;2;3;0;7;1;0;0;0;0;2;0;488821,411700000000000;5287649,758399999700000;8,850885525000024;47,742123707000076
153203;08170724335300977790;08;3;35;075;2017;07;16;2;3;5;3;1;1;0;0;0;0;1;487808,755899999990000;5290095,985799999900000;8,837308876000066;47,764115390000029
153207;08170724317110941290;08;3;17;005;2017;07;08;2;3;0;7;1;0;0;0;0;0;0;424059,933000000020000;5379674,083499999700000;7,970667891000062;48,565557037000076
153209;08170724311413925930;08;3;15;131;2017;07;07;2;3;7;7;1;0;0;0;0;0;1;406256,310600000030000;5309028,453200000300000;7,745048352000026;47,927717029000064
153211;08170724311010977610;08;3;11;000;2017;07;20;2;3;3;6;1;1;0;0;0;1;1;409652,708999999970000;5316476,740000000200000;7,788940252000032;47,995203943000035
153213;08170724311010977590;08;3;11;000;2017;07;18;2;3;0;1;1;0;0;0;0;0;1;413707,572500000010000;5315580,781499999600000;7,843462027000044;47,987704593000046
153217;08170724235118014270;08;2;35;079;2017;07;11;2;2;6;7;0;1;1;0;0;0;1;466908,118399999980000;5400042,997299999900000;8,549795547000031;48,752520433000029
153218;08170724235010996040;08;2;31;000;2017;07;10;2;2;6;4;0;1;1;0;0;0;0;475816,585599999990000;5413093,619500000000000;8,670220868000058;48,870330467000031
153219;08170724226700037280;08;2;26;098;2017;07;21;2;3;0;1;1;0;0;0;0;1;1;478569,191700000020000;5460523,778400000200000;8,705242082000041;49,297083405000080
153225;08170724212502982270;08;2;12;000;2017;07;08;2;3;5;3;1;1;0;0;0;0;1;454429,972000000010000;5428532,291299999700000;8,376867922000031;49,008001277000062
153226;08170724212202949720;08;2;12;000;2017;07;12;2;3;1;5;1;1;0;0;0;0;0;457837,592500000030000;5429635,332299999900000;8,423347127000056;49,018165508000038
153227;08170724136010945890;08;1;36;088;2017;07;19;2;3;6;7;0;1;1;0;0;0;0;580074,467100000010000;5411860,955000000100000;10,091606737000063;48,854545560000076
153228;08170724126010004930;08;1;26;069;2017;07;16;2;2;6;4;0;1;1;0;0;0;0;538857,565999999990000;5447670,059600000300000;9,533189814000025;49,180606200000057
153230;08170724118600956890;08;1;18;073;2017;07;12;2;3;5;2;1;1;0;0;0;0;0;496880,490500000010000;5419982,291199999900000;8,957407564000050;48,932763092000073
153231;08170724118600956880;08;1;18;050;2017;07;15;2;3;3;5;1;1;0;0;0;0;0;506369,261100000000000;5416842,070600000200000;9,086914077000074;48,904489585000078
153232;08170724116500965390;08;1;16;049;2017;07;23;2;3;0;1;1;0;0;0;0;2;0;525390,259500000040000;5384024,859500000300000;9,344444716000055;48,608783689000063
153237;08170723416200021560;08;4;16;041;2017;07;03;1;3;0;7;1;0;0;0;0;2;1;504812,363399999970000;5373392,002100000200000;9,065162218000069;48,513623912000071
153238;08170723335300021830;08;3;35;075;2017;07;12;1;3;0;1;1;0;0;0;0;0;0;487296,864200000010000;5288795,605299999900000;8,830515757000057;47,752405293000038
153241;08170723311010019670;08;3;11;000;2017;07;05;1;3;0;1;1;1;0;0;0;1;1;412426,206799999990000;5314982,464300000100000;7,826414197000077;47,982148361000043
153242;08170723299200045530;08;2;12;000;2017;07;22;1;3;5;7;1;0;1;0;0;2;0;455037,846100000020000;5429842,093600000300000;8,385034478000023;49,019827636000059
153243;08170723299200045520;08;2;12;000;2017;07;23;1;2;2;6;1;0;0;0;1;2;0;454603,461000000010000;5428503,559600000300000;8,379243306000035;49,007755620000069
153244;08170723235010032630;08;2;31;000;2017;07;19;1;3;5;3;1;1;0;0;0;0;0;479100,961000000010000;5416169,936999999900000;8,714850610000042;48,898123447000046
153245;08170723226400963000;08;2;26;084;2017;07;02;1;3;5;3;1;1;0;0;0;2;0;469016,404299999990000;5470751,686099999600000;8,573061713000072;49,388671888000033
153246;08170723226200976260;08;2;26;032;2017;07;20;1;3;5;3;1;1;0;0;0;0;0;467460,658200000010000;5462892,544700000400000;8,552267076000021;49,317899430000068
153247;08170723216100005310;08;2;16;043;2017;07;12;1;2;0;7;1;0;0;0;0;0;0;440535,595600000000000;5412956,342500000300000;8,189164117000075;48,866716165000071
153249;08170723212402936980;08;2;12;000;2017;07;04;1;3;6;4;0;0;1;0;1;2;1;456881,717599999970000;5427787,403500000000000;8,410470684000075;49,001477088000058
153250;08170723199200991480;08;1;18;079;2017;07;08;1;2;6;6;0;1;1;0;0;0;0;511305,382099999990000;5421325,601099999600000;9,154395802000067;48,944751657000040
153252;08170723119100974690;08;1;19;044;2017;07;01;1;3;1;1;1;1;0;0;0;2;1;541756,608000000010000;5425557,059000000400000;9,570683781000071;48,981508349000080
153255;08170723116100973870;08;1;16;004;2017;07;13;1;3;5;3;1;1;0;0;0;0;0;528413,013500000000000;5396543,604899999700000;9,386310303000073;48,721271601000069
153256;08170723115300978330;08;1;15;042;2017;07;10;1;3;1;6;1;1;0;0;0;0;0;495987,433699999990000;5406233,562400000200000;8,945349026000031;48,809076927000035
153257;08170723115300978320;08;1;15;028;2017;07;12;1;3;0;3;1;1;0;0;0;0;0;500717,367800000010000;5404870,110100000200000;9,009768137000037;48,796823952000068
153259;08170723111500036320;08;1;11;000;2017;07;16;1;3;2;6;1;1;0;0;0;0;0;511841,546500000000000;5402197,171299999600000;9,161164705000033;48,772666051000044
153261;08170722437111025330;08;4;37;076;2017;07;17;7;3;1;7;1;1;0;0;0;0;0;525472,374500000030000;5321812,543899999900000;9,341797902000053;48,049086762000059
153263;08170722435200926950;08;4;35;059;2017;07;16;7;3;0;3;1;1;0;0;0;0;0;511855,488699999990000;5290973,350399999900000;9,158234456000059;47,772015757000077
153264;08170722426300033250;08;4;26;045;2017;07;15;7;3;8;6;1;1;0;0;0;0;0;534668,916800000010000;5328199,781200000100000;9,465715235000062;48,106117896000057
153271;08170722336400014600;08;3;36;008;2017;07;10;7;3;5;3;1;1;0;0;0;0;0;395884,868399999980000;5276398,267400000200000;7,614069651000023;47,632611374000078
153272;08170722335200035770;08;3;35;063;2017;07;08;7;3;0;7;1;1;0;0;0;0;0;497363,582999999980000;5287411,531000000400000;8,964833444000021;47,740071715000056
153273;08170722335100932820;08;3;35;043;2017;07;19;7;3;0;4;0;0;1;0;1;0;0;511060,028899999980000;5281055,732200000400000;9,147365620000073;47,682795273000067
153274;08170722335010049800;08;3;35;025;2017;07;11;7;2;5;3;1;1;0;0;1;0;0;499525,588999999980000;5281733,299200000200000;8,993678123000052;47,688986261000025
153276;08170722325010047940;08;3;27;017;2017;07;09;7;2;6;7;0;1;1;0;0;0;0;478238,294300000010000;5330568,440299999900000;8,707546237000031;48,128000285000041
153277;08170722317300939020;08;3;17;065;2017;07;07;7;3;5;3;1;1;0;0;0;0;0;414049,720199999980000;5354635,296199999700000;7,840152859000057;48,339049815000067
153278;08170722317300939010;08;3;17;026;2017;07;11;7;3;6;6;0;1;1;0;0;0;0;411860,576000000000000;5345252,741999999600000;7,812577092000026;48,254354148000061
153280;08170722311010019640;08;3;11;000;2017;07;14;7;3;6;2;0;0;1;0;1;0;0;415071,060899999980000;5315662,339100000400000;7,861716340000044;47,988620760000060
153281;08170722299200045440;08;2;15;102;2017;07;18;7;3;6;4;1;0;1;0;0;0;0;455809,773999999980000;5438343,734000000200000;8,394663857000069;49,096355874000039
153282;08170722235010032540;08;2;36;073;2017;07;10;7;3;8;1;1;1;0;0;0;0;0;478509,196000000000000;5423216,417999999600000;8,706405181000037;48,961490585000035
153283;08170722226600948040;08;2;26;096;2017;07;01;7;3;0;6;1;0;0;0;0;2;1;474924,752500000000000;5488371,102699999700000;8,653357618000030;49,547425563000047
153284;08170722226600948030;08;2;26;096;2017;07;01;7;2;0;1;1;0;0;0;0;2;1;474925,385300000020000;5488359,048899999800000;8,653367133000074;49,547317170000042
153286;08170722216100040390;08;2;16;043;2017;07;12;7;3;0;1;1;0;0;0;0;0;0;441490,617800000010000;5412501,397500000000000;8,202250186000072;48,862714789000051
153288;08170722215102959950;08;2;15;105;2017;07;11;7;2;0;3;1;0;0;0;0;0;0;457050,023600000010000;5441957,682699999800000;8,411267804000033;49,128951052000048
153289;08170722215102959940;08;2;12;000;2017;07;12;7;3;1;1;1;1;0;0;0;0;0;459389,916000000030000;5431355,757000000200000;8,444404835000057;49,033745133000082
153291;08170722211100990120;08;2;11;000;2017;07;15;7;3;6;6;0;1;1;0;0;0;0;440737,620000000000000;5403713,358699999700000;8,193254268000032;48,783594897000057
153293;08170722135100014870;08;1;35;015;2017;07;03;7;2;7;1;1;0;0;0;0;2;1;581487,621200000050000;5382752,652700000400000;10,105116031000023;48,592550848000030
153294;08170722135010024340;08;4;25;036;2017;07;02;7;2;6;6;1;0;1;0;0;2;1;548298,478299999960000;5339682,848399999600000;9,650097519000042;48,208535956000048
153295;08170722119300975570;08;1;19;086;2017;07;18;7;3;6;3;0;0;1;0;1;0;0;535267,581699999980000;5405085,248200000300000;9,480235550000032;48,797759341000074
153297;08170722116500002700;08;1;16;042;2017;07;17;7;3;1;6;1;1;0;0;0;0;0;516736,832799999970000;5381437,280399999600000;9,226949089000073;48,585796638000033
153301;08170722111500977190;08;1;11;000;2017;07;21;7;3;4;7;1;1;0;0;0;2;0;515740,995700000030000;5404239,107300000300000;9,214314476000027;48,790948664000041
153302;08170722111500013100;08;1;11;000;2017;07;19;7;2;5;2;1;1;0;0;0;0;0;513112,647999999990000;5403174,574199999700000;9,178495618000056;48,781433203000063
153303;08170721435200960420;08;4;35;059;2017;07;15;6;3;8;7;1;0;0;0;0;0;0;514654,904199999990000;5288839,079599999800000;9,195525903000032;47,752755046000061
153304;08170721426010952810;08;4;26;065;2017;07;13;6;2;5;3;1;1;0;0;0;0;0;581773,545399999940000;5331161,425599999700000;10,098964320000050;48,128453157000081
153307;08170721421100036540;08;4;25;020;2017;07;14;6;3;6;4;0;1;1;0;0;0;0;558221,836099999960000;5362058,387500000200000;9,786742019000030;48,408990277000044
153310;08170721335300943180;08;3;35;100;2017;07;19;6;3;0;1;1;0;0;0;0;1;1;487808,124399999970000;5286492,794099999600000;8,837401454000030;47,731695488000071
153311;08170721335100002200;08;3;35;043;2017;07;09;6;2;1;5;1;1;0;0;0;0;0;513911,511799999980000;5279794,296000000100000;9,185318863000020;47,671390228000064
153312;08170721335010049770;08;3;35;043;2017;07;08;6;2;5;3;1;0;0;0;1;0;0;512977,692700000010000;5278934,164800000400000;9,172853723000060;47,663670469000067
153313;08170721335010049540;08;4;35;035;2017;07;11;6;2;4;6;1;0;0;0;1;0;0;541580,641500000030000;5281509,508899999800000;9,554058027000053;47,685635178000041
153315;08170721326100988360;08;3;26;012;2017;07;14;6;3;9;1;1;0;0;0;0;0;0;457187,107100000020000;5313213,336500000200000;8,426388737000025;47,970794338000076
153320;08170721317100964810;08;3;17;001;2017;07;12;6;2;0;7;1;0;0;0;0;0;0;432673,961300000020000;5386282,888600000200000;8,086339180000039;48,625988465000034
153322;08170721311200043610;08;3;11;000;2017;07;11;6;3;5;2;1;1;0;0;0;0;0;412898,615700000020000;5317308,841000000000000;7,832271538000043;48,003139385000054
153323;08170721311010984750;08;3;11;000;2017;07;10;6;3;1;5;1;1;0;0;0;0;0;415028,313100000030000;5317520,460000000000000;7,860775579000062;48,005329644000028
153325;08170721311010983540;08;3;11;000;2017;07;14;6;3;6;4;0;1;1;0;0;0;0;411030,053300000030000;5316722,251899999600000;7,807347780000043;47,997605525000040
153326;08170721311010935200;08;3;11;000;2017;07;10;6;2;0;1;1;0;0;0;0;0;0;417526,767100000000000;5314760,520200000100000;7,894796398000040;47,980829825000058
153327;08170721299200045420;08;2;12;000;2017;07;14;6;3;5;3;1;1;0;0;0;0;0;457866,251700000020000;5430384,878100000300000;8,423661227000025;49,024909726000033
153328;08170721237112954980;08;2;37;004;2017;07;15;6;3;0;7;1;1;0;0;0;0;0;453557,700399999970000;5372748,835199999600000;8,371235175000038;48,506138969000062
153329;08170721235100039720;08;2;35;085;2017;07;15;6;2;0;1;1;0;0;0;0;0;0;480900,552399999990000;5397862,666899999600000;8,740256429000056;48,733492776000048
153330;08170721235010032460;08;2;31;000;2017;07;09;6;3;6;7;0;1;1;0;0;0;0;480927,167499999980000;5411891,379099999600000;8,739966929000048;48,859693683000046
153332;08170721226400934530;08;2;26;037;2017;07;10;6;3;5;3;1;1;0;0;0;0;0;466230,628000000030000;5467880,008700000100000;8,534920185000033;49,362693803000070
153333;08170721222600015900;08;2;22;000;2017;07;15;6;3;5;2;1;1;0;0;0;0;0;461991,375100000000000;5482784,156000000400000;8,475110250000057;49,496500538000078
153336;08170721222200042900;08;2;22;000;2017;07;14;6;3;5;3;1;1;0;0;0;0;0;460984,473899999980000;5481642,106300000100000;8,461318567000035;49,486164507000069
153337;08170721221010050870;08;2;21;000;2017;07;13;6;3;0;2;1;1;0;0;0;0;0;476714,212400000020000;5473867,598600000100000;8,678948901000069;49,417042062000064
153340;08170721216200933080;08;2;11;000;2017;07;23;6;3;6;7;0;1;1;0;0;2;0;439814,719500000010000;5399090,691700000300000;8,181368144000032;48,741925073000061
153341;08170721136200938430;08;1;36;019;2017;07;07;6;3;5;3;1;1;0;0;0;0;0;582894,919499999960000;5423951,322200000300000;10,132503676000056;48,962915970000040
153344;08170721121200038540;08;1;21;000;2017;07;17;6;3;6;4;0;1;1;0;0;0;0;515979,971100000020000;5443455,764899999800000;9,219108355000060;49,143720027000029
153345;08170721121200012240;08;1;21;000;2017;07;08;6;3;1;5;1;1;0;0;0;0;0;517298,379599999990000;5442350,254900000100000;9,237138025000036;49,133739891000062
153346;08170721119010044000;08;1;19;090;2017;07;19;6;2;6;4;0;1;1;0;0;0;0;530426,636900000040000;5406527,785400000400000;9,414425685000026;48,810991737000052
153347;08170721118600943710;08;1;18;067;2017;07;15;6;3;1;7;1;1;0;0;0;0;0;505229,669400000010000;5413290,208700000300000;9,071317922000048;48,872548472000062
153348;08170721118100939840;08;1;18;079;2017;07;11;6;3;5;3;1;1;0;0;0;0;0;510689,315899999990000;5421462,286500000400000;9,145985900000028;48,945992189000037
153349;08170721117010966130;08;1;17;053;2017;07;07;6;3;5;3;1;1;0;0;0;0;0;550391,371200000050000;5401340,517400000200000;9,685702739000021;48,763032387000067
153352;08170721115100015300;08;1;15;003;2017;07;09;6;3;5;2;1;1;0;0;0;0;0;500827,372600000000000;5390943,397699999600000;9,011238075000051;48,671538648000080
153354;08170721111500013080;08;1;11;000;2017;07;17;6;3;5;2;1;1;0;0;0;0;0;506828,420300000000000;5398420,364900000400000;9,092873004000069;48,738765159000081
153357;08170721111500013050;08;1;11;000;2017;07;13;6;3;5;2;1;1;0;0;0;0;0;513262,607399999980000;5408990,110399999700000;9,180724827000063;48,833745851000060
153359;08170721111230926600;08;1;11;000;2017;07;17;6;3;5;3;1;1;0;0;0;0;0;511745,763800000020000;5396503,050499999900000;9,159698703000061;48,721443680000050
153361;08170720426300972970;08;4;26;013;2017;07;15;5;3;5;3;1;1;0;0;0;0;0;545019,110800000020000;5323331,730100000300000;9,604231424000034;48,061674690000075
153363;08170720421200955180;08;4;21;000;2017;07;07;5;3;0;4;0;0;1;0;1;0;0;573443,434299999960000;5360929,295699999700000;9,992202610000049;48,397243795000065
153364;08170720421100937650;08;4;25;033;2017;07;13;5;3;5;3;1;1;0;0;0;0;1;553696,756399999950000;5347767,856999999800000;9,723778122000056;48,280835573000047
153365;08170720417311964880;08;4;17;013;2017;07;12;5;3;0;1;1;0;0;0;0;0;1;507758,666800000010000;5348755,080799999600000;9,104601384000034;48,291947399000037
153366;08170720416200989230;08;4;16;041;2017;07;11;5;3;0;1;1;0;0;0;0;0;1;504283,272000000000000;5373917,945000000300000;9,058003415000030;48,518359322000038
153367;08170720416200986780;08;4;16;041;2017;07;20;5;3;1;5;1;1;0;0;0;0;0;504637,917200000030000;5373797,052600000100000;9,062804619000076;48,517269209000062
153368;08170720416200950510;08;4;16;041;2017;07;15;5;3;0;7;1;0;0;0;0;0;0;505824,150599999990000;5375514,758600000300000;9,078892049000046;48,532712415000049
153371;08170720337200998880;08;3;37;125;2017;07;14;5;2;5;2;1;1;0;0;0;0;0;447452,382999999970000;5271258,112999999900000;8,301049419000037;47,592603861000043
153377;08170720335010003180;08;3;35;063;2017;07;20;5;3;0;1;1;0;0;0;0;1;0;497581,338099999990000;5288795,650999999600000;8,967730332000031;47,752526306000050
153379;08170720317500994280;08;3;17;096;2017;07;20;5;2;0;7;1;0;0;0;0;1;0;421898,783600000020000;5368171,304999999700000;7,943533126000034;48,461825748000081
153380;08170720317000048760;08;3;17;122;2017;07;17;5;2;2;6;1;0;0;1;0;0;0;417270,315599999970000;5367367,111999999700000;7,881095402000028;48,454000544000053
153381;08170720317000048750;08;3;17;057;2017;07;14;5;2;5;3;1;1;0;0;0;0;0;413838,690599999970000;5379451,683199999900000;7,832198002000041;48,562234936000038
153382;08170720311010946680;08;3;11;000;2017;07;23;5;3;0;1;1;0;0;0;0;2;0;413159,809499999970000;5315426,899500000300000;7,836153298000056;47,986246227000038
153383;08170720311010946640;08;3;11;000;2017;07;10;5;3;0;7;1;0;0;0;0;0;0;414471,214800000020000;5319246,628999999700000;7,852963695000028;48,020782853000071
153386;08170720299200045400;08;2;15;108;2017;07;08;5;2;6;4;0;1;1;0;0;0;0;447717,857299999970000;5423570,451600000300000;8,285730549000050;48,962837688000036
153387;08170720237200963310;08;2;37;040;2017;07;08;5;2;0;1;1;0;0;0;0;0;0;476124,322999999970000;5365416,582200000100000;8,677167486000030;48,441439186000025
153388;08170720235100039710;08;2;35;065;2017;07;19;5;2;5;3;1;1;0;0;0;0;0;473835,201000000000000;5403937,643000000200000;8,643786392000038;48,787885517000063
153389;08170720226700041230;08;2;26;098;2017;07;12;5;3;5;3;1;1;0;0;0;0;1;476643,616700000010000;5459757,839300000100000;8,678803039000059;49,290123185000027
153390;08170720226400934490;08;2;26;084;2017;07;13;5;3;5;3;1;1;0;0;0;0;0;469855,839099999980000;5469690,929999999700000;8,584708797000076;49,379172755000070
153393;08170720222400932110;08;2;26;105;2017;07;11;5;3;5;3;1;1;0;0;0;0;0;470520,151000000010000;5479760,656000000400000;8,593112378000058;49,469779688000074
153396;08170720222200977920;08;2;22;000;2017;07;18;5;3;5;2;1;1;0;0;0;0;0;462002,307500000000000;5482161,874499999900000;8,475321050000048;49,490904133000072
153397;08170720221400023600;08;2;21;000;2017;07;13;5;3;5;3;1;1;0;0;0;0;0;475535,431500000010000;5470212,918800000100000;8,662921915000027;49,384122562000073
153399;08170720212302949290;08;2;12;000;2017;07;12;5;3;5;3;1;1;0;0;0;0;0;455134,799200000010000;5429273,321600000400000;8,386423354000044;49,014718550000055
153400;08170720212302949270;08;2;12;000;2017;07;17;5;3;0;1;1;0;0;0;0;0;1;456332,888099999980000;5428768,974999999600000;8,402861739000059;49,010267858000077
153404;08170720127202043500;08;1;27;014;2017;07;18;5;3;6;4;0;0;1;0;1;0;0;579020,169299999950000;5442665,224100000200000;10,083227634000025;49,131735141000036
153406;08170720121500972150;08;1;25;065;2017;07;12;5;3;4;2;1;1;0;0;0;0;1;516047,932199999980000;5447361,028199999600000;9,220195881000052;49,178847260000055
153413;08170720116200999520;08;1;16;077;2017;07;07;5;3;0;1;1;0;0;0;0;0;0;516561,332600000020000;5391790,379099999600000;9,224983058000021;48,678939062000040
153414;08170725335010049600;08;4;35;016;2017;07;14;3;3;5;3;1;1;0;0;0;0;1;537055,763000000040000;5278101,346199999600000;9,493477751000057;47,655245957000034
153415;08170801215402060310;08;2;15;009;2017;08;16;3;3;5;3;1;0;0;0;0;0;0;469508,768800000020000;5441444,107200000400000;8,582077808000065;49,125075849000041
153416;08170801215102060960;08;2;12;000;2017;08;07;3;3;5;3;1;1;0;0;0;0;0;459699,544700000030000;5430459,761699999700000;8,448729776000050;49,025705834000064
153417;08170801211100052340;08;2;11;000;2017;08;17;3;3;5;3;1;1;0;0;0;0;0;440497,343700000030000;5404666,199000000000000;8,189845730000059;48,792142802000058
153422;08170801121200062810;08;1;21;000;2017;08;16;3;3;6;7;1;0;1;0;0;0;0;516130,485300000000000;5444296,767699999700000;9,221205779000059;49,151281180000069
153423;08170801119100052300;08;1;19;008;2017;08;13;3;3;0;2;1;0;0;0;0;0;0;532047,363299999970000;5421105,292899999800000;9,437642554000036;48,942042933000039
153424;08170801118110056600;08;1;18;007;2017;08;10;3;3;6;2;1;0;1;0;0;0;0;510150,902500000030000;5427191,326899999800000;9,138775679000048;48,997537614000066
153427;08170801116010055080;08;1;16;047;2017;08;13;3;2;1;7;0;0;1;0;1;0;0;520495,551099999980000;5392100,476400000000000;9,278443568000057;48,681611930000031
153428;08170801115100071950;08;1;15;003;2017;08;07;3;3;5;2;1;1;0;0;0;0;0;499776,049000000000000;5392485,445299999800000;8,996957273000021;48,685411603000034
153429;08170801115100053530;08;1;15;003;2017;08;15;3;3;5;3;1;1;0;0;0;0;0;501834,684400000030000;5392079,758399999700000;9,024925278000069;48,681759341000031
153431;08170801111500071810;08;1;11;000;2017;08;06;3;3;5;3;1;1;0;0;0;0;0;512053,409999999970000;5410598,097000000100000;9,164294904000030;48,848235675000069
153432;08170801111500069800;08;1;11;000;2017;08;11;3;3;5;3;1;0;0;0;1;0;0;511581,850099999980000;5397675,940499999600000;9,157503042000030;48,731998079000050
153434;08170731437100945370;08;4;37;044;2017;07;19;2;3;4;6;1;0;0;0;0;0;0;531927,439299999970000;5323308,693699999700000;9,428523813000027;48,062257083000077
153436;08170731436400008180;08;4;36;082;2017;07;16;2;3;5;3;1;1;0;0;0;0;0;547808,201099999950000;5294850,964900000000000;9,638500997000051;47,805237989000034
153437;08170731435100950850;08;4;35;016;2017;07;08;2;3;0;1;1;0;0;0;0;0;0;535800,186600000020000;5278516,510300000200000;9,476791645000048;47,659052058000043
153438;08170731421300976640;08;4;25;039;2017;07;17;2;3;5;3;1;1;0;0;0;0;0;566204,372800000010000;5352923,889100000300000;9,893157810000048;48,326032736000059
153439;08170731421300976620;08;4;25;028;2017;07;17;2;3;4;2;1;1;0;0;0;0;0;579689,949700000000000;5339521,337700000000000;10,072534669000049;48,203917807000039
153441;08170731421200974630;08;4;21;000;2017;07;18;2;3;4;2;1;1;0;0;0;0;0;573105,979399999950000;5360924,604000000300000;9,987643567000021;48,397240812000064
153442;08170731416200021620;08;4;16;041;2017;07;18;2;3;1;5;1;1;0;0;0;0;0;504009,367700000000000;5372055,606200000300000;9,054276351000056;48,501606821000053
153443;08170731416010008860;08;4;16;025;2017;07;14;2;2;5;3;1;1;0;0;0;0;0;502525,450200000020000;5361212,716000000000000;9,034122570000022;48,404066765000039
153444;08170731415200933750;08;4;15;053;2017;07;13;2;3;3;2;1;1;0;0;0;0;0;538259,112300000040000;5362217,075799999800000;9,517017921000047;48,411946054000055
153445;08170731337100044090;08;3;37;096;2017;07;21;2;3;6;7;0;1;1;0;0;1;0;418486,676700000010000;5268280,649299999700000;7,916379767000024;47,562823559000037
153446;08170731337100015480;08;3;37;096;2017;07;17;2;3;0;1;1;0;0;0;1;0;0;422122,466499999980000;5267812,323499999900000;7,964787848000071;47,559056729000076
153448;08170731335300999100;08;3;35;075;2017;07;12;2;3;5;3;1;1;0;0;0;0;0;487785,516699999980000;5289701,357499999900000;8,837009844000022;47,760564272000067
153450;08170731335200035890;08;3;35;063;2017;07;08;2;3;5;3;1;1;0;0;0;0;0;498085,711200000020000;5287564,412100000300000;8,974465071000054;47,741449824000028
153451;08170731335200035880;08;3;35;063;2017;07;12;2;3;8;7;1;0;0;0;0;0;0;497119,841000000010000;5287686,723000000200000;8,961580405000063;47,742546738000044
153452;08170731325302978620;08;3;25;053;2017;07;15;2;3;6;4;0;1;1;0;0;0;0;456098,733300000020000;5341427,018500000200000;8,408904922000033;48,224546581000027
153453;08170731325010048120;08;3;25;070;2017;07;21;2;2;5;3;1;1;0;0;0;2;0;462369,937600000000000;5348310,037800000000000;8,492725713000027;48,286872274000075
153454;08170731317500957890;08;3;17;096;2017;07;16;2;3;4;6;1;0;0;0;0;0;0;421888,234200000010000;5367925,485799999900000;7,943436344000077;48,459613311000055
153456;08170731317314011000;08;3;17;075;2017;07;10;2;3;5;3;1;1;0;0;0;0;0;409093,280199999980000;5362625,285199999800000;7,771556366000027;48,410222256000054
153460;08170731311200043640;08;3;11;000;2017;07;22;2;2;4;6;1;0;0;0;0;2;0;410532,049100000000000;5318429,755199999500000;7,800317325000037;48,012895370000081
153462;08170731311010984900;08;3;11;000;2017;07;10;2;2;5;3;1;0;1;0;0;0;0;412145,189300000030000;5318770,545400000200000;7,821873428000060;48,016184697000028
153465;08170731299200046320;08;2;12;000;2017;07;09;2;3;5;2;1;1;0;0;0;0;0;457341,721299999980000;5428569,789300000300000;8,416677487000072;49,008546722000062
153467;08170731235010032860;08;2;31;000;2017;07;16;2;3;3;6;1;1;0;0;0;0;0;476149,871900000030000;5415403,151100000400000;8,674630945000047;48,891119133000075
153469;08170731226700953340;08;2;26;041;2017;07;18;2;3;5;3;1;1;0;0;0;0;0;477425,641000000000000;5466780,353000000100000;8,689159931000063;49,353319949000081
153470;08170731222800010960;08;2;22;000;2017;07;13;2;3;6;6;0;1;1;0;0;0;0;460082,142600000020000;5487928,847400000300000;8,448225061000073;49,542651253000031
153472;08170731221010620320;08;2;21;000;2017;07;14;2;3;3;6;1;0;0;0;0;0;0;476536,287399999970000;5473464,734699999900000;8,676519630000030;49,413411536000069
153473;08170731221000050300;08;2;21;000;2017;07;13;2;3;0;4;0;0;1;0;1;0;1;476714,232299999970000;5472835,633600000300000;8,679009708000024;49,407759713000075
153475;08170731212402937120;08;2;12;000;2017;07;17;2;3;4;6;1;0;0;0;0;0;0;455675,532799999990000;5424010,805499999800000;8,394392022000034;48,967420634000064
153477;08170731121500012030;08;1;25;065;2017;07;13;2;3;5;3;1;1;0;0;0;0;0;516073,381799999970000;5447242,455299999600000;9,220540337000045;49,177779998000062