OBJECTID;UIDENTSTLA;ULAND;UREGBEZ;UKREIS;UGEMEINDE;UJAHR;UMONAT;USTUNDE;UWOCHENTAG;UKATEGORIE;UART;UTYP1;IstRad;IstPKW;IstFuss;IstKrad;IstSonstig;LICHT;STRZUSTAND;LINREFX;LINREFY;XGCSWGS84;YGCSWGS84
153807;08170804212202058550;08;2;12;000;2017;08;18;6;3;2;6;1;1;0;0;0;0;0;458044,243000000020000;5428030,728000000100000;8,426339182000049;49,003745945000048
153809;08170804136100148210;08;1;36;088;2017;08;12;6;3;5;2;1;0;0;0;1;0;0;579088,968699999970000;5409331,032800000200000;10,077686148000055;48,831917163000071
153812;08170804126010086550;08;1;21;000;2017;08;23;6;2;6;4;0;1;1;0;0;2;0;516000,990200000000000;5442746,043600000400000;9,219368376000034;49,137335302000054
153815;08170804119300084460;08;1;19;086;2017;08;16;6;3;0;2;1;0;0;0;1;0;0;534988,827000000050000;5405269,074599999900000;9,476455571000031;48,799428725000041
153816;08170804119200058540;08;1;19;020;2017;08;18;6;3;1;5;1;1;0;0;0;0;0;519851,485900000030000;5407339,816399999900000;9,270428363000065;48,818724450000047
153817;08170804118300058150;08;1;18;051;2017;08;17;6;3;0;6;1;0;0;0;1;0;0;509430,772300000010000;5415086,234299999700000;9,128650414000049;48,888655459000063
153819;08170803437200056210;08;4;37;104;2017;08;11;5;3;1;5;1;1;0;0;0;0;0;516281,115700000020000;5325820,283699999600000;9,218619977000060;48,085445155000059
153821;08170803435200117740;08;4;35;059;2017;08;20;5;3;0;1;1;0;0;0;0;0;0;512941,903799999970000;5290667,332100000200000;9,172725587000059;47,769241450000038
153822;08170803435112055090;08;4;35;024;2017;08;09;5;3;0;7;1;0;0;0;0;0;0;526772,299000000000000;5279132,645499999600000;9,356597596000029;47,665032404000044
153824;08170803421200081890;08;4;21;000;2017;08;17;5;3;1;1;1;1;0;0;0;0;0;573531,157000000010000;5360966,861100000300000;9,993394116000047;48,397571478000032
153825;08170803415400056070;08;4;15;061;2017;08;11;5;3;0;1;1;0;0;0;0;0;0;515543,764900000010000;5373075,012199999800000;9,210459197000034;48,510598208000033
153827;08170803335200058510;08;3;35;063;2017;08;11;5;3;0;1;1;0;0;0;0;0;0;497829,197800000020000;5287011,327499999700000;8,971046168000044;47,736472579000065
153828;08170803335100079530;08;3;35;043;2017;08;15;5;3;2;6;1;1;0;0;0;0;0;515750,378000000030000;5279312,989900000400000;9,209797362000074;47,667017427000076
153829;08170803335010055390;08;4;35;018;2017;08;12;5;3;2;6;1;0;0;0;0;0;0;523400,415800000020000;5280119,598299999700000;9,311738910000031;47,674043378000079
153833;08170803311500056290;08;3;15;052;2017;08;16;5;3;0;1;1;0;0;0;0;0;0;432969,311899999970000;5305952,258500000500000;8,103080710000029;47,903393830000027
153834;08170803311010066460;08;3;15;003;2017;08;16;5;2;5;3;1;1;0;0;0;0;0;412945,867399999990000;5312276,260999999900000;7,833924928000045;47,957876001000045
153836;08170803311010055030;08;3;11;000;2017;08;07;5;3;5;3;1;0;0;0;0;0;0;413044,166199999980000;5316504,772500000000000;7,834385408000060;47,995926346000033
153837;08170803299200072730;08;2;12;000;2017;08;13;5;3;4;6;1;0;0;0;1;0;0;452936,582700000030000;5428527,492999999800000;8,356448955000076;49,007846032000032
153838;08170803299200064260;08;2;12;000;2017;08;16;5;3;6;4;1;0;1;0;0;0;0;456548,527000000000000;5429069,648000000000000;8,405778200000043;49,012987668000051
153839;08170803299200063910;08;2;12;000;2017;08;15;5;3;1;5;1;1;0;0;0;0;0;453958,942500000000000;5428395,413999999900000;8,370442915000069;49,006735095000067
153841;08170803235010055450;08;2;31;000;2017;08;16;5;3;0;1;1;0;0;0;0;0;1;477445,318000000030000;5414727,315999999600000;8,692340751000074;48,885088057000075
153843;08170803226200055770;08;2;26;032;2017;08;19;5;3;0;4;0;1;1;0;0;0;0;466901,731099999980000;5461794,978600000000000;8,544667644000072;49,307996948000039
153847;08170803222014072000;08;2;22;000;2017;08;15;5;3;0;2;0;1;1;0;0;0;0;461808,163899999990000;5481042,539800000400000;8,472748527000022;49,480824116000065
153849;08170803221300081090;08;2;21;000;2017;08;11;5;3;5;3;1;1;0;0;0;0;0;477147,933699999990000;5474535,882600000100000;8,684890219000067;49,423069606000070
153852;08170803126010072180;08;1;21;000;2017;08;13;5;2;5;3;1;0;0;0;0;0;0;515650,005799999980000;5443018,891800000300000;9,214567124000041;49,139798705000032
153854;08170803121200058700;08;1;21;000;2017;08;09;5;3;1;7;1;0;0;0;1;0;0;516309,704399999990000;5442593,612800000200000;9,223594546000072;49,135956018000059
153855;08170803119300058840;08;1;19;067;2017;08;18;5;3;0;3;1;0;0;0;1;0;0;539257,284600000010000;5406163,070799999900000;9,534663687000034;48,807215793000069
153856;08170803115400078030;08;1;15;045;2017;08;20;5;3;6;4;0;1;1;0;0;0;0;498719,295600000010000;5397240,106999999800000;8,982584859000042;48,728183627000078
153857;08170803111500077500;08;1;11;000;2017;08;14;5;2;5;3;1;1;0;0;0;0;0;506371,266799999980000;5406430,046000000100000;9,086779389000071;48,810824768000032
153858;08170803111500055790;08;1;11;000;2017;08;12;5;3;6;7;0;1;1;0;0;0;0;516051,734000000000000;5405540,723299999700000;9,218596031000061;48,802649887000030
153860;08170802437100054370;08;4;37;100;2017;08;19;4;3;5;3;1;1;0;0;0;0;0;537296,968100000060000;5318220,130400000100000;9,500146612000037;48,016185016000065
153861;08170802436500053550;08;4;36;055;2017;08;10;4;2;9;1;1;0;0;0;0;0;0;572617,968699999970000;5293170,725300000000000;9,969525176000047;47,787801161000061
153862;08170802436310089010;08;4;36;049;2017;08;15;4;3;6;4;0;1;1;0;0;0;0;578113,518700000020000;5282594,646499999800000;10,040985814000067;47,692014496000070
153866;08170802426113056310;08;4;26;100;2017;08;15;4;3;0;1;1;0;0;0;0;0;0;576928,245400000010000;5318131,101099999600000;10,031513737000068;48,011841549000053
153868;08170802416200055580;08;4;16;041;2017;08;18;4;3;0;7;1;0;0;0;0;0;0;505217,971100000020000;5375231,488300000300000;9,070677399000033;48,530169352000030
153870;08170802416010055610;08;4;15;061;2017;08;17;4;3;9;1;1;0;0;0;0;0;0;514113,319100000020000;5373461,129700000400000;9,191104452000047;48,514105629000028
153874;08170802335300116980;08;3;35;075;2017;08;20;4;3;5;7;1;1;0;0;0;0;0;487602,915500000000000;5289163,020300000000000;8,834588576000044;47,755717080000068
153876;08170802327100134160;08;3;27;036;2017;08;22;4;2;0;1;1;0;0;0;0;2;0;491709,942400000000000;5318905,541400000500000;8,888816257000030;48,023386676000030
153880;08170802317200077720;08;3;17;057;2017;08;15;4;3;0;7;1;0;0;0;0;0;0;413283,664999999980000;5382993,871100000100000;7,823938121000026;48,594018192000078
153881;08170802311400065360;08;3;15;006;2017;08;16;4;3;6;4;0;1;1;0;0;0;0;402755,998000000020000;5308208,774400000500000;7,698386786000071;47,919822482000029
153884;08170802311010075040;08;3;11;000;2017;08;13;4;3;5;3;1;0;0;0;1;0;0;413237,112700000000000;5315452,067200000400000;7,837184021000041;47,986483111000041
153886;08170802311010055860;08;3;15;095;2017;08;14;4;2;0;1;1;0;0;0;0;0;0;427838,672700000000000;5318894,288800000200000;8,032266580000055;48,019263206000062
153887;08170802311010054920;08;3;36;050;2017;08;16;4;3;5;3;1;0;0;0;1;0;0;399720,556600000010000;5274036,538300000100000;7,665654724000035;47,611972214000048
153888;08170802299200056230;08;2;12;000;2017;08;12;4;3;4;6;1;1;0;0;0;0;0;457586,292800000000000;5428887,358199999700000;8,419988472000057;49,011420156000042
153889;08170802299200054840;08;2;12;000;2017;08;17;4;2;5;3;1;1;0;0;0;0;0;458686,348100000000000;5431318,376100000000000;8,434783470000070;49,033362145000069
153891;08170802235010065370;08;2;36;071;2017;08;16;4;2;0;1;1;0;0;0;0;0;0;469001,321799999980000;5422483,816800000100000;8,576573083000028;48,954496823000056
153892;08170802235010055050;08;2;31;000;2017;08;14;4;3;6;4;1;0;1;0;0;0;0;475423,899299999990000;5415229,533699999600000;8,664737673000047;48,889528966000057
153893;08170802226600142510;08;2;26;031;2017;08;13;4;3;3;6;1;1;0;0;0;0;0;475024,038600000030000;5493151,648900000400000;8,654426729000022;49,590428588000066
153895;08170802212502054890;08;2;12;000;2017;08;12;4;3;4;2;1;1;0;0;0;0;0;454302,715099999970000;5428360,984400000400000;8,375147181000045;49,006450949000055
153896;08170802136200059950;08;1;36;019;2017;08;00;4;2;2;6;1;1;0;0;0;2;1;585443,034400000000000;5423088,218600000300000;10,167127215000050;48,954806404000067
153897;08170802135200075220;08;1;35;019;2017;08;16;4;3;0;1;1;0;0;0;0;0;0;585545,417800000050000;5395252,782100000400000;10,162717650000047;48,704439779000040
153900;08170802128100054660;08;1;28;007;2017;08;13;4;3;5;3;1;1;0;0;0;0;0;556244,488999999940000;5482220,616000000400000;9,776621931000022;49,490015434000043
153904;08170802116500077030;08;1;16;046;2017;08;19;4;3;6;2;0;1;1;0;0;0;0;527744,108099999950000;5378148,938000000100000;9,375984117000030;48,555823513000064
153906;08170802111370088360;08;1;11;000;2017;08;13;4;3;0;1;1;0;0;0;0;0;0;512880,818800000010000;5406464,843999999600000;9,175443048000034;48,811036964000039
153907;08170802111330054880;08;1;11;000;2017;08;17;4;3;1;5;1;1;0;0;0;0;0;512694,609500000020000;5408783,002799999900000;9,172978546000024;48,831894618000035
153908;08170802111310069060;08;1;11;000;2017;08;07;4;3;6;4;0;0;1;1;0;0;0;515464,039999999980000;5406367,475800000100000;9,210623888000043;48,810102136000069
153909;08170802111260062270;08;1;11;000;2017;08;10;4;3;3;6;1;0;0;0;1;0;0;519551,338099999990000;5401419,350100000400000;9,266057868000075;48,765474370000049
153910;08170802111130105520;08;1;11;000;2017;08;23;4;3;1;5;1;1;0;0;0;2;0;512498,087200000010000;5401575,985299999800000;9,170081379000067;48,767065059000061
153911;08170801437200053130;08;4;37;104;2017;08;18;3;2;0;1;1;0;0;0;0;0;0;516308,980700000010000;5325721,590300000300000;9,218990371000075;48,084556500000076
153912;08170801436500052220;08;4;36;052;2017;08;14;3;2;8;1;1;0;0;0;0;0;0;565751,918500000030000;5295396,281700000200000;9,878205356000024;47,808560893000049
153913;08170801436211129340;08;4;36;008;2017;08;18;3;3;4;6;1;1;0;0;0;0;0;547617,100800000010000;5310569,576600000300000;9,637681812000039;47,946669772000064
153916;08170801417100055330;08;4;17;079;2017;08;07;3;3;1;3;1;1;0;0;0;0;0;501355,323199999980000;5344217,903599999800000;9,018257767000023;48,251173622000067
153917;08170801416200052860;08;4;16;041;2017;08;21;3;3;0;7;1;0;0;0;0;2;1;505593,326799999980000;5373097,405799999800000;9,075732961000028;48,510967142000027
153919;08170801337200060020;08;3;37;053;2017;08;22;3;3;6;7;0;1;1;0;0;2;0;457023,432500000000000;5268712,177899999500000;8,428598689000069;47,570402122000075
153920;08170801335100091560;08;3;35;043;2017;08;17;3;3;0;7;1;0;0;0;0;0;0;513355,623299999980000;5278164,433000000200000;9,177863943000034;47,656736975000058
153921;08170801335100054430;08;3;35;043;2017;08;15;3;3;5;2;1;0;0;1;0;0;0;512630,655499999990000;5278757,207399999700000;9,168226337000021;47,662085133000062
153922;08170801335010053030;08;4;36;064;2017;08;10;3;2;5;3;1;1;0;0;0;0;0;546723,894100000030000;5293484,734899999600000;9,623873286000048;47,793025692000072
153925;08170801316100074060;08;3;16;011;2017;08;08;3;3;5;3;1;1;0;0;0;0;0;415706,694399999980000;5329132,418200000200000;7,867580314000065;48,109872991000032
153926;08170801311213053600;08;3;11;000;2017;08;13;3;3;0;2;1;0;0;0;1;0;0;413333,738799999990000;5317069,504099999600000;7,838152141000023;48,001045615000066
153927;08170801311010063360;08;3;11;000;2017;08;17;3;3;6;4;0;0;1;0;1;0;0;414193,238200000020000;5316362,992600000500000;7,849813456000049;47,994806230000052
153929;08170801311010052310;08;3;36;091;2017;08;14;3;3;3;2;1;1;0;0;0;0;0;395762,392100000000000;5271930,170099999800000;7,613502744000073;47,592400429000065
153931;08170801299200056470;08;2;12;000;2017;08;17;3;2;8;1;1;0;0;0;0;0;1;462886,015000000010000;5427760,716799999600000;8,492562483000029;49,001627263000046
153933;08170801299200052290;08;2;12;000;2017;08;14;3;3;1;5;1;1;0;0;0;0;0;456542,835800000000000;5428764,097400000300000;8,405733088000034;49,010238805000029
153934;08170801237100069870;08;2;37;004;2017;08;19;3;3;4;6;1;0;0;0;0;0;0;453670,710900000010000;5373201,321800000000000;8,372714849000033;48,510217816000079
153938;08170801221010148310;08;2;21;000;2017;08;13;3;2;4;6;1;1;0;0;0;0;0;474954,859699999970000;5475797,850700000300000;8,654570532000037;49,434334378000074
153939;08170816136100086380;08;1;36;088;2017;08;08;4;3;0;2;1;1;0;0;0;0;0;581208,732500000040000;5409887,573800000400000;10,106675286000041;48,836649198000032
153942;08170816221000102880;08;2;21;000;2017;08;07;4;2;5;3;1;0;0;0;1;0;0;476678,663600000030000;5475028,470800000200000;8,678390547000049;49,427482529000031
153944;08170816221000087670;08;2;21;000;2017;08;17;4;3;1;5;1;1;0;0;0;0;0;476514,672299999980000;5472653,330500000200000;8,676269636000029;49,406112258000064
153945;08170816212710090670;08;2;15;096;2017;08;17;4;3;5;3;1;1;0;0;0;0;0;463838,811600000020000;5418041,638700000000000;8,506452315000047;48,914257331000044
153946;08170816212702140050;08;2;15;017;2017;08;08;4;3;5;3;1;1;0;0;0;0;0;455113,468600000020000;5420272,360100000200000;8,387124994000033;48,933752082000069
153947;08170816212502088970;08;2;12;000;2017;08;17;4;3;5;3;1;0;0;0;0;0;0;452941,399299999990000;5427459,958399999900000;8,356638523000072;48,998243879000029
153948;08170816212502088220;08;2;12;000;2017;08;11;4;3;1;5;1;1;0;0;0;0;0;453994,969500000010000;5428443,950199999800000;8,370930011000041;49,007174368000051
153950;08170816119300087700;08;1;19;067;2017;08;11;4;3;0;1;1;0;0;0;0;0;0;539777,239399999960000;5406103,298800000000000;9,541739079000024;48,806645050000043
153953;08170816118100113540;08;1;18;007;2017;08;08;4;3;1;5;1;0;0;0;1;0;0;511328,966499999980000;5427466,053700000000000;9,154888908000032;48,999988447000078
153955;08170816117300114980;08;1;17;026;2017;08;10;4;3;6;4;0;1;1;0;0;0;0;548115,729399999950000;5394938,831500000300000;9,653991637000047;48,705626443000028
153956;08170816116010092190;08;1;16;019;2017;08;17;4;2;5;2;1;1;0;0;0;0;0;520516,543999999990000;5399244,063000000100000;9,279083977000028;48,745874651000065
153962;08170815436310089370;08;4;36;049;2017;08;10;3;3;0;1;1;0;0;0;0;0;0;578229,762600000020000;5283209,266699999600000;10,042644911000025;47,697529665000047
153963;08170815435200085840;08;4;35;059;2017;08;13;3;3;5;2;1;1;0;0;0;0;0;512764,357200000030000;5290211,819799999700000;9,170342638000022;47,765146513000047
153964;08170815435117083930;08;4;35;057;2017;08;11;3;3;3;1;1;1;0;0;0;0;0;544810,259700000050000;5276389,460400000200000;9,596564980000039;47,639353064000034
153966;08170815435100087840;08;4;35;016;2017;08;12;3;3;0;7;1;0;0;0;0;0;0;535061,248000000020000;5277489,586000000100000;9,466868337000051;47,649852850000059
153967;08170815421112086250;08;4;25;073;2017;08;14;3;3;0;1;1;0;0;0;0;0;0;541749,238099999960000;5345443,028800000400000;9,562517247000073;48,260821409000073
153968;08170815416200083020;08;4;16;041;2017;08;09;3;3;5;3;1;1;0;0;0;0;0;506359,813000000020000;5374841,737300000200000;9,086137679000046;48,526652483000078
153969;08170815415400098890;08;4;15;061;2017;08;23;3;3;0;1;1;0;0;0;0;2;1;511649,094999999970000;5371302,735100000200000;9,157676995000031;48,494738490000032
153972;08170815335200142920;08;3;35;063;2017;08;16;3;3;0;1;1;0;0;0;0;0;0;497934,814900000000000;5287965,555599999600000;8,972450343000048;47,745058684000071
153973;08170815326100085930;08;3;26;012;2017;08;19;3;3;5;2;1;1;0;0;0;0;0;466865,792200000030000;5309851,627000000300000;8,556319089000056;47,941123466000079
153974;08170815325010113330;08;3;27;050;2017;08;06;3;2;6;4;0;1;1;0;0;0;0;487498,443199999980000;5314332,842899999600000;8,832466381000074;47,982176900000070
153975;08170815317000090230;08;3;17;096;2017;08;23;3;3;1;5;1;1;0;0;0;2;1;421981,845399999990000;5371122,873999999800000;7,944105674000070;48,488385157000039
153976;08170815316100097960;08;3;16;011;2017;08;06;3;3;5;3;1;1;0;0;0;0;0;414701,416900000010000;5329066,069600000000000;7,854091191000066;48,109142313000063
153977;08170815311500087710;08;3;15;113;2017;08;17;3;2;0;1;1;0;0;0;0;0;0;440888,652500000030000;5307030,135099999600000;8,208888316000071;47,913869657000077
153978;08170815311010083970;08;3;11;000;2017;08;15;3;3;0;1;1;0;0;0;0;0;0;414538,133700000010000;5313165,165900000400000;7,855071914000064;47,966086634000078
153979;08170815235010087290;08;2;31;000;2017;08;13;3;3;6;2;0;0;1;0;1;0;0;478888,183000000020000;5415680,724000000400000;8,711972760000037;48,893715436000036
153980;08170815231102088320;08;2;36;040;2017;08;16;3;3;6;7;1;0;1;0;0;0;0;488301,154800000020000;5421586,313299999600000;8,840223270000024;48,947089620000042
153981;08170815226600102040;08;2;26;096;2017;08;00;3;3;0;6;1;0;0;0;0;2;0;476374,583199999990000;5489576,287300000000000;8,673327561000065;49,558324023000068
153983;08170815222200128300;08;2;22;000;2017;08;23;3;3;5;3;1;1;0;0;0;2;0;460692,393600000010000;5482596,915599999900000;8,457191095000042;49,494733638000071
153985;08170815215102112730;08;2;15;109;2017;08;19;3;3;5;3;1;1;0;0;0;0;0;463897,220199999980000;5440546,970300000200000;8,505247251000071;49,116702001000078
153986;08170815212502088550;08;2;12;000;2017;08;16;3;3;1;5;1;1;0;0;0;0;0;454262,178300000030000;5428839,388100000100000;8,374539026000036;49,010751219000042
153987;08170815211010087090;08;2;16;024;2017;08;15;3;2;5;7;1;1;0;0;0;0;0;445229,195899999990000;5408403,594899999900000;8,253767261000064;48,826196054000036
153990;08170815119300116620;08;1;19;067;2017;08;08;3;3;0;1;1;0;0;0;0;0;0;538771,938199999980000;5406359,786299999800000;9,528072400000042;48,809015823000038
153991;08170815119200126770;08;1;19;020;2017;08;15;3;3;5;3;1;1;0;0;0;0;0;520060,928599999980000;5407127,265399999900000;9,273271085000033;48,816805656000042
153993;08170815117300106660;08;1;17;026;2017;08;22;3;3;6;7;0;1;1;0;0;2;1;548063,952999999980000;5394054,978000000100000;9,653185047000022;48,697679732000040
153995;08170815115400096020;08;1;15;045;2017;08;12;3;2;5;3;1;1;0;0;0;0;0;500330,484999999990000;5395203,775000000400000;9,004492335000066;48,709865896000053
153996;08170815115400083900;08;1;15;045;2017;08;12;3;3;0;7;1;0;0;0;0;0;0;500142,929000000000000;5395015,247999999700000;9,001942791000033;48,708169964000035
153997;08170815115300100140;08;1;15;028;2017;08;17;3;3;5;2;1;1;0;0;0;0;0;501279,609600000030000;5404144,170400000200000;9,017421719000026;48,790292540000053
153999;08170815111500102110;08;1;11;000;2017;08;12;3;3;5;3;1;0;0;0;1;0;0;516298,372800000010000;5403782,245900000400000;9,221885014000065;48,786824434000039
154000;08170814435211086140;08;4;35;036;2017;08;16;2;3;0;1;1;0;0;0;0;0;0;521310,950699999990000;5281580,876600000100000;9,283974895000029;47,687263595000047
154002;08170814426010091690;08;4;21;000;2017;08;12;2;2;5;3;1;1;0;0;0;0;0;573792,934000000010000;5361968,610999999600000;9,997106242000029;48,406551824000076
154003;08170814426010086760;08;4;26;021;2017;08;08;2;2;6;3;0;1;1;0;0;0;0;558971,406399999980000;5327420,400799999900000;9,792042553000044;48,097319914000082
154004;08170814421300107230;08;4;21;000;2017;08;22;2;2;0;1;1;0;0;0;0;2;0;570545,501200000060000;5360726,983199999700000;9,953024008000057;48,395754860000068
154005;08170814416010082960;08;4;16;026;2017;08;16;2;3;5;3;1;0;0;0;1;0;0;505177,073099999980000;5363601,292600000300000;9,069979383000032;48,425539459000049
154008;08170814335200082720;08;3;35;063;2017;08;15;2;3;6;7;0;1;1;0;0;0;0;498031,564900000000000;5287026,430800000200000;8,973745241000074;47,736609122000061
154009;08170814335100093740;08;3;35;043;2017;08;16;2;3;0;7;1;0;0;0;0;0;0;512499,542800000000000;5279553,149600000100000;9,166502842000057;47,669249310000055
154010;08170814335100093360;08;3;35;043;2017;08;18;2;3;0;1;1;0;0;0;0;0;0;512157,295600000010000;5278872,999499999900000;9,161924956000064;47,663136064000071
154011;08170814335010086820;08;3;35;075;2017;08;16;2;2;5;3;1;1;0;0;0;0;0;487714,897000000000000;5290400,594999999700000;8,836047730000075;47,766854335000062
154012;08170814317500084470;08;3;17;096;2017;08;13;2;3;6;4;0;0;1;0;1;0;0;422043,380999999990000;5369730,127999999600000;7,945198156000060;48,475865179000039
154013;08170814317200103240;08;3;17;141;2017;08;20;2;2;5;3;1;1;0;0;0;0;0;420366,593999999980000;5376421,788999999900000;7,921237522000070;48,535845173000041
154014;08170814317110080610;08;3;17;141;2017;08;15;2;3;0;1;1;0;0;0;0;0;0;420334,284600000010000;5377245,489799999600000;7,920642400000077;48,543250046000026
154015;08170814311411088980;08;3;15;006;2017;08;09;2;3;6;4;0;1;1;0;0;0;0;402732,212600000030000;5308060,480100000300000;7,698101975000043;47,918484968000030
154017;08170814235010083720;08;2;31;000;2017;08;09;2;2;8;1;1;0;0;0;0;0;1;481386,879499999980000;5411482,902599999700000;8,746253008000053;48,856033095000043
154018;08170814235010081140;08;2;36;074;2017;08;18;2;3;5;3;1;1;0;0;0;0;0;472821,122099999980000;5421246,548399999700000;8,628831040000023;48,943546684000069
154019;08170814235010079720;08;2;31;000;2017;08;07;2;3;4;7;1;1;0;0;0;0;0;479001,570300000020000;5416649,538400000000000;8,713469867000072;48,902434417000052
154020;08170814226700080920;08;2;26;076;2017;08;17;2;3;0;3;1;0;0;0;1;0;0;475278,606000000030000;5464902,678100000100000;8,659713118000070;49,336347141000033
154023;08170814222301081640;08;2;22;000;2017;08;19;2;3;1;2;1;1;0;0;0;0;0;464629,753000000030000;5482933,134800000100000;8,511530816000061;49,498000100000070
154024;08170814222014080940;08;2;21;000;2017;08;17;2;2;6;4;0;1;1;0;0;0;0;476337,688299999980000;5472568,839599999600000;8,673835100000076;49,405345420000060
154025;08170814222000099200;08;2;22;000;2017;08;20;2;2;0;1;1;0;0;0;0;0;0;460012,357499999980000;5482926,109100000000000;8,447767441000053;49,497650101000033
154027;08170814211010086560;08;2;11;000;2017;08;20;2;2;0;6;1;1;0;0;0;1;0;442598,422299999980000;5403011,635300000200000;8,218681069000070;48,777457321000043
154030;08170814121200308590;08;1;21;000;2017;08;16;2;3;3;6;1;1;0;0;0;0;0;512505,476000000020000;5439960,667999999600000;9,171359911000025;49,112360891000037
154031;08170814119500082000;08;1;19;085;2017;08;19;2;3;5;3;1;1;0;0;0;0;0;528537,948199999980000;5413147,285000000100000;9,389162513000031;48,870628106000026
154033;08170814119300081410;08;1;19;067;2017;08;21;2;2;0;1;1;0;0;0;0;1;0;536889,827999999980000;5402445,775000000400000;9,502087743000061;48,773921532000031
154035;08170814118200082350;08;1;18;027;2017;08;12;2;3;1;5;1;0;0;0;1;0;0;502305,042499999980000;5412760,001299999700000;9,031431293000026;48,867796593000037
154036;08170814116400109660;08;1;16;033;2017;08;12;2;3;0;7;1;0;0;0;0;0;0;535994,273200000050000;5384798,857200000400000;9,488361455000074;48,615226419000066
154037;08170814116200104220;08;1;16;077;2017;08;01;2;3;0;7;1;0;0;0;0;2;1;516361,084299999990000;5389754,538400000000000;9,222182205000024;48,660629784000037
154042;08170813421200078020;08;4;21;000;2017;08;11;1;3;6;4;1;0;1;0;0;0;0;573537,981999999960000;5361133,696800000000000;9,993515530000025;48,399071404000040
154043;08170813417300081080;08;4;17;025;2017;08;14;1;2;9;1;1;0;0;0;0;0;1;481399,772799999980000;5359669,166199999900000;8,748753018000059;48,389910859000054
154044;08170813416010092070;08;4;16;041;2017;08;19;1;2;0;1;1;0;0;0;0;0;0;503889,325399999970000;5375283,213499999600000;9,052681390000032;48,530644331000076
154046;08170813415100093680;08;4;15;050;2017;08;13;1;3;3;6;1;0;0;0;0;0;0;523280,867299999980000;5375474,527700000400000;9,315350472000034;48,531945619000055
154047;08170813335100086170;08;3;35;043;2017;08;12;1;3;5;2;1;1;0;0;0;0;0;514011,199700000000000;5280310,363900000200000;9,186663383000052;47,676031476000048
154050;08170813311010078870;08;3;11;000;2017;08;15;1;3;0;2;1;0;0;0;0;0;0;413273,826400000020000;5316714,913999999900000;7,837420800000075;47,997847834000027
154051;08170813299200089090;08;2;12;000;2017;08;03;1;2;0;7;1;0;0;0;0;2;1;457393,321899999980000;5428607,766300000300000;8,417379066000024;49,008891895000033
154053;08170813215302083130;08;2;12;000;2017;08;19;1;3;6;7;0;1;1;0;0;1;0;454822,281399999980000;5428809,748399999900000;8,382201220000070;49,010525870000038
154054;08170813121400107110;08;1;25;056;2017;08;13;1;2;0;3;1;1;0;0;0;0;0;511645,650900000010000;5435437,239799999600000;9,159447595000074;49,071687562000079
154055;08170813119400100460;08;1;19;091;2017;08;04;1;3;8;1;1;0;0;0;0;2;1;526911,577300000000000;5406777,619500000000000;9,366566327000044;48,813401353000074
154056;08170813118400077990;08;1;18;048;2017;08;09;1;2;4;6;1;0;0;0;0;0;0;516794,577099999990000;5417196,489199999700000;9,229190290000076;48,907482871000070
154063;08170812436500076210;08;4;36;009;2017;08;11;7;3;5;3;1;0;0;0;1;0;1;554993,336299999970000;5306207,946200000100000;9,735898635000069;47,906839197000068
154064;08170812435100075590;08;4;35;024;2017;08;15;7;2;2;6;1;0;0;0;0;0;0;526909,511399999960000;5279141,557099999900000;9,358425729000032;47,665106891000050
154065;08170812416100077000;08;4;16;036;2017;08;13;7;3;0;7;1;0;0;0;0;0;0;495450,978899999990000;5368289,691200000200000;8,938459159000047;48,467723391000050
154066;08170812399300076980;08;3;36;091;2017;08;15;7;3;6;4;0;1;1;0;0;0;0;394589,956499999970000;5271869,017300000400000;7,597927292000065;47,591660818000037
154067;08170812337200100960;08;3;37;125;2017;08;23;7;3;0;1;1;0;0;0;0;2;0;447067,733100000010000;5273259,442499999900000;8,295691836000060;47,610578804000056
154069;08170812335100090840;08;3;35;043;2017;08;20;7;3;0;7;1;0;0;0;0;0;0;513203,811200000000000;5279051,506900000400000;9,175868994000041;47,664721698000051
154070;08170812327200087210;08;3;27;049;2017;08;11;7;3;6;7;0;1;1;0;0;0;0;472643,602799999990000;5324501,875799999600000;8,632750036000061;48,073204444000055
154071;08170812325010098480;08;3;25;049;2017;08;09;7;1;0;1;1;0;0;0;0;0;0;471989,024399999990000;5336096,609400000400000;8,623200537000059;48,177491472000042
154072;08170812317500078630;08;3;17;034;2017;08;13;7;3;5;3;1;1;0;0;0;0;0;425233,647999999990000;5362896,231999999800000;7,989577521000058;48,414781181000080
154073;08170812316200078730;08;3;16;056;2017;08;17;7;3;5;2;1;1;0;0;0;0;0;422258,969700000020000;5327034,995299999600000;7,955971746000046;48,091839163000031
154074;08170812311010076390;08;3;11;000;2017;08;22;7;3;5;2;1;0;0;0;0;2;0;413810,595199999980000;5315869,884899999900000;7,844784460000028;47,990319079000074
154078;08170812221200076660;08;2;21;000;2017;08;09;7;3;3;2;1;1;0;0;0;0;1;476570,575399999970000;5472428,996100000100000;8,677053447000048;49,404096561000074