OBJECTID;UIDENTSTLA;ULAND;UREGBEZ;UKREIS;UGEMEINDE;UJAHR;UMONAT;USTUNDE;UWOCHENTAG;UKATEGORIE;UART;UTYP1;IstRad;IstPKW;IstFuss;IstKrad;IstSonstig;LICHT;STRZUSTAND;LINREFX;LINREFY;XGCSWGS84;YGCSWGS84
154079;08170812216100077180;08;2;16;043;2017;08;18;7;3;0;7;1;0;0;0;0;0;0;441918,020699999990000;5411319,001000000200000;8,208244816000047;48,852119325000047
154084;08170812135200133080;08;1;35;019;2017;08;13;7;3;5;3;1;1;0;0;0;0;0;584397,656700000050000;5391763,702899999900000;10,146408101000077;48,673214313000074
154088;08170812116400089340;08;1;16;070;2017;08;19;7;3;1;6;1;0;0;0;1;0;0;537282,735600000010000;5386733,399000000200000;9,506016240000065;48,632553824000070
154089;08170812111500076500;08;1;11;000;2017;08;22;7;3;0;7;1;0;0;0;0;2;1;515513,342200000010000;5403572,669800000300000;9,211189824000030;48,784959188000073
154091;08170811436300090970;08;4;36;085;2017;08;17;6;3;0;2;1;1;0;0;0;0;1;560453,434200000020000;5293955,290000000000000;9,807243667000023;47,796116423000058
154092;08170811426113073140;08;4;26;087;2017;08;12;6;2;0;1;1;0;0;0;0;0;0;570501,681499999950000;5324827,210300000400000;9,946456981000040;48,072820414000034
154093;08170811416010077320;08;4;16;031;2017;08;23;6;3;0;7;1;0;0;0;0;2;1;502564,826699999980000;5363163,070600000200000;9,034666531000028;48,421613042000047
154099;08170811335010147900;08;3;35;075;2017;08;11;6;2;5;3;1;0;0;0;1;0;0;489042,022500000020000;5289251,853600000000000;8,853787939000029;47,756542429000035
154100;08170811317300074850;08;3;17;065;2017;08;18;6;3;8;1;1;0;0;0;0;0;1;414029,486900000020000;5353376,088999999700000;7,840136824000069;48,327720724000073
154103;08170811311400104150;08;3;15;050;2017;08;09;6;3;5;3;1;0;0;0;1;0;0;399947,995999999980000;5303099,453300000200000;7,661996863000070;47,873432597000033
154107;08170811221400100580;08;2;21;000;2017;08;11;6;3;3;6;1;1;0;0;0;0;1;477266,310100000000000;5470193,801699999700000;8,686771036000039;49,384017675000052
154110;08170811215402073970;08;2;15;009;2017;08;07;6;3;6;4;0;1;1;0;0;0;0;470202,094800000020000;5441477,811300000200000;8,591578001000073;49,125413031000051
154111;08170811212302074070;08;2;12;000;2017;08;23;6;3;0;1;1;0;0;0;0;2;1;457319,206499999970000;5428572,212299999800000;8,416369375000045;49,008566960000053
154115;08170811118010079170;08;1;15;028;2017;08;16;6;2;5;3;1;1;0;0;0;0;1;500997,662799999990000;5404792,338800000000000;9,013584624000032;48,796123940000030
154118;08170811111500091080;08;1;11;000;2017;08;18;6;3;5;3;1;0;0;0;0;0;1;512827,194800000000000;5402177,236600000400000;9,174578798000027;48,772467181000081
154121;08170810335100096250;08;3;35;043;2017;08;09;5;3;0;1;1;0;0;0;0;0;1;513352,582400000010000;5278120,689199999900000;9,177822109000033;47,656343445000061
154122;08170810311100100260;08;3;15;015;2017;08;17;5;3;0;1;1;0;0;0;0;0;0;394331,255599999970000;5321992,319799999700000;7,582264504000023;48,042464844000051
154123;08170810311010070660;08;3;11;000;2017;08;08;5;3;5;3;1;1;0;0;0;0;1;414099,732699999990000;5318058,051199999600000;7,848220916000059;48,010041343000069
154124;08170810311010070570;08;3;11;000;2017;08;07;5;3;6;7;1;0;1;0;0;0;1;414245,786000000020000;5319470,521999999900000;7,849896270000045;48,022766624000042
154125;08170810299200087280;08;2;12;000;2017;08;16;5;2;5;3;1;1;0;0;0;0;1;454935,043799999980000;5428822,145800000100000;8,383741759000031;49,010645631000045
154137;08170810121200084400;08;1;21;000;2017;08;05;5;3;0;2;1;0;0;0;0;1;1;515894,292699999990000;5442019,338899999900000;9,217876948000026;49,130801115000054
154138;08170810121200071990;08;1;21;000;2017;08;18;5;3;5;3;1;1;0;0;0;0;1;516254,084500000000000;5442639,730800000000000;9,222833902000048;49,136372339000047
154141;08170810111500100190;08;1;11;000;2017;08;12;5;2;0;4;0;0;1;0;1;0;1;514347,661000000020000;5404030,372600000400000;9,195336983000061;48,789104619000057
154142;08170810111500098520;08;1;11;000;2017;08;14;5;3;6;4;0;1;1;0;0;0;1;513112,208500000010000;5404249,735700000100000;9,178523940000048;48,791105266000045
154143;08170810111500070640;08;1;11;000;2017;08;18;5;3;6;4;0;1;1;0;0;0;1;512700,890200000020000;5402204,448099999700000;9,172860635000063;48,772714565000058
154146;08170809435010072240;08;4;37;104;2017;08;14;4;2;6;7;0;0;1;0;1;0;0;517729,003199999980000;5326948,199099999900000;9,238108631000046;48,095554341000081
154148;08170809416010090160;08;4;16;041;2017;08;17;4;3;6;4;0;1;1;0;0;0;0;504116,377500000000000;5373686,367300000000000;9,055741071000057;48,516277080000066
154150;08170809335300081980;08;3;35;075;2017;08;16;4;3;0;1;1;0;0;0;0;0;0;488426,305799999970000;5290359,258100000200000;8,845542984000076;47,766495574000032
154151;08170809327200071390;08;3;27;005;2017;08;16;4;3;5;3;1;1;0;0;0;0;0;482448,219400000000000;5323608,035600000100000;8,764408780000053;48,065507849000028
154152;08170809326400068350;08;3;26;074;2017;08;07;4;3;6;7;0;1;1;0;0;0;0;459734,134800000000000;5323075,732900000200000;8,459586037000065;48,059689328000047
154154;08170809317500097340;08;3;17;151;2017;08;21;4;3;0;7;1;0;0;0;0;2;1;408845,440500000030000;5365939,061800000300000;7,767487500000073;48,439992007000058
154155;08170809317500070870;08;3;17;096;2017;08;17;4;3;8;1;1;0;0;0;0;0;0;422186,165700000010000;5369197,171299999600000;7,947228974000041;48,471088963000057
154157;08170809317300084970;08;3;17;065;2017;08;17;4;3;5;3;1;1;0;0;0;0;0;414720,803200000020000;5354623,987300000200000;7,849209102000032;48,339039039000056
154160;08170809235118081350;08;2;35;079;2017;08;12;4;2;6;4;0;1;1;0;0;0;0;468592,311200000000000;5402534,825100000000000;8,572517565000055;48,775023490000081
154162;08170809226600071450;08;2;26;096;2017;08;11;4;3;6;4;0;0;1;0;1;0;0;476126,677000000030000;5488746,752999999600000;8,669950065000023;49,550852968000072
154164;08170809215102068380;08;2;12;000;2017;08;06;4;3;5;3;1;0;0;0;0;0;0;454723,915700000010000;5432632,738099999700000;8,380429343000060;49,044906632000050
154165;08170809212502068900;08;2;12;000;2017;08;11;4;3;6;7;1;0;1;0;0;0;0;454062,242299999980000;5428499,004599999600000;8,371843608000063;49,007674597000062
154166;08170809212502068410;08;2;12;000;2017;08;07;4;3;5;3;1;1;0;0;0;0;0;453145,364300000020000;5430196,853199999800000;8,359110929000053;49,022877863000076
154169;08170809119400089320;08;1;19;091;2017;08;19;4;3;0;2;1;1;0;0;0;0;0;528526,998400000040000;5406627,019200000000000;9,388559219000058;48,811974529000054
154179;08170808436200066780;08;4;36;064;2017;08;18;3;3;5;2;1;1;0;0;0;0;1;545421,915400000060000;5290029,197800000200000;9,606128389000048;47,762029276000078
154180;08170808435211064510;08;4;35;066;2017;08;09;3;3;5;3;1;0;0;0;0;0;0;517210,713300000000000;5285883,604299999800000;9,229508377000059;47,726099925000028
154183;08170808435200065010;08;4;35;036;2017;08;14;3;3;0;1;1;0;0;0;0;0;1;520185,051700000010000;5282308,423499999600000;9,269005785000047;47,693845901000032
154184;08170808421200080410;08;4;21;000;2017;08;17;3;3;5;3;1;1;0;0;0;0;1;573496,936299999940000;5361683,326299999800000;9,993057320000048;48,404020219000074
154187;08170808335100078460;08;3;35;043;2017;08;09;3;3;0;1;1;0;0;0;0;0;0;511357,244499999970000;5280124,071700000200000;9,151301517000036;47,674407352000060
154188;08170808327100125530;08;3;27;050;2017;08;00;3;3;6;4;0;1;1;0;0;2;0;486048,541099999970000;5314466,316300000100000;8,813031978000026;47,983347800000047
154189;08170808317500092050;08;3;17;096;2017;08;09;3;3;5;3;1;1;0;0;0;0;0;420515,431999999970000;5370042,740100000100000;7,924468363000074;48,478485771000067
154190;08170808317300065120;08;3;17;065;2017;08;13;3;3;5;2;1;1;0;0;0;0;0;417128,858300000020000;5354942,280199999900000;7,881635180000046;48,342222538000044
154191;08170808311300135500;08;3;11;000;2017;08;09;3;2;8;1;1;0;0;0;0;0;1;413571,761899999980000;5315552,507299999700000;7,841647896000040;47,987431917000038
154192;08170808311010086260;08;3;11;000;2017;08;23;3;3;5;2;1;1;0;0;0;2;0;414529,750300000010000;5316023,565399999700000;7,854390850000073;47,991798020000033
154195;08170808311010073080;08;3;11;000;2017;08;04;3;3;2;6;1;1;0;0;0;2;0;414118,499699999990000;5316220,280600000200000;7,848840399000039;47,993512447000057
154197;08170808235010097470;08;2;31;000;2017;08;17;3;2;6;7;0;1;1;0;0;0;0;475485,783300000010000;5416552,618800000300000;8,665502468000057;48,901433397000062
154199;08170808222014067010;08;2;22;000;2017;08;12;3;3;5;7;1;1;0;0;0;0;0;461830,139700000000000;5481951,911000000300000;8,472964107000053;49,489004816000033
154201;08170808221000085860;08;2;26;012;2017;08;17;3;2;3;5;1;1;0;0;0;0;0;476273,923200000020000;5477436,942699999500000;8,672664974000043;49,449130556000057
154203;08170808212302109700;08;2;12;000;2017;08;13;3;3;0;3;1;1;0;0;0;0;0;455998,708300000000000;5428950,401600000400000;8,398272499000029;49,011876070000028
154204;08170808212302068720;08;2;12;000;2017;08;15;3;3;6;4;1;0;1;0;0;0;0;455911,215900000010000;5428522,201399999700000;8,397122597000021;49,008018120000031
154206;08170808135010067930;08;1;35;019;2017;08;12;3;3;0;1;1;0;0;0;1;0;0;585255,396799999990000;5391847,110200000000000;10,158073862000037;48,673847979000072
154210;08170808116010087080;08;1;16;035;2017;08;09;3;2;5;3;1;1;0;0;0;0;0;526756,422900000010000;5391635,388000000300000;9,363469346000045;48,677191049000044
154211;08170808116010079930;08;1;16;019;2017;08;20;3;3;0;7;1;0;0;0;0;1;0;524644,626099999990000;5397654,105700000200000;9,335141744000055;48,731421927000042
154213;08170824335010113250;08;4;35;018;2017;08;08;5;2;0;7;1;0;0;0;0;0;0;523854,271000000010000;5280090,939299999700000;9,317783481000049;47,673768931000041
154216;08170824317100111950;08;3;17;001;2017;08;08;5;3;4;6;1;0;0;0;0;0;0;432193,986199999980000;5387255,629499999800000;8,079667339000025;48,634686451000050
154218;08170824311100111430;08;3;15;013;2017;08;20;5;3;5;3;1;1;0;0;0;0;0;404411,759599999990000;5324531,185300000000000;7,716908216000036;48,066890697000076
154219;08170824311010132360;08;3;11;000;2017;08;12;5;3;2;6;1;0;0;0;0;0;0;413032,025900000010000;5317921,156700000200000;7,833935566000037;48,008665522000058
154220;08170824235010139220;08;2;31;000;2017;08;17;5;2;6;4;0;1;1;0;0;0;0;476761,905199999980000;5415361,781499999600000;8,682982664000065;48,890770242000031
154221;08170824235010111370;08;2;31;000;2017;08;10;5;3;6;4;0;1;1;0;0;0;0;478760,552299999980000;5415987,472600000000000;8,710215576000053;48,896470481000051
154223;08170824226700120510;08;2;26;103;2017;08;18;5;3;5;3;1;1;0;0;0;0;0;470167,417599999990000;5458027,230000000400000;8,589873609000051;49,274274586000047
154224;08170824226400114240;08;2;26;105;2017;08;18;5;3;5;3;1;1;0;0;0;0;0;469964,612599999990000;5479699,754300000100000;8,585449541000060;49,469204673000036
154225;08170824225100113950;08;2;25;058;2017;08;14;5;3;4;2;1;1;0;0;0;0;0;510350,161700000000000;5466441,163900000000000;9,142509724000036;49,350599002000081
154226;08170824222800120970;08;2;22;000;2017;08;17;5;2;5;3;1;1;0;0;0;0;0;460018,376600000020000;5489591,056499999900000;8,447174985000061;49,557597515000054
154227;08170824222400111640;08;2;26;028;2017;08;08;5;3;1;5;1;1;0;0;0;0;0;470954,372700000010000;5483333,497999999700000;8,598842964000028;49,501937025000075
154230;08170824215402114870;08;2;15;009;2017;08;15;5;3;0;7;1;0;1;0;0;0;0;470462,103500000030000;5441041,743499999900000;8,595173621000072;49,121503066000059
154231;08170824212502154950;08;2;12;000;2017;08;00;5;3;5;3;1;1;0;0;0;2;0;451769,434799999990000;5428066,185399999800000;8,340545120000058;49,003606452000042
154233;08170824128100141220;08;1;28;007;2017;08;19;5;3;4;6;1;1;0;0;0;0;0;556112,785999999960000;5482508,447999999900000;9,774844419000033;49,492616396000074
154234;08170824127100111930;08;1;27;100;2017;08;23;5;3;0;1;1;0;0;0;0;2;0;553905,925999999980000;5433593,071999999700000;9,737782201000073;49,052850264000028
154236;08170824119300138500;08;1;19;076;2017;08;16;5;2;6;6;0;1;1;0;0;0;0;541931,906199999970000;5406106,541600000100000;9,571083030000068;48,806532579000077
154238;08170824111500127640;08;1;11;000;2017;08;16;5;3;6;4;1;0;1;0;0;0;0;512933,065200000010000;5402706,654099999900000;9,176036344000067;48,777227591000042
154239;08170824111500123870;08;1;11;000;2017;08;16;5;2;6;4;0;1;1;0;0;0;0;511625,778899999980000;5402234,487300000200000;9,158229151000057;48,773005812000065
154243;08170823435200125650;08;4;35;059;2017;08;17;4;3;5;3;1;1;0;0;0;0;0;516154,821699999970000;5290622,417799999900000;9,215603966000060;47,768764796000028
154246;08170823335010110820;08;4;36;049;2017;08;15;4;2;1;2;1;1;0;0;0;0;0;575182,804099999950000;5289476,765700000300000;10,003123734000042;47,754275367000048
154251;08170823311010111340;08;3;11;000;2017;08;15;4;3;4;6;1;0;0;0;0;0;0;412911,088999999980000;5316927,174999999800000;7,832516204000058;47,999707879000027
154253;08170823299200159410;08;2;12;000;2017;08;20;4;3;5;2;1;0;0;0;0;0;0;455673,131400000010000;5426227,324599999900000;8,394117608000045;48,987358380000046
154255;08170823299200151180;08;2;12;000;2017;08;10;4;3;0;2;1;0;0;0;1;0;0;455528,451799999980000;5427953,372000000400000;8,391951227000050;49,002873977000036
154257;08170823299200110760;08;2;15;009;2017;08;08;4;2;5;3;1;1;0;0;0;0;0;470298,029400000000000;5441346,015200000300000;8,592902589000062;49,124232144000075
154258;08170823299200109130;08;2;15;009;2017;08;15;4;3;1;5;1;1;0;0;0;0;0;474014,558000000020000;5438802,076100000200000;8,644004281000036;49,101517108000053
154262;08170823226600108470;08;2;26;031;2017;08;11;4;3;5;3;1;1;0;0;0;0;0;474380,320699999980000;5492978,666100000000000;8,645531548000065;49,588845758000048
154263;08170823226500125140;08;2;26;091;2017;08;16;4;3;2;6;1;1;0;0;0;0;0;494161,824000000020000;5460859,935999999800000;8,919696684000030;49,300455206000038
154265;08170823222700110800;08;2;22;000;2017;08;16;4;3;0;7;1;0;0;0;0;0;0;462453,023099999990000;5480851,863500000000000;8,481668747000072;49,479149312000061
154266;08170823222600134870;08;2;22;000;2017;08;14;4;3;0;7;1;0;0;0;0;0;0;461810,082899999980000;5483139,234600000100000;8,472572438000043;49,499682891000077
154267;08170823222500108580;08;2;22;000;2017;08;10;4;3;6;7;0;1;1;0;0;0;0;461470,818499999990000;5480768,438799999700000;8,468118271000037;49,478337400000044
154269;08170823221410109720;08;2;26;018;2017;08;14;4;3;2;6;1;1;0;0;0;0;0;473053,534900000030000;5472787,359500000300000;8,628551942000058;49,407174407000070
154270;08170823212010151130;08;2;12;000;2017;08;18;4;3;5;2;1;1;0;0;0;0;0;459975,611399999990000;5427165,878800000100000;8,452830706000043;48,996094715000027
154271;08170823199200128800;08;1;18;046;2017;08;16;4;3;0;7;1;0;0;0;0;0;0;513154,739300000020000;5411445,453599999700000;9,179333804000066;48,855835961000025
154272;08170823135010107020;08;1;35;019;2017;08;07;4;2;9;7;1;0;0;0;1;0;0;584129,370299999950000;5391195,018500000200000;10,142648940000072;48,668135576000054
154276;08170823119200133520;08;1;19;020;2017;08;08;4;3;6;7;0;1;1;0;0;0;0;518780,197600000010000;5410030,759100000400000;9,255958087000067;48,842964921000032
154277;08170823117400122410;08;1;17;003;2017;08;17;4;2;5;3;1;1;0;0;0;0;0;541403,516799999980000;5393192,893000000200000;9,562588791000053;48,690402301000063
154279;08170823115100134700;08;1;15;003;2017;08;08;4;3;5;2;1;1;0;0;0;0;0;499134,700599999980000;5392189,386300000400000;8,988244163000047;48,682747663000043
154280;08170823111500122500;08;1;11;000;2017;08;13;4;2;6;4;0;1;1;0;0;0;0;515448,546500000000000;5406167,049200000200000;9,210405320000064;48,808299513000065
154282;08170822436200112210;08;4;36;064;2017;08;09;3;3;0;7;1;0;0;0;0;0;0;545020,565900000050000;5292064,753600000400000;9,600983894000024;47,780371435000063
154283;08170822435200107510;08;4;35;066;2017;08;19;3;3;8;1;1;0;0;0;0;0;0;519714,013299999990000;5287263,214599999600000;9,262952535000068;47,738441374000047
154284;08170822426010104940;08;4;26;108;2017;08;15;3;3;5;3;1;0;0;0;1;0;0;571682,207599999970000;5340029,243900000100000;9,964862280000034;48,209441595000044
154285;08170822416010104260;08;4;15;050;2017;08;09;3;3;6;7;0;0;1;0;1;0;0;520472,069699999990000;5376730,581199999900000;9,277366185000062;48,543343300000060
154288;08170822317200129470;08;3;17;057;2017;08;19;3;3;0;7;1;0;0;0;0;0;0;413877,776399999970000;5379429,625799999600000;7,832732209000028;48,562041913000030
154290;08170822316200108050;08;3;16;056;2017;08;16;3;3;3;6;1;0;0;0;0;0;0;421713,236500000000000;5326976,458999999800000;7,948654795000039;48,091245785000069
154291;08170822311200105840;08;3;11;000;2017;08;19;3;3;5;3;1;0;0;1;0;1;0;414230,412000000010000;5316062,260999999900000;7,850371741000060;47,992106021000041
154293;08170822311010106690;08;3;11;000;2017;08;18;3;2;0;1;1;0;0;0;0;0;0;415230,200100000020000;5320453,622600000400000;7,862901630000067;48,031741379000039
154294;08170822311010102540;08;3;11;000;2017;08;00;3;2;0;1;1;0;0;0;0;2;0;411446,606800000010000;5318075,092899999600000;7,812651204000076;48,009832498000037
154295;08170822231102118270;08;2;36;040;2017;08;18;3;3;5;3;1;0;0;0;0;0;0;485791,000899999980000;5420476,757500000300000;8,805979777000061;48,937055859000054
154296;08170822226200104480;08;2;26;032;2017;08;14;3;3;5;3;1;1;0;0;0;0;0;467347,398099999990000;5463262,451600000300000;8,550678428000026;49,321220636000078
154297;08170822222601103650;08;2;22;000;2017;08;07;3;3;6;4;0;1;1;0;0;0;0;462097,014199999980000;5484102,579800000400000;8,476442522000070;49,508365650000030
154300;08170822216300104660;08;2;16;017;2017;08;12;3;3;0;7;1;0;0;0;0;0;0;451260,406800000000000;5401810,313000000100000;8,336716649000039;48,767389912000056
154301;08170822215501106450;08;2;15;106;2017;08;17;3;3;5;3;1;1;0;0;0;0;0;465489,299000000000000;5451286,119699999700000;8,526143437000030;49,213392627000076
154302;08170822212502151150;08;2;12;000;2017;08;12;3;3;5;3;1;1;0;0;0;0;0;454431,809000000010000;5428530,394600000200000;8,376893253000048;49,007984351000061
154303;08170822212102133770;08;2;12;000;2017;08;18;3;3;0;6;1;1;0;0;0;0;0;463107,001099999990000;5429711,531999999700000;8,495406467000066;49,019188584000062
154305;08170822211010133670;08;2;16;015;2017;08;14;3;2;9;1;1;0;0;0;0;0;0;450079,169400000010000;5405985,584800000300000;8,320135519000075;48,804854179000074
154309;08170822119200106890;08;1;19;020;2017;08;16;3;3;5;3;1;1;0;0;0;0;0;519839,846399999980000;5405961,780500000300000;9,270203182000046;48,806328273000076
154310;08170822118300119540;08;1;18;003;2017;08;16;3;3;4;6;1;0;0;0;0;0;0;511283,336100000010000;5416705,621700000000000;9,153966912000044;48,903192097000044
154311;08170822118100135480;08;1;18;079;2017;08;18;3;3;6;4;0;1;1;0;0;0;0;507391,815000000000000;5421579,406000000400000;9,100953555000046;48,947093963000043
154315;08170822115100105600;08;1;15;003;2017;08;06;3;3;0;7;1;0;0;0;0;0;0;500580,290600000010000;5390284,988500000000000;9,007881074000068;48,665615788000025
154316;08170822111250108810;08;1;11;000;2017;08;18;3;3;6;4;0;1;1;0;0;0;0;514382,999200000020000;5404062,439799999800000;9,195819216000075;48,789392276000058
154317;08170822111130105780;08;1;11;000;2017;08;10;3;2;4;7;1;1;0;0;0;0;0;510990,246800000020000;5401384,860100000200000;9,149556765000057;48,765374161000068
154318;08170821437200102390;08;4;37;031;2017;08;20;2;2;8;1;1;0;0;0;0;1;0;515043,186400000010000;5346440,070200000000000;9,202727461000052;48,270988718000069
154319;08170821436200130400;08;4;36;064;2017;08;18;2;3;5;3;1;1;0;0;0;0;0;546715,378400000050000;5288694,931099999700000;9,623244468000053;47,749932379000029
154321;08170821416010104530;08;4;16;011;2017;08;14;2;2;0;1;1;0;0;0;0;0;0;504266,111900000020000;5367022,302699999900000;9,057700618000069;48,456323369000074
154322;08170821335100140970;08;3;35;043;2017;08;15;2;3;0;7;1;0;0;0;0;0;0;512817,583900000030000;5280096,844899999900000;9,170755315000065;47,674135072000070
154323;08170821317600105820;08;3;17;040;2017;08;16;2;3;5;3;1;1;0;0;0;0;0;432894,615200000000000;5347555,193699999700000;8,095541923000042;48,277643135000062
154325;08170821317000128900;08;3;17;040;2017;08;20;2;2;0;7;1;0;0;0;0;2;0;432444,190000000000000;5347854,656600000300000;8,089423931000056;48,280289083000071
154326;08170821317000120900;08;3;17;057;2017;08;00;2;2;4;6;1;0;0;0;0;2;0;414958,961499999980000;5379767,775799999900000;7,847313950000057;48,565231008000069
154327;08170821311400103750;08;3;15;074;2017;08;12;2;3;1;1;1;1;0;0;0;0;0;396089,095900000010000;5296086,857099999700000;7,612090678000072;47,809742886000038
154329;08170821311300102490;08;3;11;000;2017;08;00;2;3;3;5;1;1;0;0;0;2;0;411692,882500000010000;5316082,712299999800000;7,816362704000028;47,991944590000060
154337;08170821221400105030;08;2;26;018;2017;08;18;2;3;0;7;1;0;0;0;0;0;0;473364,316799999970000;5471132,373399999900000;8,632946840000045;49,392301811000038
154338;08170821221000103440;08;2;21;000;2017;08;07;2;3;0;4;0;0;1;1;0;0;0;476443,027699999980000;5469616,415099999900000;8,675462092000032;49,378792867000072
154339;08170821221000101720;08;2;26;041;2017;08;17;2;3;5;2;1;1;0;0;0;0;0;477428,715000000030000;5466552,646700000400000;8,689215162000039;49,351271860000054
154342;08170821212202151020;08;2;12;000;2017;08;07;2;3;0;3;1;1;0;0;0;0;0;458324,366900000020000;5429156,554700000200000;8,430053537000049;49,013891911000030
154343;08170821211100132740;08;2;11;000;2017;08;13;2;3;5;3;1;1;0;0;0;0;0;440627,722899999990000;5404410,930100000500000;8,191657602000021;48,789859109000076
154344;08170821136300102130;08;1;36;065;2017;08;19;2;3;0;1;1;0;0;0;0;0;0;560443,279899999960000;5405042,547199999900000;9,823015269000052;48,795437336000077
154345;08170821126010120350;08;1;25;026;2017;08;22;2;2;0;7;1;0;0;0;0;2;0;493680,813700000000000;5442792,112599999600000;8,913365006000049;49,137925597000049
154346;08170821121500102330;08;1;25;065;2017;08;10;2;3;5;3;1;1;0;0;0;0;0;516308,071000000000000;5447437,485000000300000;9,223768354000072;49,179528149000078
154348;08170821118500129810;08;1;18;070;2017;08;20;2;3;5;2;1;1;0;0;0;1;0;521079,162399999970000;5425303,337299999800000;9,288079424000046;48,980277744000034
154353;08170821111500135600;08;1;11;000;2017;08;18;2;3;5;3;1;1;0;0;0;0;0;516045,271000000010000;5405240,285600000100000;9,218496278000032;48,799947358000054
154357;08170820416010099990;08;4;16;031;2017;08;17;1;3;2;6;1;1;0;0;0;0;0;502213,019700000000000;5362665,960000000000000;9,029908839000029;48,417142107000075
154359;08170820337200100720;08;3;37;060;2017;08;12;1;2;5;3;1;1;0;0;0;0;0;468487,994000000010000;5277797,436499999800000;8,580369067000049;47,652805311000066
154360;08170820317500131370;08;3;17;096;2017;08;17;1;3;5;2;1;1;0;0;0;0;0;422481,824499999990000;5368887,451600000300000;7,951285760000076;48,468339569000079
154361;08170820311400102290;08;3;15;074;2017;08;15;1;3;3;2;1;1;0;0;0;0;0;398846,236700000010000;5295616,648299999500000;7,649016029000052;47,805952655000056
154362;08170820216200118380;08;2;11;000;2017;08;13;1;3;4;6;1;1;0;0;0;0;0;439247,503499999990000;5397512,251199999800000;8,173886459000073;48,727671786000030
154364;08170820215402101990;08;2;15;021;2017;08;14;1;3;0;1;1;0;0;0;0;0;0;469787,274600000000000;5444342,570700000000000;8,585677725000039;49,151161761000026
154365;08170820126200109610;08;1;26;066;2017;08;02;1;3;6;7;0;1;1;0;0;2;0;536663,135099999960000;5450004,601800000300000;9,503292840000029;49,201740425000025
154367;08170820119100099300;08;1;19;087;2017;08;10;1;3;0;6;1;0;0;0;0;0;0;528923,637899999970000;5425323,671900000400000;9,395285478000062;48,980143163000037
154368;08170820118400101700;08;1;18;048;2017;08;14;1;3;0;7;1;1;0;0;0;0;0;513118,706599999980000;5416168,878399999800000;9,178994123000052;48,898327545000029
154369;08170820117100142120;08;1;17;019;2017;08;11;1;3;5;3;1;0;0;1;0;0;0;551812,888999999970000;5394571,054800000000000;9,704193654000051;48,702021961000071
154372;08170820111130136260;08;1;11;000;2017;08;12;1;3;0;1;1;0;0;0;0;0;0;513989,031100000020000;5403422,075500000300000;9,190433719000055;48,783640609000031
154373;08170819436200260110;08;4;36;064;2017;08;18;7;3;2;6;1;1;0;0;0;0;0;546216,737899999950000;5293170,910899999600000;9,617068546000041;47,790238823000038
154376;08170819327100128090;08;3;27;050;2017;08;17;7;2;5;3;1;1;0;0;0;0;0;486503,130400000020000;5314304,731700000400000;8,819129123000039;47,981903751000061
154377;08170819325010099480;08;3;26;074;2017;08;19;7;2;6;7;1;0;1;0;0;0;0;459913,554200000010000;5323053,227099999800000;8,461996050000039;48,059498150000081
154378;08170819311010095850;08;3;11;000;2017;08;07;7;3;0;7;1;0;0;0;0;0;0;411968,570000000010000;5315909,099999999600000;7,820092714000055;47,990420910000068
154379;08170819299200150970;08;2;12;000;2017;08;12;7;3;6;6;1;0;1;0;0;0;0;455960,759299999980000;5427573,032200000200000;8,397902963000036;48,999483773000065
154384;08170819221300103980;08;2;21;000;2017;08;05;7;3;5;3;1;1;0;0;0;2;1;477470,346900000000000;5474335,136199999600000;8,689347342000076;49,421275956000045
154385;08170819216100096930;08;2;16;009;2017;08;11;7;3;0;1;1;0;0;0;0;0;0;445439,933000000020000;5421237,046799999700000;8,254925272000037;48,941652000000033
154387;08170819215102125160;08;2;15;109;2017;08;18;7;3;5;3;1;1;0;0;0;0;0;460614,616500000000000;5432860,312500000000000;8,461013207000065;49,047358292000069
154388;08170819128010105020;08;1;28;007;2017;08;18;7;2;5;3;1;1;0;0;0;0;0;554434,753099999970000;5485037,560600000400000;9,752023673000053;49,515516239000078
154390;08170819116200124330;08;1;16;077;2017;08;11;7;3;6;7;0;1;1;0;0;0;0;517919,813000000020000;5390577,638000000300000;9,243385076000038;48,667991667000081
154393;08170819111500099550;08;1;11;000;2017;08;16;7;2;4;6;0;1;1;0;0;0;0;513298,591599999990000;5401582,118499999900000;9,180975260000025;48,767103642000052
154395;08170819111250096980;08;1;11;000;2017;08;20;7;2;0;7;1;0;0;0;0;0;0;515439,341599999990000;5403605,563400000300000;9,210183664000056;48,785256937000042
154402;08170818335300096890;08;3;35;063;2017;08;16;6;3;1;5;1;1;0;0;0;0;0;498613,987900000010000;5287795,268600000100000;8,981511082000054;47,743528328000082
154403;08170818335300095710;08;3;35;075;2017;08;19;6;3;6;4;0;1;1;0;0;1;1;487881,581499999970000;5289578,784000000000000;8,838295146000064;47,759463226000037
154404;08170818335100124580;08;3;35;002;2017;08;18;6;3;5;3;1;0;0;1;0;0;0;507399,510000000010000;5283831,290000000000000;9,098639452000043;47,707821054000078