OBJECTID;UIDENTSTLA;ULAND;UREGBEZ;UKREIS;UGEMEINDE;UJAHR;UMONAT;USTUNDE;UWOCHENTAG;UKATEGORIE;UART;UTYP1;IstRad;IstPKW;IstFuss;IstKrad;IstSonstig;LICHT;STRZUSTAND;LINREFX;LINREFY;XGCSWGS84;YGCSWGS84
154407;08170818311100108670;08;3;15;015;2017;08;10;6;3;0;1;1;0;0;0;0;0;0;393839,400199999970000;5320591,517699999700000;7,576014769000040;48,029783934000079
154408;08170818311010095170;08;3;11;000;2017;08;17;6;3;6;6;1;0;1;0;0;0;1;413178,112800000000000;5316768,278199999600000;7,836127219000048;47,998314871000048
154409;08170818299200150950;08;2;12;000;2017;08;13;6;3;1;5;1;1;0;0;0;0;0;461018,940100000010000;5427541,379400000000000;8,467057255000043;48,999539187000039
154410;08170818299200150860;08;2;12;000;2017;08;13;6;3;5;3;1;1;0;0;0;0;0;460749,914400000010000;5427728,906800000000000;8,463361225000028;49,001208990000066
154411;08170818235010095650;08;2;31;000;2017;08;22;6;3;6;4;0;0;1;1;0;2;0;477352,188100000030000;5415266,139399999800000;8,691040563000058;48,889931734000072
154413;08170818222200121400;08;2;22;000;2017;08;19;6;3;5;3;1;1;0;0;0;0;1;461242,994699999980000;5482084,512799999700000;8,464844385000049;49,490160280000055
154415;08170818221000093480;08;2;21;000;2017;08;14;6;3;5;3;1;0;0;0;0;0;0;477908,224800000030000;5472946,764200000100000;8,695462255000052;49,408803835000072
154417;08170818212702117730;08;2;15;017;2017;08;12;6;3;0;1;1;0;0;0;0;0;0;456011,311500000010000;5421499,310499999700000;8,399250874000074;48,944853251000040
154419;08170818136300120330;08;1;36;029;2017;08;16;6;2;0;1;1;0;0;0;0;0;0;569114,825300000030000;5411399,581899999600000;9,942145493000055;48,851713334000067
154422;08170818121600095500;08;1;25;102;2017;08;17;6;3;6;4;0;1;1;0;0;0;0;521353,560400000020000;5444361,395999999700000;9,292835105000052;49,151703103000045
154424;08170818118010101580;08;1;15;048;2017;08;09;6;2;5;3;1;1;0;0;0;0;0;510934,958800000020000;5386935,531000000400000;9,148421739000071;48,635388159000058
154425;08170818118010099870;08;1;18;006;2017;08;12;6;2;9;1;0;1;1;0;1;0;0;517698,772799999980000;5421317,515300000100000;9,241708302000063;48,944529008000075
154426;08170818116500117670;08;1;16;011;2017;08;11;6;3;0;1;1;0;0;0;0;0;0;530142,692599999950000;5379431,397900000200000;9,408581468000023;48,567249888000049
154428;08170818115400095190;08;1;15;045;2017;08;18;6;3;6;4;0;1;1;0;0;0;0;500473,163100000010000;5396594,807000000000000;9,006433377000064;48,722379614000033
154430;08170817436500148580;08;4;36;055;2017;08;10;5;3;5;3;1;0;0;0;1;0;0;575398,634399999980000;5297593,544400000000000;10,007413312000040;47,827269728000033
154431;08170817436500091420;08;4;35;035;2017;08;23;5;3;0;1;1;0;0;0;0;2;0;541935,194200000030000;5283094,723000000200000;9,558934563000037;47,699874825000052
154432;08170817436300136350;08;4;36;081;2017;08;11;5;3;0;6;1;1;0;0;0;0;0;560487,945399999970000;5291183,274600000100000;9,807318195000050;47,771174376000033
154433;08170817435100089520;08;4;35;016;2017;08;11;5;3;0;1;1;0;0;0;0;0;0;534723,358099999950000;5277716,424499999700000;9,462387231000037;47,651912036000056
154434;08170817426100094480;08;4;26;021;2017;08;17;5;3;0;1;1;0;0;0;0;0;0;558905,488299999970000;5327761,712899999700000;9,791204412000070;48,100396515000057
154435;08170817421200130530;08;4;21;000;2017;08;07;5;3;6;4;1;0;1;0;0;0;0;573305,834299999990000;5361421,177799999700000;9,990429852000034;48,401684393000039
154436;08170817421111089980;08;4;25;071;2017;08;11;5;3;5;3;1;1;0;0;0;0;0;552528,822500000010000;5371529,495299999600000;9,711008317000051;48,494690574000060
154439;08170817335300119470;08;3;35;075;2017;08;15;5;3;2;3;0;1;1;0;0;0;0;488626,923699999980000;5289934,952100000300000;8,848231430000055;47,762681441000041
154440;08170817335300094830;08;3;35;075;2017;08;17;5;3;5;2;1;1;0;0;0;0;0;489040,172499999990000;5288354,501600000100000;8,853785873000049;47,748468430000059
154441;08170817335010090800;08;4;35;034;2017;08;16;5;2;6;4;0;1;1;0;0;0;0;530741,390499999980000;5284838,144100000200000;9,409865215000025;47,716190827000048
154444;08170817317000095970;08;3;17;146;2017;08;20;5;2;0;1;1;0;0;0;0;1;0;430495,180999999980000;5354973,070000000300000;8,061984101000064;48,344111710000050
154445;08170817316100091660;08;3;16;020;2017;08;09;5;2;3;7;1;0;0;0;0;0;0;408264,289800000030000;5338559,194600000000000;7,765587763000042;48,193636956000034
154448;08170817311010090000;08;3;11;000;2017;08;10;5;3;3;6;1;0;0;0;0;0;0;414177,403600000020000;5317044,056699999600000;7,849465028000054;48,000930531000051
154452;08170817135010105210;08;1;35;019;2017;08;18;5;2;5;3;1;0;0;0;0;0;0;585580,143000000040000;5390310,730999999700000;10,162166302000060;48,659984921000046
154453;08170817121100094220;08;1;25;026;2017;08;13;5;3;6;4;0;1;1;0;0;0;0;493379,719300000000000;5442759,667000000400000;8,909237590000032;49,137630565000052
154457;08170817111250128690;08;1;11;000;2017;08;17;5;3;6;7;0;1;1;0;0;0;0;518414,034099999990000;5400562,743200000400000;9,250543075000053;48,757803105000050
154459;08170816426010100770;08;4;26;021;2017;08;18;4;2;0;1;1;0;0;0;0;0;0;559583,407299999960000;5327861,124099999700000;9,800323024000022;48,101227784000059
154460;08170816421311087390;08;4;25;028;2017;08;12;4;3;5;3;1;1;0;0;0;0;0;578935,993999999950000;5343521,087000000300000;10,063133954000023;48,239990916000068
154462;08170816421200093570;08;4;21;000;2017;08;20;4;3;5;2;1;1;0;0;0;1;0;573135,543500000030000;5361718,499499999900000;9,988181231000056;48,404378646000055
154463;08170816421100088670;08;4;25;033;2017;08;15;4;2;0;1;1;0;0;0;0;0;0;554193,922999999950000;5348313,443000000000000;9,730548852000027;48,285701302000064
154464;08170816416100088230;08;4;16;036;2017;08;10;4;3;0;7;1;0;0;0;0;0;0;495963,881899999980000;5368911,466400000300000;8,945391895000057;48,473320658000034
154465;08170816337100099730;08;3;37;096;2017;08;05;4;3;5;3;1;1;0;0;0;1;0;420441,764000000020000;5267016,396999999900000;7,942594527000040;47,551692488000072
154472;08170816311010090020;08;3;11;000;2017;08;13;4;3;5;2;1;1;0;0;0;0;0;414771,577999999980000;5319053,838999999700000;7,857029407000027;48,019088782000040
154473;08170816311010088010;08;3;11;000;2017;08;20;4;3;5;2;1;1;0;0;0;0;0;414584,665800000020000;5317323,176500000100000;7,854868065000062;48,003495869000062
154478;08170816235010099880;08;2;35;047;2017;08;19;4;3;5;3;1;1;0;0;0;0;0;476800,875200000010000;5389237,394500000400000;8,684987994000039;48,655761018000078
154479;08170816226700113350;08;2;26;060;2017;08;10;4;3;6;7;0;1;1;0;0;0;0;478037,569900000000000;5463353,406700000200000;8,697774638000055;49,322517048000066
154480;08170816226700087880;08;2;26;065;2017;08;18;4;3;5;3;1;1;0;0;0;0;0;478490,835599999990000;5457575,065100000200000;8,704323025000065;49,270556821000071
154481;08170816222014103540;08;2;22;000;2017;08;09;4;3;5;3;1;1;0;0;0;0;0;465518,337999999990000;5476479,092000000200000;8,524364246000062;49,439999911000029
154482;08170825299200159360;08;2;12;000;2017;08;17;6;3;2;6;1;0;0;0;0;0;0;457488,559799999990000;5428694,239500000100000;8,418672262000030;49,009676301000070
154483;08170824437200111220;08;4;37;104;2017;08;12;5;2;5;3;1;1;0;0;0;0;0;515851,707500000020000;5325861,389800000000000;9,212855526000055;48,085825812000053
154485;08170825235010112940;08;2;31;000;2017;08;09;6;3;1;6;1;1;0;0;0;0;0;477025,477399999970000;5415191,912999999700000;8,686587847000055;48,889251992000027
154486;08170825237100260860;08;2;37;028;2017;08;07;6;3;3;2;1;1;0;0;0;0;0;458238,744899999990000;5368179,667200000000000;8,435063397000022;48,465363510000032
154487;08170824335010119550;08;4;35;016;2017;08;18;5;2;5;2;1;1;0;0;0;1;1;534012,484999999990000;5278344,298000000400000;9,452970183000048;47,657599055000048
154489;08170824335300136340;08;3;35;075;2017;08;16;5;3;5;3;1;1;0;0;0;0;0;487755,112700000000000;5290550,490000000200000;8,836580207000054;47,768203783000047
154490;08170825216300113890;08;2;16;017;2017;08;10;6;3;5;3;1;1;0;0;0;0;0;451910,530900000010000;5402731,483599999900000;8,345455693000076;48,775726774000077
154491;08170825226300139980;08;2;26;056;2017;08;12;6;3;1;1;1;1;0;0;0;0;0;485827,065899999990000;5470675,929300000000000;8,804704579000031;49,388613782000050
154497;08170824421100255970;08;4;25;104;2017;08;11;5;3;6;7;0;1;1;0;0;0;0;551009,251000000050000;5342505,101499999900000;9,686921488000053;48,233713389000059
154498;08170824421200111830;08;4;25;031;2017;08;18;5;3;0;6;1;1;0;0;0;0;0;568588,784300000060000;5369439,761800000400000;9,928020032000063;48,474345022000080
154499;08170825116010143280;08;1;16;007;2017;08;13;6;3;0;3;1;0;0;0;1;0;0;533307,245200000000000;5400883,347900000400000;9,453202306000037;48,760068506000039
154500;08170825116100115060;08;1;16;019;2017;08;18;6;3;6;4;1;0;1;0;0;0;0;522339,453099999980000;5398851,193699999700000;9,303859125000031;48,742277722000040
154501;08170825118100148130;08;1;18;079;2017;08;08;6;3;0;7;1;0;0;0;0;0;0;509077,030900000010000;5421116,705299999600000;9,123958994000077;48,942909216000032
154502;08170825299200151280;08;2;12;000;2017;08;07;6;3;5;3;1;1;0;0;0;0;0;451642,285900000020000;5428847,075799999800000;8,338713727000027;49,010620616000040
154504;08170825119300115220;08;1;19;067;2017;08;13;6;3;5;3;1;1;0;0;0;0;0;539452,177400000040000;5410539,144000000300000;9,537738943000022;48,846568381000054
154505;08170831299200138900;08;2;15;106;2017;08;17;5;3;6;7;0;0;1;0;1;0;0;465161,020599999990000;5452553,954599999800000;8,521526025000071;49,224778172000072
154506;08170831235010146300;08;2;31;000;2017;08;16;5;3;6;4;0;1;1;0;0;0;1;475836,153999999980000;5415232,707399999700000;8,670361284000023;48,889573728000073
154507;08170831226700134000;08;2;26;095;2017;08;17;5;3;0;2;1;1;0;0;0;0;0;475176,679999999990000;5460061,432000000000000;8,658611234000034;49,292796168000052
154509;08170831226100130870;08;2;26;013;2017;08;11;5;2;0;7;1;0;0;0;0;0;1;499422,319800000000000;5479074,520300000000000;8,992027621000034;49,464323343000046
154510;08170831222600134270;08;2;22;000;2017;08;15;5;3;5;3;1;1;0;0;0;0;0;461884,827899999970000;5484691,574099999900000;8,473454840000045;49,513650022000036
154511;08170831222014143610;08;2;22;000;2017;08;18;5;2;5;2;0;1;1;0;0;0;0;461558,835100000030000;5481902,556200000500000;8,469222998000021;49,488543770000035
154512;08170831216100145180;08;2;16;043;2017;08;09;5;3;5;3;1;1;0;0;0;0;1;441193,232299999970000;5411765,086199999800000;8,198301664000042;48,856063579000079
154515;08170831212502169320;08;2;12;000;2017;08;12;5;3;5;3;1;0;0;0;1;0;0;453980,413999999990000;5430592,494500000000000;8,370487323000020;49,026499539000042
154519;08170831128010149270;08;1;28;045;2017;08;17;5;2;5;7;1;1;0;0;0;0;0;553092,926699999950000;5501779,459800000300000;9,735749227000042;49,666211072000067
154523;08170831117200138760;08;1;17;024;2017;08;03;5;3;5;3;1;1;0;0;0;2;1;561656,886300000010000;5386082,429700000200000;9,836705648000077;48,624769871000069
154526;08170831111500139300;08;1;11;000;2017;08;11;5;3;5;3;1;0;0;0;1;0;1;519831,087000000000000;5401038,606999999800000;9,269846344000030;48,762040397000078
154529;08170830417100133870;08;4;17;079;2017;08;11;4;3;6;2;0;1;1;0;0;0;0;502051,302000000030000;5339814,934500000400000;9,027612085000044;48,211559021000028
154530;08170830415300138510;08;4;15;059;2017;08;11;4;3;1;5;1;1;0;0;0;0;0;516661,130899999990000;5368310,272099999700000;9,225397925000038;48,467704294000043
154531;08170830336200144870;08;3;36;069;2017;08;17;4;2;5;3;1;1;0;0;0;0;0;408718,221800000000000;5268490,893699999900000;7,786504800000046;47,563414653000052
154534;08170830335200142220;08;3;35;063;2017;08;16;4;3;0;1;1;0;0;0;0;0;0;498089,613900000000000;5286943,017900000300000;8,974519858000065;47,735858781000047
154535;08170830335200142200;08;3;35;063;2017;08;17;4;3;0;1;1;0;0;0;0;0;0;498326,215800000010000;5287547,180300000100000;8,977673257000049;47,741295448000074
154537;08170830335100148470;08;3;35;043;2017;08;18;4;3;6;4;1;0;1;0;0;0;0;513491,695899999990000;5280918,639600000300000;9,179761158000076;47,681515577000027
154538;08170830325202144420;08;3;25;011;2017;08;17;4;2;0;1;1;0;0;0;0;0;0;473825,537300000030000;5339256,226400000000000;8,647709742000075;48,205995968000082
154539;08170830325102145760;08;3;25;057;2017;08;19;4;3;0;1;1;0;0;0;0;0;0;474366,244100000010000;5357145,175300000200000;8,653901467000026;48,366957268000078
154541;08170830311010127670;08;3;36;084;2017;08;17;4;2;5;3;1;0;0;0;0;0;0;406755,237299999980000;5277470,729399999600000;7,758505123000020;47,643915530000072
154542;08170830299200137870;08;2;15;009;2017;08;12;4;2;5;3;1;1;0;0;0;0;0;469765,131200000000000;5441342,614699999800000;8,585599100000025;49,124175571000080
154543;08170830235200141230;08;2;35;020;2017;08;21;4;2;6;7;0;1;1;0;0;2;0;474952,469400000000000;5383354,137199999800000;8,660245141000075;48,602763632000062
154544;08170830235100137110;08;2;35;085;2017;08;14;4;3;1;7;1;1;0;0;0;0;0;480912,853400000020000;5395322,313900000400000;8,740541287000042;48,710640239000043
154548;08170830222200129140;08;2;22;000;2017;08;12;4;3;5;3;1;1;0;0;0;0;0;461093,761500000020000;5481952,784799999600000;8,462796838000031;49,488965908000068
154550;08170830216100144970;08;2;16;022;2017;08;23;4;3;0;7;1;0;0;0;0;2;1;434622,064499999980000;5404810,088000000500000;8,109838012000068;48,792847088000030
154551;08170830216100140510;08;2;16;043;2017;08;16;4;3;5;5;1;1;0;0;0;0;0;437687,301099999980000;5413742,245400000400000;8,150210419000075;48,873505589000047
154552;08170830215102166070;08;2;12;000;2017;08;16;4;3;5;3;1;0;0;0;0;0;0;460659,583999999970000;5431013,312599999800000;8,461807845000067;49,030747108000071
154553;08170830128010143310;08;1;28;007;2017;08;16;4;2;5;3;1;1;0;0;0;0;0;557300,267200000000000;5482277,318400000200000;9,791206849000048;49,490426633000027
154554;08170830126010144510;08;2;25;058;2017;08;16;4;2;6;4;0;1;1;0;0;0;0;511224,709299999990000;5468062,101599999700000;9,154596880000042;49,365163902000063
154555;08170830117300138590;08;1;17;020;2017;08;07;4;3;5;3;1;1;0;0;0;0;0;549329,005499999970000;5389787,064600000200000;9,669866536000029;48,659188950000043
154556;08170830116010130430;08;1;16;019;2017;08;18;4;3;0;7;0;1;1;0;0;0;0;524543,967999999990000;5397621,382799999800000;9,333770972000025;48,731131529000038
154559;08170830111500126890;08;1;11;000;2017;08;07;4;2;6;4;0;1;1;0;0;0;0;511753,700599999980000;5402984,852800000500000;9,159991633000061;48,779753646000074
154560;08170830111330131740;08;1;11;000;2017;08;18;4;3;5;2;1;1;0;0;0;0;0;510890,515599999980000;5410783,356800000200000;9,148448970000061;48,849923737000040
154563;08170829436300140080;08;4;36;049;2017;08;19;3;3;5;3;1;1;0;0;0;0;0;578052,014899999950000;5283064,940800000000000;10,040250468000067;47,696252782000045
154565;08170829426200126000;08;4;26;070;2017;08;18;3;3;3;6;1;0;0;1;0;0;0;565479,117300000040000;5341981,222900000400000;9,881679200000065;48,227671534000081
154566;08170829426100144980;08;4;26;021;2017;08;18;3;3;5;3;1;0;0;0;0;0;0;558821,517299999950000;5327310,585000000000000;9,790014462000045;48,096345848000055
154567;08170829421300135300;08;4;21;000;2017;08;20;3;3;5;3;1;1;0;0;0;1;0;572095,964000000040000;5355918,513000000300000;9,973141973000054;48,352325846000042
154570;08170829335100144090;08;3;35;043;2017;08;23;3;3;8;1;1;0;0;0;0;2;0;512290,834500000000000;5281682,332600000300000;9,163782656000024;47,688410968000028
154573;08170829325102126320;08;3;25;070;2017;08;18;3;3;5;3;1;1;0;0;0;0;0;457399,923100000010000;5348502,370400000400000;8,425711031000049;48,288287525000044
154574;08170829325010130230;08;4;17;079;2017;08;11;3;2;6;4;0;1;1;0;0;0;0;501016,097499999970000;5344685,799499999700000;9,013689130000046;48,255383818000041
154577;08170829311010126530;08;3;11;000;2017;08;17;3;3;5;3;1;1;0;0;0;0;0;414295,049400000020000;5317006,877999999600000;7,851049282000076;48,000611879000076
154578;08170829311010125790;08;3;11;000;2017;08;14;3;3;4;3;1;1;0;0;0;0;0;413875,862000000020000;5317726,818500000100000;7,845286335000026;48,007031659000063
154579;08170829299200155110;08;2;12;000;2017;08;09;3;3;6;6;1;0;1;0;0;0;0;460736,193800000010000;5426914,052299999600000;8,463252405000048;48,993878318000043
154582;08170829226400143770;08;2;26;084;2017;08;12;3;3;5;3;1;1;0;0;0;0;0;469141,810400000020000;5469927,526200000200000;8,574853663000056;49,381265131000077
154583;08170829226400126310;08;2;26;084;2017;08;15;3;3;0;3;1;1;0;0;0;0;0;468477,862000000020000;5471478,529099999900000;8,565583445000073;49,395182015000046
154584;08170829222600143760;08;2;22;000;2017;08;13;3;3;5;3;1;0;0;0;1;0;0;463291,010699999980000;5483963,503200000200000;8,492947545000050;49,507188188000043
154585;08170829222401123990;08;2;26;028;2017;08;14;3;3;0;7;1;1;0;0;0;0;0;470670,328400000000000;5483991,268100000000000;8,594871205000061;49,507839736000051
154586;08170829221000233990;08;2;26;098;2017;08;17;3;2;0;7;1;0;0;0;0;0;0;477887,853000000000000;5460460,690399999700000;8,695874623000066;49,296491645000060
154588;08170829212702138550;08;2;15;017;2017;08;17;3;3;6;4;0;1;1;0;0;0;0;454522,832100000000000;5421884,930700000400000;8,378881038000031;48,948214314000040
154591;08170829136100126350;08;1;36;088;2017;08;15;3;3;5;2;1;1;0;0;0;0;0;580524,360299999940000;5410315,721400000200000;10,097434902000032;48,840589191000049
154598;08170829111500127660;08;1;11;000;2017;08;17;3;3;5;3;1;1;0;0;0;0;0;511197,717300000020000;5402383,569400000400000;9,152407230000051;48,774354797000058
154599;08170829111500125770;08;1;11;000;2017;08;22;3;1;6;4;0;0;1;0;1;2;0;517020,030399999990000;5402935,615199999900000;9,231674475000034;48,779188911000062
154600;08170829111500124810;08;1;11;000;2017;08;08;3;3;6;3;0;1;1;0;0;0;0;516499,843600000020000;5409342,629800000200000;9,224851364000074;48,836839458000043
154601;08170828435100141330;08;4;35;024;2017;08;20;2;3;2;6;1;1;0;0;0;1;0;527352,447999999970000;5279163,710000000000000;9,364326762000076;47,665287631000069
154604;08170828426100144370;08;4;26;021;2017;08;19;2;3;0;7;1;0;0;0;1;0;0;558631,123000000020000;5327462,600200000200000;9,787478467000028;48,097730955000031
154606;08170828421200121220;08;4;21;000;2017;08;08;2;3;6;7;0;1;1;0;0;0;0;572629,621500000010000;5361049,109799999700000;9,981230615000072;48,398415829000044
154607;08170828416010121270;08;4;15;078;2017;08;14;2;3;3;2;1;1;0;0;0;0;0;529482,410700000010000;5370934,594399999800000;9,399030624000034;48,490842892000046
154608;08170828337100143460;08;3;37;096;2017;08;13;2;3;8;6;1;0;0;0;1;0;0;421642,403100000000000;5267831,550699999600000;7,958404105000057;47,559171934000062
154609;08170828335400125460;08;3;35;079;2017;08;18;2;3;9;1;1;0;0;0;0;0;1;497270,729999999980000;5295668,707000000400000;8,963543001000062;47,814365569000074
154610;08170828335200125040;08;3;35;063;2017;08;16;2;3;0;1;1;0;0;0;0;0;1;497999,818499999990000;5288361,178899999700000;8,973315675000038;47,748618543000077
154611;08170828327200131810;08;3;27;046;2017;08;21;2;3;7;7;1;0;0;0;0;2;0;479796,777899999990000;5324253,824599999900000;8,728789298000038;48,071239519000073
154612;08170828316200139030;08;3;16;056;2017;08;19;2;3;5;2;1;1;0;0;0;0;0;422790,547100000030000;5327125,228199999800000;7,963093063000031;48,092715491000035
154614;08170828311010143210;08;3;11;000;2017;08;15;2;2;5;3;1;0;0;0;1;0;0;411359,399199999990000;5317010,377500000400000;7,811702191000052;48,000243036000029
154615;08170828311010122870;08;3;11;000;2017;08;17;2;3;0;1;1;0;0;0;0;0;0;413123,671500000000000;5318265,525200000000000;7,835094316000038;48,011775688000057
154617;08170828231102133530;08;2;36;019;2017;08;18;2;3;4;6;1;1;0;0;0;0;0;487819,205000000020000;5409296,379999999900000;8,834007475000021;48,836523169000031
154620;08170828226400121640;08;2;26;062;2017;08;21;2;3;5;3;1;1;0;0;0;2;0;469730,147500000020000;5468640,489099999900000;8,583057141000040;49,369718025000054
154621;08170828226100148710;08;2;26;013;2017;08;19;2;3;1;5;1;0;0;1;0;0;0;498244,362199999970000;5478822,198200000500000;8,975772128000074;49,462051470000063
154622;08170828225100146650;08;2;25;058;2017;08;21;2;2;1;1;1;1;0;0;0;2;0;508309,577999999980000;5465867,536700000100000;9,114401354000052;49,345470418000048
154623;08170828222600243510;08;2;22;000;2017;08;13;2;3;0;7;1;1;0;0;0;0;0;462397,985200000000000;5482920,037899999900000;8,480712259000029;49,497748063000074
154626;08170828221300124380;08;2;21;000;2017;08;15;2;3;0;2;1;0;0;1;0;0;0;476692,674100000000000;5475741,570500000400000;8,678541843000062;49,433897256000080
154628;08170828212702136940;08;2;15;017;2017;08;17;2;3;8;1;1;0;0;0;0;0;0;454023,037799999990000;5419608,062900000300000;8,372312227000066;48,927696538000077
154629;08170828212102151610;08;2;12;000;2017;08;19;2;3;5;2;1;1;0;0;0;0;0;461845,228999999990000;5428056,974000000400000;8,478305207000062;49,004228710000064
154630;08170828212010152170;08;2;12;000;2017;08;17;2;3;6;4;0;1;1;0;0;0;0;455487,101199999980000;5428250,560100000400000;8,391353305000052;49,005544234000070
154634;08170828119300140680;08;1;19;061;2017;08;10;2;3;3;6;1;1;0;0;0;0;0;538480,084500000000000;5415193,561800000300000;9,524927528000035;48,888497982000047
154635;08170828119010146270;08;1;19;093;2017;08;16;2;2;5;3;1;1;0;0;0;0;0;524814,751500000010000;5404427,904699999800000;9,337863702000050;48,792351144000065
154636;08170828118600231140;08;1;18;073;2017;08;12;2;3;4;6;1;1;0;0;0;0;0;497142,443199999980000;5419206,786500000400000;8,960989587000029;48,925788130000058
154637;08170828118300136740;08;1;18;051;2017;08;18;2;3;1;5;1;1;0;0;0;0;0;509667,920400000000000;5415392,606399999900000;9,131892723000021;48,891407856000058
154639;08170828118100136830;08;1;18;079;2017;08;18;2;3;4;7;1;1;0;0;0;0;0;510480,247299999990000;5422451,506299999500000;9,143156078000061;48,954894458000069
154640;08170828118010141490;08;1;15;045;2017;08;11;2;2;4;6;1;1;0;0;0;0;0;499681,000699999980000;5394767,183299999700000;8,995664129000033;48,705938290000063
154641;08170828117010141170;08;1;17;024;2017;08;17;2;2;6;4;1;0;1;0;0;0;0;561459,733499999970000;5385340,468600000300000;9,833920553000041;48,618115145000047
154642;08170828116500124600;08;1;16;049;2017;08;17;2;3;0;7;1;0;0;1;0;0;0;524589,455300000030000;5386130,666699999900000;9,333706028000051;48,627759642000058
154644;08170828116010135060;08;1;16;019;2017;08;09;2;3;6;4;0;1;1;0;0;0;0;521610,050400000010000;5400766,187400000200000;9,294038500000056;48,759530525000059
154646;08170828115400120910;08;1;15;054;2017;08;13;2;3;5;3;1;1;0;0;0;0;0;492296,895599999990000;5395755,565800000000000;8,895280267000032;48,714782344000071
154649;08170828111330255210;08;1;11;000;2017;08;13;2;3;0;3;1;1;0;0;0;0;0;513050,716499999980000;5406945,120900000400000;9,177772401000027;48,815353926000057
154650;08170828111260139470;08;1;11;000;2017;08;08;2;3;6;4;0;1;1;0;0;0;0;518724,174200000010000;5403796,381900000400000;9,254910045000031;48,786883295000052
154651;08170827437113118260;08;4;37;088;2017;08;12;1;3;5;2;1;1;0;0;0;0;0;519099,478000000000000;5304482,336000000100000;9,255514687000073;47,893386976000045
154653;08170827436211139510;08;4;36;008;2017;08;18;1;3;5;3;1;1;0;0;0;0;0;547748,747399999990000;5311448,196399999800000;9,639542216000052;47,954564653000034
154655;08170827426100116770;08;4;26;021;2017;08;01;1;3;8;1;1;0;0;0;0;2;0;558484,133999999960000;5325961,718999999600000;9,785298830000045;48,084242242000073
154656;08170827416010138440;08;4;16;036;2017;08;16;1;3;0;7;1;0;0;0;0;0;0;495302,047900000010000;5369958,275299999900000;8,936425615000076;48,482733604000032
154659;08170827335200128100;08;3;35;025;2017;08;14;1;2;5;3;1;1;0;0;0;0;0;499525,792499999980000;5281733,596900000200000;8,993680835000021;47,688988939000069
154660;08170827335010123170;08;4;36;010;2017;08;18;1;2;4;6;1;1;0;0;0;0;0;565317,777000000000000;5311427,902999999900000;9,874832482000045;47,952830826000081
154663;08170827311010143230;08;3;11;000;2017;08;17;1;3;5;3;1;1;0;0;0;0;0;414585,162000000010000;5316018,071000000500000;7,855134506000070;47,991756000000066
154664;08170827311010139540;08;3;11;000;2017;08;18;1;2;5;3;1;1;0;0;0;0;0;414585,185699999970000;5318371,202300000000000;7,854666297000051;48,012923323000052
154665;08170827235010119680;08;2;36;043;2017;08;16;1;3;6;6;0;1;1;0;0;0;0;469061,117499999990000;5407445,213899999900000;8,578528298000038;48,819219320000059
154670;08170827211010117860;08;2;16;022;2017;08;10;1;2;9;1;1;0;0;0;0;0;0;434699,331000000010000;5404503,204699999700000;8,110938687000044;48,790094835000048
154672;08170827119100134200;08;1;19;075;2017;08;20;1;2;0;1;1;0;0;0;0;0;0;536415,633799999950000;5427969,110200000000000;9,497908443000029;49,003543414000035
154674;08170827116200119290;08;1;16;080;2017;08;16;1;3;2;6;1;1;0;0;0;0;0;519981,723400000020000;5396439,514399999800000;9,271673000000021;48,720662507000043
154675;08170827111250121570;08;1;11;000;2017;08;15;1;3;6;6;0;1;1;0;0;0;0;519250,572700000020000;5403889,191800000100000;9,262080681000043;48,787702128000035
154677;08170827111110122280;08;1;11;000;2017;08;18;1;3;0;5;1;1;0;0;0;0;0;514059,990999999980000;5403610,004599999600000;9,191406125000071;48,785329601000058
154678;08170826437100128320;08;4;37;100;2017;08;02;7;2;7;7;1;0;0;0;0;2;0;538495,557999999960000;5321229,041699999900000;9,516489274000037;48,043184416000031
154680;08170826415200131560;08;4;15;093;2017;08;10;7;2;0;2;1;1;0;0;0;0;0;527630,924499999960000;5365320,780799999800000;9,373601340000050;48,440423689000056
154682;08170826336100117110;08;3;36;050;2017;08;15;7;3;4;2;1;1;0;0;0;0;0;398822,036700000000000;5273105,753399999800000;7,653917041000057;47,603459833000045
154684;08170826335300133030;08;3;35;075;2017;08;13;7;3;5;3;1;1;0;0;0;0;0;487139,136000000000000;5291488,696999999700000;8,828331663000029;47,776633306000065
154686;08170826335010133920;08;3;35;063;2017;08;15;7;2;0;1;1;0;0;0;0;0;0;498757,099800000030000;5290722,740899999600000;8,983411775000036;47,769868757000040
154692;08170826311400117410;08;3;15;076;2017;08;17;7;2;3;6;1;0;0;0;1;0;0;392819,625899999980000;5296410,869099999800000;7,568355029000031;47,812121053000055
154693;08170826311010139530;08;3;15;056;2017;08;10;7;3;5;3;1;1;0;0;0;0;0;414549,981099999980000;5310692,956399999600000;7,855721773000028;47,943849552000074
154694;08170826311010116050;08;3;15;047;2017;08;12;7;3;0;7;1;1;0;0;0;0;0;415629,488900000000000;5321692,231399999900000;7,868012521000026;48,042936006000048