OBJECTID;UIDENTSTLA;ULAND;UREGBEZ;UKREIS;UGEMEINDE;UJAHR;UMONAT;USTUNDE;UWOCHENTAG;UKATEGORIE;UART;UTYP1;IstRad;IstPKW;IstFuss;IstKrad;IstSonstig;LICHT;STRZUSTAND;LINREFX;LINREFY;XGCSWGS84;YGCSWGS84
154695;08170826299200151890;08;2;12;000;2017;08;10;7;2;6;4;0;0;1;1;0;0;0;454183,334600000000000;5431810,922700000000000;8,373125258000073;49,037474443000065
154696;08170826299200151530;08;2;12;000;2017;08;14;7;3;5;3;1;0;0;1;0;0;0;455671,689799999990000;5426813,305200000300000;8,394033984000032;48,992629248000071
154697;08170826235010115970;08;2;31;000;2017;08;15;7;3;0;1;1;0;0;0;0;0;0;478321,037399999970000;5416173,393799999700000;8,704209186000071;48,898127741000053
154698;08170826235010115410;08;2;36;076;2017;08;08;7;3;0;3;1;1;0;0;0;0;0;472264,754499999980000;5423253,172100000100000;8,621096495000074;48,961572557000068
154699;08170826231102116890;08;2;36;028;2017;08;08;7;3;5;3;1;1;0;0;0;0;0;494987,768800000020000;5422477,509899999900000;8,931534476000024;48,955196888000046
154700;08170826226600136710;08;2;26;096;2017;08;18;7;3;4;6;1;1;0;0;0;0;0;475650,876800000030000;5488574,825100000000000;8,663382847000037;49,549287598000035
154704;08170826216300129930;08;2;16;017;2017;08;07;7;2;0;1;1;0;0;0;0;1;0;454008,327500000010000;5400819,221900000200000;8,374220698000045;48,758683744000052
154706;08170826212302151410;08;2;12;000;2017;08;06;7;3;0;1;1;0;0;0;0;1;1;456607,749499999980000;5428678,069899999500000;8,406629914000064;49,009469545000059
154707;08170826136010133210;08;1;36;028;2017;08;23;7;3;6;4;0;1;1;0;0;2;0;568848,992100000030000;5404261,881299999500000;9,937324322000052;48,787541464000071
154708;08170826126100133830;08;1;26;046;2017;08;12;7;3;6;7;0;1;1;0;0;0;0;550658,090600000000000;5458924,033800000300000;9,696523068000033;49,280970063000041
154709;08170826121500259500;08;1;25;063;2017;08;20;7;3;6;1;0;1;1;0;0;1;0;525354,550700000020000;5463530,741999999600000;9,348914811000043;49,323980682000069
154710;08170826121100149180;08;1;25;006;2017;08;10;7;3;5;3;1;1;0;0;0;0;0;507066,495700000030000;5453733,777499999900000;9,097072820000051;49,236341129000039
154712;08170826117010140960;08;1;17;026;2017;08;12;7;2;3;3;1;1;0;0;0;0;0;547486,578600000010000;5394196,197300000100000;9,645355339000048;48,698994289000041
154713;08170826116200141990;08;1;16;077;2017;08;14;7;3;5;3;1;1;0;0;0;0;0;516037,225700000010000;5392340,271999999900000;9,217884539000067;48,683899611000072
154714;08170826116100140910;08;1;16;019;2017;08;12;7;3;5;7;1;1;0;0;0;0;0;525207,929800000040000;5396060,250199999700000;9,342704525000045;48,717061248000050
154715;08170826111500137370;08;1;11;000;2017;08;18;7;3;5;4;0;1;1;0;0;0;0;508677,693800000010000;5396278,337700000000000;9,117979742000046;48,719472419000056
154719;08170826111250131270;08;1;11;000;2017;08;20;7;3;1;1;1;1;0;0;0;1;0;515638,578299999990000;5402999,732800000300000;9,212872907000076;48,779801970000051
154725;08170825135010113830;08;1;35;019;2017;08;15;6;2;5;3;1;1;0;0;0;0;0;585100,964999999970000;5392136,229000000300000;10,156036073000053;48,676469465000025
154728;08170824336400130830;08;3;36;091;2017;08;18;5;3;1;5;1;1;0;0;0;0;0;396122,704600000000000;5274740,820799999900000;7,617627868000056;47,617740583000057
154729;08170824335010122620;08;3;35;043;2017;08;16;5;2;6;4;0;0;1;1;1;0;0;513340,344500000010000;5278679,715599999800000;9,177676197000039;47,661373639000033
154730;08170825115300114470;08;1;15;050;2017;08;19;6;3;0;7;1;0;0;0;0;0;0;492083,929999999990000;5397044,133000000400000;8,892360384000028;48,726371677000031
154737;08170908111330177110;08;1;11;000;2017;09;12;6;2;0;1;1;0;0;0;0;0;0;511773,938700000000000;5409518,690800000000000;9,160454543000071;48,838530889000026
154738;08170908111250175390;08;1;11;000;2017;09;04;6;3;1;1;1;1;0;0;0;2;0;515537,128199999980000;5402902,112900000100000;9,211488285000030;48,778926333000072
154739;08170908111210190980;08;1;11;000;2017;09;23;6;3;0;6;1;1;0;0;0;2;0;512672,452700000020000;5399422,637500000200000;9,172387941000068;48,747690110000065
154740;08170908111140164870;08;1;11;000;2017;09;07;6;3;5;2;1;1;0;0;0;0;0;512046,728899999990000;5402740,699300000400000;9,163973170000077;48,777551653000046
154741;08170907436200161780;08;4;36;064;2017;09;15;5;3;5;3;1;1;0;0;0;0;0;545538,856900000010000;5291827,202100000300000;9,607877296000027;47,778197745000057
154742;08170907435200192520;08;4;35;059;2017;09;16;5;3;0;1;1;0;0;0;0;0;0;512630,309799999990000;5289998,361999999700000;9,168547555000032;47,763228563000041
154744;08170907426300191090;08;4;26;013;2017;09;12;5;3;0;3;1;0;0;0;1;0;0;545074,060000000060000;5323371,633000000400000;9,604973098000073;48,062029799000072
154745;08170907426010167670;08;4;26;070;2017;09;08;5;2;4;6;1;0;0;0;0;0;0;565538,082100000000000;5343021,161500000400000;9,882633948000034;48,237020474000076
154747;08170907416200161240;08;4;16;041;2017;09;08;5;3;0;1;1;0;0;0;0;0;1;504347,323299999990000;5374829,222600000000000;9,058880289000058;48,526557064000031
154748;08170907335200168340;08;3;35;063;2017;09;07;5;3;6;6;0;1;1;0;0;0;0;495161,810600000030000;5288824,262699999800000;8,935448813000050;47,752770126000030
154754;08170908119300176470;08;1;19;067;2017;09;15;6;3;0;1;1;0;0;0;0;0;0;538495,489700000030000;5406033,894500000400000;9,524276784000051;48,806101437000052
154755;08170908119100231170;08;1;19;006;2017;09;10;6;3;4;6;1;1;0;0;0;0;0;536640,055399999950000;5421603,976300000200000;9,500403399000049;48,946273767000037
154759;08170907221400202320;08;2;21;000;2017;09;14;5;3;3;5;1;1;0;0;0;0;0;474771,874100000020000;5473338,414400000100000;8,652203187000055;49,412204704000033
154762;08170907215302189040;08;2;15;007;2017;09;12;5;3;1;5;1;1;0;0;0;0;0;478468,418100000010000;5431300,074099999900000;8,705419608000057;49,034205703000055
154763;08170907212702162140;08;2;15;017;2017;09;06;5;3;5;2;1;1;0;0;0;2;0;454693,071000000000000;5421116,483000000000000;8,381291448000070;48,941314486000067
154764;08170907212502163130;08;2;12;000;2017;09;17;5;3;5;3;1;1;0;0;0;0;0;454045,969199999990000;5428590,088200000100000;8,371610792000070;49,008492688000047
154765;08170907212102186600;08;2;12;000;2017;09;07;5;3;6;7;0;1;1;0;0;0;0;460258,992900000010000;5427237,385700000500000;8,456697607000024;48,996756242000060
154766;08170907128300162390;08;1;28;131;2017;09;11;5;3;0;6;1;0;0;0;1;0;0;536082,913999999990000;5511369,905600000200000;9,500926514000071;49,753726832000041
154769;08170907121100163410;08;1;25;026;2017;09;17;5;3;0;7;1;1;0;0;0;0;0;493144,195400000030000;5442370,888899999700000;8,906015232000073;49,134130771000059
154771;08170907118400162480;08;1;18;048;2017;09;20;5;3;0;7;1;0;0;0;0;2;0;513700,146100000010000;5415592,266499999900000;9,186908012000060;48,893127913000058
154772;08170907118300164840;08;1;18;003;2017;09;14;5;3;6;4;0;0;1;1;0;0;0;511160,944900000000000;5417242,068400000200000;9,152311492000024;48,908020045000058
154773;08170907118200207110;08;1;18;080;2017;09;16;5;2;5;2;1;1;0;0;0;0;0;509002,952800000030000;5408392,336500000200000;9,122667075000038;48,828444739000076
154777;08170907111130162260;08;1;11;000;2017;09;00;5;3;0;7;0;0;1;0;1;2;0;511834,403999999980000;5401621,962000000300000;9,161050945000056;48,767491638000081
154778;08170906426010164790;08;4;21;000;2017;09;17;4;3;5;3;1;1;0;0;0;0;0;572150,974399999950000;5360746,145399999800000;9,974712975000045;48,395745548000036
154780;08170906335200160820;08;3;35;063;2017;09;11;4;3;5;3;1;1;0;0;0;0;0;497224,618299999970000;5287772,413800000200000;8,962977524000053;47,743318208000062
154782;08170906327100170280;08;3;27;050;2017;09;17;4;3;5;3;1;1;0;0;0;0;1;486296,842400000020000;5315551,379700000400000;8,816324891000022;47,993115657000033
154785;08170906317200380190;08;3;17;057;2017;09;11;4;3;2;7;1;0;0;0;1;0;0;412467,642100000000000;5380618,898000000000000;7,813373759000058;48,572543337000070
154786;08170906317200161180;08;3;17;057;2017;09;14;4;3;5;2;1;1;0;0;0;0;0;412327,462000000000000;5381143,997999999700000;7,811363120000067;48,577246671000069
154787;08170906316100190570;08;3;16;024;2017;09;16;4;3;1;5;1;1;0;0;0;0;0;409038,219300000000000;5335005,809600000300000;7,776760098000068;48,161786120000045
154789;08170906311010216020;08;3;36;091;2017;09;16;4;2;4;6;1;1;0;0;0;0;0;395683,472200000020000;5272329,423499999600000;7,612358364000045;47,595979096000065
154790;08170906311010159750;08;3;36;091;2017;09;17;4;3;5;3;1;1;0;0;0;0;0;395744,178300000030000;5274643,516800000300000;7,612615216000052;47,616804516000059
154791;08170906311010159640;08;3;11;000;2017;09;15;4;3;5;2;1;0;0;0;1;0;1;413297,742000000030000;5315967,224000000400000;7,837892375000024;47,991125350000061
154792;08170906311010159330;08;3;11;000;2017;09;07;4;3;1;5;1;1;0;0;0;0;0;414528,213800000030000;5318890,869800000500000;7,853798903000040;48,017590302000031
154793;08170906311010159070;08;3;11;000;2017;09;08;4;2;5;3;1;0;0;0;1;0;0;413595,078099999980000;5318909,283900000200000;7,841284211000072;48,017630422000082
154800;08170906119400186270;08;1;19;091;2017;09;19;4;3;2;6;1;0;0;0;1;0;0;528322,749399999970000;5406098,082000000400000;9,385740760000033;48,807225706000054
154802;08170906118400201230;08;1;18;048;2017;09;20;4;3;0;7;1;1;0;0;0;0;0;515732,471100000020000;5415568,855800000000000;9,214633473000049;48,892869046000044
154803;08170906118300172440;08;1;18;051;2017;09;13;4;3;5;2;1;1;0;0;0;0;1;509036,386200000010000;5415351,129400000000000;9,123276245000056;48,891044271000055
154804;08170906117010180350;08;1;17;026;2017;09;18;4;3;6;4;0;1;1;0;0;0;0;545282,131999999980000;5395079,818000000000000;9,615495084000031;48,707106865000071
154805;08170906116010161590;08;1;16;056;2017;09;17;4;3;0;1;1;0;0;0;0;0;0;530884,584000000030000;5395271,198300000300000;9,419818225000029;48,709707699000035
154806;08170906115400160770;08;1;15;029;2017;09;17;4;3;4;6;1;0;0;0;0;0;0;497338,662000000010000;5398857,187300000300000;8,963800432000028;48,742726562000030
154814;08170905415400159940;08;4;15;061;2017;09;14;3;3;0;1;1;0;0;0;0;0;0;514816,091699999990000;5371952,572800000200000;9,200566877000028;48,500517956000067
154816;08170905326111254780;08;3;26;017;2017;09;16;3;3;0;6;1;0;0;0;1;0;0;440876,459299999990000;5325990,513399999600000;8,206112366000070;48,084442290000027
154817;08170905317600180430;08;3;17;011;2017;09;22;3;3;5;3;1;1;0;0;0;2;0;428787,553000000010000;5354034,354399999600000;8,039100525000038;48,335477384000058
154821;08170905311010185600;08;3;11;000;2017;09;16;3;3;5;3;0;1;1;0;0;0;0;412818,859600000030000;5316179,848600000100000;7,831431900000041;47,992972869000027
154822;08170905311010179780;08;3;11;000;2017;09;20;3;3;0;1;1;0;0;0;0;0;0;414532,702400000010000;5318914,239099999900000;7,853854424000076;48,017801118000079
154823;08170905311010156980;08;3;36;008;2017;09;09;3;3;6;4;0;1;1;0;0;0;0;396663,546199999980000;5276253,094300000000000;7,624466215000041;47,631430253000076
154827;08170905221000226710;08;2;21;000;2017;09;19;3;3;5;3;1;1;0;0;0;0;0;474270,825300000030000;5475311,852000000000000;8,645167863000040;49,429934369000080
154828;08170905221000161910;08;2;21;000;2017;09;10;3;3;5;3;1;1;0;0;0;0;0;476411,406399999980000;5473861,637099999900000;8,674774410000055;49,416976773000044
154831;08170905136210169400;08;1;36;010;2017;09;16;3;3;6;4;0;1;1;0;0;0;0;599164,619799999990000;5412268,687500000000000;10,351881537000054;48,855455229000029
154835;08170905121200158000;08;1;21;000;2017;09;10;3;3;4;3;1;1;0;0;0;0;0;516294,177399999990000;5443702,130800000400000;9,223426504000031;49,145927912000047
154836;08170905118100183300;08;1;18;079;2017;09;19;3;3;1;5;1;1;0;0;0;0;0;510344,060000000000000;5423620,835000000000000;9,141325535000021;48,965415625000048
154837;08170905116500160320;08;1;16;049;2017;09;13;3;3;5;3;1;1;0;0;0;0;0;524942,922200000030000;5386205,344100000300000;9,338507370000059;48,628417445000082
154839;08170905115400157920;08;1;15;045;2017;09;11;3;3;5;3;1;1;0;0;0;0;0;499795,699900000010000;5394886,741000000400000;8,997223073000043;48,707013889000052
154842;08170905111332173310;08;1;11;000;2017;09;13;3;3;1;5;1;1;0;0;0;0;0;511575,195200000020000;5410001,300099999600000;9,157759723000027;48,842876099000080
154843;08170904437111161200;08;4;37;076;2017;09;05;2;3;0;3;1;1;0;0;0;1;0;524459,462999999990000;5321708,115399999500000;9,328200541000058;48,048186851000025
154844;08170904421300156320;08;4;21;000;2017;09;14;2;3;0;1;1;0;0;0;0;0;0;571677,690100000010000;5362129,059799999900000;9,968556324000076;48,408239217000073
154845;08170904417100176850;08;4;17;079;2017;09;13;2;3;6;7;1;0;1;0;0;0;0;501882,876099999990000;5339961,567699999500000;9,025345595000033;48,212878781000029
154846;08170904336210159520;08;3;36;105;2017;09;07;2;3;4;1;1;1;0;0;0;0;0;399159,669999999980000;5267752,348000000200000;7,659637538000027;47,555356522000068
154847;08170904336100157580;08;3;36;050;2017;09;14;2;3;5;3;1;1;0;0;0;0;0;399545,485600000010000;5275159,460400000200000;7,663068327000076;47,622046161000071
154849;08170904326200159930;08;3;26;074;2017;09;20;2;3;0;1;1;0;0;0;0;2;0;464039,882500000010000;5322323,724499999500000;8,517435070000033;48,053180932000032
154850;08170904325010158840;08;3;26;012;2017;09;15;2;1;6;7;0;1;1;0;1;0;0;462651,279500000000000;5310932,391800000300000;8,499793290000071;47,950615158000062
154851;08170904325010158810;08;4;17;079;2017;09;12;2;2;1;5;1;1;0;0;0;0;0;500903,413000000000000;5345489,823699999600000;9,012172732000067;48,262617617000046
154853;08170904317510156420;08;3;17;009;2017;09;17;2;2;5;3;1;1;0;0;0;0;0;425235,878399999990000;5362893,674599999600000;7,989608115000067;48,414758442000050
154854;08170904317114159150;08;3;17;089;2017;09;19;2;3;0;7;1;0;0;0;0;0;0;431430,636999999990000;5376397,038700000400000;8,071099663000041;48,536929306000047
154855;08170904317000156600;08;3;17;110;2017;09;12;2;2;5;3;1;1;0;0;0;0;0;427148,051400000000000;5381240,678500000400000;8,012244808000048;48,580015038000056
154856;08170904316200196340;08;3;16;056;2017;09;17;2;3;0;1;1;0;0;0;0;0;0;421668,243200000030000;5326684,794099999600000;7,948104179000040;48,088616576000049
154857;08170904316200164130;08;3;16;056;2017;09;08;2;3;5;3;1;1;0;0;0;0;0;419765,946200000010000;5326142,766099999700000;7,922665217000031;48,083504127000026
154859;08170904311010155420;08;3;11;000;2017;09;12;2;3;1;1;1;1;0;0;0;0;0;414897,184699999980000;5317099,294599999700000;7,859101443000043;48,001523648000045
154860;08170904299200155530;08;2;12;000;2017;09;18;2;3;0;1;1;0;0;0;0;0;1;457313,096599999990000;5428566,249300000300000;8,416286458000059;49,008512899000038
154861;08170904299200155210;08;2;12;000;2017;09;09;2;3;6;2;0;1;1;0;0;0;0;455095,024700000010000;5427490,719700000200000;8,386076591000062;48,998680994000040
154862;08170904235010172980;08;2;31;000;2017;09;18;2;3;0;7;1;0;1;0;0;0;0;478574,471900000000000;5416588,323200000500000;8,707645267000032;48,901869120000072
154865;08170904222800157960;08;2;22;000;2017;09;16;2;3;5;3;1;1;0;0;0;0;0;463885,829700000000000;5485849,326999999600000;8,500990759000047;49,524185885000065
154866;08170904222800156250;08;2;22;000;2017;09;20;2;2;1;5;1;1;0;0;0;2;0;462953,269399999990000;5486197,224999999600000;8,488072926000029;49,527258742000072
154869;08170904222014155390;08;2;22;000;2017;09;12;2;2;6;4;0;1;1;0;0;0;0;461135,107000000020000;5482707,027999999900000;8,463293524000051;49,495752561000074
154871;08170904211010161820;08;2;16;049;2017;09;17;2;3;5;3;1;1;0;0;0;0;0;438601,159800000020000;5401309,860299999800000;8,164532372000053;48,761768165000035
154875;08170904135200158240;08;1;35;019;2017;09;15;2;3;0;1;1;0;0;0;0;0;0;584624,608800000050000;5391496,713000000500000;10,149435607000044;48,670782204000034
154877;08170904121500156580;08;1;25;005;2017;09;17;2;3;4;6;1;0;0;0;0;0;0;513880,217999999990000;5453945,934999999600000;9,190680215000043;49,238132958000051
154878;08170904117300157910;08;1;17;026;2017;09;16;2;3;1;1;1;1;0;0;0;0;0;546874,257600000010000;5393902,714300000100000;9,637000961000069;48,696400563000054
154888;08170903435100163260;08;4;35;030;2017;09;20;1;2;8;7;1;0;0;0;0;0;0;539831,717999999990000;5272374,699500000100000;9,529922926000040;47,603556157000071
154890;08170903416100154510;08;4;16;036;2017;09;11;1;3;0;7;1;0;0;0;0;0;0;494919,089099999980000;5369167,809799999900000;8,931252891000042;48,475619259000041
154891;08170903415100154870;08;4;15;078;2017;09;17;1;3;1;5;1;1;0;0;0;0;0;529787,349999999980000;5371213,585199999600000;9,403177627000048;48,493338365000056
154893;08170903325302176930;08;3;25;053;2017;09;17;1;3;5;3;1;1;0;0;0;0;0;454508,250300000010000;5340906,007700000000000;8,387547519000066;48,219747316000053
154895;08170903317200154220;08;3;17;141;2017;09;12;1;3;0;7;1;0;0;0;0;0;0;417293,379100000020000;5377746,198599999800000;7,879351060000033;48,547360141000070
154896;08170903311010161740;08;3;15;089;2017;09;23;1;3;8;1;1;0;0;0;0;2;0;407117,705299999970000;5310554,505599999800000;7,756247867000070;47,941569546000039
154897;08170903299200172920;08;2;12;000;2017;09;04;1;3;0;7;1;0;0;0;0;2;0;455700,928399999980000;5428749,155399999600000;8,394222493000029;49,010044534000031
154898;08170903226700167110;08;2;26;095;2017;09;12;1;3;5;3;1;1;0;0;0;0;0;474031,127700000010000;5460698,981999999800000;8,642815624000036;49,298483300000044
154900;08170903222500155850;08;2;22;000;2017;09;17;1;3;0;7;1;0;0;0;0;0;0;462172,000699999980000;5478739,193000000000000;8,477991395000061;49,460129434000066
154902;08170903215502154540;08;2;15;099;2017;09;19;1;3;0;3;1;1;0;0;0;1;0;463002,861399999990000;5445697,079400000200000;8,492518675000042;49,162974289000033
154903;08170903211100155820;08;2;11;000;2017;09;17;1;3;6;7;0;1;1;0;0;0;0;442791,027100000010000;5402645,666600000100000;8,221353362000059;48,774183124000047
154906;08170903135100155620;08;1;35;031;2017;09;18;1;3;5;3;1;1;0;0;0;0;0;595794,944699999990000;5378798,872499999600000;10,298189673000024;48,554965404000029
154907;08170903118600178910;08;1;18;050;2017;09;19;1;3;0;7;1;0;0;0;0;0;0;505752,064599999980000;5416610,917500000400000;9,078488649000065;48,902416227000060
154908;08170903118500225660;08;1;18;021;2017;09;02;1;3;0;7;1;0;0;0;0;2;0;522123,365200000000000;5428177,815399999700000;9,302506388000040;49,006098601000076
154909;08170903118400154720;08;1;18;048;2017;09;09;1;3;0;6;1;0;0;0;0;0;0;515254,892700000030000;5414333,289099999700000;9,208071937000057;48,881766159000051
154911;08170903111310155670;08;1;11;000;2017;09;13;1;3;0;1;1;0;0;0;0;0;0;516435,892600000020000;5406472,613400000100000;9,223864858000070;48,811022992000062
154914;08170902417200163450;08;4;17;002;2017;09;18;7;3;0;1;1;0;0;0;0;0;0;488022,256200000000000;5345007,355499999600000;8,838623949000066;48,258164368000052
154915;08170902335010153770;08;3;35;075;2017;09;12;7;2;6;4;0;1;1;0;0;0;0;488262,136100000000000;5290177,368900000100000;8,843356975000063;47,764856053000074
154916;08170902317500154570;08;3;17;096;2017;09;15;7;3;1;5;1;1;0;0;0;0;0;421944,706300000020000;5369449,119199999600000;7,943915727000046;48,473325287000080
154917;08170902317300167270;08;3;17;065;2017;09;14;7;3;5;3;1;1;0;0;0;0;0;413567,551299999990000;5354317,570700000000000;7,833712874000071;48,336126158000070
154918;08170902317100164750;08;3;17;001;2017;09;13;7;3;0;7;1;0;0;0;0;0;0;431546,250100000000000;5386911,826500000400000;8,070933586000024;48,631523360000074
154919;08170902311413170700;08;3;15;130;2017;09;17;7;3;0;7;1;0;0;0;1;0;0;411461,656000000020000;5299208,616000000400000;7,816730442000051;47,840123494000068
154922;08170902221300153140;08;2;21;000;2017;09;09;7;3;5;3;1;1;0;0;0;0;1;477311,476399999990000;5474137,610200000000000;8,687168067000073;49,419493339000041
154923;08170902212502153940;08;2;12;000;2017;09;00;7;3;5;3;1;1;0;0;0;2;0;454395,414200000000000;5428686,041600000100000;8,376378131000024;49,009381719000032
154925;08170902128100154700;08;1;28;007;2017;09;15;7;3;5;5;1;1;0;0;0;0;0;555565,439900000000000;5482607,016599999700000;9,767300859000045;49,493553300000031
154926;08170902126010155590;08;1;25;113;2017;09;17;7;2;6;3;0;1;1;0;0;0;0;527911,807900000010000;5452680,847799999600000;9,383348452000064;49,226274465000074
154928;08170902121500153520;08;1;25;068;2017;09;19;7;3;5;3;1;1;0;0;0;0;0;518461,252900000020000;5458670,939000000200000;9,253829728000028;49,280513933000066
154930;08170902116400209140;08;1;16;033;2017;09;19;7;3;0;1;1;0;0;0;0;0;0;533083,063199999980000;5387821,404099999900000;9,449105417000055;48,642577727000059
154931;08170902116400162440;08;1;16;033;2017;09;12;7;3;6;7;1;0;1;0;0;0;0;533246,024600000000000;5388475,491100000200000;9,451370067000028;48,648453177000079
154933;08170902111320176340;08;1;11;000;2017;09;14;7;3;0;3;1;1;0;0;0;0;1;516149,392999999980000;5405466,975999999800000;9,219923062000021;48,801983937000045
154935;08170901421200256170;08;4;21;000;2017;09;17;6;3;6;4;0;1;1;0;0;1;0;575288,822500000010000;5364599,843600000300000;10,017788123000059;48,430043127000033
154940;08170901326400160370;08;3;26;074;2017;09;22;6;3;0;1;1;0;0;0;0;2;0;459451,379100000020000;5324241,969200000200000;8,455680693000033;48,070163671000046
154943;08170901317000154060;08;3;17;034;2017;09;13;6;2;8;7;1;0;0;0;0;0;0;428444,719800000020000;5362559,500900000300000;8,033024100000034;48,412125057000026
154944;08170901311010169460;08;3;11;000;2017;09;22;6;3;5;2;1;0;0;0;1;2;0;412368,473899999980000;5316408,960900000300000;7,825349501000062;47,994972238000059
154946;08170901299200174320;08;2;12;000;2017;09;15;6;3;5;3;1;1;0;0;0;0;0;452417,112299999980000;5431516,401700000300000;8,348995553000066;49,034691438000038
154947;08170901299200155220;08;2;12;000;2017;09;17;6;3;6;4;0;1;1;0;0;0;0;455762,023999999980000;5428738,854700000000000;8,395059032000063;49,009956261000070
154952;08170901226600152450;08;2;26;096;2017;09;19;6;3;0;6;1;1;0;0;0;0;0;476374,982900000000000;5488584,142000000000000;8,673392600000057;49,549400085000059
154953;08170901226500204140;08;2;26;020;2017;09;21;6;3;6;7;1;0;1;0;0;2;0;490403,433000000020000;5463481,310999999800000;8,867937626000071;49,323987261000070
154957;08170901212402190200;08;2;12;000;2017;09;13;6;3;0;1;1;0;0;0;0;0;0;456317,246400000000000;5428058,245799999700000;8,402724325000065;49,003873659000078
154958;08170901212402190190;08;2;12;000;2017;09;16;6;3;0;7;1;0;0;0;0;0;0;456611,283500000020000;5427163,162800000000000;8,406840097000043;48,995843008000065
154959;08170901128010159570;08;1;28;007;2017;09;09;6;2;0;2;1;1;0;0;0;0;0;556069,518500000010000;5482783,346500000000000;9,774286011000072;49,495092839000051
154960;08170901119300159270;08;1;19;067;2017;09;15;6;3;5;1;1;1;0;0;0;0;0;538014,794400000010000;5406515,395800000100000;9,517774986000063;48,810462394000069
154963;08170901118100377830;08;1;18;079;2017;09;17;6;3;6;4;0;0;1;0;1;0;0;510662,191200000000000;5422462,796699999800000;9,145641648000037;48,954992912000080
154970;08170831399500133750;08;2;37;024;2017;08;18;5;3;0;6;1;0;0;0;0;0;1;479445,839199999990000;5359327,351700000500000;8,722376829000041;48,386775074000070
154972;08170831335010131920;08;3;35;075;2017;08;21;5;3;5;3;1;0;0;0;1;2;1;490300,917900000000000;5289182,672500000300000;8,870586850000052;47,755940137000039
154973;08170831327100140140;08;3;27;038;2017;08;19;5;3;6;1;0;1;1;0;0;1;1;495146,631999999980000;5313464,839300000100000;8,934969602000024;47,974471044000040
154979;08170831317000129300;08;3;17;096;2017;08;06;5;2;5;1;1;1;0;0;0;1;1;421720,403500000010000;5369308,001899999600000;7,940907880000054;48,472028067000053
154980;08170831311300131670;08;3;11;000;2017;08;20;5;3;1;1;1;1;0;0;0;2;1;415432,127700000010000;5315811,265200000300000;7,866525318000072;47,990008264000039
154982;08170831311200131440;08;3;11;000;2017;08;09;5;3;4;2;1;1;0;0;0;0;0;413040,130100000010000;5316506,901499999700000;7,834330886000032;47,995944948000044
154983;08170831311010145940;08;3;11;000;2017;08;17;5;3;3;2;1;1;0;0;0;0;0;412619,599099999990000;5316299,790699999800000;7,828737189000037;47,994024587000069
154985;08170831311010130270;08;3;11;000;2017;08;12;5;3;0;7;1;0;0;0;0;0;1;414613,810000000000000;5317764,434999999600000;7,855170866000037;48,007469051000044
154986;08170831311010130000;08;3;36;091;2017;08;11;5;3;5;3;1;1;0;0;0;0;0;397603,694800000000000;5271805,137799999700000;7,638016480000033;47,591569114000038
154987;08170915116500186110;08;1;16;049;2017;09;17;6;3;6;4;0;1;1;0;0;0;0;525334,198600000000000;5385886,043899999900000;9,343797881000057;48,625529279000034
154988;08170915116500185740;08;1;16;050;2017;09;18;6;3;0;1;1;0;0;0;0;0;0;526979,216999999950000;5388074,813699999800000;9,366263654000022;48,645150663000038
154989;08170915116400201620;08;1;16;033;2017;09;14;6;3;6;4;1;0;1;0;0;0;0;533255,752100000040000;5388179,756500000100000;9,451478381000072;48,645792264000079
154991;08170915116010185720;08;1;16;019;2017;09;11;6;3;6;4;0;1;1;0;0;0;0;526431,148000000040000;5397337,422199999900000;9,359415830000046;48,728499867000039
154992;08170915115100248090;08;1;15;024;2017;09;18;6;3;6;6;1;0;1;0;0;0;0;500463,326100000010000;5387381,897900000200000;9,006289301000038;48,639499214000068
154993;08170915111210204330;08;1;11;000;2017;09;14;6;2;0;1;1;0;0;0;0;0;0;515798,570699999980000;5398083,717899999600000;9,214862024000070;48,735573786000032
154995;08170914426100211990;08;4;26;021;2017;09;12;5;3;6;4;0;1;1;0;0;0;1;558652,411500000050000;5326105,154500000200000;9,787577863000024;48,085517154000058
154997;08170914335300227880;08;3;35;075;2017;09;21;5;3;6;4;1;1;1;0;0;2;1;488075,917100000020000;5290538,188799999700000;8,840861970000049;47,768099119000055
154999;08170914311010183860;08;3;36;050;2017;09;15;5;3;4;6;1;1;0;0;0;0;1;398821,459600000000000;5275392,968299999800000;7,653381174000060;47,624033946000054
155007;08170915118200186410;08;1;18;080;2017;09;17;6;3;0;7;1;0;0;0;0;0;0;506772,022899999980000;5411576,033699999600000;9,092322873000057;48,857113141000070
155009;08170915118010192730;08;1;15;045;2017;09;07;6;2;4;6;1;1;0;0;0;0;0;499652,019299999990000;5396026,780299999800000;8,995269149000023;48,717269696000074
155010;08170915117200196510;08;1;17;033;2017;09;07;6;3;7;1;1;0;0;0;0;0;0;559152,534499999950000;5387075,581500000300000;9,802865986000029;48,633945447000031
155012;08170914226400255930;08;2;26;084;2017;09;07;5;3;6;7;0;1;1;0;0;1;1;469682,145399999980000;5470264,743599999700000;8,582272165000063;49,384325462000049