OBJECTID;UIDENTSTLA;ULAND;UREGBEZ;UKREIS;UGEMEINDE;UJAHR;UMONAT;USTUNDE;UWOCHENTAG;UKATEGORIE;UART;UTYP1;IstRad;IstPKW;IstFuss;IstKrad;IstSonstig;LICHT;STRZUSTAND;LINREFX;LINREFY;XGCSWGS84;YGCSWGS84
155016;08170914212302209370;08;2;12;000;2017;09;08;5;3;5;3;1;1;0;0;0;0;1;457082,525000000020000;5428796,815999999600000;8,413109349000024;49,010570884000060
155017;08170914212302182940;08;2;12;000;2017;09;16;5;3;6;3;1;0;1;0;0;0;0;455377,414999999980000;5428770,371799999800000;8,389796466000064;49,010212068000044
155018;08170914136300217330;08;1;36;065;2017;09;17;5;3;5;3;1;1;0;0;0;0;0;561748,863600000040000;5408000,074900000400000;9,841235458000028;48,821911843000066
155019;08170914136300182190;08;1;36;065;2017;09;07;5;3;6;4;0;0;1;0;1;0;0;558617,386999999990000;5405745,701999999600000;9,798256241000047;48,801937082000052
155020;08170914135200181630;08;1;35;019;2017;09;09;5;3;6;4;0;1;1;0;0;0;1;584942,953100000040000;5392601,379599999600000;10,153985619000025;48,680674684000053
155025;08170914121200216860;08;1;21;000;2017;09;16;5;3;6;7;0;1;1;0;0;0;0;515238,222200000020000;5442825,697300000100000;9,208914161000052;49,138071209000032
155029;08170914117200201000;08;1;17;024;2017;09;15;5;3;5;3;1;1;0;0;0;0;0;562110,241099999980000;5384886,035699999900000;9,842677980000076;48,613963165000030
155030;08170914117100181410;08;1;17;019;2017;09;08;5;3;6;4;1;0;1;0;0;0;1;552008,268300000000000;5394245,124099999700000;9,706807809000054;48,699073823000049
155031;08170914116400212150;08;1;16;016;2017;09;19;5;3;5;7;1;1;0;0;0;0;0;533326,574799999940000;5384873,256600000000000;9,452173978000076;48,616043500000046
155032;08170914115300217550;08;1;15;028;2017;09;17;5;3;5;3;1;1;0;0;0;0;0;502008,027000000000000;5407018,508500000500000;9,027353084000026;48,816147941000054
155038;08170914111370215910;08;1;11;000;2017;09;07;5;3;5;3;1;1;0;0;0;1;1;515434,051400000000000;5406139,657300000100000;9,210206872000072;48,808053459000064
155040;08170913436200180760;08;4;36;064;2017;09;07;4;3;4;2;1;1;0;0;0;0;0;546259,350100000040000;5292734,322999999900000;9,617590917000030;47,786307783000041
155041;08170913421200207100;08;4;21;000;2017;09;21;4;3;5;6;1;1;0;0;0;2;0;572648,983099999950000;5360730,681099999700000;9,981437051000057;48,395549256000038
155043;08170913417300180030;08;4;17;031;2017;09;17;4;3;0;1;1;0;0;0;0;0;1;497852,807099999980000;5355517,120600000000000;8,971017345000064;48,352827225000055
155044;08170913416100489350;08;4;16;036;2017;09;09;4;3;0;7;0;0;1;0;1;0;0;495286,948399999990000;5368200,839499999800000;8,936241096000060;48,466922834000059
155048;08170913335100181040;08;3;35;043;2017;09;12;4;3;0;1;1;0;0;0;0;0;0;512839,054300000020000;5278259,748200000300000;9,170987351000065;47,657605050000029
155049;08170913335010180400;08;4;36;064;2017;09;12;4;3;4;2;1;1;0;0;0;0;1;545863,072500000010000;5291848,028099999800000;9,612207047000027;47,778362117000029
155051;08170913317100181420;08;3;17;001;2017;09;07;4;3;4;6;1;0;0;0;0;1;0;432194,946200000010000;5387256,261400000200000;8,079680263000057;48,634692239000060
155052;08170913316100189230;08;3;16;011;2017;09;11;4;3;5;7;1;1;0;0;0;0;0;414695,534700000020000;5329055,436599999700000;7,854014312000061;48,109045879000064
155054;08170913299200196600;08;2;12;000;2017;09;17;4;3;5;3;1;1;0;0;0;0;1;460432,485800000020000;5427288,133600000300000;8,459064388000058;48,997223874000042
155055;08170913299200195520;08;2;12;000;2017;09;08;4;3;5;3;1;1;0;0;0;0;0;455292,004900000000000;5426758,993700000500000;8,388849993000065;48,992113334000067
155057;08170913235010219920;08;2;31;000;2017;09;17;4;3;4;2;1;1;0;0;0;1;1;476631,074000000020000;5415459,120799999700000;8,681192308000050;48,891640951000056
155058;08170913235010179480;08;2;36;030;2017;09;14;4;3;6;4;1;0;1;0;0;0;0;475434,842799999980000;5418289,197200000300000;8,664702886000043;48,917052952000063
155060;08170913221000184410;08;2;21;000;2017;09;16;4;2;6;7;1;0;1;0;0;0;0;481683,236099999980000;5473886,519500000400000;8,747457285000053;49,417382167000028
155061;08170913221000177490;08;2;26;085;2017;09;11;4;2;3;6;1;0;0;0;1;0;0;491195,916600000000000;5455067,486499999600000;8,879028596000069;49,248315608000041
155063;08170913215502183160;08;2;15;106;2017;09;18;4;3;0;7;1;0;0;0;0;0;1;465659,048100000010000;5452615,220200000300000;8,528360380000038;49,225357381000038
155066;08170913126010193120;08;1;26;069;2017;09;07;4;2;5;3;1;1;0;0;0;0;0;537910,800599999960000;5447736,258500000500000;9,520205443000066;49,181260902000076
155067;08170913126010183720;08;1;25;056;2017;09;09;4;2;0;6;1;1;0;0;1;0;0;511144,256899999980000;5435707,043700000300000;9,152590168000074;49,074123854000050
155068;08170913121200258990;08;1;21;000;2017;09;11;4;3;5;3;1;1;0;0;0;0;0;516480,515399999970000;5443281,284099999800000;9,225964345000023;49,142137289000061
155069;08170913121200213040;08;1;21;000;2017;09;13;4;3;5;3;1;0;0;0;1;0;0;514632,919600000020000;5445648,648199999700000;9,200718149000068;49,163479286000040
155074;08170913111500178380;08;1;11;000;2017;09;07;4;3;3;6;1;1;0;0;0;0;0;518063,372500000000000;5402009,506299999500000;9,245835501000045;48,770828320000078
155078;08170912436200173700;08;4;36;064;2017;09;13;3;3;5;3;1;1;0;0;0;0;0;545378,976200000030000;5292147,528300000400000;9,605776725000055;47,781091012000047
155079;08170912435200213410;08;4;35;059;2017;09;16;3;3;0;2;1;0;0;0;0;0;0;511912,777500000030000;5290695,304300000000000;9,158991458000060;47,769512977000034
155080;08170912415100175210;08;4;15;050;2017;09;11;3;3;0;1;1;0;0;0;0;0;1;520790,201999999990000;5376653,980999999700000;9,281672528000058;48,542643724000072
155082;08170912337100174960;08;3;37;096;2017;09;09;3;3;0;7;1;0;0;0;0;0;1;422414,286100000030000;5267936,055900000000000;7,968644457000039;47,560204821000070
155083;08170912337010215030;08;3;37;065;2017;09;11;3;2;6;7;0;1;1;0;0;0;0;447898,473200000010000;5274997,988800000400000;8,306537879000075;47,626288058000057
155086;08170912326400225980;08;3;26;074;2017;09;16;3;3;0;2;1;1;0;0;0;0;0;462812,533999999990000;5323450,673000000400000;8,500867374000052;48,063249457000040
155089;08170912325010174530;08;3;25;049;2017;09;08;3;3;0;7;1;0;0;0;0;0;0;471732,983499999970000;5334660,179499999600000;8,619851919000041;48,164556974000050
155091;08170912311010210260;08;3;11;000;2017;09;17;3;3;0;7;0;0;1;0;1;0;0;413862,290400000000000;5316448,884899999900000;7,845360997000057;47,995534363000047
155095;08170912235010175790;08;2;31;000;2017;09;17;3;3;0;1;1;0;0;0;0;0;1;477682,195200000020000;5414445,951000000400000;8,695587211000031;48,882565565000050
155097;08170912226400173990;08;2;26;084;2017;09;07;3;3;3;5;1;0;0;0;1;0;0;469782,299500000020000;5469799,987800000200000;8,583687396000073;49,380150063000031
155098;08170912222700188380;08;2;22;000;2017;09;11;3;3;0;7;1;0;0;0;0;0;0;466380,930899999980000;5480344,286600000200000;8,535934174000033;49,474814133000052
155102;08170912221000194710;08;2;21;000;2017;09;12;3;3;5;5;1;1;0;0;0;0;0;477253,027200000010000;5470361,686400000000000;8,686578420000046;49,385527282000055
155103;08170912212412175910;08;2;12;000;2017;09;15;3;3;0;7;1;0;0;0;0;0;1;456362,489000000000000;5425496,294599999700000;8,403618036000069;48,980831749000060
155104;08170912212302176030;08;2;12;000;2017;09;12;3;3;5;3;1;1;0;0;0;0;0;457488,873800000000000;5428694,337600000200000;8,418676545000039;49,009677205000060
155105;08170912211010176220;08;2;16;049;2017;09;11;3;2;0;1;1;0;0;0;0;0;0;439048,551199999990000;5400893,265200000300000;8,170681153000032;48,758064841000078
155108;08170912126010177180;08;1;25;056;2017;09;10;3;2;6;7;0;1;1;0;0;0;0;510710,566200000000000;5435899,764899999800000;9,146657082000047;49,075865169000053
155110;08170912121100194200;08;1;25;026;2017;09;18;3;3;5;3;1;1;0;0;0;0;0;492771,195799999990000;5443130,281399999700000;8,900888249000047;49,140957525000033
155111;08170912119200208700;08;1;19;020;2017;09;08;3;3;5;3;1;0;0;0;1;0;0;520100,359300000010000;5406549,206199999900000;9,273779889000025;48,811604273000057
155114;08170912117200239500;08;1;17;024;2017;09;12;3;3;5;2;1;1;0;0;0;0;0;561653,939999999940000;5386083,167000000400000;9,836665780000033;48,624776793000080
155120;08170912115100260060;08;1;15;003;2017;09;07;3;3;0;3;1;1;0;0;0;0;1;500822,799300000010000;5391013,075100000000000;9,011176095000053;48,672165481000036
155122;08170912111500205820;08;1;11;000;2017;09;17;3;3;5;3;1;0;0;0;0;0;0;514660,251099999990000;5409657,326799999900000;9,199793773000067;48,839716580000072
155127;08170911426100172720;08;4;26;120;2017;09;18;2;3;6;4;1;0;1;0;0;0;0;561844,462199999950000;5323803,406899999800000;9,830102658000044;48,064508602000046
155129;08170911415400174230;08;4;15;061;2017;09;12;2;3;0;1;1;0;0;0;0;0;0;513747,666000000030000;5371013,986999999700000;9,186072674000059;48,492098393000049
155132;08170911317500188890;08;3;17;096;2017;09;16;2;3;5;3;1;0;0;0;0;0;0;422937,764399999990000;5371105,911899999700000;7,957043924000061;48,488350528000069
155133;08170911317200207790;08;3;17;057;2017;09;16;2;3;3;2;1;0;0;0;0;0;0;412091,124300000020000;5380852,611600000400000;7,808221260000039;48,574592727000038
155137;08170911311010172660;08;3;11;000;2017;09;16;2;3;5;2;1;0;0;1;0;0;0;413330,045300000000000;5317071,850800000100000;7,838102162000041;48,001066224000056
155138;08170911311010171270;08;3;11;000;2017;09;18;2;3;5;2;1;1;0;0;0;0;0;415225,357399999980000;5320331,238699999600000;7,862860906000037;48,030639848000078
155139;08170911299200191720;08;2;12;000;2017;09;12;2;2;5;2;1;0;0;0;1;0;1;456368,902599999970000;5428045,602900000300000;8,403431940000075;49,003763588000027
155140;08170911299200175590;08;2;12;000;2017;09;07;2;3;5;7;1;1;0;0;0;0;0;455168,816999999980000;5430143,594100000300000;8,386792394000054;49,022549186000049
155141;08170911235010195750;08;2;31;000;2017;09;11;2;3;6;4;0;1;1;0;0;0;1;475779,353699999980000;5415292,058400000400000;8,669582921000028;48,890105411000036
155147;08170911221400203000;08;2;21;000;2017;09;17;2;3;4;2;1;1;0;0;0;0;0;474723,472400000030000;5472845,082399999700000;8,651567338000064;49,407765269000038
155149;08170911216100174500;08;2;16;043;2017;09;17;2;3;5;3;1;1;0;0;0;0;0;441447,934699999980000;5412301,982699999600000;8,201696809000055;48,860917033000078
155153;08170911212102171900;08;2;12;000;2017;09;07;2;3;0;3;1;0;0;0;1;0;1;462595,394099999980000;5428492,013600000200000;8,488521794000064;49,008187918000033
155154;08170911136300174180;08;1;36;065;2017;09;14;2;3;5;3;1;1;0;0;0;0;1;559467,935999999990000;5404758,107200000400000;9,809694891000049;48,792972842000040
155155;08170911135200174090;08;1;35;025;2017;09;16;2;2;5;1;1;1;0;0;0;0;0;578893,370000000000000;5397903,298999999600000;10,072828336000043;48,729156682000053
155158;08170911121300203040;08;1;21;000;2017;09;14;2;3;5;3;1;1;0;0;0;0;1;515643,043100000010000;5446330,133299999900000;9,214600294000036;49,169584530000066
155159;08170911121200201690;08;1;21;000;2017;09;23;2;3;6;7;0;1;1;0;0;2;0;515926,449499999990000;5443150,169300000200000;9,218362424000077;49,140972485000077
155161;08170911119400172410;08;1;19;041;2017;09;13;2;3;6;2;0;0;1;0;1;0;1;526826,984100000000000;5409232,857900000200000;9,365574708000054;48,835491620000028
155163;08170911119300172160;08;1;19;001;2017;09;16;2;2;0;1;1;0;0;0;0;0;1;554493,320599999980000;5408450,856700000400000;9,742458739000028;48,826645589000066
155164;08170911119113170880;08;1;19;044;2017;09;14;2;3;5;3;1;0;0;1;0;0;1;542520,268500000010000;5425515,055800000200000;9,581115710000063;48,981078426000067
155165;08170911118600172190;08;1;18;073;2017;09;18;2;3;0;7;1;0;0;0;0;0;0;498983,407499999970000;5418012,902900000100000;8,986124792000055;48,915054025000074
155166;08170911118300172120;08;1;18;051;2017;09;17;2;3;0;7;1;0;0;0;0;0;0;508992,474099999990000;5415188,146900000100000;9,122673602000077;48,889578757000038
155167;08170911116500170030;08;1;16;049;2017;09;10;2;3;3;6;1;1;0;0;0;0;0;524633,714999999970000;5386132,427000000100000;9,334306775000073;48,627773736000051
155168;08170911116010177790;08;1;16;049;2017;09;10;2;3;5;3;1;1;0;0;0;0;0;525776,572500000010000;5387589,415599999900000;9,349906947000022;48,640834776000077
155169;08170911115100202590;08;1;15;003;2017;09;17;2;3;1;3;1;1;0;0;0;0;0;499418,860500000010000;5392299,313199999700000;8,992104565000034;48,683736907000082
155171;08170911115100171660;08;1;15;003;2017;09;09;2;3;5;3;1;1;0;0;0;0;0;499422,091799999990000;5392300,622700000200000;8,992148464000024;48,683748691000062
155173;08170911111500189910;08;1;11;000;2017;09;16;2;3;6;4;0;1;1;0;0;0;0;512675,418599999980000;5408786,893199999800000;9,172717170000055;48,831930007000039
155175;08170911111320171010;08;1;11;000;2017;09;18;2;3;1;5;1;1;0;0;0;0;0;516345,405199999980000;5405786,136500000000000;9,222605049000038;48,804849936000039
155176;08170911111130206050;08;1;11;000;2017;09;12;2;3;0;7;1;0;0;0;0;0;0;512327,050400000010000;5402337,638399999600000;9,167776646000050;48,773920254000075
155179;08170910336111198800;08;3;36;084;2017;09;10;1;3;6;7;0;1;1;0;0;0;0;405377,114400000020000;5277670,011699999700000;7,740117722000036;47,645508186000029
155180;08170910317100187280;08;3;17;089;2017;09;12;1;3;6;7;0;1;1;0;0;0;0;428523,427199999980000;5375246,876799999700000;8,031919061000053;48,526259049000032
155182;08170910311400183740;08;3;15;050;2017;09;17;1;3;3;1;1;0;0;0;0;0;0;400154,005599999970000;5301787,240700000000000;7,665054251000072;47,861661378000065
155183;08170910311400169340;08;3;15;074;2017;09;14;1;3;3;6;1;0;0;1;0;0;0;394489,878099999970000;5296237,479000000300000;7,590700333000029;47,810837485000036
155184;08170910311010246040;08;3;11;000;2017;09;23;1;2;9;7;1;0;0;0;0;2;0;412011,944900000000000;5317667,195500000400000;7,820313435000060;48,006241442000032
155185;08170910311010168390;08;3;15;098;2017;09;16;1;3;0;1;1;0;0;0;0;0;0;407108,327099999990000;5312361,455600000000000;7,755732169000055;47,957821960000047
155186;08170910299200204110;08;2;15;103;2017;09;18;1;2;5;3;1;1;0;0;0;1;0;466490,826599999970000;5442593,274500000300000;8,540618799000072;49,135255614000073
155187;08170910235010191900;08;2;36;046;2017;09;00;1;3;6;7;0;1;1;0;0;2;0;482689,204299999980000;5418490,249300000300000;8,763710221000054;48,919106903000056
155188;08170910225100168460;08;2;25;058;2017;09;15;1;3;5;3;1;0;0;0;0;0;0;508658,720099999980000;5465658,948300000300000;9,119203593000066;49,343589296000061
155190;08170910216200182830;08;2;16;007;2017;09;03;1;3;6;1;0;0;1;1;0;2;0;436065,353400000020000;5394244,475900000000000;8,131126907000066;48,697959718000050
155191;08170910215302169860;08;2;15;007;2017;09;15;1;3;5;3;1;1;0;0;0;0;0;476993,298300000020000;5431395,085799999500000;8,685232943000074;49,035007093000047
155192;08170910199200195030;08;1;15;028;2017;09;19;1;2;1;5;1;0;0;0;1;1;0;500046,185600000030000;5404859,329900000200000;9,000628891000076;48,796727387000033
155195;08170910117100257930;08;1;17;061;2017;09;06;1;3;5;3;1;1;0;0;0;2;0;563189,864199999950000;5395446,823699999600000;9,858936708000044;48,708850803000075
155196;08170910117100171160;08;1;17;019;2017;09;18;1;3;6;4;0;1;1;0;0;0;0;551529,718899999980000;5393684,617100000400000;9,700234756000043;48,694071541000028
155197;08170910116400171680;08;1;16;033;2017;09;19;1;3;5;3;1;1;0;0;0;1;0;531854,057000000030000;5389094,564000000200000;9,432519997000043;48,654094802000031
155198;08170910116010176640;08;1;16;072;2017;09;12;1;3;5;3;1;1;0;0;0;0;0;530478,572999999970000;5393499,253700000200000;9,414168611000036;48,693787530000066
155200;08170910111500186310;08;1;11;000;2017;09;18;1;3;5;3;1;1;0;0;0;0;0;519463,918200000010000;5401648,392599999900000;9,264879093000047;48,767537551000032
155201;08170909426300166210;08;4;26;014;2017;09;13;7;3;5;3;1;1;0;0;0;0;1;548986,735699999960000;5317106,328999999900000;9,656767953000042;48,005375241000081
155203;08170909337200181080;08;3;37;125;2017;09;11;7;3;6;7;0;1;1;0;0;0;0;447925,736800000010000;5271080,017400000200000;8,307366298000034;47,591039695000063
155207;08170909311200167690;08;3;11;000;2017;09;17;7;3;0;1;1;0;0;0;0;0;1;414073,906000000020000;5315895,604000000300000;7,848307785000031;47,990585867000050
155209;08170909222014173470;08;2;22;000;2017;09;14;7;3;1;5;1;1;0;0;0;0;0;461580,686099999990000;5481938,977099999800000;8,469521152000027;49,488872740000033
155210;08170909221200166970;08;2;21;000;2017;09;20;7;3;3;6;1;1;0;0;0;2;0;476437,413500000020000;5472856,734600000100000;8,675192621000065;49,407938858000080
155211;08170909221000182600;08;2;21;000;2017;09;19;7;3;0;7;0;0;1;0;1;2;1;476702,613799999990000;5472457,094600000400000;8,678871760000050;49,404354371000068
155212;08170909212402165400;08;2;12;000;2017;09;02;7;3;0;1;1;0;0;0;0;2;0;456870,194599999990000;5428116,664099999700000;8,410278176000077;49,004438027000049
155214;08170909136100166460;08;1;36;002;2017;09;16;7;3;0;1;1;0;0;0;0;0;1;565770,625299999960000;5418937,251899999600000;9,897777629000075;48,919875825000076
155216;08170909121200260380;08;1;21;000;2017;09;16;7;3;3;2;1;1;0;0;0;0;0;516057,532200000020000;5441830,842100000000000;9,220107091000045;49,129101277000075
155218;08170909116500259080;08;1;16;049;2017;09;16;7;3;5;3;1;1;0;0;0;0;0;525591,867800000010000;5384917,567900000100000;9,347234750000041;48,616806334000046
155223;08170908436300192250;08;4;36;081;2017;09;13;6;3;3;6;1;1;0;0;0;0;0;562836,733800000050000;5282051,061300000200000;9,837345446000029;47,688790292000078
155224;08170908426010164810;08;4;25;033;2017;09;18;6;2;5;3;1;1;0;0;0;0;0;554122,651599999980000;5347476,445200000000000;9,729480951000028;48,278177757000037
155225;08170908421200166650;08;4;21;000;2017;09;15;6;3;5;3;1;1;0;0;0;0;0;574275,129100000020000;5362092,055100000500000;10,003642582000055;48,407605582000031
155226;08170908416200165090;08;4;16;041;2017;09;11;6;3;6;7;0;1;1;0;0;0;0;504449,495700000030000;5373873,111499999600000;9,060253912000064;48,517954827000040
155227;08170908416100164920;08;4;16;036;2017;09;11;6;3;6;4;1;0;1;0;0;0;0;494955,216000000010000;5368990,905000000300000;8,931743839000035;48,474028038000029
155229;08170908337100189550;08;3;37;096;2017;09;19;6;2;0;1;1;0;0;0;0;1;0;420815,458400000000000;5267456,489299999500000;7,947481136000022;47,555697401000032
155230;08170908337100176320;08;3;37;096;2017;09;08;6;3;3;2;1;1;0;0;0;0;0;419682,938900000010000;5267067,985999999600000;7,932501382000055;47,552063181000051
155236;08170908317300195930;08;3;17;065;2017;09;06;6;3;5;2;1;0;0;1;0;0;0;414795,680700000030000;5354999,159900000300000;7,850143414000058;48,342423759000042
155237;08170908317300164940;08;3;17;065;2017;09;17;6;3;3;6;1;0;0;0;1;0;0;415744,057199999980000;5354825,541600000100000;7,862974127000030;48,340989296000032
155238;08170908311010173520;08;3;11;000;2017;09;12;6;3;0;5;1;1;0;0;0;0;0;414048,241299999990000;5315235,917799999900000;7,848095934000071;47,984648286000038
155240;08170908311010164780;08;3;11;000;2017;09;20;6;3;0;1;1;0;0;0;0;1;0;412934,677600000000000;5316296,337799999900000;7,832960350000064;47,994036508000079
155245;08170908211010192690;08;2;16;007;2017;09;20;6;3;0;5;1;1;0;0;0;2;0;436342,585299999980000;5394633,036600000200000;8,134834145000070;48,701483195000037
155246;08170908135200192570;08;1;35;025;2017;09;12;6;3;0;3;1;1;0;0;0;0;0;581699,190500000030000;5399357,914400000100000;10,111264168000048;48,741878465000070
155247;08170908128100179430;08;1;28;007;2017;09;13;6;3;1;1;1;1;0;0;0;0;0;555532,234999999990000;5481713,775999999600000;9,766716888000076;49,485522495000055
155248;08170922215102239950;08;2;15;109;2017;09;18;6;3;5;3;1;0;0;0;0;1;0;464121,835000000020000;5440703,375000000000000;8,508311349000053;49,118122026000037
155249;08170922215102210730;08;2;15;090;2017;09;15;6;3;5;3;1;1;0;0;0;0;0;465434,194200000030000;5433510,790900000400000;8,526910827000052;49,053498669000078
155251;08170922136100361920;08;1;36;088;2017;09;17;6;3;5;3;1;1;0;0;0;0;0;579054,370800000030000;5409329,040300000500000;10,077214411000057;48,831903648000036
155253;08170922135010212170;08;1;35;016;2017;09;21;6;2;0;1;1;0;0;0;0;2;0;591383,807299999990000;5386954,019700000100000;10,240220013000055;48,628972441000030
155257;08170922119400211230;08;1;19;079;2017;09;19;6;2;8;1;1;0;0;0;0;1;0;525789,202399999950000;5407865,876600000100000;9,351347022000027;48,823238622000076
155258;08170922119200240480;08;1;19;020;2017;09;16;6;2;5;2;1;1;0;0;0;0;1;520171,202099999990000;5406754,574599999900000;9,274754896000047;48,813449432000027
155259;08170922119010241130;08;1;36;044;2017;09;09;6;2;5;3;1;1;0;0;0;0;0;558160,001799999970000;5407880,904799999700000;9,792330750000076;48,821186304000037
155260;08170922119010209320;08;1;19;079;2017;09;12;6;2;6;4;0;1;1;0;0;0;0;522613,525599999990000;5408088,528400000200000;9,308095203000050;48,825365284000043
155261;08170922118600241650;08;1;18;073;2017;09;17;6;3;6;4;0;1;1;0;0;0;0;497008,034400000000000;5421432,352300000400000;8,959138346000032;48,945808050000039
155264;08170922118200208710;08;1;18;080;2017;09;11;6;3;1;5;1;1;0;0;0;0;0;508942,310899999980000;5408595,712700000000000;9,121845255000039;48,830275159000053
155265;08170922118010231500;08;1;18;074;2017;09;14;6;2;8;1;1;1;0;0;0;0;0;510785,946100000000000;5428504,023099999900000;9,147492366000051;49,009335310000040
155269;08170922111500208960;08;1;11;000;2017;09;12;6;3;5;2;1;1;0;0;0;0;0;516320,045600000010000;5405333,188400000300000;9,222241680000025;48,800775946000044
155270;08170921435100208050;08;4;35;016;2017;09;16;5;3;0;2;1;1;0;0;0;0;0;535185,373999999950000;5278246,717100000000000;9,468582054000024;47,656658348000065
155271;08170921435100204720;08;4;35;016;2017;09;18;5;3;9;1;1;0;0;0;0;0;0;537659,334400000050000;5277790,379900000100000;9,501488507000033;47,652413221000074
155272;08170921426100205310;08;4;26;021;2017;09;13;5;3;6;4;0;1;1;0;0;0;0;558886,832000000050000;5327356,546000000100000;9,790897940000036;48,096753288000059
155273;08170921416010232130;08;4;16;036;2017;09;14;5;3;6;6;1;0;1;0;0;0;0;495831,780000000030000;5368981,623900000000000;8,943603877000044;48,473950963000050
155274;08170921416010202830;08;4;15;073;2017;09;05;5;2;5;2;1;1;0;0;0;2;0;517684,753499999990000;5350516,678899999700000;9,238496599000030;48,307596292000028
155276;08170921415400205590;08;4;15;061;2017;09;15;5;3;0;7;1;0;0;0;0;0;0;516990,220700000010000;5370379,682799999600000;9,229934051000043;48,486312662000046
155279;08170921335100208400;08;3;35;043;2017;09;18;5;3;0;1;1;0;0;0;0;1;0;512804,178200000020000;5278705,126500000200000;9,170535931000075;47,661613114000033
155280;08170921317500223030;08;3;17;096;2017;09;16;5;3;0;7;1;0;0;0;0;0;0;422341,965499999990000;5367990,661500000400000;7,949560479000070;48,460255738000058
155284;08170921316100205070;08;3;16;043;2017;09;16;5;3;5;3;1;1;0;0;0;0;0;409398,266400000020000;5328706,591500000100000;7,782940726000049;48,105176434000043
155286;08170921311010202440;08;3;36;050;2017;09;08;5;2;5;3;1;1;0;0;0;0;0;399242,018300000000000;5272620,763700000000000;7,659614402000045;47,599162603000082
155288;08170921299200231350;08;2;15;100;2017;09;09;5;2;5;3;1;0;0;0;0;0;0;475514,257099999990000;5451877,454900000200000;8,663754192000056;49,219194422000044
155290;08170921299200204950;08;2;12;000;2017;09;16;5;3;6;4;0;1;1;0;0;0;0;461842,858599999980000;5427596,042399999700000;8,478316106000023;49,000082373000055
155292;08170921226400248680;08;2;26;084;2017;09;17;5;3;4;1;1;1;0;0;0;0;0;468657,438100000030000;5470919,007000000200000;8,568102294000028;49,390158527000040
155294;08170921226400221840;08;2;26;084;2017;09;07;5;3;1;5;1;1;0;0;0;1;0;469309,868900000000000;5470621,439700000000000;8,577115446000050;49,387515214000075
155295;08170921222700240970;08;2;22;000;2017;09;16;5;3;2;1;1;1;0;0;0;0;0;462120,398099999990000;5481251,799800000200000;8,477038794000066;49,482725869000035
155297;08170921221200203880;08;2;21;000;2017;09;10;5;3;4;2;1;1;0;0;0;0;0;475658,744300000020000;5472593,387699999800000;8,664475094000068;49,405539449000059
155299;08170921215502238760;08;2;15;106;2017;09;11;5;3;0;3;1;1;0;0;0;0;0;465469,668000000010000;5452192,974999999600000;8,525795866000067;49,221548655000049
155301;08170921121300237740;08;1;21;000;2017;09;15;5;3;6;1;0;0;1;0;1;0;0;513654,552700000000000;5444550,957000000400000;9,187260847000061;49,153627749000066
155303;08170921119400203360;08;1;19;067;2017;09;13;5;3;9;1;1;0;0;0;0;0;0;538588,285000000030000;5406730,884999999800000;9,525606052000057;48,812365486000033
155304;08170921119100225790;08;1;19;008;2017;09;12;5;3;6;3;0;0;1;0;1;0;0;531709,564400000030000;5421339,244599999900000;9,433047880000061;48,944164843000067
155305;08170921119010208920;08;1;19;091;2017;09;07;5;2;3;6;1;0;0;0;0;0;0;528047,040000000040000;5405930,008000000400000;9,381974349000075;48,805726264000043
155306;08170921119010206210;08;1;19;008;2017;09;10;5;2;6;4;0;0;1;0;1;0;0;531889,357199999970000;5421587,932400000300000;9,435522648000074;48,946392656000057
155307;08170921118600263100;08;1;18;073;2017;09;16;5;3;5;3;1;1;0;0;0;0;0;493643,308599999990000;5420254,519899999700000;8,913204274000066;48,935187193000047
155308;08170921118600240980;08;1;18;073;2017;09;17;5;3;5;3;1;1;0;0;0;0;0;497929,397100000000000;5419049,501199999800000;8,971733616000051;48,924376367000036
155309;08170921118300205210;08;1;18;003;2017;09;13;5;3;5;3;1;1;0;0;0;0;0;509751,076200000010000;5416299,280399999600000;9,133048800000040;48,899562771000035
155311;08170921116200258620;08;1;16;080;2017;09;17;5;3;3;6;1;0;0;0;1;0;0;518351,718100000000000;5395563,327999999700000;9,249472578000052;48,712830475000032
155312;08170921116200206180;08;1;16;078;2017;09;17;5;3;5;2;1;1;0;0;0;0;0;512320,380300000020000;5393396,978799999700000;9,167418600000076;48,693490252000061
155315;08170921116010204710;08;1;16;080;2017;09;17;5;3;6;4;0;1;1;0;0;0;0;516915,816700000020000;5396096,915000000000000;9,229975037000031;48,717671228000029
155319;08170921111340203560;08;1;11;000;2017;09;07;5;3;6;2;0;1;1;0;0;0;0;511410,720500000000000;5406520,464800000200000;9,155421219000061;48,811566058000039
155321;08170921111120236810;08;1;11;000;2017;09;08;5;3;5;3;1;1;0;0;0;0;0;513958,732000000020000;5403401,906999999700000;9,190020573000027;48,783459856000036
155322;08170921111110203430;08;1;11;000;2017;09;08;5;2;5;2;1;0;0;0;0;0;0;513170,487900000010000;5402964,365600000100000;9,179276224000034;48,779540961000066