OBJECTID;UIDENTSTLA;ULAND;UREGBEZ;UKREIS;UGEMEINDE;UJAHR;UMONAT;USTUNDE;UWOCHENTAG;UKATEGORIE;UART;UTYP1;IstRad;IstPKW;IstFuss;IstKrad;IstSonstig;LICHT;STRZUSTAND;LINREFX;LINREFY;XGCSWGS84;YGCSWGS84
155609;08170926436500261140;08;4;36;064;2017;09;13;3;3;6;4;0;1;1;0;0;0;0;546189,363999999940000;5293451,603699999900000;9,616732962000071;47,792766179000068
155610;08170926436300225320;08;4;36;049;2017;09;19;3;3;8;1;1;0;0;0;0;1;0;577564,797099999970000;5283357,065499999600000;10,033810044000063;47,698939472000063
155611;08170926436200224740;08;4;36;064;2017;09;08;3;3;5;3;1;1;0;0;0;0;0;542797,184600000040000;5292026,505400000100000;9,571301556000037;47,780178872000079
155613;08170926426100223180;08;4;26;021;2017;09;17;3;3;5;2;1;1;0;0;0;0;0;552464,317999999970000;5327069,207700000100000;9,704610221000053;48,094729563000044
155614;08170926426100222580;08;4;26;021;2017;09;16;3;3;5;3;1;1;0;0;0;0;0;559699,447700000020000;5329261,023000000000000;9,802077457000053;48,113810600000079
155615;08170926426010241350;08;4;26;028;2017;09;23;3;3;0;7;1;0;1;0;0;2;0;569548,295000000040000;5343155,326000000400000;9,936656233000065;48,237800133000064
155617;08170926416200248940;08;4;16;041;2017;09;17;3;3;6;4;0;1;1;0;0;1;1;504211,871800000020000;5373697,476599999700000;9,057034299000065;48,516376390000062
155619;08170926335300251050;08;3;35;075;2017;09;07;3;3;1;7;1;1;0;0;0;0;0;487674,048100000010000;5290520,983799999600000;8,835499163000065;47,767936755000051
155620;08170926335010226600;08;4;35;016;2017;09;11;3;2;3;2;1;0;0;0;0;0;0;535402,545399999940000;5278210,382799999800000;9,471471195000049;47,656319585000062
155621;08170926335010220620;08;3;35;028;2017;09;15;3;2;6;2;0;1;1;0;0;0;0;483131,366800000020000;5287109,168100000400000;8,775005803000056;47,737136017000068
155624;08170926317100237750;08;3;17;001;2017;09;15;3;3;5;3;1;1;0;0;0;0;0;431392,082100000000000;5386808,565600000300000;8,068858570000032;48,630577632000040
155625;08170926317000239290;08;3;17;057;2017;09;16;3;2;6;2;1;0;1;0;0;0;0;413133,326699999980000;5380186,222199999700000;7,822486445000038;48,568744320000064
155626;08170926311200225170;08;3;11;000;2017;09;15;3;3;5;3;1;1;0;0;0;0;0;414762,794899999980000;5317477,950299999700000;7,857224928000051;48,004911898000046
155627;08170926311010250520;08;3;11;000;2017;09;17;3;3;5;2;1;1;0;0;0;0;0;413211,657599999980000;5315214,684999999600000;7,836890919000041;47,984344320000048
155628;08170926311010237590;08;3;11;000;2017;09;15;3;3;5;3;1;1;0;0;0;0;0;413876,414500000010000;5317726,338200000100000;7,845293838000032;48,007027413000060
155629;08170926299200268420;08;2;12;000;2017;09;20;3;3;0;7;1;1;0;0;0;2;0;455463,902400000020000;5428066,176699999700000;8,391056339000045;49,003884013000061
155630;08170926299200262500;08;2;12;000;2017;09;20;3;3;5;3;1;0;0;1;0;2;0;455028,168000000010000;5428498,066999999800000;8,385051048000037;49,007737309000049
155631;08170926299200223870;08;2;15;021;2017;09;15;3;2;3;6;1;1;0;0;0;0;0;469755,468999999980000;5444794,934000000400000;8,585207598000068;49,155229266000049
155632;08170926299200223640;08;2;15;017;2017;09;07;3;2;5;3;1;1;0;0;0;0;0;456631,326000000000000;5421336,805499999800000;8,407735172000059;48,943435269000076
155634;08170926226300257270;08;2;26;056;2017;09;16;3;3;0;3;1;0;0;0;0;0;0;486039,404500000000000;5470467,561400000000000;8,807637791000047;49,386744427000053
155635;08170926226300246890;08;2;26;056;2017;09;17;3;3;0;6;1;0;0;0;0;0;1;485557,255000000000000;5471649,776499999700000;8,800951361000045;49,397367146000079
155636;08170926221000233800;08;2;21;000;2017;09;09;3;3;3;2;1;0;0;0;0;0;0;476851,309300000020000;5474215,487300000200000;8,680818790000046;49,420176491000063
155637;08170926215102262480;08;2;12;000;2017;09;11;3;3;5;3;1;1;0;0;0;0;0;459580,157899999990000;5431005,935899999900000;8,447042323000062;49,030610942000067
155638;08170926212702237670;08;2;15;108;2017;09;16;3;3;5;3;1;1;0;0;0;0;0;450647,288600000030000;5425691,819699999900000;8,325491555000042;48,982160317000080
155640;08170926212302287640;08;2;12;000;2017;09;17;3;3;5;2;1;0;0;0;1;0;0;455171,247199999980000;5430974,924900000000000;8,386733742000047;49,030027233000055
155643;08170926115300220420;08;1;15;028;2017;09;14;3;3;1;7;1;1;0;0;0;0;0;499464,083900000030000;5404040,275799999900000;8,992703707000032;48,789358995000043
155644;08170926115100256260;08;1;15;003;2017;09;14;3;3;1;5;1;1;0;0;0;0;0;501019,833099999990000;5392568,286399999600000;9,013856245000056;48,686156057000062
155645;08170926111500241340;08;1;11;000;2017;09;13;3;3;5;4;0;1;1;0;0;0;0;517913,336000000010000;5402268,085000000000000;9,243804844000067;48,773158803000058
155648;08170925436200238610;08;4;36;064;2017;09;15;2;3;5;3;1;1;0;0;0;0;0;545782,397000000000000;5293219,315999999600000;9,611274839000032;47,790705352000032
155650;08170925426010244850;08;4;21;000;2017;09;14;2;2;6;2;0;1;1;0;0;0;0;573848,982800000000000;5361144,074900000400000;9,997718389000056;48,399128402000031
155653;08170925416010241780;08;4;15;014;2017;09;13;2;3;3;2;1;1;0;0;0;0;0;526172,288999999990000;5374721,353000000100000;9,354468131000033;48,525055980000047
155654;08170925416010241310;08;4;15;061;2017;09;06;2;3;3;6;1;1;0;0;0;2;0;514578,737499999990000;5372291,965800000400000;9,197365663000028;48,503576806000069
155657;08170925335010243740;08;3;35;098;2017;09;17;2;2;5;3;1;1;0;0;0;0;0;502178,436500000010000;5294341,198699999600000;9,029092414000047;47,802423430000033
155658;08170925335010224650;08;4;36;082;2017;09;15;2;3;1;7;1;1;0;0;0;0;0;547845,418100000010000;5295140,615299999700000;9,639029980000032;47,807841188000054
155660;08170925326110244110;08;3;26;005;2017;09;08;2;3;0;6;1;1;0;0;0;0;0;465173,244799999990000;5298371,385999999900000;8,534582282000031;47,837745219000055
155661;08170925326100245020;08;3;26;012;2017;09;08;2;3;0;3;1;0;0;0;1;0;0;462952,722000000010000;5312374,111600000400000;8,503706107000028;47,963603703000047
155668;08170925311010219030;08;3;36;050;2017;09;11;2;2;7;7;1;0;0;0;0;0;0;398710,703800000020000;5274346,858599999900000;7,652149426000051;47,614606572000071
155669;08170925235010254720;08;2;31;000;2017;09;18;2;2;6;4;0;1;1;0;0;0;0;476324,994899999990000;5415407,430700000400000;8,677019726000026;48,891164346000039
155677;08170925212702219130;08;2;15;017;2017;09;16;2;3;5;2;1;1;0;0;0;0;0;454629,749200000020000;5420705,294800000300000;8,380472562000023;48,937611131000040
155679;08170925199200234740;08;1;18;027;2017;09;16;2;2;5;3;1;1;0;0;0;0;0;502529,976800000000000;5412506,733599999900000;9,034496904000037;48,865517364000027
155681;08170925127202217860;08;1;27;014;2017;09;08;2;2;5;3;1;0;0;0;1;0;0;576574,035099999980000;5443076,132000000200000;10,049779473000058;49,135740507000037
155684;08170925118010254470;08;1;15;045;2017;09;15;2;3;5;3;1;1;0;0;0;0;0;500645,148099999990000;5393559,481300000100000;9,008767031000048;48,695073447000027
155685;08170925116200238130;08;1;16;078;2017;09;17;2;3;1;5;1;1;0;0;0;0;0;512240,450100000020000;5393370,915300000500000;9,166331681000031;48,693257356000061
155686;08170925116010217040;08;1;16;070;2017;09;17;2;3;6;4;0;1;1;0;0;0;0;538093,468600000020000;5385229,231599999600000;9,516881170000033;48,618973713000059
155687;08170925111500221880;08;1;11;000;2017;09;18;2;3;5;3;1;1;0;0;0;0;0;514202,769900000010000;5406140,953900000100000;9,193437358000040;48,808094484000037
155688;08170925111130221360;08;1;11;000;2017;09;18;2;3;2;6;1;0;0;0;1;0;0;510374,059100000010000;5402073,519000000300000;9,141188994000061;48,771579879000058
155689;08170924436300218120;08;4;36;081;2017;09;16;1;3;0;1;1;0;0;0;0;0;0;561730,706099999950000;5282454,724499999500000;9,822665515000040;47,692528548000041
155690;08170924416100212220;08;4;16;036;2017;09;15;1;3;0;1;1;0;0;0;0;0;0;495347,983499999970000;5369460,515700000300000;8,937052772000072;48,478255888000035
155691;08170924336200223920;08;3;36;069;2017;09;15;1;2;1;5;1;1;0;0;0;0;0;409828,228100000010000;5269249,520499999600000;7,801102075000074;47,570394339000075
155692;08170924336100217800;08;3;36;050;2017;09;14;1;3;0;6;1;0;0;0;0;0;0;399709,507900000030000;5273327,365000000200000;7,665670038000030;47,605591235000077
155693;08170924335100242740;08;3;35;043;2017;09;23;1;3;9;7;1;0;0;0;0;2;1;512724,232499999980000;5278368,344399999800000;9,169461351000052;47,658584433000044
155695;08170924326300216890;08;3;26;052;2017;09;14;1;2;0;7;1;0;0;0;0;0;0;451593,217999999990000;5328724,819600000000000;8,349691967000069;48,109945383000081
155697;08170924317500213910;08;3;17;096;2017;09;14;1;3;0;7;1;0;0;0;0;0;0;422071,678499999980000;5370996,695000000300000;7,945344794000050;48,487261336000074
155698;08170924311010244190;08;3;15;047;2017;09;16;1;3;0;7;1;0;0;0;0;0;0;415917,167599999990000;5322503,165599999900000;7,871712161000062;48,050268617000029
155702;08170924212302214410;08;2;12;000;2017;09;15;1;3;5;3;1;1;0;0;0;0;0;455040,149900000020000;5429894,170199999600000;8,385060215000067;49,020296237000082
155703;08170924111500244950;08;1;11;000;2017;09;18;1;2;5;3;1;1;0;0;0;0;0;506345,183200000030000;5405626,131000000100000;9,086411692000070;48,803593089000060
155705;08170923435100226610;08;4;35;016;2017;09;10;7;3;6;6;1;0;1;0;0;0;0;538654,103099999950000;5279602,291299999700000;9,514895019000051;47,668656973000054
155706;08170923426100252150;08;4;26;021;2017;09;19;7;3;0;1;1;0;0;0;0;2;0;559119,876799999970000;5326118,965800000400000;9,793856224000024;48,085598212000036
155707;08170923421300210980;08;4;25;140;2017;09;20;7;2;0;1;1;0;0;0;0;2;0;580251,285900000020000;5335402,031999999700000;10,079309893000072;48,166792708000060
155708;08170923416010209810;08;4;15;060;2017;09;13;7;2;5;3;1;1;0;0;0;0;0;514792,211899999990000;5380516,834099999600000;9,200547723000057;48,577565052000068
155709;08170923416010209800;08;4;16;036;2017;09;14;7;3;3;6;1;1;0;0;0;0;0;495460,785700000010000;5369105,909099999800000;8,938582968000048;48,475066518000062
155710;08170923415400382600;08;4;15;061;2017;09;20;7;3;1;5;1;1;0;0;0;1;0;515731,153899999980000;5369749,447200000300000;9,212871101000076;48,480675609000059
155717;08170923317000254070;08;3;17;057;2017;09;19;7;2;4;6;1;0;0;0;0;2;1;414918,470700000010000;5379760,807699999800000;7,846766660000071;48,565162838000049
155718;08170923311200211800;08;3;11;000;2017;09;12;7;2;5;3;1;0;0;0;1;0;0;415019,123700000000000;5320689,506799999600000;7,860024035000038;48,033835185000044
155719;08170923311010213440;08;3;11;000;2017;09;18;7;3;2;6;1;1;0;0;0;0;0;413718,440400000020000;5315253,246199999900000;7,843673473000024;47,984759757000063
155720;08170923311010213390;08;3;11;000;2017;09;11;7;3;5;3;1;1;0;0;0;0;0;417735,216100000020000;5314752,797100000100000;7,897590715000035;47,980787193000026
155721;08170923311010211370;08;3;11;000;2017;09;13;7;3;3;6;1;0;0;0;0;0;0;410747,175999999980000;5315345,393000000200000;7,803842922000058;47,985180925000066
155722;08170923299200230970;08;2;12;000;2017;09;15;7;3;1;5;1;0;0;0;1;0;0;455391,979700000030000;5425690,364799999600000;8,390333834000046;48,982508113000051
155723;08170923299200228320;08;2;15;017;2017;09;22;7;2;0;1;1;0;0;0;0;2;0;459035,383900000020000;5420370,670500000000000;8,440661651000028;48,934908508000035
155725;08170923222500380090;08;2;22;000;2017;09;14;7;3;5;3;1;1;0;0;0;0;0;462212,170700000020000;5478756,213700000200000;8,478544074000070;49,460285027000054
155729;08170923215102209740;08;2;15;105;2017;09;13;7;3;5;3;1;1;0;0;0;0;0;457123,105700000010000;5441817,560399999800000;8,412284411000030;49,127695764000066
155730;08170923212702245830;08;2;15;017;2017;09;14;7;3;0;1;1;0;0;0;0;0;0;455176,517899999980000;5421868,889999999700000;8,387810189000049;48,948117751000041
155735;08170923117010245160;08;1;17;061;2017;09;17;7;3;1;2;1;1;0;0;0;0;0;565291,083699999960000;5394961,172399999600000;9,887418145000027;48,704265921000058
155736;08170923116500253810;08;1;16;049;2017;09;15;7;3;2;6;1;1;0;0;0;0;0;525521,494500000030000;5384318,801099999800000;9,346243097000070;48,611422668000046
155737;08170923116400509270;08;1;16;033;2017;09;13;7;2;4;2;1;0;0;0;0;0;0;533153,642299999950000;5389074,619400000200000;9,450163840000073;48,653847775000031
155741;08170923111500211930;08;1;11;000;2017;09;18;7;3;5;3;1;1;0;0;0;0;0;512052,917000000020000;5406244,178700000000000;9,164160191000065;48,809068497000055
155746;08170922435211252740;08;4;35;036;2017;09;13;6;3;0;1;1;0;0;0;0;0;0;520190,211100000010000;5282303,133999999600000;9,269074298000021;47,693798147000052
155747;08170922435114218530;08;4;35;030;2017;09;06;6;3;4;2;1;1;0;0;0;2;0;540842,473099999940000;5271777,505099999700000;9,543313806000072;47,598120048000055
155751;08170922416010213020;08;1;16;019;2017;09;02;6;2;6;4;0;1;1;0;0;2;0;523671,278999999980000;5399570,634999999800000;9,322015552000039;48,748700535000069
155753;08170922335300220720;08;3;35;075;2017;09;07;6;3;5;3;1;0;0;0;1;0;0;491315,007999999970000;5288753,216400000300000;8,884126224000056;47,752090541000030
155754;08170922335200206690;08;3;35;063;2017;09;14;6;3;1;5;1;1;0;0;0;0;0;498549,904700000010000;5287849,160799999700000;8,980656055000054;47,744013087000042
155755;08170922326100227210;08;3;26;012;2017;09;15;6;3;1;5;1;1;0;0;0;0;0;462619,390000000010000;5311310,534000000000000;8,499333352000065;47,954015412000047
155756;08170922317300223210;08;3;17;065;2017;09;11;6;3;4;1;1;1;0;0;0;0;0;415764,974200000000000;5355358,022800000400000;7,863149823000072;48,345781687000056
155757;08170922317000224530;08;3;17;096;2017;09;05;6;2;6;4;0;1;1;0;0;2;0;420463,620500000020000;5368177,647199999500000;7,924122152000052;48,461702970000033
155762;08170922311010237560;08;3;11;000;2017;09;18;6;3;5;2;1;1;0;0;0;0;0;414853,757199999990000;5317471,288800000200000;7,858445531000029;48,004864100000077
155763;08170922311010214540;08;3;36;050;2017;09;12;6;2;0;7;1;0;0;0;0;0;0;402367,150199999970000;5276706,893000000200000;7,700266144000068;47,636397465000073
155764;08170922311010208410;08;3;11;000;2017;09;13;6;3;5;2;1;1;0;0;0;0;0;414547,474400000010000;5318174,580000000100000;7,854199915000038;48,011149592000038
155765;08170922299200239510;08;2;12;000;2017;09;22;6;3;5;2;1;1;0;0;0;2;0;456879,468700000030000;5427895,684700000100000;8,410428441000022;49,002450935000070
155767;08170922226400228840;08;2;26;062;2017;09;14;6;2;0;7;1;0;0;0;0;0;0;469419,676700000010000;5469251,732900000200000;8,578733795000062;49,375200532000065
155768;08170922222500216870;08;2;22;000;2017;09;09;6;3;5;3;1;1;0;0;0;0;0;465737,284199999990000;5475752,457100000200000;8,527447054000049;49,433476483000049
155769;08170922222310377950;08;2;22;000;2017;09;12;6;2;3;6;1;1;0;0;0;0;0;465848,854400000010000;5481838,210199999600000;8,528460822000056;49,488221617000079
155770;08170922222014206960;08;2;22;000;2017;09;14;6;3;3;2;1;1;0;0;0;0;0;461617,175300000000000;5483798,931300000300000;8,469844273000035;49,505604320000032
155772;08170922216300209110;08;2;16;029;2017;09;14;6;2;0;1;1;0;0;0;0;0;0;458353,386000000000000;5401986,077200000200000;8,433219851000047;48,769486092000079
155773;08171005311010298200;08;3;15;073;2017;10;11;5;3;5;2;1;1;0;0;0;0;0;412444,385899999990000;5313062,918200000200000;7,827048925000042;47,964883879000070
155776;08171005311010269250;08;3;11;000;2017;10;10;5;3;5;3;1;1;0;0;0;0;0;413622,342000000000000;5316926,487999999900000;7,842049129000031;47,999798199000054
155778;08171005299200278390;08;2;12;000;2017;10;11;5;1;5;2;1;0;0;0;1;0;0;453972,925300000000000;5431039,075699999900000;8,370334202000038;49,030515990000026
155779;08171005299200271290;08;2;12;000;2017;10;07;5;3;2;6;1;1;0;0;0;0;0;456955,880200000010000;5424416,688699999800000;8,411841567000067;48,971162135000043
155780;08171005299200270700;08;2;12;000;2017;10;16;5;3;6;7;0;1;1;0;0;0;1;456592,745500000020000;5423783,305100000500000;8,406947515000070;48,965439330000038
155783;08171005235200278810;08;2;35;006;2017;10;16;5;3;5;3;1;0;0;0;1;0;0;474065,984000000000000;5380409,790000000000000;8,648404533000075;48,576239915000031
155784;08171005235010300520;08;2;31;000;2017;10;14;5;3;6;4;0;0;1;0;1;0;1;478226,424400000020000;5415578,883800000000000;8,702949980000028;48,892776413000036
155785;08171005235010283210;08;2;31;000;2017;10;18;5;3;5;3;1;1;0;0;0;0;1;476966,379800000000000;5415311,027200000400000;8,685774952000031;48,890321308000068
155787;08171005226600283090;08;2;26;082;2017;10;09;5;3;5;3;1;1;0;0;0;0;0;475736,602300000030000;5479791,179100000300000;8,665107727000077;49,470285090000061
155789;08171005222800270620;08;2;22;000;2017;10;13;5;3;3;2;1;0;0;0;1;0;0;463364,649900000020000;5485876,976599999700000;8,493787059000056;49,524403297000049
155792;08171005222200272300;08;2;22;000;2017;10;15;5;3;3;7;1;1;0;0;0;0;1;461221,515699999990000;5481772,309299999800000;8,464578444000040;49,487350806000052
155793;08171005212402271090;08;2;12;000;2017;10;17;5;3;6;7;1;0;1;0;0;1;1;456724,791900000010000;5428095,604299999800000;8,408292413000027;49,004238413000053
155794;08171005135100272470;08;1;35;020;2017;10;15;5;3;5;3;1;1;0;0;0;0;0;586364,884899999950000;5386404,398500000100000;10,172006255000042;48,624742229000049
155795;08171005126010328850;08;1;21;000;2017;10;08;5;2;6;4;0;1;1;0;0;0;0;516257,999900000000000;5443085,214200000300000;9,222905549000075;49,140379506000045
155796;08171005121500297780;08;1;25;005;2017;10;11;5;2;0;7;1;0;0;0;1;0;0;515187,889000000020000;5453145,586000000100000;9,208613973000070;49,230902619000062
155797;08171005121200270600;08;1;21;000;2017;10;18;5;3;6;4;0;1;1;0;0;1;1;515835,022000000000000;5443125,333900000000000;9,217107925000050;49,140751446000081
155799;08171005118600304360;08;1;18;073;2017;10;14;5;3;0;7;1;0;0;0;0;0;0;498696,451799999980000;5425759,037499999600000;8,982183415000066;48,984735349000061
155800;08171005118100304090;08;1;18;079;2017;10;18;5;3;5;2;1;1;0;0;0;0;1;510243,449399999980000;5421190,811999999900000;9,139889814000071;48,943557638000073
155807;08171005111500272430;08;1;11;000;2017;10;13;5;3;5;3;1;0;0;0;1;0;0;518524,265000000010000;5402883,751000000200000;9,252147389000072;48,778679372000056
155809;08171004436500268220;08;4;35;016;2017;10;12;4;2;2;6;1;0;0;0;0;0;0;534664,702300000000000;5277798,317300000200000;9,461612672000058;47,652652007000029
155810;08171004436310271560;08;4;36;049;2017;10;13;4;3;3;2;1;1;0;0;0;0;0;577924,582799999970000;5281795,563500000200000;10,038325670000063;47,684848600000066
155817;08171004415300292200;08;4;15;019;2017;10;11;4;3;6;7;0;0;1;0;1;0;0;519577,043000000010000;5371414,217000000200000;9,264990465000039;48,495544406000079
155818;08171004399500269180;08;3;27;049;2017;10;18;4;3;5;3;1;1;0;0;0;0;0;472826,815699999980000;5324474,438699999800000;8,635211298000058;48,072965430000067
155819;08171004335100270130;08;3;35;043;2017;10;19;4;3;6;6;1;0;1;0;0;2;0;513205,426299999990000;5279904,480499999600000;9,175916293000057;47,672396437000032
155820;08171004335100270110;08;3;35;043;2017;10;19;4;2;0;7;1;0;0;0;0;2;0;514265,768199999990000;5280654,713200000100000;9,190066089000027;47,679124241000068
155822;08171004326400384670;08;3;26;074;2017;10;08;4;3;5;3;1;0;0;0;1;0;0;460427,937600000000000;5322518,070299999800000;8,468948844000067;48,054715616000067
155823;08171004326300382670;08;3;26;052;2017;10;06;4;3;0;1;0;1;1;0;0;1;0;451006,901399999970000;5330305,316800000100000;8,341634149000072;48,124119342000029
155825;08171004317100279840;08;3;17;110;2017;10;09;4;2;9;7;1;0;0;0;0;0;0;430354,143400000000000;5381288,943699999700000;8,055699874000027;48,580813836000061
155826;08171004316200276360;08;3;16;010;2017;10;07;4;3;6;4;0;1;1;0;0;2;0;430909,346599999990000;5335867,332600000300000;8,070693126000037;48,172289729000056
155830;08171004311300266510;08;3;11;000;2017;10;07;4;3;5;3;1;0;0;0;0;0;0;414256,605199999990000;5315612,027099999600000;7,850812683000072;47,988059504000034
155831;08171004311010268980;08;3;11;000;2017;10;13;4;2;0;1;1;0;0;0;0;0;0;413244,749000000010000;5315211,361399999800000;7,837334976000022;47,984318913000038
155832;08171004311010268890;08;3;11;000;2017;10;18;4;3;0;7;1;1;0;0;0;0;0;414311,194699999990000;5317002,225300000000000;7,851266608000060;48,000572190000071
155835;08171004299200298690;08;2;12;000;2017;10;17;4;3;6;4;1;0;1;0;0;0;0;455956,891899999990000;5428729,245299999600000;8,397724680000067;49,009883763000062
155836;08171004299200285230;08;2;12;000;2017;10;16;4;3;1;5;1;1;0;0;0;0;0;451718,527400000020000;5430888,943799999500000;8,339513256000032;49,028993163000052
155837;08171004299200280700;08;2;12;000;2017;10;19;4;2;2;6;1;0;0;0;1;0;0;460525,748399999980000;5427698,423999999600000;8,460299466000038;49,000920496000049
155842;08171004222200272330;08;2;22;000;2017;10;17;4;3;0;5;1;1;0;0;0;1;1;461427,330800000000000;5481818,587100000100000;8,467415526000025;49,487780168000029
155845;08171004215102267880;08;2;15;090;2017;10;19;4;2;6;7;0;1;1;0;0;1;0;464684,026000000010000;5433282,069199999800000;8,516663882000046;49,051398727000048
155846;08171004212702269790;08;2;15;017;2017;10;14;4;3;0;3;1;1;0;0;0;0;0;457064,983200000020000;5421036,250099999800000;8,413688761000060;48,940761958000053
155847;08171004211010269000;08;2;16;043;2017;10;20;4;2;5;3;1;1;0;0;0;2;0;441934,482800000000000;5412313,315999999600000;8,208328169000026;48,861064711000040
155848;08171004211010268950;08;2;16;049;2017;10;17;4;3;0;1;1;0;0;0;0;0;0;438947,707600000020000;5402205,384399999900000;8,169114520000051;48,769857524000031
155849;08171004135010290850;08;1;35;019;2017;10;09;4;2;2;4;0;1;1;0;0;0;0;585151,987500000050000;5392386,014800000000000;10,156780475000062;48,678709153000057
155851;08171004127010267080;08;1;27;073;2017;10;15;4;2;0;7;1;0;0;0;0;0;0;578630,804499999970000;5446640,025899999800000;10,078667004000067;49,167533611000067
155852;08171004121200283250;08;1;21;000;2017;10;15;4;3;5;3;1;1;0;0;0;0;0;514172,828600000010000;5440635,385499999900000;9,194230860000062;49,118394061000060
155854;08171004119300270160;08;1;19;067;2017;10;18;4;3;6;4;0;1;1;0;0;1;0;536838,781199999970000;5405065,770899999900000;9,501627849000045;48,797493011000029
155855;08171004119200267260;08;1;19;079;2017;10;11;4;3;0;1;1;0;0;0;0;0;0;521281,676600000010000;5408036,462399999600000;9,289947138000059;48,824943975000053
155859;08171004116500280140;08;1;16;049;2017;10;12;4;3;5;2;1;1;0;0;0;0;0;525618,245000000000000;5385663,111600000400000;9,347638686000039;48,623512200000050
155860;08171004116010269160;08;1;16;035;2017;10;18;4;3;5;2;1;1;0;0;0;0;0;526756,123400000040000;5391635,948499999900000;9,363465313000063;48,677196105000064
155862;08171004115400282430;08;1;15;045;2017;10;19;4;2;5;2;1;0;0;0;1;2;0;501938,756600000020000;5394698,661200000000000;9,026351453000075;48,705318928000054
155864;08171003416010322980;08;4;15;050;2017;10;12;3;2;5;3;1;1;0;0;0;0;0;521399,575799999990000;5378120,530799999800000;9,290003795000075;48,555816617000062
155868;08171003325010275810;08;3;26;017;2017;10;15;3;2;3;6;1;0;0;0;0;0;0;440106,744899999990000;5322573,015900000000000;8,196256876000064;48,053625962000069
155869;08171003317500266070;08;3;17;096;2017;10;23;3;3;0;7;1;0;0;0;0;2;0;422724,444800000000000;5368935,501000000200000;7,954558631000054;48,468801630000030
155871;08171003311300296400;08;3;11;000;2017;10;18;3;3;1;1;1;1;0;0;0;0;0;412391,087000000000000;5314922,775700000100000;7,825955831000044;47,981606634000059
155873;08171003311010264810;08;3;11;000;2017;10;00;3;2;0;1;1;0;0;0;0;2;0;413854,812099999980000;5316217,948099999700000;7,845307129000048;47,993455994000044
155874;08171003299200267660;08;2;12;000;2017;10;15;3;3;0;5;1;1;0;0;0;0;0;454317,766400000020000;5429907,121199999900000;8,375178944000027;49,020359657000029
155876;08171003222600267290;08;2;22;000;2017;10;14;3;3;0;7;1;0;0;0;1;0;0;462681,050500000010000;5483248,818599999900000;8,484590196000056;49,500722752000058
155879;08171003127100294900;08;1;27;076;2017;10;13;3;3;5;3;1;0;0;0;1;0;1;551665,737300000040000;5439204,527400000000000;9,707841320000057;49,103516142000046
155882;08171002436100263990;08;4;36;055;2017;10;13;2;3;0;6;1;1;0;0;0;0;0;576425,824799999940000;5297541,795400000200000;10,021126399000025;47,826682946000062
155884;08171002435100264160;08;4;35;016;2017;10;16;2;3;0;1;1;0;0;0;0;0;0;537721,292200000030000;5280179,397500000000000;9,502519782000036;47,673904490000041
155887;08171002426010264540;08;4;26;120;2017;10;10;2;2;6;4;0;1;1;0;0;0;0;561655,966499999980000;5323631,970700000400000;9,827548140000033;48,062984587000074
155888;08171002421200364330;08;4;21;000;2017;10;16;2;3;6;4;0;1;1;0;0;0;0;573780,293700000040000;5361380,259399999900000;9,996832040000072;48,401260970000067
155892;08171002336100264370;08;3;36;050;2017;10;08;2;3;5;3;1;1;0;0;0;0;1;399206,466799999990000;5272990,921900000400000;7,659056497000051;47,602486779000060
155893;08171002335300276540;08;3;35;075;2017;10;18;2;3;5;2;1;0;0;0;0;1;0;487788,543200000010000;5290984,773699999800000;8,837014159000034;47,772111890000076
155896;08171002335200276040;08;3;35;063;2017;10;16;2;3;5;2;1;1;0;0;0;0;0;496925,239300000020000;5287995,286500000400000;8,958982355000046;47,745322167000040
155897;08171002335010271930;08;3;35;043;2017;10;17;2;2;5;2;1;0;0;0;0;0;0;512801,237399999980000;5278708,972199999700000;9,170496876000073;47,661647775000063
155898;08171002335010266750;08;4;36;082;2017;10;10;2;2;0;2;1;1;0;0;0;0;0;547555,816200000000000;5295672,944000000100000;9,635220666000066;47,812651979000066
155900;08171002311300363580;08;3;11;000;2017;10;21;2;3;6;4;0;1;1;0;0;2;1;411443,273400000010000;5315823,775700000100000;7,813071194000031;47,989580866000040
155901;08171002311100288790;08;3;15;059;2017;10;14;2;3;0;7;1;0;0;0;0;0;0;400794,729700000030000;5322927,019200000000000;7,668741867000051;48,051909413000033
155902;08171002311010265780;08;3;15;073;2017;10;17;2;3;2;3;1;1;0;0;0;0;0;412570,472000000010000;5313912,104000000300000;7,828564938000056;47,972539841000071
155905;08171002222700386870;08;2;22;000;2017;10;17;2;3;6;4;0;0;1;1;0;0;0;462774,797000000020000;5480548,841000000000000;8,486139124000033;49,476443593000056
155906;08171002222301277740;08;2;22;000;2017;10;20;2;3;0;1;1;0;0;0;0;2;1;464685,136899999980000;5484042,895999999700000;8,512196425000070;49,507985077000058
155907;08171002222014282150;08;2;22;000;2017;10;11;2;3;0;7;1;0;0;0;1;0;0;463226,763600000010000;5483911,179100000300000;8,492065024000056;49,506713668000032