OBJECTID;UIDENTSTLA;ULAND;UREGBEZ;UKREIS;UGEMEINDE;UJAHR;UMONAT;USTUNDE;UWOCHENTAG;UKATEGORIE;UART;UTYP1;IstRad;IstPKW;IstFuss;IstKrad;IstSonstig;LICHT;STRZUSTAND;LINREFX;LINREFY;XGCSWGS84;YGCSWGS84
156554;08171012119400294860;08;1;19;079;2017;10;12;5;3;6;4;0;1;1;0;0;0;0;523268,018999999970000;5408967,935999999800000;9,317062036000039;48,833252036000033
156555;08171012119200293240;08;1;19;020;2017;10;17;5;3;5;3;1;1;0;0;0;1;0;519135,807399999990000;5408702,213600000400000;9,260742659000073;48,831002758000068
156556;08171012118600290740;08;1;18;076;2017;10;17;5;3;5;2;1;1;0;0;0;0;0;505122,623000000020000;5423203,919999999900000;9,069982581000033;48,961730533000036
156558;08171012117400305900;08;1;17;060;2017;10;06;5;2;6;4;0;1;1;0;0;1;0;542439,286300000040000;5388627,691200000200000;9,576193610000075;48,649265629000070
156559;08171024111500334680;08;1;11;000;2017;10;08;3;3;0;1;1;0;0;0;0;0;1;514716,258600000000000;5404046,321300000000000;9,200355814000034;48,789239478000070
156560;08171024118200345530;08;1;18;019;2017;10;19;3;3;0;1;1;0;0;0;1;2;0;504295,292499999980000;5405080,363599999800000;9,058489626000039;48,798700954000026
156561;08171023436200371620;08;4;36;064;2017;10;19;2;3;5;1;1;1;0;0;0;2;0;546593,082799999970000;5293307,288800000200000;9,622107701000061;47,791438692000042
156564;08171024111500336790;08;1;11;000;2017;10;08;3;3;6;4;0;1;1;0;0;0;1;509232,014599999990000;5403155,541699999900000;9,125670319000051;48,781331689000069
156570;08171023416200367260;08;4;16;041;2017;10;10;2;3;6;7;1;0;1;0;0;0;0;503566,399199999990000;5375033,430800000200000;9,048305179000067;48,528399117000049
156571;08171023416010332800;08;4;15;061;2017;10;16;2;2;5;3;1;1;0;0;0;0;0;515646,811600000020000;5371682,342899999600000;9,211802207000062;48,498066733000030
156572;08171023336410346860;08;3;36;078;2017;10;16;2;3;0;6;1;1;0;0;0;0;0;392965,669999999980000;5290632,478099999900000;7,571730028000047;47,760170341000048
156574;08171023336300336630;08;3;36;081;2017;10;16;2;2;5;2;1;1;0;0;0;0;1;412456,951400000020000;5279137,736200000200000;7,834069312000054;47,659708009000042
156575;08171023336100332540;08;3;36;050;2017;10;12;2;3;6;4;0;1;1;0;0;0;1;400506,280900000010000;5275283,424599999600000;7,675823681000054;47,623309555000048
156577;08171023327210339040;08;3;27;049;2017;10;08;2;3;5;3;1;1;0;0;0;0;1;472807,016300000020000;5325261,913599999600000;8,634895383000071;48,080049406000057
156582;08171023311010334310;08;3;11;000;2017;10;17;2;3;4;2;1;0;0;0;0;0;1;414926,012899999970000;5317194,765100000400000;7,859468905000028;48,002386281000042
156583;08171023299200375750;08;2;12;000;2017;10;17;2;3;5;2;1;1;0;0;0;1;0;455518,574599999990000;5425686,231999999800000;8,392064381000068;48,982480067000040
156584;08171023299200341830;08;2;12;000;2017;10;13;2;2;5;3;1;1;0;0;0;0;1;454477,466000000010000;5428676,446999999700000;8,377501158000030;49,009301473000050
156586;08171023226715363060;08;2;26;095;2017;10;07;2;3;5;3;1;1;0;0;0;1;1;473978,145200000030000;5461393,435600000400000;8,642041658000039;49,304727634000074
156589;08171023222200352860;08;2;22;000;2017;10;15;2;3;6;7;0;1;1;0;0;0;0;461626,900199999970000;5482195,856200000300000;8,470134292000068;49,491186154000047
156591;08171023221400331070;08;2;21;000;2017;10;13;2;3;5;3;1;1;0;0;0;0;1;476969,274299999990000;5469060,115000000200000;8,682744137000043;49,373809133000066
156592;08171023216200337120;08;2;16;007;2017;10;12;2;3;6;3;0;1;1;0;0;0;1;436197,940599999970000;5394096,616399999700000;8,132951397000056;48,696643287000029
156593;08171023212702366050;08;2;15;017;2017;10;15;2;2;5;3;1;1;0;0;0;0;1;455115,562500000000000;5420277,973199999900000;8,387152964000052;48,933802725000078
156596;08171023212302382740;08;2;12;000;2017;10;08;2;3;0;7;1;0;0;0;0;0;1;455111,214099999980000;5430591,241200000000000;8,385954999000035;49,026571609000030
156597;08171023212302365640;08;2;12;000;2017;10;18;2;3;1;7;1;1;0;0;0;1;0;455529,805400000010000;5428386,429899999900000;8,391922305000037;49,006769475000056
156600;08171023121500355330;08;1;25;078;2017;10;18;2;3;5;3;1;1;0;0;0;1;0;517824,503700000000000;5454811,657399999900000;9,244903088000058;49,245818124000039
156604;08171023116010375090;08;1;16;077;2017;10;14;2;3;5;3;1;0;0;0;1;0;0;515588,096100000020000;5391134,569000000100000;9,211737167000024;48,673064414000066
156605;08171022416010342030;08;1;16;016;2017;10;03;1;2;0;1;1;1;0;0;0;2;1;532972,234000000050000;5385124,849000000400000;9,447386445000063;48,618325585000036
156610;08171022335010351970;08;3;35;043;2017;10;16;1;2;6;1;0;1;1;0;0;0;0;513105,530499999990000;5278307,665000000000000;9,174537635000036;47,658030846000031
156616;08171021426300326450;08;4;26;013;2017;10;11;7;3;6;7;1;0;1;0;0;0;0;545107,560900000040000;5323384,030299999800000;9,605424021000033;48,062138964000042
156617;08171021336400365940;08;3;36;014;2017;10;21;7;3;0;7;1;0;0;0;0;2;1;392255,709700000010000;5278694,520999999700000;7,565209835000076;47,652672309000081
156618;08171021335100339620;08;3;35;043;2017;10;10;7;3;0;3;1;1;0;0;0;0;0;512510,044799999970000;5278770,927299999600000;9,166620336000051;47,662210924000078
156619;08171021335010362750;08;3;35;063;2017;10;23;7;3;0;1;1;0;0;0;0;2;1;497691,036299999980000;5287180,336500000200000;8,969202494000058;47,737992775000066
156621;08171021317300357240;08;3;17;065;2017;10;21;7;3;5;3;1;1;0;0;0;2;1;416532,560300000010000;5354591,446800000000000;7,873659146000023;48,338988312000026
156622;08171021317300322380;08;3;17;065;2017;10;22;7;3;2;6;1;1;0;0;0;2;0;416163,303399999980000;5354876,303399999600000;7,868620559000021;48,341501672000049
156623;08171021317100344490;08;3;17;001;2017;10;14;7;3;5;3;1;0;0;0;1;0;0;431581,787599999980000;5386391,375799999600000;8,071501740000031;48,626845787000036
156624;08171021316100323930;08;3;16;011;2017;10;09;7;3;5;3;1;1;0;0;0;0;1;414480,815200000010000;5329400,206799999800000;7,851061220000076;48,112118359000078
156626;08171021311010372350;08;3;11;000;2017;10;21;7;3;4;6;1;0;0;0;0;2;1;413040,824100000030000;5318198,611600000400000;7,833997242000066;48,011162511000066
156630;08171021235100327220;08;2;35;085;2017;10;17;7;3;6;7;1;0;1;0;0;0;0;480870,961100000010000;5395750,840599999800000;8,739951969000060;48,714493971000081
156631;08171021235100325620;08;2;35;065;2017;10;12;7;3;0;7;1;0;0;0;0;0;0;474696,292599999990000;5404586,104199999900000;8,655469329000027;48,793754565000029
156635;08171021221400367230;08;2;21;000;2017;10;01;7;3;5;3;1;1;0;0;0;2;0;473928,138199999990000;5472933,566999999800000;8,640598204000071;49,408527614000036
156636;08171021221200376070;08;2;21;000;2017;10;13;7;3;0;1;1;0;0;0;0;0;0;477000,194399999980000;5471661,701799999900000;8,683019560000048;49,397211250000055
156638;08171021212402325060;08;2;12;000;2017;10;11;7;3;3;6;1;0;0;0;0;0;0;455760,653999999980000;5426442,633999999600000;8,395290404000036;48,989301393000062
156639;08171021212102342650;08;2;12;000;2017;10;09;7;3;5;3;1;1;0;0;0;0;0;459845,578500000000000;5427102,332399999700000;8,451059406000070;48,995514658000047
156640;08171021126010331400;08;2;25;009;2017;10;14;7;2;5;3;1;0;0;0;1;0;0;519901,288000000000000;5464511,668999999800000;9,273920104000069;49,333006305000026
156641;08171021121500339850;08;1;25;069;2017;10;23;7;3;6;1;0;1;1;0;0;2;1;521637,769099999980000;5456600,780000000300000;9,297392146000050;49,261788513000056
156643;08171021121100331770;08;1;25;034;2017;10;22;7;3;6;2;0;1;1;0;0;2;0;498493,180899999980000;5445017,143299999600000;8,979333426000039;49,157971257000042
156644;08171021119200351170;08;1;19;020;2017;10;17;7;3;5;3;1;1;0;0;0;0;0;520342,018400000000000;5406634,838999999700000;9,277075647000061;48,812366745000077
156645;08171021119200327380;08;1;19;020;2017;10;16;7;3;6;4;0;1;1;0;0;0;0;520093,868900000000000;5407088,958800000100000;9,273717918000045;48,816459993000080
156646;08171021119100373400;08;1;19;008;2017;10;19;7;3;6;4;0;1;1;0;0;2;1;531269,433800000000000;5421234,049999999800000;9,427029252000068;48,943240978000063
156648;08171021118400324340;08;1;18;048;2017;10;17;7;3;2;1;1;1;0;0;0;1;0;513545,701100000010000;5416231,581000000200000;9,184822165000071;48,898882411000045
156653;08171021116100364260;08;1;16;019;2017;10;11;7;3;0;7;1;0;0;0;0;0;0;522793,351100000030000;5400260,188199999700000;9,310110896000026;48,754936422000071
156655;08171021115100345240;08;1;15;024;2017;10;20;7;3;6;2;0;1;1;0;0;2;0;501079,560999999990000;5386676,981999999800000;9,014652386000023;48,633156898000038
156656;08171021111500359990;08;1;11;000;2017;10;20;7;3;6;4;0;1;1;0;0;2;1;508342,829000000030000;5396929,483900000300000;9,113440187000037;48,725334724000049
156659;08171020436100366580;08;4;36;055;2017;10;23;6;3;6;6;0;1;1;0;0;2;0;571090,001099999990000;5296269,856900000000000;9,949636173000044;47,815852245000031
156661;08171020421300356420;08;4;21;000;2017;10;06;6;2;6;2;0;1;1;0;0;2;1;570477,104100000000000;5357183,078999999900000;9,951505805000068;48,363883861000033
156664;08171020416200320670;08;4;16;041;2017;10;20;6;3;0;7;1;0;0;0;0;2;0;505376,531499999980000;5375208,059999999600000;9,072824795000031;48,529957244000059
156665;08171020416200318790;08;4;15;061;2017;10;07;6;3;5;3;1;1;0;0;0;1;0;511215,700399999970000;5371371,281499999600000;9,151812621000033;48,495363046000080
156666;08171020416100362980;08;4;16;048;2017;10;07;6;3;0;7;1;0;0;0;0;2;0;493790,090099999970000;5376877,606200000300000;8,915862271000037;48,544969343000048
156667;08171020335100339140;08;3;35;043;2017;10;17;6;3;0;7;1;0;0;0;0;0;0;513353,560699999970000;5278184,734500000300000;9,177837094000040;47,656919684000059
156669;08171020326100360090;08;3;26;012;2017;10;17;6;3;0;2;1;1;0;0;0;0;0;461851,823399999990000;5311408,153099999800000;8,489044515000046;47,954848408000032
156671;08171020317300328650;08;3;17;150;2017;10;18;6;3;8;7;1;0;0;0;0;0;0;407872,335800000000000;5359222,411799999900000;7,755808071000047;48,379438003000075
156673;08171020235010328810;08;2;31;000;2017;10;07;6;3;6;4;0;1;1;0;0;2;0;475047,742800000010000;5416862,539699999600000;8,659506557000043;48,904203834000043
156675;08171020226600339950;08;2;26;096;2017;10;18;6;3;5;3;1;1;0;0;0;0;0;475745,392799999970000;5488544,697700000400000;8,664691325000035;49,549020407000057
156676;08171020226600320990;08;2;26;040;2017;10;11;6;3;5;3;1;1;0;0;0;0;0;474800,929999999990000;5495280,637000000100000;8,651203244000044;49,609568538000076
156677;08171020226200324850;08;2;26;032;2017;10;18;6;3;0;3;1;1;0;0;0;1;0;467115,038999999990000;5462995,079699999700000;8,547503151000058;49,318803195000044
156678;08171020222811368160;08;2;22;000;2017;10;13;6;3;6;4;0;1;1;0;0;0;0;462990,522899999980000;5486269,112900000100000;8,488580944000034;49,527907610000057
156679;08171020222800372760;08;2;22;000;2017;10;14;6;3;6;7;0;1;1;0;0;0;0;462767,768800000020000;5485800,044499999800000;8,485547197000074;49,523674961000040
156681;08171020222014319770;08;2;22;000;2017;10;12;6;2;5;2;1;1;0;0;0;0;0;460177,821100000000000;5487670,181400000100000;8,449573672000042;49,540331018000074
156682;08171020221000352140;08;2;26;085;2017;10;19;6;2;0;7;1;0;0;0;0;2;0;490833,944800000000000;5455123,402700000400000;8,874053701000037;49,248813271000074
156685;08171020136010330670;08;1;36;088;2017;10;14;6;3;4;1;1;1;0;0;0;0;0;577400,576499999970000;5410988,207700000100000;10,054996827000025;48,847035111000025
156686;08171020135100322080;08;1;35;020;2017;10;17;6;3;1;7;1;1;0;0;0;0;0;586799,137200000000000;5387525,081399999600000;10,178132596000069;48,634761868000055
156687;08171020127100382770;08;1;27;063;2017;10;19;6;3;2;1;1;1;0;0;0;1;1;564847,343100000060000;5433763,636300000400000;9,887541727000041;49,053330033000066
156688;08171020121500360790;08;1;25;065;2017;10;09;6;3;5;3;1;1;0;0;0;0;0;517067,648700000020000;5450013,642699999700000;9,234300086000076;49,202680646000033
156689;08171020118400324260;08;1;18;048;2017;10;12;6;3;5;3;1;1;0;0;0;0;0;513699,676199999990000;5416630,461199999800000;9,186936423000077;48,902467241000068
156691;08171020116010343710;08;1;16;019;2017;10;14;6;2;3;2;1;1;0;0;0;0;0;524552,609000000050000;5397195,582999999600000;9,333863119000057;48,727300741000079
156694;08171020111250321730;08;1;11;000;2017;10;08;6;3;0;7;1;0;0;0;1;0;1;513928,106800000010000;5402596,393400000400000;9,189576383000031;48,776214213000060
156695;08171020111230330960;08;1;11;000;2017;10;13;6;3;5;3;1;1;0;0;0;0;0;512818,836599999980000;5398556,742700000300000;9,174352298000031;48,739897545000076
156696;08171019421300320490;08;4;21;000;2017;10;16;5;3;5;3;1;1;0;0;0;0;0;571084,262600000020000;5360323,330099999900000;9,960232935000022;48,392063365000070
156697;08171019416200338800;08;4;16;041;2017;10;16;5;3;5;2;1;1;0;0;0;0;0;501746,708300000000000;5374375,428399999600000;9,023655579000035;48,522487193000075
156699;08171019415300320750;08;4;15;019;2017;10;15;5;3;6;4;0;1;1;0;0;0;0;518796,390799999990000;5370514,736800000100000;9,254383362000056;48,487476229000038
156702;08171019327111315960;08;3;27;016;2017;10;06;5;3;6;4;0;1;1;0;0;2;0;495193,607200000030000;5319721,192099999600000;8,935528921000071;48,030760915000030
156703;08171019327100313240;08;3;27;050;2017;10;00;5;3;5;3;1;1;0;0;0;2;0;486053,745999999980000;5314464,626299999700000;8,813101785000072;47,983332709000081
156708;08171019311300333550;08;3;11;000;2017;10;19;5;3;0;7;1;0;0;0;0;2;0;411672,393700000020000;5314567,763700000000000;7,816399772000068;47,978314362000049
156709;08171019311010359170;08;3;36;050;2017;10;09;5;3;6;7;0;1;1;0;0;0;0;401452,525499999990000;5276237,974999999600000;7,688199101000066;47,632040787000051
156711;08171019311010346350;08;3;11;000;2017;10;13;5;3;0;7;1;1;0;0;0;0;0;413413,528799999970000;5317023,290599999900000;7,839230905000022;48,000640722000071
156712;08171019311010320450;08;3;11;000;2017;10;14;5;2;0;1;1;0;0;0;0;0;0;413642,930400000010000;5315699,228699999900000;7,842572016000077;47,988761344000068
156713;08171019311010316260;08;3;11;000;2017;10;16;5;3;6;1;1;0;1;0;0;0;0;414123,750300000010000;5316237,322800000200000;7,848907354000062;47,993666453000060
156714;08171019299200379580;08;2;15;046;2017;10;18;5;3;5;3;1;1;0;0;0;0;0;451004,964900000020000;5414188,241200000000000;8,331761983000035;48,878712818000054
156715;08171019299200360930;08;2;12;000;2017;10;18;5;3;0;4;0;0;1;0;1;0;0;460769,261400000020000;5427494,223700000000000;8,463648399000022;48,999099194000053
156716;08171019299200317170;08;2;12;000;2017;10;18;5;3;5;2;1;1;0;0;0;1;0;455055,212500000020000;5429569,268100000000000;8,385302213000045;49,017374818000064
156719;08171019226700348840;08;2;26;098;2017;10;17;5;3;5;2;1;1;0;0;0;0;0;476448,172100000030000;5459906,649100000000000;8,676106560000051;49,291454229000067
156722;08171019221200317540;08;2;21;000;2017;10;00;5;3;3;6;1;0;0;0;0;2;0;477727,552700000000000;5472328,400700000100000;8,693006387000025;49,403235161000055
156724;08171019216100318400;08;2;16;043;2017;10;18;5;3;0;2;1;1;0;0;0;0;0;442059,996999999970000;5411401,014100000300000;8,210168395000039;48,852870306000057
156727;08171019215102321130;08;2;12;000;2017;10;18;5;3;6;4;0;1;1;0;0;0;0;455854,857499999980000;5433410,283099999700000;8,395819817000074;49,051982724000027
156728;08171019212010347130;08;2;15;009;2017;10;07;5;3;3;6;1;1;0;1;0;2;0;469472,720099999980000;5441088,685200000200000;8,581610624000064;49,121876974000031
156731;08171019119300362500;08;1;19;076;2017;10;15;5;3;5;3;1;1;0;0;0;0;0;542215,626799999970000;5405921,128200000200000;9,574927836000029;48,804845491000037
156732;08171019117100345040;08;1;17;019;2017;10;16;5;3;3;1;1;1;0;0;0;0;0;552121,530000000030000;5393391,268600000100000;9,708239196000022;48,691383593000069
156733;08171019117010356510;08;1;17;026;2017;10;16;5;2;5;2;1;0;0;0;1;0;0;548721,241999999970000;5394345,689600000200000;9,662151230000063;48,700243839000052
156736;08171019116010318070;08;1;16;077;2017;10;08;5;2;6;4;0;1;1;0;0;0;0;514782,755799999980000;5391604,194600000000000;9,200814883000021;48,677308786000026
156738;08171019115100356500;08;1;15;003;2017;10;13;5;3;5;2;1;1;0;0;0;0;0;501267,361600000000000;5392475,244500000000000;9,017219074000025;48,685318589000076
156739;08171019111500352620;08;1;11;000;2017;10;07;5;3;0;1;1;0;0;0;1;0;0;516251,333500000010000;5406032,609400000400000;9,221333671000025;48,807069637000041
156740;08171019111500336440;08;1;11;000;2017;10;11;5;1;6;7;0;1;1;0;0;0;0;512744,153300000010000;5399499,349000000400000;9,173365679000028;48,748378742000057
156743;08171019111140341150;08;1;11;000;2017;10;15;5;3;0;1;1;0;0;0;0;0;0;511040,309899999990000;5402431,841799999600000;9,150266130000034;48,774791866000044
156744;08171018437100331530;08;4;37;100;2017;10;15;4;3;4;6;1;1;0;0;0;0;0;536752,642400000010000;5318162,957700000100000;9,492842668000037;48,015702188000034
156745;08171018436300354640;08;4;36;081;2017;10;07;4;3;6;4;0;1;1;0;0;0;0;561802,742600000000000;5281123,894000000300000;9,823436943000047;47,680548512000030
156747;08171018426010353820;08;4;21;000;2017;10;08;4;3;0;2;1;0;0;0;1;0;0;571291,721900000000000;5363148,021499999800000;9,963514810000049;48,417448828000033
156750;08171018416100383180;08;4;16;036;2017;10;18;4;3;3;2;1;1;0;0;0;0;0;495450,498000000020000;5368944,243999999900000;8,938445531000070;48,473612034000041
156751;08171018415112347420;08;4;15;061;2017;10;18;4;3;6;4;0;0;1;0;1;1;0;515386,409700000020000;5374113,042299999900000;9,208366947000059;48,519940532000078
156755;08171018327200348980;08;3;27;046;2017;10;07;4;3;3;3;1;1;0;0;0;0;0;480040,770800000000000;5325153,071600000400000;8,732022646000075;48,079337701000043
156756;08171018325010313210;08;3;25;001;2017;10;21;4;2;5;3;1;1;0;0;0;2;0;456138,505599999970000;5345481,452800000100000;8,409020369000075;48,261024347000046
156758;08171018317000309800;08;3;17;110;2017;10;07;4;2;5;2;1;1;0;0;0;0;0;427689,652100000010000;5382253,884399999900000;8,019410610000023;48,589191525000047
156759;08171018311100353880;08;3;15;015;2017;10;19;4;2;5;3;1;1;0;0;0;2;0;394704,837400000020000;5320238,692300000200000;7,587706363000052;48,026753758000041
156761;08171018311010330440;08;3;11;000;2017;10;13;4;3;6;4;0;1;1;0;0;0;0;413126,690500000030000;5316668,444600000000000;7,835458248000066;47,997409849000064
156762;08171018311010313710;08;3;11;000;2017;10;17;4;3;5;3;1;1;0;0;0;0;0;413414,768700000020000;5316622,570200000000000;7,839328388000070;47,997036274000038
156763;08171018299200318680;08;2;12;000;2017;10;10;4;3;1;5;1;1;0;0;0;0;0;457991,045900000030000;5428748,685600000400000;8,425537569000028;49,010200465000025
156764;08171018299200310870;08;2;12;000;2017;10;11;4;3;0;5;1;1;0;0;0;0;0;456576,820799999990000;5424337,173999999600000;8,406670844000075;48,970420364000063
156766;08171018226600332740;08;2;26;096;2017;10;19;4;2;6;4;0;1;1;0;0;2;0;476203,891500000030000;5488700,330000000100000;8,671020345000045;49,550438451000048
156768;08171018222600311570;08;2;22;000;2017;10;17;4;3;5;3;1;1;0;0;0;0;0;463339,497199999980000;5483254,049399999900000;8,493683102000034;49,500809956000069
156772;08171018222014344520;08;2;22;000;2017;10;20;4;3;6;4;1;0;1;0;0;2;0;461784,434899999990000;5481642,820399999600000;8,472362939000050;49,486221833000059
156775;08171018215102314610;08;2;15;102;2017;10;14;4;3;5;3;1;1;0;0;0;0;0;455835,892200000000000;5436952,662800000000000;8,395173631000034;49,083845101000065
156778;08171018212302330550;08;2;12;000;2017;10;15;4;3;5;2;1;1;0;0;0;0;0;455003,594199999990000;5429277,682799999600000;8,384628619000068;49,014748224000073
156781;08171018136200357390;08;1;36;019;2017;10;17;4;3;5;3;1;1;0;0;0;0;0;582093,045999999970000;5424814,730999999700000;10,121724943000061;48,970788438000056
156782;08171018136100312410;08;1;36;088;2017;10;17;4;3;5;3;1;1;0;0;0;0;0;580549,802000000030000;5411081,975999999800000;10,097932230000026;48,847477743000070
156789;08171018111500314540;08;1;11;000;2017;10;16;4;3;5;2;1;1;0;0;0;0;0;511514,181500000010000;5402176,906600000300000;9,156708683000034;48,772489895000035
156790;08171018111500312930;08;1;11;000;2017;10;05;4;3;5;3;1;1;0;0;0;2;0;513960,961000000010000;5403412,771999999900000;9,190051285000038;48,783557547000044
156792;08171018111140312350;08;1;11;000;2017;10;07;4;2;0;1;1;0;0;0;0;1;0;512523,139599999990000;5401620,493700000500000;9,170423660000040;48,767464951000079
156795;08171017426010326830;08;4;21;000;2017;10;10;3;2;6;7;0;1;1;0;0;0;0;573370,424899999980000;5360982,025200000000000;9,991225640000039;48,397726609000074
156796;08171017416010306480;08;4;16;041;2017;10;06;3;3;4;2;1;1;0;0;0;2;0;503540,380100000010000;5373321,008999999600000;9,047938224000063;48,512993692000066
156797;08171017416010306190;08;4;16;041;2017;10;08;3;3;1;7;1;1;0;0;0;0;0;503770,835499999990000;5372608,071999999700000;9,051052242000026;48,506578496000031
156798;08171017415400497790;08;4;15;060;2017;10;17;3;3;8;1;1;0;0;0;0;0;0;515253,262999999980000;5378464,427500000200000;9,206723183000065;48,559090063000042
156799;08171017415400326700;08;4;15;061;2017;10;17;3;3;0;3;1;1;0;0;0;0;0;516085,641999999990000;5373271,916600000100000;9,217803633000074;48,512355976000038
156801;08171017335100305210;08;3;35;043;2017;10;08;3;3;0;1;1;0;0;0;0;0;1;513379,636400000020000;5278331,174999999800000;9,178188841000065;47,658236771000077
156802;08171017335010384100;08;3;35;043;2017;10;17;3;2;8;1;1;0;0;0;0;0;0;515439,129000000020000;5279232,667200000000000;9,205648668000038;47,666302217000066
156803;08171017327100325510;08;3;27;054;2017;10;07;3;3;6;4;0;1;1;0;0;1;0;483684,012099999990000;5316813,424499999700000;8,781255147000024;48,004409093000049
156804;08171017326200347070;08;3;26;074;2017;10;07;3;3;4;2;1;1;0;0;0;2;0;464073,328600000010000;5323144,734000000200000;8,517814917000067;48,060569257000054
156806;08171017316100326960;08;3;16;043;2017;10;20;3;3;4;1;1;0;0;0;1;2;0;411361,521000000010000;5330924,281000000400000;7,808846238000058;48,125400928000033
156807;08171017311010375850;08;3;11;000;2017;10;14;3;3;4;2;1;1;0;0;0;0;0;417491,815799999980000;5314853,247800000000000;7,894310300000029;47,981659453000077
156809;08171017311010308250;08;3;11;000;2017;10;23;3;3;3;6;1;0;0;0;0;2;0;415095,005500000030000;5317240,140200000300000;7,861725034000074;48,002816918000065
156810;08171017311010305490;08;3;36;050;2017;10;08;3;2;0;1;1;0;0;0;0;0;1;401313,270599999990000;5276131,495600000000000;7,686369938000041;47,631061754000029
156811;08171017299200350100;08;2;12;000;2017;10;18;3;3;5;3;1;1;0;0;0;1;0;455099,637899999970000;5428498,506799999600000;8,386028226000065;49,007746469000040
156813;08171017299200313780;08;2;12;000;2017;10;09;3;3;5;3;1;1;0;0;0;0;0;460024,016999999990000;5427183,088499999600000;8,453490729000066;48,996252656000081
156814;08171017226400310280;08;2;26;084;2017;10;16;3;3;5;3;1;1;0;0;0;0;0;469265,738399999970000;5470138,150399999700000;8,576544743000056;49,383165914000074
156815;08171017226400308260;08;2;26;062;2017;10;09;3;2;0;6;1;1;0;0;0;0;0;469707,736500000000000;5467861,902300000200000;8,582807716000048;49,362713675000066
156819;08171017222800343500;08;2;22;000;2017;10;10;3;3;5;2;1;1;0;0;0;0;0;462919,341499999980000;5486109,053899999700000;8,487612404000061;49,526463618000037
156826;08171017222014307060;08;2;22;000;2017;10;14;3;2;5;3;1;0;0;1;0;0;0;462841,409500000010000;5486118,655899999700000;8,486534666000068;49,526545209000062
156828;08171017221200308620;08;2;21;000;2017;10;20;3;3;0;7;1;0;0;0;0;2;0;476791,675200000000000;5472168,990700000000000;8,680116185000031;49,401766324000050
156831;08171024435100370710;08;4;35;016;2017;10;16;3;3;5;3;1;1;0;0;0;0;0;536097,931499999950000;5278311,226499999900000;9,480739952000022;47,657188489000077
156833;08171024211100357100;08;2;11;000;2017;10;09;3;3;0;7;1;0;0;1;1;0;1;445858,506999999980000;5398780,749800000300000;8,263608149000049;48,739691705000041
156834;08171024335010337760;08;3;35;075;2017;10;14;3;3;0;7;1;0;0;0;0;0;0;487749,334199999980000;5289339,427299999600000;8,836537227000065;47,757307107000031
156835;08171024415100383720;08;4;15;050;2017;10;16;3;2;0;7;1;0;0;0;0;0;0;521104,928000000010000;5376808,819699999900000;9,285944331000053;48,544026176000045
156836;08171024416010367890;08;4;16;041;2017;10;17;3;3;5;3;1;1;0;0;0;0;0;504103,469199999990000;5374668,485500000400000;9,055575941000029;48,525112657000079
156838;08171024136010338530;08;1;36;088;2017;10;13;3;2;6;7;0;0;1;0;1;0;0;580127,353099999950000;5409938,593799999900000;10,091951536000067;48,837248589000069
156839;08171024226400335880;08;2;26;062;2017;10;07;3;2;4;2;1;0;0;0;1;0;1;470386,923100000010000;5469599,162700000200000;8,592032091000021;49,378373377000059
156840;08171024118400357220;08;1;18;048;2017;10;11;3;3;5;3;1;0;0;0;1;0;1;514517,908700000030000;5415616,723199999900000;9,198065364000058;48,893329297000037
156841;08171024222014368450;08;2;22;000;2017;10;11;3;3;5;3;1;0;0;1;0;0;0;460895,164500000010000;5482413,673299999900000;8,460009212000045;49,493098579000048
156842;08171024222800335350;08;2;22;000;2017;10;12;3;3;5;5;1;1;0;0;0;0;0;463063,834099999980000;5485666,544099999600000;8,489650377000032;49,522492315000079
156843;08171024299200341810;08;2;12;000;2017;10;07;3;3;6;6;0;1;1;0;0;1;0;454307,685200000010000;5432614,780700000000000;8,374735907000058;49,044714387000056
156847;08171024336300344540;08;3;36;081;2017;10;10;3;3;6;7;0;1;1;0;0;0;0;411671,799799999980000;5277946,861999999700000;7,823855250000065;47,648888374000080
156848;08171024336400336870;08;3;36;091;2017;10;08;3;3;5;2;1;1;0;0;0;0;0;397788,307199999980000;5271860,086799999700000;7,640458511000077;47,592092522000030
156849;08171024311010334240;08;3;11;000;2017;10;08;3;3;5;3;1;1;0;0;0;0;0;414632,326200000010000;5316886,706100000100000;7,855593751000072;47,999576016000049
156852;08171024436200369830;08;4;36;064;2017;10;22;3;3;5;3;1;1;0;0;0;2;0;545015,751300000000000;5291853,976599999700000;9,600897775000021;47,778475403000073
156853;08171024421200370560;08;4;21;000;2017;10;15;3;3;6;4;0;1;1;0;0;0;0;574297,637200000000000;5361391,210000000000000;10,003822600000035;48,401298709000059
156854;08171024435100359770;08;4;35;016;2017;10;15;3;3;3;6;1;1;0;0;0;0;0;537679,331600000030000;5277692,236499999600000;9,501746330000060;47,651529022000034
156855;08171024311100368180;08;3;15;015;2017;10;08;3;3;0;1;1;0;0;0;0;0;1;396280,496500000010000;5321407,602900000300000;7,608550652000076;48,037525325000047