OBJECTID;UIDENTSTLA;ULAND;UREGBEZ;UKREIS;UGEMEINDE;UJAHR;UMONAT;USTUNDE;UWOCHENTAG;UKATEGORIE;UART;UTYP1;IstRad;IstPKW;IstFuss;IstKrad;IstSonstig;LICHT;STRZUSTAND;LINREFX;LINREFY;XGCSWGS84;YGCSWGS84
156859;08171030115100362190;08;1;15;003;2017;10;14;2;3;6;4;0;1;1;0;0;0;0;500694,031499999980000;5393430,705099999900000;9,009431100000029;48,693914912000025
156860;08171030111500374520;08;1;11;000;2017;10;13;2;3;6;4;0;1;1;0;0;0;0;516150,505999999990000;5405483,217000000200000;9,219938858000035;48,802130010000042
156863;08171029421300375910;08;4;21;000;2017;10;02;1;3;6;4;0;1;1;0;0;2;1;569370,726700000000000;5357931,743700000500000;9,936694284000055;48,370740970000043
156864;08171029415400369480;08;4;15;061;2017;10;21;1;3;0;1;1;0;0;0;0;2;0;514851,551299999990000;5369908,292100000200000;9,200974203000044;48,482126035000078
156870;08171029235010355230;08;2;31;000;2017;10;05;1;3;0;1;1;0;0;0;0;2;1;479044,429899999990000;5416660,309600000300000;8,714054140000030;48,902532763000067
156872;08171029222400358170;08;2;26;036;2017;10;16;1;3;3;6;1;1;0;0;0;0;0;468553,956599999980000;5480578,090200000400000;8,565910334000023;49,477033552000080
156874;08171029221300369080;08;2;21;000;2017;10;03;1;3;5;3;1;1;0;0;0;2;1;476135,612900000010000;5473467,167200000000000;8,670995715000061;49,413417831000061
156876;08171029212102358820;08;2;12;000;2017;10;09;1;3;7;7;1;0;0;0;0;0;1;459060,598999999990000;5427226,926000000000000;8,440316132000021;48,996583848000057
156879;08171029126010380450;08;1;21;000;2017;10;19;1;2;6;4;0;1;1;0;0;2;0;516100,935999999990000;5442918,504999999900000;9,220745479000073;49,138884039000061
156880;08171029119010376260;08;1;19;084;2017;10;21;1;2;6;7;0;1;1;0;0;2;0;546718,729999999980000;5413188,002899999700000;9,637079533000076;48,869891146000043
156882;08171029111330371680;08;1;11;000;2017;10;15;1;3;6;7;0;1;1;0;0;0;0;512701,084800000010000;5408546,824699999800000;9,173059462000026;48,829769865000060
156883;08171028437100357180;08;4;37;100;2017;10;14;7;3;6;4;0;1;1;0;0;0;0;537064,512299999940000;5318432,779199999800000;9,497047926000050;48,018111707000060
156886;08171028415400353390;08;4;15;061;2017;10;13;7;3;0;7;1;0;0;0;0;0;0;515699,518999999970000;5371409,389399999800000;9,212505410000063;48,495609834000049
156888;08171028335100387140;08;3;35;043;2017;10;17;7;3;8;7;1;0;0;0;0;0;0;510981,711100000010000;5281386,453800000300000;9,146330426000077;47,685772327000052
156889;08171028335010382540;08;3;35;063;2017;10;21;7;3;6;4;0;1;1;0;0;2;0;497679,010699999980000;5287002,492900000000000;8,969043042000067;47,736392566000063
156892;08171028326200385900;08;3;26;061;2017;10;19;7;2;6;7;0;1;1;0;0;2;0;470316,366400000000000;5319311,553200000000000;8,601868551000052;48,026403578000043
156893;08171028317500353150;08;3;17;009;2017;10;13;7;2;0;7;1;0;0;0;0;0;0;425098,984100000000000;5362169,550400000100000;7,987887657000044;48,408228588000043
156897;08171028226100379510;08;2;26;013;2017;10;13;7;3;5;4;0;1;1;0;0;0;0;498792,598899999980000;5480329,409900000300000;8,983333217000052;49,475609999000028
156899;08171028221300369040;08;2;21;000;2017;10;11;7;2;1;5;1;1;0;0;0;0;0;477218,856399999990000;5475072,033099999700000;8,685837375000062;49,427894841000068
156902;08171028212010374590;08;2;12;000;2017;10;18;7;3;6;2;1;1;1;0;0;1;0;456236,127500000000000;5428463,984299999700000;8,401571514000068;49,007517578000034
156903;08171028121300371170;08;1;21;000;2017;10;12;7;3;5;3;1;1;0;0;0;0;0;514838,897100000000000;5444816,744099999800000;9,203512837000062;49,155991106000045
156905;08171028118300367390;08;1;18;046;2017;10;01;7;3;9;1;1;0;0;0;0;2;0;514387,541299999980000;5412387,107900000200000;9,196173150000050;48,864279514000032
156907;08171028116500354650;08;1;16;049;2017;10;11;7;3;5;3;1;1;0;0;0;0;0;525450,969599999950000;5384672,021700000400000;9,345307991000027;48,614603135000038
156909;08171028111500365810;08;1;11;000;2017;10;09;7;3;6;7;0;1;1;0;0;0;0;513303,499599999980000;5409221,678700000000000;9,181289564000053;48,835828125000035
156912;08171027435200354000;08;4;35;059;2017;10;15;6;2;5;3;1;0;0;0;0;0;0;512790,484000000000000;5290631,879999999900000;9,170703669000034;47,768925492000051
156913;08171027435117387080;08;4;35;057;2017;10;13;6;3;0;7;0;0;1;0;1;0;0;544181,850699999950000;5279289,588999999700000;9,588492431000077;47,665489471000058
156916;08171027416200378230;08;4;16;041;2017;10;16;6;3;1;6;1;1;0;0;0;0;0;502679,754900000000000;5376366,220499999800000;9,036304578000056;48,540393765000033
156917;08171027336300353110;08;3;36;081;2017;10;09;6;3;0;7;1;0;0;0;1;0;0;410537,753499999990000;5277485,963000000500000;7,808852347000027;47,644586440000069
156921;08171027335010369390;08;4;35;035;2017;10;18;6;2;0;7;1;0;0;0;0;2;0;542049,364100000010000;5281995,175499999900000;9,560350205000077;47,689974514000028
156923;08171027317300349920;08;3;17;065;2017;10;17;6;3;4;7;1;1;0;0;0;0;1;416125,774600000000000;5354656,936200000300000;7,868157897000060;48,339523506000035
156926;08171027317100378190;08;3;17;001;2017;10;15;6;3;5;3;1;1;0;0;0;0;0;431102,806700000020000;5387307,926799999500000;8,064850079000053;48,635037577000048
156929;08171027311010376620;08;3;11;000;2017;10;07;6;3;0;7;1;1;0;0;0;1;0;414960,697500000010000;5317425,650000000400000;7,859888032000072;48,004467798000064
156930;08171027311010376520;08;3;11;000;2017;10;17;6;2;7;1;1;0;0;0;0;0;0;413079,165800000020000;5318257,303999999500000;7,834499343000061;48,011695683000028
156932;08171027311010350710;08;3;11;000;2017;10;20;6;3;3;2;1;0;0;0;0;2;0;415209,484600000030000;5315785,038499999800000;7,863546990000032;47,989742862000071
156933;08171027311010349350;08;3;36;091;2017;10;13;6;3;6;4;1;0;1;0;0;0;0;394672,823099999980000;5272363,390100000400000;7,598910452000041;47,596121233000076
156934;08171027299200601480;08;2;15;109;2017;10;17;6;3;6;7;0;1;1;0;0;0;0;461506,225500000000000;5433096,153900000300000;8,473191868000072;49,049536061000026
156937;08171027226600491040;08;2;26;082;2017;10;10;6;3;6;2;0;1;1;0;0;0;0;475503,269199999980000;5480407,237200000300000;8,661849093000058;49,475816990000055
156939;08171027222500348630;08;2;22;000;2017;10;12;6;2;5;3;1;1;0;0;0;0;0;462393,680100000000000;5478369,807000000000000;8,481085417000031;49,456820745000073
156940;08171027222014360130;08;2;22;000;2017;10;16;6;3;5;3;1;0;0;0;1;0;0;459827,356299999980000;5488376,305300000100000;8,444657769000060;49,546658995000030
156941;08171027222014349870;08;2;22;000;2017;10;16;6;3;1;7;1;1;0;0;0;0;0;461245,734899999980000;5483179,978900000500000;8,464774784000042;49,500013569000032
156942;08171027221400384010;08;2;21;000;2017;10;07;6;3;5;3;1;1;0;0;0;2;1;474358,975600000010000;5474584,680800000200000;8,646430529000043;49,423397349000027
156945;08171027212502367070;08;2;12;000;2017;10;13;6;3;2;2;0;1;1;0;0;0;0;452855,731299999980000;5428011,552600000100000;8,355403362000061;49,003198957000052
156948;08171027136200382080;08;1;36;019;2017;10;07;6;3;0;6;1;0;0;0;1;2;1;581465,542299999970000;5422447,090499999900000;10,112678552000034;48,949576972000045
156952;08171027121400350560;08;1;25;058;2017;10;07;6;3;5;3;1;1;0;0;0;0;1;508208,979899999980000;5443539,922299999700000;9,112558937000074;49,144630082000049
156954;08171027121200365860;08;1;21;000;2017;10;15;6;3;5;2;1;1;0;0;0;0;0;515249,344300000000000;5442859,338299999900000;9,209067915000048;49,138373545000036
156956;08171027118400350360;08;1;18;048;2017;10;07;6;3;6;4;0;1;1;0;0;2;1;511887,178799999990000;5417250,857800000300000;9,162222497000073;48,908085598000071
156958;08171027116200368980;08;1;16;077;2017;10;16;6;3;5;3;1;1;0;0;0;0;0;515810,587400000020000;5388820,429100000300000;9,214670875000024;48,652240627000026
156959;08171027116010377910;08;1;16;019;2017;10;16;6;2;5;3;1;1;0;0;0;0;0;521939,984999999990000;5397956,165000000000000;9,298378019000040;48,734240328000055
156962;08171027116010363420;08;1;16;080;2017;10;09;6;3;6;4;0;1;1;0;0;0;1;518565,871600000010000;5397474,718700000100000;9,252469787000052;48,730018941000026
156963;08171027116010356320;08;1;16;019;2017;10;17;6;2;6;7;0;1;1;0;0;0;0;523059,362199999970000;5399817,280899999700000;9,313705200000072;48,750942290000069
156967;08171027111500365670;08;1;11;000;2017;10;13;6;3;5;2;1;1;0;0;0;0;0;509100,103699999980000;5397107,868400000000000;9,123741012000039;48,726928878000081
156970;08171026435200376690;08;4;35;034;2017;10;16;5;3;5;3;1;1;0;0;0;0;0;530164,322300000000000;5284850,366700000100000;9,402172392000068;47,716328019000059
156971;08171026435100346910;08;4;35;016;2017;10;15;5;3;0;1;1;0;0;0;0;0;0;536608,265999999950000;5279256,349999999600000;9,487615341000037;47,665663460000076
156972;08171026416200348280;08;4;16;041;2017;10;18;5;3;5;3;1;1;0;0;0;1;0;502321,099300000000000;5371505,569400000400000;9,031418560000077;48,496666976000029
156974;08171026416010499730;08;4;15;061;2017;10;10;5;3;3;6;1;1;0;0;0;0;0;516048,466299999970000;5370526,781100000300000;9,217194739000036;48,487660765000044
156980;08171026325010371640;08;3;25;060;2017;10;16;5;1;6;4;0;0;1;0;1;0;0;469540,918200000010000;5338859,475499999700000;8,590071624000075;48,202235376000033
156981;08171026317500345370;08;3;17;096;2017;10;08;5;3;5;3;1;1;0;0;0;0;0;422813,396100000010000;5369933,563000000100000;7,955577567000034;48,477790068000047
156982;08171026317500344460;08;3;17;096;2017;10;16;5;3;6;2;0;1;1;0;0;0;0;421753,400199999970000;5368476,175200000400000;7,941509865000057;48,464549964000071
156983;08171026317000345030;08;3;17;065;2017;10;14;5;2;6;7;0;1;1;0;0;0;0;416285,375300000010000;5354729,136400000200000;7,870296845000041;48,340194109000038
156984;08171026311100345090;08;3;15;013;2017;10;08;5;2;6;4;0;1;1;0;0;0;0;404464,794999999980000;5324256,054899999900000;7,717681413000037;48,064423893000026
156985;08171026311010380430;08;3;11;000;2017;10;19;5;3;5;2;1;1;0;0;0;2;0;414620,036900000010000;5317763,582899999800000;7,855254507000041;48,007462218000057
156986;08171026311010372320;08;3;11;000;2017;10;21;5;3;5;3;1;1;0;0;0;2;0;413828,050999999980000;5316750,819000000100000;7,844841496000072;47,998245755000028
156987;08171026311010358040;08;3;36;050;2017;10;15;5;3;7;7;1;0;1;0;0;0;0;401211,175200000000000;5276615,996500000400000;7,684901944000046;47,635404462000054
156988;08171026311010342840;08;3;11;000;2017;10;07;5;3;1;5;1;1;0;0;0;0;0;413561,670900000030000;5316979,201700000100000;7,841225344000065;48,000264176000030
156989;08171026299200372240;08;2;12;000;2017;10;18;5;3;0;6;1;1;0;0;0;2;0;455425,586399999970000;5428438,993800000300000;8,390491546000021;49,007234773000050
156990;08171026299200367120;08;2;15;007;2017;10;12;5;2;6;7;0;0;1;0;1;0;0;478651,979799999970000;5431674,820200000000000;8,707911202000048;49,037583093000080
156992;08171026235010365760;08;2;31;000;2017;10;15;5;2;6;4;0;0;1;0;1;0;0;477914,939699999990000;5415299,712000000300000;8,698715643000071;48,890254054000081
156995;08171026226700346700;08;2;26;010;2017;10;17;5;3;8;7;1;0;0;0;0;0;0;480460,488799999990000;5459403,134100000400000;8,731309334000059;49,287066564000042
156996;08171026226600347100;08;2;26;096;2017;10;16;5;3;4;6;1;1;0;0;0;0;0;474695,734600000030000;5487781,155399999600000;8,650229600000046;49,542109698000047
157005;08171026212702384480;08;2;15;108;2017;10;11;5;3;1;3;1;1;0;0;0;0;0;449696,194900000000000;5424902,317800000300000;8,312591500000053;48,974982021000073
157007;08171026212102345320;08;2;15;101;2017;10;17;5;2;3;6;1;0;0;0;0;0;0;465576,441400000010000;5428261,067099999600000;8,529303321000043;49,006283974000041
157008;08171026135010373210;08;1;35;015;2017;10;15;5;2;2;1;1;0;0;0;1;0;0;583296,318300000040000;5383466,961500000200000;10,129783505000034;48,598737712000059
157010;08171026126100350830;08;1;26;046;2017;10;17;5;3;4;1;1;0;0;0;0;0;0;550287,284899999970000;5458774,428100000100000;9,691406257000040;49,279655050000031
157016;08171026118200372480;08;1;18;019;2017;10;21;5;3;5;3;1;1;0;0;0;2;0;505323,337000000000000;5405498,538900000000000;9,072494068000026;48,802454873000045
157017;08171026117100486820;08;1;17;049;2017;10;15;5;2;6;7;0;1;1;0;0;0;0;555795,042200000030000;5392466,068000000000000;9,758026379000057;48,682743464000055
157018;08171026115400346190;08;1;15;045;2017;10;11;5;2;6;4;0;1;1;0;0;0;0;502400,777400000020000;5394537,064100000100000;9,032630268000048;48,703863581000064
157023;08171026111500374040;08;1;11;000;2017;10;19;5;2;2;2;1;1;0;0;0;2;0;518694,741800000020000;5403782,224700000100000;9,254508714000053;48,786756824000065
157025;08171026111500348440;08;1;11;000;2017;10;18;5;3;5;2;1;1;0;0;0;2;0;515306,277000000000000;5406745,097699999800000;9,208489217000022;48,813503073000049
157027;08171026111240345980;08;1;11;000;2017;10;20;5;3;5;2;1;1;0;0;0;2;0;514838,394800000010000;5403625,711699999900000;9,202003450000063;48,785452816000031
157029;08171025435100359490;08;4;35;016;2017;10;13;4;3;0;1;1;0;0;0;0;0;0;533571,336699999990000;5278428,017500000100000;9,447101691000057;47,658375361000026
157032;08171025416010340000;08;4;16;041;2017;10;13;4;3;5;3;1;1;0;0;0;0;0;504046,862399999980000;5372655,868499999900000;9,054789751000044;48,507006774000047
157033;08171025415400496430;08;4;15;061;2017;10;15;4;3;6;4;0;1;1;0;0;0;0;514425,706799999990000;5370131,188400000300000;9,195219319000046;48,484141211000065
157035;08171025335010348530;08;4;36;011;2017;10;17;4;2;5;3;1;1;0;0;0;0;0;549079,387699999960000;5298526,300400000100000;9,655893556000024;47,838208851000047
157036;08171025335010342660;08;4;36;064;2017;10;16;4;2;6;4;0;0;1;0;1;0;0;545975,462999999990000;5289257,402999999900000;9,613433086000043;47,755046153000080
157037;08171025327200376860;08;3;27;046;2017;10;17;4;2;8;1;1;0;0;0;0;0;0;480631,964800000020000;5324429,885900000100000;8,739992855000025;48,072849454000050
157039;08171025317200372300;08;3;17;057;2017;10;13;4;3;5;3;1;1;0;0;0;0;0;412762,423799999990000;5380067,898900000400000;7,817484634000039;48,567628555000056
157040;08171025317000342020;08;3;17;065;2017;10;08;4;2;5;3;1;0;0;0;1;0;0;415099,278100000000000;5354669,568699999700000;7,854306139000073;48,339500014000066
157041;08171025316100370580;08;3;16;051;2017;10;08;4;3;5;3;1;1;0;0;0;0;0;399539,631400000010000;5335470,922199999900000;7,648949792000053;48,164539419000050
157042;08171025311400342240;08;3;15;076;2017;10;14;4;3;4;6;1;1;0;0;0;0;0;391581,243100000020000;5291808,418399999800000;7,552968844000077;47,770516205000035
157043;08171025311010377880;08;3;15;003;2017;10;19;4;2;0;1;1;0;0;0;0;1;0;412684,305300000010000;5311261,466500000100000;7,830628103000038;47,948711914000057
157044;08171025311010359700;08;3;36;050;2017;10;21;4;3;6;4;0;1;1;0;0;2;0;402032,855600000010000;5276677,103299999600000;7,695823715000074;47,636078996000037
157045;08171025311010356080;08;3;11;000;2017;10;07;4;3;4;6;1;0;0;0;0;2;0;410691,750200000010000;5315374,064899999600000;7,803094316000056;47,985431098000049
157048;08171025311010340600;08;3;11;000;2017;10;19;4;3;4;2;1;1;0;0;0;2;0;413090,392999999980000;5317210,024000000200000;7,834862077000025;48,002276599000027
157049;08171025311010339790;08;3;11;000;2017;10;12;4;3;5;3;1;1;0;0;0;0;0;414199,484400000020000;5319558,031399999700000;7,849257898000076;48,023547582000049
157051;08171025235200340170;08;2;35;060;2017;10;15;4;3;0;7;1;0;0;0;0;0;0;477539,107299999970000;5379583,927500000200000;8,695534602000066;48,568944467000051
157056;08171025222014361860;08;2;22;000;2017;10;13;4;2;6;4;0;1;1;0;0;0;0;462973,239799999980000;5478031,862900000100000;8,489113788000054;49,453816693000078
157057;08171025222014342300;08;2;22;000;2017;10;06;4;2;6;4;0;1;1;0;0;2;0;462679,111500000000000;5482474,341000000000000;8,484636572000056;49,493756614000063
157062;08171025215402345400;08;2;15;009;2017;10;11;4;3;5;3;1;1;0;0;0;0;0;468564,066899999980000;5441056,343500000400000;8,569160029000045;49,121540254000081
157063;08171025212402363920;08;2;12;000;2017;10;13;4;3;1;5;1;1;0;0;0;0;0;456527,068199999980000;5427876,707100000200000;8,405612497000050;49,002255510000055
157065;08171025119400341020;08;1;19;091;2017;10;07;4;3;6;3;0;1;1;0;0;1;0;528834,118999999950000;5405658,333200000200000;9,392674286000045;48,803246338000065
157066;08171025119200379890;08;1;19;020;2017;10;16;4;3;5;3;1;1;0;0;0;0;0;519238,041000000030000;5408803,493099999600000;9,262140422000073;48,831910688000050
157067;08171025119100372400;08;1;19;008;2017;10;18;4;3;5;3;1;1;0;0;0;1;0;531571,077799999970000;5421463,189399999600000;9,431166272000041;48,945286866000060
157070;08171025118400345960;08;1;18;048;2017;10;18;4;3;5;2;1;1;0;0;0;1;0;512092,985999999980000;5415099,360000000300000;9,164967401000070;48,888727301000074
157077;08171024119010367000;08;1;19;008;2017;10;15;3;3;0;4;0;1;1;0;0;0;0;532661,128000000030000;5420552,467400000400000;9,445979625000064;48,937037920000080
157078;08171024335300379070;08;3;35;075;2017;10;07;3;3;0;7;1;0;0;0;0;2;0;487561,418300000020000;5290516,304999999700000;8,833996159000037;47,767892493000033
157079;08171024437100337890;08;4;37;100;2017;10;17;3;3;0;7;1;0;0;0;0;0;0;537048,704499999990000;5318391,859100000000000;9,496832409000035;48,017744474000040
157081;08171108119100426790;08;1;19;075;2017;11;09;4;3;6;1;0;1;1;0;0;0;1;539850,933800000000000;5428042,897400000100000;9,544884176000039;49,003994901000056
157083;08171108118400404910;08;1;18;048;2017;11;18;4;3;6;7;0;0;1;0;1;2;0;513466,131799999970000;5415480,137699999800000;9,183711729000038;48,892124362000061
157084;08171108118400401430;08;1;18;048;2017;11;07;4;3;5;2;1;1;0;0;0;1;1;512927,864200000010000;5416875,292600000300000;9,176412610000057;48,904686267000045
157085;08171108118400401140;08;1;18;048;2017;11;07;4;3;2;6;1;1;0;0;0;1;0;515043,571000000000000;5416056,429800000000000;9,205253031000041;48,897272236000049
157087;08171108116200488730;08;1;16;080;2017;11;11;4;3;6;3;0;1;1;0;0;0;0;519911,837400000020000;5396424,591099999800000;9,270722116000059;48,720530494000059
157091;08171108111500415760;08;1;11;000;2017;11;14;4;3;6;4;0;1;1;0;0;0;0;515166,247099999980000;5402775,051699999700000;9,206435273000068;48,777792455000053
157098;08171107415400398980;08;4;15;061;2017;11;18;3;3;5;3;1;1;0;0;0;2;1;515474,559599999980000;5370800,949000000000000;9,209437883000021;48,490141671000060
157099;08171107415400398350;08;4;15;061;2017;11;11;3;3;6;1;0;1;1;0;0;0;1;516831,174699999970000;5374058,519100000200000;9,227929992000043;48,519412950000060
157100;08171107415100426610;08;4;15;050;2017;11;19;3;3;6;2;0;1;1;0;0;2;1;520744,632199999990000;5376413,718799999900000;9,281043175000036;48,540483779000056
157102;08171107335100622560;08;3;35;043;2017;11;09;3;2;0;6;1;0;0;0;0;0;0;514107,604400000010000;5280059,020600000400000;9,187939601000039;47,673767880000071
157104;08171107325010399030;08;3;27;046;2017;11;06;3;2;0;7;1;0;0;0;1;2;1;479800,334800000010000;5324731,291000000200000;8,728814475000036;48,075535383000044
157105;08171107317310402360;08;3;17;114;2017;11;18;3;3;4;6;1;1;0;0;0;2;1;405151,904600000010000;5345983,602599999900000;7,722055892000071;48,259959206000076
157106;08171107317300426720;08;3;17;065;2017;11;10;3;3;5;3;1;1;0;0;0;0;0;416155,180999999980000;5354861,927000000100000;7,868513831000030;48,341371280000033
157107;08171107316200505420;08;3;16;056;2017;11;17;3;2;2;7;1;1;0;0;0;2;1;421681,341200000020000;5326345,103600000000000;7,948342341000057;48,085562489000040
157110;08171108212102424880;08;2;12;000;2017;11;09;4;3;5;2;1;1;0;0;0;0;0;459820,978000000000000;5427105,402999999900000;8,450722812000038;48,995540678000054
157111;08171108136300435850;08;1;36;065;2017;11;18;4;2;6;7;0;1;1;0;0;2;0;563150,538999999990000;5404847,699000000000000;9,859843987000033;48,793415606000053
157114;08171107311300398870;08;3;11;000;2017;11;17;3;3;5;2;0;1;1;0;0;2;1;413805,809899999990000;5315611,792200000000000;7,844772155000044;47,987996793000036
157118;08171107311010397770;08;3;11;000;2017;11;18;3;3;0;2;1;0;0;0;1;2;1;413166,798100000010000;5316760,921199999700000;7,835977064000076;47,998247156000048
157121;08171107235118399280;08;2;35;033;2017;11;18;3;2;6;2;0;1;1;0;0;2;1;459255,384599999990000;5406063,700600000100000;8,445090483000058;48,806226176000052
157124;08171107222014397010;08;2;22;000;2017;11;07;3;3;6;4;0;1;1;0;0;0;0;461679,719700000020000;5484127,144899999700000;8,470676268000034;49,508560372000034
157126;08171107216100412590;08;2;16;043;2017;11;05;3;3;0;5;1;1;0;0;0;2;0;443386,979999999980000;5411783,103500000200000;8,228203109000049;48,856429704000050
157127;08171107212402412680;08;2;12;000;2017;11;08;3;2;1;5;1;1;1;0;0;0;0;455524,389299999980000;5427960,789099999700000;8,391894872000023;49,002940402000036
157128;08171107199200423070;08;1;15;003;2017;11;15;3;2;5;3;1;1;0;0;0;0;1;497407,761600000030000;5392288,779799999700000;8,964781592000065;48,683637035000061
157129;08171107136300413800;08;1;36;065;2017;11;16;3;2;0;1;1;0;0;0;0;0;1;557865,385000000010000;5405130,071000000500000;9,787929693000024;48,796469893000051
157132;08171107126010425420;08;1;21;000;2017;11;19;3;2;6;4;0;1;1;0;0;2;0;516433,583600000010000;5442931,235000000300000;9,225306594000074;49,138989740000056
157133;08171107119300413250;08;1;19;067;2017;11;10;3;2;6;4;0;1;1;0;0;0;0;538723,688599999990000;5406029,483199999700000;9,527384111000060;48,806047578000062
157134;08171107119010405230;08;1;19;067;2017;11;18;3;2;6;4;0;1;1;0;0;2;1;538145,577799999970000;5405945,863699999600000;9,519503299000064;48,805331126000056
157137;08171107118010397130;08;1;15;029;2017;11;07;3;2;5;3;1;1;0;0;0;0;1;496911,779600000010000;5399115,375900000300000;8,957992035000075;48,745047261000082
157140;08171107111500399670;08;1;11;000;2017;11;17;3;3;6;2;0;1;1;0;0;2;1;511643,067400000000000;5403163,570899999700000;9,158490760000063;48,781363462000058
157141;08171107111330399430;08;1;11;000;2017;11;13;3;3;6;2;0;1;1;0;0;0;0;511561,553900000000000;5409058,989900000400000;9,157547219000037;48,834399486000052
157150;08171106337010418500;08;3;37;123;2017;11;13;2;3;5;3;1;1;0;0;0;0;0;452449,180600000020000;5278851,132299999700000;8,366684101000033;47,661305676000040
157153;08171106327100478230;08;3;27;050;2017;11;18;2;3;0;2;0;1;1;0;0;2;0;486497,583999999970000;5314098,818900000300000;8,819061271000066;47,980051001000049
157157;08171106316100423340;08;3;16;011;2017;11;11;2;3;0;2;1;1;0;0;0;0;0;414531,016500000030000;5330457,268500000200000;7,851523608000036;48,121633574000043
157159;08171106311010395270;08;3;11;000;2017;11;08;2;3;4;6;1;0;0;0;0;0;0;411758,173100000010000;5314347,293399999800000;7,817594261000068;47,976343001000032
157161;08171106226700396370;08;2;26;010;2017;11;14;2;3;6;4;0;1;1;0;0;0;0;480533,805899999980000;5459477,960000000000000;8,732313873000067;49,287741968000034
157162;08171106226600467070;08;2;26;082;2017;11;17;2;3;4;5;1;1;0;0;0;2;0;474786,123299999980000;5480309,225800000100000;8,651956105000068;49,474906044000079
157163;08171106226400398700;08;2;26;037;2017;11;17;2;3;5;3;1;1;0;0;0;2;0;466719,723999999990000;5468257,793200000200000;8,541624316000025;49,366118786000072
157165;08171106222200449790;08;2;22;000;2017;11;08;2;2;1;3;1;1;0;0;0;1;0;462436,484400000020000;5482919,788800000200000;8,481243938000034;49,497748208000075
157166;08171106221300396180;08;2;21;000;2017;11;00;2;3;1;1;1;1;0;0;0;2;0;476234,564699999990000;5473500,110299999800000;8,672357910000073;49,413718022000069
157167;08171106221000396460;08;2;21;000;2017;11;08;2;2;5;2;1;1;0;0;0;0;0;476430,874000000010000;5469405,652999999900000;8,675307146000023;49,376896617000057
157168;08171106221000395330;08;2;21;000;2017;11;14;2;3;1;5;1;1;0;0;0;0;0;477695,902500000030000;5472681,880599999800000;8,692550289000053;49,406413501000031
157169;08171106215502398200;08;2;15;099;2017;11;15;2;3;3;2;1;1;0;0;0;0;0;462413,340299999980000;5445393,186200000300000;8,484461065000062;49,160204952000072
157170;08171106212102426470;08;2;12;000;2017;11;14;2;3;3;6;1;1;0;0;0;0;0;460523,702300000000000;5427698,818900000300000;8,460271454000065;49,000923917000080
157171;08171106136300412450;08;1;36;065;2017;11;19;2;3;0;7;1;0;0;0;1;2;0;560295,695500000030000;5404337,542700000100000;9,820902459000024;48,789110138000069
157172;08171106136200426200;08;1;36;019;2017;11;09;2;3;5;3;1;1;0;0;0;0;0;582725,488000000010000;5423927,160000000100000;10,130184478000047;48,962721357000078
157175;08171106119200396440;08;1;19;020;2017;11;13;2;3;0;5;1;1;0;0;0;0;0;520058,103899999990000;5407136,611200000200000;9,273233064000067;48,816889820000029
157178;08171106116500396800;08;1;16;049;2017;11;15;2;3;6;7;0;0;1;1;0;0;0;524825,750299999960000;5384922,970200000300000;9,336840453000036;48,616885804000049
157179;08171106116010415490;08;1;16;077;2017;11;06;2;2;5;3;1;1;0;0;0;2;1;515482,387099999990000;5391532,457200000100000;9,210316203000048;48,676646473000062
157184;08171106111330396910;08;1;11;000;2017;11;13;2;2;0;7;1;0;0;0;0;0;0;511410,127700000010000;5408585,499900000200000;9,155470589000061;48,830142844000079
157187;08171105416010393980;08;4;15;061;2017;11;19;1;3;6;2;0;1;1;0;0;2;0;515379,693299999980000;5370843,163499999800000;9,208155494000039;48,490523777000078
157190;08171105326400393500;08;3;26;075;2017;11;09;1;2;6;7;0;1;1;0;0;0;1;459195,108300000020000;5317960,526300000000000;8,452839509000057;48,013635002000058
157192;08171105311010394060;08;3;11;000;2017;11;23;1;3;0;1;1;0;0;0;0;2;1;413914,163600000030000;5316433,108900000300000;7,846059353000044;47,995399438000049
157194;08171105226700406140;08;2;26;054;2017;11;17;1;3;0;1;1;0;0;0;0;2;1;479951,520000000020000;5455344,436999999900000;8,724513863000027;49,250541727000041
157203;08171104436500415030;08;4;36;018;2017;11;09;7;1;6;7;0;0;1;0;1;0;0;550878,302299999980000;5284575,310200000200000;9,678298006000034;47,712553216000060
157205;08171104335200442950;08;3;35;063;2017;11;11;7;3;5;2;1;0;0;0;1;0;0;495366,307700000000000;5288946,901700000300000;8,938175907000073;47,753875081000047
157206;08171104317300394990;08;3;17;150;2017;11;12;7;3;0;7;1;0;0;0;0;0;0;407741,386699999970000;5359858,764399999800000;7,753900309000073;48,385142512000073
157208;08171104311400394000;08;3;15;076;2017;11;12;7;3;5;3;1;1;0;0;0;0;0;392654,265200000020000;5296476,838200000100000;7,566130626000074;47,812686858000063
157209;08171104311010407940;08;3;11;000;2017;11;15;7;3;2;6;1;0;0;0;0;0;0;414530,156800000000000;5316017,125799999600000;7,854397579000022;47,991740147000030