OBJECTID;UIDENTSTLA;ULAND;UREGBEZ;UKREIS;UGEMEINDE;UJAHR;UMONAT;USTUNDE;UWOCHENTAG;UKATEGORIE;UART;UTYP1;IstRad;IstPKW;IstFuss;IstKrad;IstSonstig;LICHT;STRZUSTAND;LINREFX;LINREFY;XGCSWGS84;YGCSWGS84
157542;08171109225200424700;08;2;25;109;2017;11;16;5;3;9;1;1;0;0;0;0;1;1;523785,271899999990000;5492264,524000000200000;9,329045234000034;49,582497311000054
157548;08171109222014406050;08;2;22;000;2017;11;13;5;3;6;7;0;0;1;1;0;0;1;462053,941100000000000;5481077,722299999600000;8,476138041000070;49,481155980000040
157549;08171109222014403680;08;2;22;000;2017;11;15;5;3;6;7;1;0;1;0;0;0;0;464020,835800000000000;5478431,931400000100000;8,503531336000037;49,457478078000065
157551;08171109215402436350;08;2;15;009;2017;11;07;5;3;5;3;1;1;0;0;0;0;1;470254,217300000020000;5441252,470499999800000;8,592309011000054;49,123388572000067
157554;08171109212502405510;08;2;12;000;2017;11;17;5;3;0;1;1;0;0;0;0;2;1;454486,863900000000000;5428276,696600000400000;8,377674476000038;49,005706382000028
157555;08171109212402424450;08;2;12;000;2017;11;16;5;3;0;7;1;0;0;0;0;0;1;456118,038999999990000;5428058,342000000200000;8,400000701000067;49,003860393000082
157557;08171109118010440970;08;1;18;080;2017;11;18;5;3;1;5;1;1;0;0;0;2;0;508769,805400000010000;5408651,754300000100000;9,119495951000033;48,830781762000072
157559;08171109115100415580;08;1;15;003;2017;11;10;5;3;5;3;1;1;0;0;0;0;1;500893,289099999990000;5391117,112700000400000;9,012133784000071;48,673101320000058
157562;08171109111500417530;08;1;11;000;2017;11;17;5;3;5;3;1;1;0;0;0;2;0;513113,666000000030000;5407045,635300000200000;9,178633086000048;48,816256814000042
157568;08171108416010431890;08;4;16;036;2017;11;15;4;3;6;4;0;1;1;0;0;0;0;495233,418999999990000;5369594,247000000400000;8,935501056000021;48,479458134000026
157569;08171108416010400160;08;4;16;041;2017;11;14;4;3;0;7;1;0;0;0;0;0;0;505449,563900000010000;5375199,352599999900000;9,073813899000072;48,529878279000059
157571;08171108335200419810;08;3;35;063;2017;11;07;4;3;3;6;1;1;0;0;0;1;1;497137,564799999990000;5287288,063799999700000;8,961819453000032;47,738959843000032
157572;08171108335100420390;08;3;35;043;2017;11;18;4;3;0;2;1;0;0;1;0;2;1;513004,390499999980000;5279271,749800000300000;9,173219366000069;47,666707412000051
157574;08171108326400435660;08;3;26;074;2017;11;14;4;3;6;4;0;1;1;0;0;0;0;462239,476499999990000;5323844,589300000100000;8,493141275000028;48,066759748000038
157575;08171108317200433710;08;3;17;057;2017;11;18;4;3;5;2;1;1;0;0;0;2;1;412485,570300000020000;5380902,845599999700000;7,813556985000048;48,575099767000040
157576;08171108311400433170;08;3;15;050;2017;11;06;4;3;5;6;1;1;0;0;0;0;1;398863,237499999990000;5303753,113099999700000;7,647341413000049;47,879142242000057
157578;08171108311010418770;08;3;11;000;2017;11;12;4;3;0;1;1;0;0;0;0;0;1;413780,824700000000000;5316472,230299999900000;7,844264524000039;47,995733383000072
157579;08171108299200413810;08;2;15;009;2017;11;19;4;2;0;7;1;0;0;0;1;2;1;467484,323800000010000;5436982,707299999900000;8,554690243000039;49,084840982000060
157580;08171108299200406810;08;2;12;000;2017;11;15;4;2;6;7;0;1;1;0;0;0;1;453698,244499999970000;5428812,016699999600000;8,366830890000074;49,010462954000047
157581;08171108299200403190;08;2;12;000;2017;11;05;4;3;0;1;1;0;0;0;0;2;1;456119,773999999980000;5428060,841000000000000;8,400024153000061;49,003882995000026
157583;08171108226700435840;08;2;26;098;2017;11;15;4;3;5;3;1;1;0;0;0;0;1;477960,359699999970000;5460806,812599999800000;8,696852754000076;49,299607642000069
157584;08171108226700405560;08;2;21;000;2017;11;10;4;3;6;4;0;1;1;0;0;0;1;475803,796800000010000;5474101,095999999900000;8,666382595000073;49,419106796000051
157586;08171108226200400750;08;2;26;032;2017;11;19;4;3;5;5;1;1;0;0;0;2;1;467161,105900000020000;5462862,640700000300000;8,548147909000022;49,317614408000054
157589;08171108221400436450;08;2;21;000;2017;11;18;4;3;6;4;0;1;1;0;0;1;1;475728,484000000000000;5469456,133999999600000;8,665627975000064;49,377323107000052
157591;08171108221000415910;08;2;26;013;2017;11;08;4;2;1;5;1;1;0;0;0;0;1;498959,691899999980000;5478290,877700000100000;8,985645102000035;49,457273944000065
157593;08171108221000400440;08;2;26;012;2017;11;18;4;3;5;3;1;1;0;0;0;2;1;476241,922000000020000;5477181,457999999600000;8,672238800000059;49,446831280000026
157594;08171108216200490790;08;2;16;007;2017;11;10;4;2;6;2;0;1;1;0;0;0;1;436294,988100000020000;5393647,959499999900000;8,134339280000063;48,692617505000044
157595;08171108215302432950;08;2;15;007;2017;11;07;4;3;6;4;0;0;1;0;1;2;1;479098,397699999970000;5431386,602400000200000;8,714033982000046;49,035005743000056
157596;08171123231102491250;08;2;36;046;2017;11;07;5;3;6;2;0;1;1;0;0;2;0;484251,471900000000000;5418301,082499999600000;8,785042077000071;48,917446935000044
157597;08171123226500453230;08;2;26;085;2017;11;12;5;3;6;4;0;1;1;0;0;0;0;491101,411100000030000;5455141,538300000100000;8,877728413000057;49,248980352000046
157601;08171123216200454740;08;2;16;063;2017;11;20;5;3;0;7;1;0;0;0;0;2;0;430354,978999999990000;5401697,525299999900000;8,052274234000038;48,764387127000077
157602;08171123215402502450;08;2;15;009;2017;11;07;5;3;5;2;1;1;0;0;0;1;0;469674,316600000020000;5441404,310899999900000;8,584349786000075;49,124726065000061
157603;08171123215302454890;08;2;15;007;2017;11;20;5;3;5;3;1;1;0;0;0;2;0;478118,315999999990000;5431722,460000000000000;8,700607016000049;49,037992923000047
157604;08171123212412468010;08;2;12;000;2017;11;09;5;3;5;3;1;0;0;0;0;0;1;457178,534999999970000;5427421,321000000500000;8,414567257000044;48,998204785000041
157605;08171123211010504120;08;2;16;015;2017;11;11;5;3;6;5;0;1;1;0;0;0;0;449197,432099999980000;5406729,693199999600000;8,308036079000033;48,811476181000046
157606;08171123135010468950;08;1;35;019;2017;11;16;5;2;3;2;1;0;0;0;1;1;0;583830,739700000030000;5392566,294499999800000;10,138871754000036;48,680509467000036
157609;08171123118100490870;08;1;18;079;2017;11;14;5;2;1;5;1;1;0;0;0;0;0;507760,687600000000000;5421380,430100000500000;9,105987625000068;48,945299519000059
157610;08171123116500476600;08;1;16;049;2017;11;13;5;3;5;3;1;1;0;0;0;0;0;525536,839999999970000;5386002,451000000400000;9,346554945000037;48,626568240000040
157611;08171123116200505760;08;1;16;077;2017;11;13;5;3;5;3;1;1;0;0;0;0;0;516105,942300000000000;5389461,595800000200000;9,218706023000038;48,658001078000041
157612;08171123116010452490;08;1;16;033;2017;11;07;5;3;5;2;1;1;0;0;0;0;0;534775,913199999950000;5388746,566100000400000;9,472162896000043;48,650808467000047
157613;08171123115100474760;08;1;15;003;2017;11;10;5;3;3;6;1;1;0;0;0;0;0;502773,465299999980000;5390446,395600000400000;9,037668216000043;48,667061940000053
157614;08171123111500490550;08;1;11;000;2017;11;14;5;3;5;2;1;1;0;0;0;0;0;512660,717899999990000;5401883,686999999900000;9,172304014000076;48,769829838000078
157615;08171123111370494910;08;1;11;000;2017;11;07;5;3;3;2;1;1;0;0;0;1;0;508453,321000000000000;5406788,559399999700000;9,115145193000046;48,814025079000032
157619;08171123299200470780;08;2;12;000;2017;11;10;5;3;5;3;1;1;0;0;0;0;1;453958,118399999980000;5430337,201700000100000;8,370211336000068;49,024201508000033
157621;08171123237200480930;08;2;37;030;2017;11;17;5;3;5;3;1;1;0;0;0;2;0;463912,553399999980000;5365167,704900000200000;8,512073918000056;48,438618596000026
157623;08171122426300452230;08;4;26;014;2017;11;07;4;3;6;5;0;1;1;0;0;2;1;549850,539100000050000;5315861,830199999700000;9,668203603000052;47,994112223000059
157624;08171122426100449690;08;4;26;021;2017;11;13;4;3;6;4;0;1;1;0;0;0;0;558887,788900000040000;5327357,807599999900000;9,790910964000034;48,096764549000056
157625;08171123235010493160;08;2;31;000;2017;11;14;5;3;6;6;1;0;1;0;0;0;0;478011,271400000030000;5415435,986200000200000;8,700022448000027;48,891483357000027
157628;08171122421300450720;08;4;21;000;2017;11;11;4;3;5;3;1;0;0;1;0;0;0;571596,809800000050000;5360345,564399999600000;9,967159384000070;48,392205381000053
157629;08171122421200454790;08;4;21;000;2017;11;14;4;3;2;2;1;1;0;0;0;0;0;573215,452399999950000;5361246,757799999800000;9,989178475000074;48,400125952000053
157630;08171122415400455660;08;4;15;061;2017;11;11;4;3;0;1;1;0;0;0;0;0;0;514215,605600000010000;5371425,913200000300000;9,192420155000036;48,495793817000049
157633;08171122336300479490;08;3;36;057;2017;11;13;4;3;6;3;0;1;1;0;0;0;0;407400,934100000010000;5277545,880699999600000;7,767084196000042;47,644684264000034
157634;08171122336210453560;08;3;36;105;2017;11;08;4;3;5;3;1;1;0;0;0;0;0;401441,112100000030000;5266420,662200000100000;7,690252573000066;47,543727625000031
157635;08171122335100490930;08;3;35;043;2017;11;07;4;3;6;4;1;0;1;0;0;1;0;512730,892899999980000;5280565,811400000000000;9,169614100000047;47,678356385000029
157636;08171122335100451680;08;3;35;043;2017;11;16;4;3;0;1;1;0;0;0;0;1;1;511869,831000000010000;5279975,637000000100000;9,158126148000065;47,673062578000042
157639;08171122317100495010;08;3;17;001;2017;11;13;4;3;5;3;1;1;0;0;0;0;0;430719,707300000010000;5386529,767699999700000;8,059781021000049;48,627995718000079
157640;08171122317000454400;08;3;17;057;2017;11;14;4;3;4;6;1;1;0;0;0;0;0;416005,828700000010000;5371769,284599999900000;7,863112528000045;48,493429111000069
157641;08171122317000454080;08;3;17;097;2017;11;15;4;2;0;1;1;0;0;0;0;0;0;425566,748700000000000;5364754,443599999900000;7,993748547000052;48,431535481000026
157642;08171122311010480600;08;3;15;073;2017;11;15;4;3;0;7;1;0;1;0;0;0;0;412740,578199999990000;5314118,282900000000000;7,830801762000021;47,974417713000037
157643;08171122311010451390;08;3;11;000;2017;11;08;4;3;5;3;1;1;0;0;0;0;0;413102,173599999980000;5316620,542700000100000;7,835139368000057;47,996975624000072
157644;08171122311010449640;08;3;36;081;2017;11;14;4;3;0;4;1;0;1;0;0;0;0;411869,296500000000000;5277889,063600000000000;7,826496120000059;47,648395354000058
157645;08171122311010449000;08;3;11;000;2017;11;12;4;3;2;6;1;0;0;0;1;0;0;412559,037000000010000;5314120,656999999700000;7,828369315000032;47,974414285000080
157646;08171122299200466850;08;2;15;105;2017;11;17;4;2;4;6;1;1;0;0;0;2;0;457522,859000000000000;5441353,024000000200000;8,417812472000037;49,123545041000057
157647;08171122235010472600;08;2;35;046;2017;11;15;4;3;5;3;1;1;0;0;0;0;0;479414,991400000000000;5377285,610999999600000;8,721076243000027;48,548332776000052
157648;08171122226400454780;08;2;26;062;2017;11;15;4;3;0;7;1;0;0;0;0;0;0;469485,407499999970000;5468773,320500000400000;8,579675953000049;49,370900609000046
157650;08171122222600488420;08;2;22;000;2017;11;16;4;3;5;2;1;1;0;0;0;0;0;462201,073900000020000;5482907,276999999800000;8,477994233000061;49,497621048000042
157651;08171122221300454190;08;2;21;000;2017;11;16;4;3;6;1;0;1;1;0;0;1;0;482679,513199999990000;5473929,792799999900000;8,761191456000063;49,417800588000034
157653;08171122215402455140;08;2;15;009;2017;11;00;4;2;5;2;1;1;0;0;0;2;0;469042,303399999980000;5440677,114400000300000;8,575743328000044;49,118153292000045
157655;08171122212302451260;08;2;12;000;2017;11;20;4;2;0;7;1;0;0;0;0;2;1;456123,836300000020000;5428520,383999999600000;8,400030033000064;49,008016926000039
157659;08171122136100450010;08;1;36;088;2017;11;06;4;2;6;2;0;1;1;0;0;2;1;581234,324000000020000;5409390,201999999600000;10,106925396000065;48,832172391000029
157660;08171122135200450120;08;1;35;032;2017;11;07;4;3;0;1;1;0;0;0;0;0;2;579481,727599999980000;5393843,695399999600000;10,080045754000025;48,692567944000075
157661;08171122128100471730;08;1;28;126;2017;11;12;4;3;2;2;1;1;0;0;0;0;0;565453,241999999970000;5481607,244400000200000;9,903659040000036;49,483575484000028
157662;08171122127100449650;08;1;27;076;2017;11;17;4;3;6;5;0;1;1;0;0;2;1;554645,111700000010000;5440917,601099999600000;9,748888289000036;49,118667195000057
157666;08171122118400468180;08;1;18;048;2017;11;18;4;3;6;6;0;0;1;0;1;1;0;513630,376400000010000;5415507,254200000300000;9,185953329000029;48,892364703000055
157667;08171122118010626720;08;1;15;021;2017;11;09;4;3;6;6;0;1;1;0;0;0;0;491362,212100000000000;5380285,688299999600000;8,882896398000071;48,575600691000034
157668;08171122116500447900;08;1;16;049;2017;11;07;4;3;6;4;0;1;1;0;0;1;1;525555,849500000010000;5386275,824699999800000;9,346829766000042;48,629026743000054
157671;08171122115400490170;08;1;15;045;2017;11;17;4;2;6;4;0;1;1;0;0;2;0;501893,180500000020000;5394337,600999999800000;9,025730330000044;48,702070942000034
157673;08171122111500471510;08;1;11;000;2017;11;14;4;3;6;7;0;0;1;0;1;0;0;519755,769499999990000;5400512,700600000100000;9,268796248000058;48,757311794000032
157674;08171122111500467220;08;1;11;000;2017;11;06;4;3;5;2;1;1;0;0;0;2;1;512571,187900000020000;5401301,525899999800000;9,171067786000037;48,764594566000028
157675;08171122111500454450;08;1;11;000;2017;11;17;4;3;5;2;1;0;0;1;0;2;0;513521,492199999980000;5402232,223000000200000;9,184029981000037;48,772947134000049
157678;08171121426010457320;08;4;25;039;2017;11;07;3;3;4;6;1;0;0;0;0;1;1;566502,910200000040000;5352928,915900000400000;9,897185635000028;48,326046613000074
157680;08171121415400448530;08;4;15;061;2017;11;15;3;3;8;1;1;0;0;0;0;0;0;516024,623000000020000;5369881,196000000500000;9,216847294000047;48,481853457000057
157682;08171121335112481050;08;3;35;043;2017;11;12;3;3;0;1;1;0;0;0;0;0;1;511138,255000000000000;5281532,910000000100000;9,148420092000038;47,687087410000061
157684;08171121326400443860;08;3;26;074;2017;11;07;3;3;6;6;0;0;1;0;1;2;1;460427,890200000020000;5320075,570899999700000;8,469174035000037;48,032741101000056
157686;08171121317500484760;08;3;17;096;2017;11;07;3;3;5;3;1;0;0;0;0;1;1;422991,696300000010000;5368994,904400000300000;7,958162646000062;48,469368743000075
157687;08171121317100488070;08;3;17;001;2017;11;15;3;3;5;3;1;1;0;0;0;0;0;431372,651799999990000;5386417,183000000200000;8,068659693000029;48,627055010000049
157688;08171121317100487810;08;3;17;110;2017;11;21;3;2;3;6;1;1;0;0;0;2;0;426740,115899999980000;5382648,819899999500000;8,006466454000076;48,592633572000068
157690;08171121316100445890;08;3;16;011;2017;11;11;3;3;5;3;1;1;0;0;0;0;0;414699,529400000000000;5329066,855600000400000;7,854065682000055;48,109149131000038
157691;08171121311010485030;08;3;11;000;2017;11;06;3;2;6;2;0;1;1;0;0;2;1;413613,574800000000000;5318811,613400000100000;7,841551889000073;48,016754346000027
157694;08171121222600446960;08;2;22;000;2017;11;22;3;3;6;7;0;1;1;0;0;2;1;461152,003099999970000;5483370,504400000000000;8,463461601000063;49,501721242000031
157698;08171121215402446920;08;2;15;009;2017;11;10;3;3;3;2;1;1;0;0;0;0;1;469198,290400000000000;5441046,678399999600000;8,577852762000020;49,121485424000070
157700;08171121212402485650;08;2;12;000;2017;11;09;3;3;0;1;1;0;0;0;0;0;1;456197,614100000010000;5428068,451899999800000;8,401087581000070;49,003956986000048
157701;08171121211110444440;08;2;11;000;2017;11;10;3;3;0;7;1;0;0;0;0;0;1;444026,101800000000000;5401186,942200000400000;8,238360336000028;48,761173964000079
157703;08171121136100446420;08;1;36;088;2017;11;07;3;3;6;4;0;1;1;0;0;1;1;580069,539299999950000;5410589,939799999800000;10,091291092000063;48,843114406000041
157704;08171121136010476040;08;1;36;065;2017;11;15;3;2;0;1;1;0;0;0;0;0;1;557766,157499999970000;5405098,781000000400000;9,786574285000029;48,796197664000033
157706;08171121121200486890;08;1;21;000;2017;11;08;3;3;0;7;0;1;1;0;0;1;1;514858,383500000000000;5443554,930900000000000;9,203733541000077;49,144640216000028
157708;08171121118400445010;08;1;18;048;2017;11;13;3;3;3;6;1;0;0;0;0;0;1;514742,120000000000000;5415618,746600000200000;9,201124295000057;48,893342205000067
157712;08171121111500464270;08;1;11;000;2017;11;13;3;3;5;2;1;1;0;0;0;0;1;513038,340900000010000;5399418,812599999800000;9,177365105000035;48,747648149000042
157714;08171121111250445440;08;1;11;000;2017;11;14;3;3;6;2;0;0;1;0;1;0;0;515319,692099999990000;5404006,152300000200000;9,208569760000046;48,788863549000041
157715;08171121111110463310;08;1;11;000;2017;11;12;3;3;0;7;1;0;0;0;0;0;1;512996,786900000010000;5402939,179399999800000;9,176911027000074;48,779318042000057
157720;08171120421100460360;08;4;25;033;2017;11;19;2;2;6;2;0;1;1;0;0;2;0;553525,928100000020000;5348353,366499999500000;9,721549904000028;48,286117301000047
157721;08171120416010446070;08;4;15;061;2017;11;13;2;3;6;7;1;0;1;0;0;0;0;515041,798599999980000;5370603,289900000200000;9,203573672000061;48,488373967000030
157722;08171120415400477750;08;4;15;061;2017;11;19;2;3;5;3;1;1;0;0;0;2;1;515911,114699999980000;5370541,662700000200000;9,215336448000073;48,487798138000073
157724;08171120335300441700;08;3;35;075;2017;11;10;2;3;5;3;1;1;0;0;0;0;0;487919,276900000000000;5290459,533099999700000;8,838773656000058;47,767388495000034
157726;08171120325010471080;08;3;26;052;2017;11;12;2;2;6;4;0;0;1;0;1;0;1;448545,559499999970000;5329235,200600000100000;8,308690423000030;48,114297988000033
157727;08171120317100480530;08;3;17;068;2017;11;07;2;3;6;6;0;0;1;0;1;1;0;435832,447700000020000;5388276,987599999600000;8,128887954000049;48,644257710000034
157730;08171120311010441520;08;3;11;000;2017;11;07;2;3;6;3;0;1;1;0;0;0;0;413686,234799999980000;5315790,404600000000000;7,843133962000024;47,989587351000068
157732;08171120299200466290;08;2;12;000;2017;11;18;2;3;5;3;1;1;0;0;0;2;1;459819,271100000010000;5427089,359199999800000;8,450701065000033;48,995396250000056
157733;08171120299200443020;08;2;12;000;2017;11;11;2;3;6;7;0;0;1;0;1;0;0;456788,848699999970000;5428578,704699999700000;8,409116806000043;49,008588451000037
157739;08171120221200443140;08;2;21;000;2017;11;16;2;3;3;5;1;1;0;0;0;2;1;476585,522400000020000;5472856,733900000300000;8,677234250000026;49,407944568000062
157741;08171120221000445410;08;2;21;000;2017;11;10;2;3;0;1;1;0;0;0;0;0;0;481441,738699999990000;5473644,559299999800000;8,744138984000074;49,415198445000044
157742;08171120221000439720;08;2;21;000;2017;11;06;2;3;6;4;0;1;1;0;0;2;0;474550,624599999980000;5474651,715599999800000;8,649068864000071;49,424008363000041
157744;08171120212502457440;08;2;12;000;2017;11;11;2;3;0;7;1;0;0;0;0;0;0;452927,413699999980000;5428421,457499999600000;8,356335879000028;49,006891540000026
157746;08171120121400487430;08;1;25;056;2017;11;16;2;3;6;4;0;1;1;0;0;0;0;510965,451300000020000;5435909,800599999700000;9,150147419000064;49,075950958000078
157748;08171120118300465650;08;1;18;003;2017;11;17;2;2;5;2;1;1;0;0;0;2;1;511286,585700000000000;5415993,617499999700000;9,153991577000056;48,896787032000077
157749;08171120118200456330;08;1;18;019;2017;11;09;2;3;6;4;0;0;1;0;1;0;0;504714,112399999980000;5405175,859199999800000;9,064193850000038;48,799556990000042
157754;08171120111500462210;08;1;11;000;2017;11;12;2;3;6;2;0;0;1;0;1;0;0;514836,808699999990000;5403625,507199999900000;9,201981850000038;48,785451015000035
157755;08171120111500446600;08;1;11;000;2017;11;15;2;3;5;3;1;1;0;0;0;0;0;518540,072999999970000;5402889,419999999900000;9,252362817000062;48,778729899000041
157757;08171119416100493550;08;4;16;036;2017;11;16;1;3;0;1;1;0;0;0;0;0;0;495871,071000000000000;5369776,390800000200000;8,944127634000040;48,481101289000037
157764;08171119211100438980;08;2;16;049;2017;11;18;1;3;0;1;1;0;0;0;0;2;0;439744,997299999990000;5402382,166899999600000;8,179938094000022;48,771525402000066
157765;08171119136300441860;08;1;36;065;2017;11;13;1;3;6;4;0;1;1;0;0;0;1;558204,935199999950000;5405421,996799999800000;9,792594122000025;48,799064090000059
157767;08171119117100494650;08;1;17;019;2017;11;19;1;3;6;4;0;1;1;0;0;1;1;552257,408999999990000;5394760,502999999600000;9,710258663000047;48,703689039000039
157769;08171119116010500200;08;1;16;033;2017;11;17;1;3;6;2;0;0;1;0;1;2;0;533410,673500000030000;5387962,724000000400000;9,453564010000036;48,643831600000055
157770;08171119111240441550;08;1;11;000;2017;11;14;1;3;6;3;0;1;1;0;0;0;0;516762,144299999990000;5403151,119500000000000;9,228172979000021;48,781134567000038
157771;08171118435010444620;08;4;37;104;2017;11;11;7;2;6;4;0;1;1;0;0;0;1;517162,604300000010000;5326200,131699999800000;9,230471623000028;48,088839511000060
157773;08171118416200435330;08;4;16;041;2017;11;19;7;3;2;6;1;0;0;0;0;2;1;506361,329099999970000;5374841,619699999700000;9,086158212000044;48,526651410000056
157777;08171118221400475030;08;2;21;000;2017;11;06;7;3;5;3;1;1;0;0;0;2;0;476493,459800000010000;5471116,693500000100000;8,676068164000071;49,392289623000067
157779;08171118215402434940;08;2;15;009;2017;11;11;7;3;6;4;0;0;1;0;1;0;0;470357,778600000020000;5441396,234100000000000;8,593717804000050;49,124686757000063
157780;08171118212102437550;08;2;12;000;2017;11;12;7;2;9;1;1;0;0;0;0;0;0;461111,444800000000000;5422321,402200000400000;8,468821055000035;48,952589935000049
157781;08171118121200476730;08;1;21;000;2017;11;16;7;3;5;3;0;1;1;0;0;1;0;516136,346200000030000;5443226,443199999600000;9,221243282000046;49,141653115000054
157784;08171118111310435220;08;1;11;000;2017;11;12;7;3;0;7;1;0;0;0;0;0;0;517168,541000000030000;5406170,777900000100000;9,233831175000034;48,808287917000030
157786;08171117437100449440;08;4;37;100;2017;11;16;6;3;5;3;1;1;0;0;0;0;1;537364,099099999990000;5318830,070100000100000;9,501099968000062;48,021668607000038
157787;08171117435200505650;08;4;35;059;2017;11;15;6;3;5;2;1;1;0;0;0;0;0;514068,233499999970000;5289137,628100000300000;9,187708240000063;47,755454312000040
157788;08171117435200433590;08;4;35;034;2017;11;12;6;3;6;4;0;1;1;0;0;0;0;529747,046899999960000;5285339,629400000000000;9,396642525000061;47,720749481000041
157789;08171117426010451810;08;4;26;021;2017;11;12;6;3;6;4;0;1;1;0;0;0;1;559464,640299999970000;5328367,710099999800000;9,798798520000048;48,105796205000047
157793;08171117417200450630;08;4;17;002;2017;11;07;6;3;6;4;0;1;1;0;0;1;0;488573,370999999980000;5346095,498999999800000;8,846019686000034;48,267964294000080
157794;08171117417200431630;08;4;17;002;2017;11;11;6;3;5;3;1;1;0;0;0;0;1;488795,534999999970000;5345938,487700000400000;8,849017622000076;48,266555674000074
157799;08171117317510457090;08;3;17;097;2017;11;21;6;3;4;5;1;0;0;0;0;2;0;425029,347300000020000;5364754,785199999800000;7,986484619000066;48,431474801000036
157801;08171117311010443570;08;3;11;000;2017;11;12;6;3;5;1;1;0;0;0;0;0;0;416697,495999999980000;5315271,413999999900000;7,883586609000076;47,985318120000045
157806;08171117231102471760;08;2;36;050;2017;11;14;6;3;0;3;1;1;0;0;0;0;0;487541,291800000010000;5422668,205099999900000;8,829812404000052;48,956807101000038
157807;08171117222800434290;08;2;22;000;2017;11;13;6;3;8;7;1;0;0;0;0;0;1;463564,909600000010000;5485996,209200000400000;8,496543044000021;49,525487801000054
157811;08171117221000452720;08;2;21;000;2017;11;08;6;2;5;3;1;0;0;1;0;0;0;478101,978699999980000;5472972,564100000100000;8,698131713000066;49,409042904000046
157816;08171117212302431830;08;2;12;000;2017;11;08;6;3;0;1;1;0;0;0;0;0;1;456871,250400000020000;5428116,811999999900000;8,410292596000033;49,004439431000037
157817;08171117136210467010;08;1;36;087;2017;11;17;6;3;0;7;1;0;0;0;1;2;0;605695,106799999950000;5409015,093100000200000;10,440041998000027;48,825117514000056
157819;08171117118300434680;08;1;18;046;2017;11;14;6;3;6;7;0;1;1;0;0;0;0;513515,245000000000000;5412392,684000000400000;9,184279700000047;48,864349297000047
157821;08171117117010473810;08;4;21;000;2017;11;05;6;2;4;2;1;1;0;0;0;2;0;572088,952900000030000;5361927,371799999800000;9,974078096000028;48,406378075000077
157825;08171117111500454460;08;1;11;000;2017;11;16;6;2;6;4;0;1;1;0;0;2;0;514265,103300000020000;5403881,751500000200000;9,194207844000061;48,787769538000077
157826;08171117111500445280;08;1;11;000;2017;11;11;6;3;5;2;1;1;0;0;0;0;1;512974,966900000000000;5401222,942800000300000;9,176559875000066;48,763879350000082
157829;08171116416010461790;08;4;15;087;2017;11;07;5;3;6;4;0;1;1;0;0;1;0;513446,444499999980000;5381974,759899999900000;9,182349549000037;48,590711208000073
157832;08171116325010459780;08;3;26;005;2017;11;06;5;2;6;4;0;1;1;0;0;1;1;467929,435799999980000;5301115,619199999600000;8,571210872000052;47,862578962000043
157833;08171116311010440760;08;3;11;000;2017;11;09;5;3;4;6;1;0;0;0;0;0;0;413197,683699999990000;5317777,424200000200000;7,836185319000038;48,007395125000073
157834;08171116299200591150;08;2;12;000;2017;11;20;5;3;1;6;1;1;0;0;0;2;0;453935,558599999990000;5428678,328400000000000;8,370091087000048;49,009278182000060
157835;08171116299200481650;08;2;12;000;2017;11;18;5;3;5;3;1;1;0;0;0;2;0;455374,472200000020000;5428772,403500000000000;8,389756003000059;49,010230130000082
157837;08171116299200428950;08;2;12;000;2017;11;15;5;2;5;3;1;1;0;0;0;0;0;457865,412599999980000;5430385,582800000000000;8,423649677000071;49,024916008000048
157839;08171116237200428280;08;2;37;040;2017;11;17;5;3;6;4;0;1;1;0;0;0;0;477253,229600000020000;5365858,588700000200000;8,692407637000031;48,445457444000056
157840;08171116222200463720;08;2;22;000;2017;11;07;5;3;6;7;1;0;1;0;0;1;0;465452,668400000020000;5476035,256099999900000;8,523497120000059;49,436004047000040
157841;08171116221200429760;08;2;21;000;2017;11;18;5;3;1;5;1;1;0;0;0;2;0;477689,086200000020000;5472182,400100000200000;8,692484391000050;49,401920497000049
157843;08171116212502450680;08;2;12;000;2017;11;12;5;3;5;2;1;1;0;0;0;0;0;454269,211499999980000;5429783,111700000200000;8,374528852000026;49,019240588000059
157846;08171116121600450270;08;1;25;098;2017;11;06;5;3;6;7;0;1;1;0;0;2;0;523424,187700000010000;5436953,983300000400000;9,320800483000028;49,084995777000074
157847;08171116121300428010;08;1;21;000;2017;11;18;5;3;6;4;0;1;1;0;0;2;0;513954,068600000000000;5442271,232400000100000;9,191289486000073;49,133114113000033
157848;08171116116400467910;08;1;16;033;2017;11;22;5;3;5;3;1;0;0;0;1;2;0;531224,180000000050000;5389349,270999999700000;9,423986876000072;48,656417919000035
157855;08171115415400422180;08;4;15;061;2017;11;07;4;3;6;2;0;1;1;0;0;0;0;515464,367099999970000;5371271,393299999600000;9,209317355000053;48,494374205000042
157856;08171115336400425570;08;3;36;091;2017;11;13;4;3;3;6;1;0;0;0;0;0;0;396178,892400000010000;5274173,384600000500000;7,618509848000031;47,612645403000045
157858;08171115317000429330;08;3;17;057;2017;11;07;4;2;5;3;1;1;0;0;0;0;1;412760,846000000020000;5380070,981399999900000;7,817462605000060;48,567656061000037