OBJECTID;UIDENTSTLA;ULAND;UREGBEZ;UKREIS;UGEMEINDE;UJAHR;UMONAT;USTUNDE;UWOCHENTAG;UKATEGORIE;UART;UTYP1;IstRad;IstPKW;IstFuss;IstKrad;IstSonstig;LICHT;STRZUSTAND;LINREFX;LINREFY;XGCSWGS84;YGCSWGS84
157859;08171115311500423370;08;3;15;113;2017;11;15;4;3;6;5;0;1;1;0;0;0;0;441136,718500000020000;5306716,930100000500000;8,212250729000061;47,911074739000071
157861;08171130311010484960;08;3;11;000;2017;11;17;5;3;5;3;1;1;0;0;0;2;1;412208,097100000010000;5314798,025600000300000;7,823529624000059;47,980459379000081
157862;08171130311010482470;08;3;15;073;2017;11;11;5;3;6;4;1;0;1;0;0;0;1;412349,108799999990000;5313367,303100000100000;7,825710739000044;47,967608887000040
157863;08171130311010481830;08;3;11;000;2017;11;10;5;3;5;3;1;1;0;0;0;0;0;414134,440200000010000;5319687,255599999800000;7,848359822000020;48,024701256000071
157864;08171130299200497130;08;2;12;000;2017;11;08;5;3;6;4;0;1;1;0;0;0;1;452138,499799999990000;5430478,258800000000000;8,345306519000076;49,025331796000046
157865;08171130299200484690;08;2;12;000;2017;11;16;5;3;5;3;1;1;0;0;0;0;1;452838,234799999980000;5428017,056499999900000;8,355163511000058;49,003247129000044
157866;08171130231302502010;08;2;36;076;2017;11;19;5;3;5;3;1;1;0;0;0;2;0;471525,400900000010000;5423855,283099999700000;8,610953968000047;48,966955207000069
157867;08171130226600484750;08;2;26;096;2017;11;18;5;2;6;3;0;1;1;0;0;2;1;476244,703800000020000;5488675,792700000100000;8,671586042000058;49,550219350000077
157870;08171130222014482800;08;2;22;000;2017;11;18;5;2;6;2;0;1;1;0;0;2;1;466643,516000000000000;5481415,978400000400000;8,539468295000063;49,484468029000027
157871;08171130221200486800;08;2;21;000;2017;11;17;5;3;3;2;1;1;0;0;0;2;1;476087,144399999990000;5472981,006799999600000;8,670356803000061;49,409043001000043
157873;08171130216100502280;08;2;16;043;2017;11;19;5;3;5;2;1;1;0;0;0;2;1;441891,228899999990000;5412981,906100000300000;8,207643559000076;48,867074608000053
157875;08171130199200503500;08;1;18;078;2017;11;23;5;2;0;7;1;0;0;0;0;2;2;513997,688000000020000;5420406,846400000200000;9,191132440000047;48,936431779000031
157880;08171130126010497060;08;1;21;000;2017;11;18;5;2;6;4;0;1;1;0;0;2;1;514830,110700000020000;5443137,087700000000000;9,203330498000071;49,140882259000080
157884;08171130119200483310;08;1;19;020;2017;11;21;5;3;5;3;1;1;0;0;0;2;1;520015,505899999990000;5406806,239000000100000;9,272636681000051;48,813919230000067
157885;08171130118300614540;08;1;18;046;2017;11;07;5;3;5;2;1;1;0;0;0;1;1;513563,339600000010000;5411332,515399999900000;9,184900332000041;48,854811194000035
157887;08171130118010491990;08;1;18;019;2017;11;14;5;1;7;7;1;0;0;0;0;0;1;505083,349400000010000;5405395,486300000000000;9,069224605000045;48,801529829000060
157889;08171130116010483010;08;1;16;019;2017;11;17;5;2;6;4;0;1;1;0;0;2;1;522927,383500000000000;5399290,141499999900000;9,311880409000025;48,746205082000074
157892;08171130111500503020;08;1;11;000;2017;11;07;5;3;5;3;1;1;0;0;0;2;1;511850,072700000020000;5401457,785899999600000;9,161259446000031;48,766014420000033
157893;08171130111500483070;08;1;11;000;2017;11;07;5;3;6;2;0;1;1;0;0;1;1;514894,480700000010000;5406587,098199999900000;9,202874377000057;48,812091741000074
157894;08171130111330495800;08;1;11;000;2017;11;07;5;3;5;2;1;0;0;0;1;2;1;511592,687500000000000;5409244,512299999600000;9,157976716000064;48,836067835000051
157896;08171129426010492830;08;4;26;021;2017;11;17;4;3;6;4;0;1;1;0;0;2;1;559165,474200000060000;5327804,656499999600000;9,794702088000065;48,100758748000032
157897;08171129426010481900;08;4;25;081;2017;11;16;4;2;6;4;0;1;1;0;0;2;1;548011,699499999990000;5342944,372600000400000;9,646607189000065;48,237899246000040
157898;08171129421300478340;08;4;21;000;2017;11;09;4;3;0;1;1;0;0;0;0;0;1;571405,892699999970000;5361078,172899999700000;9,964705366000032;48,398817055000052
157901;08171129336300482630;08;3;36;081;2017;11;13;4;3;5;3;1;0;0;0;1;0;1;412230,197700000020000;5278003,998700000300000;7,831277595000074;47,649478343000055
157907;08171129311010493760;08;3;11;000;2017;11;05;4;3;5;3;1;0;0;0;1;2;1;414599,868499999980000;5317818,516699999600000;7,854973212000061;48,007953674000078
157909;08171129311010477590;08;3;11;000;2017;11;13;4;3;5;3;1;1;0;0;1;0;1;414754,498000000020000;5315793,824000000000000;7,857448281000075;47,989761403000045
157910;08171129311010476650;08;3;11;000;2017;11;09;4;2;0;7;1;0;0;0;0;0;1;411840,713899999970000;5317183,287399999800000;7,818117641000072;48,001864965000038
157914;08171129222014621850;08;2;22;000;2017;11;16;4;3;1;7;0;0;1;0;1;1;0;461730,588200000000000;5483166,283300000200000;8,471471993000023;49,499921169000061
157916;08171129211010493110;08;2;11;000;2017;11;07;4;3;6;4;0;1;1;0;0;2;1;444237,633099999980000;5400866,027300000200000;8,241281869000034;48,758306255000036
157917;08171129199200502400;08;1;15;003;2017;11;19;4;3;5;3;1;1;0;0;0;2;1;500709,597000000010000;5393392,801699999700000;9,009642552000059;48,693573911000044
157919;08171129135010494680;08;4;25;072;2017;11;11;4;2;6;4;0;0;1;0;1;0;0;582974,339599999950000;5371647,960500000000000;10,123062405000042;48,492473337000035
157923;08171129119113476750;08;1;19;044;2017;11;11;4;3;6;7;0;1;1;0;0;0;0;543498,061699999960000;5427116,042399999700000;9,594649614000048;48,995411459000081
157926;08171129116400501070;08;1;16;033;2017;11;12;4;3;6;7;0;1;1;0;0;0;1;535483,718400000010000;5385031,897699999600000;9,481454564000046;48,617351992000067
157927;08171129116100502980;08;1;16;019;2017;11;09;4;3;5;3;1;1;0;0;0;0;1;523390,244899999990000;5398386,259899999900000;9,318125276000046;48,738056658000062
157928;08171129116010485890;08;1;16;071;2017;11;14;4;3;5;2;1;1;0;0;0;0;1;527906,663999999990000;5391114,184200000000000;9,379059129000041;48,672451980000062
157930;08171129115100501110;08;1;15;003;2017;11;07;4;3;5;7;1;0;0;0;1;0;0;501479,757999999970000;5393040,143699999900000;9,020106831000021;48,690400014000033
157932;08171129115100476100;08;1;15;003;2017;11;06;4;3;5;3;1;1;0;0;0;2;1;498420,081300000020000;5392390,026800000100000;8,978534679000063;48,684551248000048
157935;08171129111500499100;08;1;11;000;2017;11;22;4;3;5;3;1;1;0;0;0;2;0;512821,147300000010000;5408742,458100000400000;9,174701492000054;48,831527284000060
157937;08171129111500490960;08;1;11;000;2017;11;09;4;3;6;2;0;1;1;0;0;0;1;509070,498000000020000;5396985,716000000000000;9,123335755000028;48,725830424000037
157939;08171129111500479340;08;1;11;000;2017;11;10;4;3;6;2;0;1;1;0;0;0;0;508309,894600000000000;5406735,847299999600000;9,113190476000057;48,813552822000077
157941;08171128436500501080;08;4;36;049;2017;11;12;3;2;4;2;0;1;1;0;0;0;1;577715,293799999980000;5282543,855600000400000;10,035670689000028;47,691605589000062
157943;08171128426100473990;08;4;26;021;2017;11;11;3;3;6;2;0;1;1;0;0;0;1;558602,511300000010000;5327439,334400000100000;9,787091025000052;48,097524284000031
157948;08171128416213481930;08;4;16;025;2017;11;17;3;3;6;4;0;1;1;0;0;2;1;504286,599200000000000;5361455,345900000100000;9,057920769000077;48,406240078000053
157949;08171128416010501230;08;4;16;041;2017;11;18;3;3;6;7;0;1;1;0;0;2;1;505204,676400000000000;5373299,630099999700000;9,070473209000056;48,512789769000051
157951;08171128415410486610;08;4;15;061;2017;11;16;3;3;5;3;1;1;0;0;0;1;1;512942,865200000000000;5371566,180900000000000;9,175196981000056;48,497083225000040
157952;08171128327200489310;08;3;27;046;2017;11;16;3;3;6;4;0;1;1;0;0;1;1;479997,117000000030000;5325128,371000000300000;8,731437703000040;48,079114103000052
157957;08171128317000494780;08;3;17;065;2017;11;16;3;2;6;4;0;1;1;0;0;2;1;416262,900100000030000;5354995,627500000400000;7,869940621000069;48,342588191000061
157958;08171128317000486730;08;3;17;096;2017;11;17;3;2;6;4;0;1;1;0;0;2;1;420993,891599999970000;5369346,042700000100000;7,931073045000062;48,472279378000053
157959;08171128317000476610;08;3;17;057;2017;11;07;3;2;6;4;0;1;1;0;1;2;1;414101,399500000000000;5378603,021499999800000;7,835933076000060;48,554637746000026
157961;08171128316100478320;08;3;16;011;2017;11;15;3;3;6;4;0;1;1;0;0;0;1;414742,822400000000000;5330127,387000000100000;7,854435109000065;48,118694628000071
157962;08171128311400479640;08;3;15;074;2017;11;17;3;3;6;4;0;1;1;0;0;2;1;396863,410800000010000;5296107,435700000300000;7,622424992000049;47,810052550000080
157966;08171128235100479070;08;2;35;007;2017;11;17;3;3;6;4;0;1;1;0;0;2;1;484911,299999999990000;5397080,792000000400000;8,794828929000062;48,726569080000047
157967;08171128226600492080;08;2;26;096;2017;11;16;3;3;6;7;0;1;1;0;0;0;1;476459,661499999990000;5488551,357699999600000;8,674565190000067;49,549108501000035
157970;08171128222014476160;08;2;22;000;2017;11;12;3;2;6;4;0;1;1;0;0;0;0;468348,298400000030000;5479488,740899999600000;8,563158605000069;49,467224586000043
157972;08171128212402500890;08;2;12;000;2017;11;13;3;3;5;3;1;1;0;0;0;0;1;456771,577200000000000;5425157,113300000300000;8,409244680000029;48,977809520000051
157973;08171128199200502350;08;1;15;004;2017;11;18;3;2;6;4;0;1;1;0;0;2;1;488127,059899999990000;5374135,275100000200000;8,839212558000043;48,520216832000074
157975;08171128135010495580;08;1;17;038;2017;11;13;3;2;6;7;0;1;1;0;0;0;1;547464,812500000000000;5397796,692099999600000;9,645473770000024;48,731384168000034
157979;08171128119200499410;08;1;19;020;2017;11;17;3;3;6;4;0;1;1;0;0;2;1;519993,010599999980000;5407376,165699999800000;9,272358043000054;48,819046903000071
157980;08171128118500490060;08;1;18;021;2017;11;20;3;3;5;2;0;1;1;0;0;2;1;521269,768999999970000;5427668,485000000300000;9,290808123000033;49,001546931000064
157981;08171128116400610620;08;1;16;070;2017;11;06;3;2;0;1;1;0;0;0;0;2;0;539043,130200000010000;5385660,730800000000000;9,529806957000062;48,622796855000047
157982;08171128116100475360;08;1;16;019;2017;11;18;3;3;6;3;0;1;1;0;0;2;1;522152,938599999990000;5398690,947399999900000;9,301313593000032;48,740842824000026
157983;08171128116010475290;08;1;16;072;2017;11;14;3;3;5;3;1;1;0;0;0;0;1;531041,001500000010000;5392693,985600000200000;9,421750647000067;48,686515725000049
157984;08171128111500501710;08;1;11;000;2017;11;17;3;3;6;4;0;1;1;0;0;2;1;512809,335100000030000;5402958,135800000300000;9,174360054000033;48,779492460000029
157985;08171128111500474050;08;1;11;000;2017;11;08;3;3;6;4;0;1;1;0;0;0;0;513179,725099999980000;5402374,013000000300000;9,179383036000047;48,774230000000045
157987;08171128111230479720;08;1;11;000;2017;11;17;3;3;5;3;1;1;0;0;0;2;1;508344,383900000020000;5396929,243999999900000;9,113461324000070;48,725332545000072
157988;08171127436300499170;08;4;36;081;2017;11;13;2;3;4;2;1;1;0;0;0;0;0;562404,200599999980000;5282109,811300000200000;9,831590656000060;47,689360763000082
157990;08171127415400498050;08;4;15;061;2017;11;08;2;2;0;1;1;0;0;0;0;0;2;516372,172599999990000;5373266,188199999700000;9,221683074000055;48,512297036000064
157991;08171127415300501600;08;4;15;092;2017;11;18;2;2;6;2;0;1;1;0;0;2;0;520542,616900000020000;5363345,602300000400000;9,277663950000033;48,422925420000070
157992;08171127337010497180;08;3;37;126;2017;11;16;2;2;5;7;0;1;1;0;0;0;0;440992,382500000010000;5275264,427199999800000;8,214591505000044;47,628092770000080
157996;08171127335100498750;08;3;35;043;2017;11;09;2;3;5;2;1;1;0;0;0;0;1;513402,523999999980000;5279805,697900000000000;9,178538889000038;47,671503569000038
157997;08171127317500498690;08;3;17;096;2017;11;07;2;3;0;1;1;0;0;0;0;0;0;423442,750500000020000;5368478,978799999700000;7,964358309000033;48,464783074000081
157998;08171127317200484470;08;3;17;057;2017;11;15;2;3;0;7;1;0;0;0;0;0;1;415268,626999999980000;5380063,725999999800000;7,851450137000029;48,567934867000076
157999;08171127317100507080;08;3;17;001;2017;11;07;2;3;5;3;1;1;0;0;0;1;0;432044,634199999970000;5386968,736800000100000;8,077687495000021;48,632089630000053
158001;08171127311010498620;08;3;11;000;2017;11;11;2;3;1;5;1;1;0;0;0;0;0;410425,549300000010000;5315698,003600000400000;7,799459929000022;47,988307776000056
158003;08171127311010471830;08;3;36;050;2017;11;18;2;2;5;2;1;1;0;0;0;2;1;398797,126600000020000;5272632,652999999900000;7,653694935000033;47,599200251000070
158007;08171127235200500910;08;2;35;046;2017;11;06;2;2;6;7;0;1;1;0;0;2;1;479727,188800000000000;5377760,349399999700000;8,725283302000037;48,552613796000060
158008;08171127235010467260;08;2;31;000;2017;11;07;2;2;6;4;0;1;1;0;0;1;1;478693,932600000000000;5416150,245500000200000;8,709298159000070;48,897932444000048
158010;08171127222700497770;08;2;22;000;2017;11;07;2;3;6;4;1;0;1;0;0;0;0;461484,558399999980000;5481060,497299999900000;8,468279495000047;49,480965186000049
158012;08171127221000469070;08;2;21;000;2017;11;18;2;3;1;7;1;1;0;0;0;1;1;476790,503399999990000;5472434,420300000300000;8,680084524000051;49,404153778000079
158014;08171127216100474090;08;2;16;043;2017;11;17;2;2;6;4;0;1;1;0;0;2;1;442216,551600000010000;5412567,961500000200000;8,212137592000033;48,863381583000034
158016;08171127212302500090;08;2;12;000;2017;11;17;2;3;5;3;1;1;0;0;0;2;1;455470,448099999980000;5428415,978900000500000;8,391107470000065;49,007030991000079
158019;08171127136010477390;08;1;36;088;2017;11;16;2;3;0;1;0;1;1;0;0;1;1;580167,051600000010000;5410255,787800000000000;10,092554484000061;48,840096381000080
158020;08171127121100500500;08;1;25;006;2017;11;17;2;2;6;4;0;1;1;0;0;2;1;506934,969999999970000;5454058,771599999600000;9,095271670000045;49,239266030000067
158022;08171127119010504580;08;1;19;008;2017;11;18;2;3;6;4;0;1;1;0;0;2;0;531650,013000000040000;5421800,300499999900000;9,432270451000022;48,948315296000033
158024;08171127117300488710;08;1;17;026;2017;11;15;2;3;6;4;0;1;1;0;0;0;0;548117,045700000020000;5394938,259600000500000;9,654009460000054;48,705621197000028
158025;08171127116010475280;08;1;16;019;2017;11;14;2;2;6;4;0;1;1;0;0;0;1;522394,296299999990000;5398816,826999999600000;9,304603218000068;48,741966594000075
158026;08171127116010471160;08;1;16;016;2017;11;11;2;3;5;7;1;0;0;0;1;0;0;532972,727799999990000;5384321,005199999500000;9,447329255000057;48,611094223000066
158028;08171127111500489970;08;1;11;000;2017;11;12;2;3;6;4;1;0;1;0;0;0;0;512665,603699999980000;5401476,551199999600000;9,172357971000054;48,766167169000028
158030;08171126336210509240;08;3;36;105;2017;11;00;1;3;0;1;1;0;0;0;0;2;0;399199,276499999980000;5267271,232599999800000;7,660274165000033;47,551034833000074
158032;08171126335100494480;08;3;35;043;2017;11;03;1;3;5;3;1;1;0;0;0;2;1;511709,847300000020000;5280489,558100000000000;9,156008686000064;47,677689586000042
158035;08171126222600465350;08;2;22;000;2017;11;19;1;3;5;3;1;1;0;0;0;2;0;462649,651399999970000;5482851,879099999600000;8,484194090000074;49,497150559000033
158036;08171126222014463840;08;2;22;000;2017;11;11;1;2;6;4;0;0;1;0;1;0;0;465445,762400000010000;5480633,327300000000000;8,523000653000054;49,477361419000033
158040;08171126119200484140;08;1;19;020;2017;11;00;1;2;9;1;1;0;0;0;0;2;1;518912,744100000010000;5408837,678200000000000;9,257709502000068;48,832228203000057
158041;08171126115100496680;08;1;15;003;2017;11;04;1;3;6;4;0;1;1;0;0;2;1;500350,807900000010000;5392619,621600000200000;9,004766392000022;48,686618609000050
158046;08171125335300459430;08;3;35;035;2017;11;01;7;2;1;5;1;1;0;0;0;2;1;480917,741099999980000;5290183,442900000100000;8,745345794000059;47,764735095000049
158048;08171125311511500440;08;3;15;052;2017;11;10;7;3;6;1;0;1;1;0;0;0;0;432947,776399999970000;5306438,072599999600000;8,102717048000045;47,907762075000051
158049;08171125311010461700;08;3;11;000;2017;11;18;7;3;5;3;1;1;0;0;0;2;1;414885,497299999990000;5317052,544499999800000;7,858954067000070;48,001101557000027
158050;08171125299200495060;08;2;15;100;2017;11;05;7;2;6;2;0;0;1;0;1;2;1;474769,678000000010000;5452316,047700000000000;8,653502014000026;49,223109396000041
158052;08171125222200478120;08;2;22;000;2017;11;03;7;3;5;3;1;1;0;0;0;2;1;461876,096399999980000;5482275,987999999900000;8,473567374000027;49,491922606000060
158055;08171125121400465230;08;1;25;056;2017;11;18;7;3;6;4;0;1;1;0;0;2;1;510756,673799999990000;5435923,888700000000000;9,147289061000038;49,076081370000054
158058;08171125117300461940;08;1;17;026;2017;11;09;7;3;0;1;1;0;0;0;0;0;1;547962,382100000050000;5393864,783099999700000;9,651782712000056;48,695976650000034
158065;08171124436111466740;08;4;36;010;2017;11;15;6;3;0;3;1;0;0;0;0;0;0;563070,890600000040000;5310060,202399999800000;9,844541812000045;47,940751858000056
158067;08171124426200460070;08;4;26;070;2017;11;15;6;3;6;1;0;1;1;0;0;0;0;565641,831099999950000;5342286,590099999700000;9,883917186000076;48,230401722000067
158068;08171124421300483970;08;4;21;000;2017;11;15;6;3;5;3;1;1;0;0;0;0;0;570598,498000000020000;5357649,242600000500000;9,953222753000034;48,368063607000067
158069;08171124421200459400;08;4;21;000;2017;11;21;6;3;0;1;1;0;0;0;0;2;1;572448,551100000040000;5361905,087600000200000;9,978932464000025;48,406136390000029
158071;08171124317310456710;08;3;17;059;2017;11;07;6;2;6;6;0;1;1;0;0;2;0;412579,702700000020000;5349257,561200000300000;7,821434893000060;48,290476539000053
158073;08171124317100465680;08;3;17;001;2017;11;16;6;3;6;7;0;1;1;0;0;0;0;432504,506899999980000;5387094,042200000000000;8,083907797000052;48,633266565000042
158074;08171124311400460260;08;3;15;074;2017;11;16;6;2;0;3;1;1;0;0;0;1;0;397036,674699999970000;5295966,821600000400000;7,624771951000071;47,808815487000061
158075;08171124311010508200;08;3;11;000;2017;11;11;6;3;3;2;1;0;0;0;1;0;0;412892,689499999980000;5318050,625400000300000;7,832041450000077;48,009811155000079
158076;08171124299200466260;08;2;15;100;2017;11;17;6;3;5;2;1;1;0;0;0;2;1;474615,132300000000000;5452071,049800000200000;8,651395119000028;49,220899229000054
158078;08171124235200491090;08;2;35;046;2017;11;18;6;3;5;3;1;1;0;0;0;2;1;479430,062600000000000;5377299,853600000000000;8,721279749000075;48,548461400000065
158082;08171124222400465430;08;2;26;036;2017;11;17;6;3;0;7;1;0;0;0;0;2;0;468750,661000000020000;5480756,894999999600000;8,568611487000055;49,478651990000060
158083;08171124222200490490;08;2;22;000;2017;11;08;6;3;6;4;0;0;1;0;1;0;0;461073,980300000000000;5481973,316599999600000;8,462521697000057;49,489149311000062
158084;08171124222200478240;08;2;22;000;2017;11;20;6;3;1;5;1;1;0;0;0;2;0;461665,581899999990000;5481713,934799999900000;8,470715130000031;49,486853973000052
158085;08171124222014458160;08;2;22;000;2017;11;15;6;3;5;3;1;1;0;0;0;0;0;461347,173300000020000;5482366,546699999800000;8,466255232000037;49,492703667000058
158086;08171124222014457140;08;2;22;000;2017;11;07;6;2;5;3;1;1;0;0;0;0;0;462207,074000000020000;5478754,543800000100000;8,478473904000055;49,460269690000075
158087;08171124221200506430;08;2;21;000;2017;11;21;6;2;0;7;1;0;0;0;0;2;1;475840,157100000010000;5472561,019899999700000;8,666977650000035;49,405255535000038
158088;08171124216100460120;08;2;16;005;2017;11;16;6;3;5;3;1;1;0;0;0;0;0;445617,336499999980000;5418524,359000000200000;8,257709496000075;48,917267074000051
158089;08171124215502476280;08;2;15;099;2017;11;07;6;3;4;6;1;0;0;0;0;2;0;463031,781000000020000;5445935,540500000100000;8,492893440000046;49,165120991000038
158092;08171124136200472560;08;1;36;019;2017;11;08;6;3;5;3;1;1;0;0;0;0;0;582849,260000000010000;5424088,645300000000000;10,131907962000071;48,964157165000074
158095;08171124119010472680;08;1;19;008;2017;11;21;6;2;6;4;0;1;1;0;0;2;1;531445,090899999950000;5420767,888700000000000;9,429392059000065;48,939038739000068
158096;08171124118400477810;08;1;18;048;2017;11;15;6;3;0;7;1;0;0;0;0;0;0;512783,849600000020000;5415734,778599999800000;9,174411707000047;48,894429498000079
158097;08171124117400501680;08;1;17;018;2017;11;17;6;3;6;2;0;1;1;0;0;1;1;538770,189999999940000;5396019,456600000200000;9,527074361000075;48,715998389000049
158098;08171124116500479520;08;1;16;071;2017;11;06;6;3;5;3;1;1;0;0;0;2;0;527202,537000000010000;5390682,468100000200000;9,369466713000065;48,668599358000051
158101;08171124115100460180;08;1;15;003;2017;11;13;6;3;0;7;1;0;0;0;0;0;0;499918,985800000020000;5390995,582499999600000;8,998899586000050;48,672008652000045
158106;08171123436300458260;08;4;36;081;2017;11;16;5;3;0;1;1;0;0;0;0;1;0;562680,585300000040000;5281770,878200000200000;9,835224635000031;47,686284727000043
158108;08171123416200467810;08;4;16;041;2017;11;09;5;3;0;1;1;0;0;0;0;0;0;504390,155199999980000;5374345,461500000200000;9,059455311000022;48,522204677000047
158109;08171123416010458470;08;4;15;061;2017;11;15;5;3;5;2;1;1;0;0;0;0;0;511668,390100000020000;5370949,070600000200000;9,157928283000047;48,491556433000028
158110;08171123416010456150;08;4;15;061;2017;11;13;5;2;6;3;1;0;1;0;0;0;0;516066,435200000010000;5373954,412800000000000;9,217569858000047;48,518496416000062
158111;08171123416010455870;08;4;15;059;2017;11;16;5;3;3;2;1;1;0;0;0;2;0;516910,072999999970000;5369516,254200000300000;9,228814456000066;48,478547112000058
158112;08171123415100490540;08;4;15;014;2017;11;18;5;3;2;6;1;1;0;0;0;2;0;527249,187000000030000;5374538,305999999900000;9,369040980000023;48,523363425000070
158116;08171123335010472140;08;4;36;064;2017;11;08;5;2;6;2;0;1;1;0;0;0;0;544080,106000000030000;5292140,127600000200000;9,588437948000035;47,781114623000065
158122;08171123311010493850;08;3;11;000;2017;11;14;5;3;6;4;0;1;1;0;0;0;0;403070,001999999980000;5314113,497999999700000;7,701258516000053;47,972982786000046
158125;08171208222301559240;08;2;22;000;2017;12;09;6;3;6;5;0;1;1;0;0;0;0;465675,626999999980000;5483655,915900000400000;8,525911182000073;49,504561254000066
158129;08171208221400560720;08;2;21;000;2017;12;17;6;3;0;1;1;0;0;0;0;2;1;476171,267999999980000;5469975,786999999500000;8,671696664000024;49,382014802000072
158130;08171208221000527540;08;2;21;000;2017;12;13;6;3;5;2;1;1;0;0;0;0;1;477310,320400000030000;5474876,197800000200000;8,687109889000055;49,426136759000030
158131;08171208211100526340;08;2;11;000;2017;12;07;6;3;3;6;1;0;0;0;0;1;1;443718,642500000020000;5401793,395899999900000;8,234094161000030;48,766601403000038
158133;08171208199200558700;08;1;18;050;2017;12;07;6;2;6;2;0;1;1;0;0;2;1;507969,739000000000000;5417235,614400000300000;9,108761628000025;48,908011279000050
158134;08171208136010532540;08;1;36;088;2017;12;06;6;2;4;6;1;0;0;0;0;2;1;578848,021500000030000;5409317,434799999900000;10,074400930000024;48,831825501000026
158137;08171208119200543810;08;1;19;093;2017;12;11;6;3;5;3;1;1;0;0;0;0;1;524906,755899999990000;5404282,288900000000000;9,339107532000071;48,791037537000079
158138;08171208119010553420;08;1;19;020;2017;12;08;6;2;6;4;0;0;1;0;1;0;1;519336,082999999980000;5409798,997100000300000;9,263523311000029;48,840862975000050
158139;08171208116500527150;08;1;16;049;2017;12;15;6;3;0;1;1;0;0;0;0;0;1;525539,447000000040000;5384735,519999999600000;9,346512301000075;48,615170764000027
158142;08171208222800546810;08;2;22;000;2017;12;12;6;3;6;2;0;1;1;0;0;0;1;462614,234899999980000;5486753,050499999900000;8,483335518000047;49,532237249000048
158144;08171208222500556960;08;2;22;000;2017;12;07;6;3;5;2;1;1;0;0;0;1;0;462200,728799999980000;5478752,085400000200000;8,478386581000052;49,460247183000035
158146;08171208111500587980;08;1;11;000;2017;12;12;6;3;6;7;0;1;1;0;0;0;1;508311,555799999970000;5406731,585099999800000;9,113213017000021;48,813514457000053
158148;08171208111500527210;08;1;11;000;2017;12;12;6;3;6;7;0;1;1;0;0;0;1;516665,883299999990000;5406570,639999999700000;9,227001399000073;48,811898698000050
158150;08171208111500524690;08;1;11;000;2017;12;07;6;2;6;4;0;1;1;0;0;1;1;514190,356000000030000;5404678,629999999900000;9,193217750000031;48,794939882000051
158152;08171207437200555320;08;4;37;104;2017;12;20;5;3;6;4;0;1;1;0;0;2;0;515863,345199999980000;5326224,798700000200000;9,213025297000058;48,089095107000048
158154;08171207426010524380;08;4;21;000;2017;12;07;5;3;6;4;0;1;1;0;0;0;0;574479,901399999970000;5361762,764700000200000;10,006350679000036;48,404619395000054
158157;08171207335300525470;08;3;35;075;2017;12;17;5;2;6;4;0;1;1;0;0;2;0;488383,955800000000000;5290000,824400000300000;8,844987385000025;47,763269796000031
158158;08171207335010542530;08;3;35;063;2017;12;12;5;1;6;3;0;0;1;0;1;0;0;498223,210000000020000;5292701,888000000300000;8,976278177000040;47,787674951000042
158159;08171207335010523870;08;3;35;043;2017;12;08;5;3;6;7;0;1;1;0;0;0;0;512361,404600000010000;5279151,358000000000000;9,164651381000056;47,665636776000042
158161;08171207311010537930;08;3;36;050;2017;12;13;5;2;6;7;1;0;1;0;0;0;0;399537,491700000010000;5273790,730299999900000;7,663275851000037;47,609732729000029
158162;08171207311010528050;08;3;11;000;2017;12;11;5;3;5;3;1;1;0;0;0;0;0;413333,011899999980000;5317069,966000000000000;7,838142305000076;48,001049672000079
158163;08171207311010523890;08;3;11;000;2017;12;15;5;3;5;3;1;1;0;0;0;0;0;414652,342500000030000;5317309,750400000300000;7,855777865000050;48,003384136000079
158165;08171207226400541690;08;2;26;084;2017;12;08;5;3;5;3;1;1;0;0;0;0;0;469989,312400000000000;5470591,892099999800000;8,586479586000053;49,387283304000050
158166;08171207222711560340;08;2;22;000;2017;12;18;5;3;0;7;0;0;1;0;1;2;0;462099,515300000030000;5480991,218200000000000;8,476775475000068;49,480380767000042
158167;08171207222412540190;08;2;26;028;2017;12;08;5;3;6;4;0;1;1;0;0;0;0;471389,427600000000000;5484448,146599999600000;8,604770716000076;49,511983532000045
158168;08171207222014559130;08;2;26;032;2017;12;00;5;2;6;4;0;1;1;0;0;2;1;466435,275700000000000;5462686,111200000200000;8,538175915000068;49,315987078000035
158169;08171207216100624370;08;2;16;043;2017;12;16;5;3;5;3;1;1;0;0;0;0;0;442010,254000000020000;5412161,946499999600000;8,209382586000061;48,859710234000033
158172;08171207212402556540;08;2;12;000;2017;12;16;5;3;5;3;1;1;0;0;0;0;0;455821,710000000020000;5425859,993999999900000;8,396188262000067;48,984064837000062
158174;08171207136100526700;08;1;36;088;2017;12;14;5;3;5;3;1;1;0;0;0;0;0;580184,467399999960000;5411541,520300000000000;10,093043467000030;48,851658292000081
158175;08171207128100610100;08;1;28;007;2017;12;10;5;3;5;2;1;1;0;0;0;0;0;555711,116099999980000;5482276,676900000300000;9,769265740000037;49,490568854000060
158176;08171207128100562160;08;1;28;007;2017;12;12;5;3;6;4;0;1;1;0;0;0;0;555772,637299999940000;5482449,407300000100000;9,770139525000047;49,492116745000033