OBJECTID;UIDENTSTLA;ULAND;UREGBEZ;UKREIS;UGEMEINDE;UJAHR;UMONAT;USTUNDE;UWOCHENTAG;UKATEGORIE;UART;UTYP1;IstRad;IstPKW;IstFuss;IstKrad;IstSonstig;LICHT;STRZUSTAND;LINREFX;LINREFY;XGCSWGS84;YGCSWGS84
158177;08171207128100521000;08;1;28;007;2017;12;07;5;3;6;4;0;1;1;0;0;2;0;555649,414200000000000;5482985,866000000400000;9,768513699000039;49,496952987000043
158180;08171207119500612240;08;1;19;085;2017;12;17;5;3;6;2;0;0;1;0;1;2;0;529038,568699999950000;5413875,955199999700000;9,396040876000029;48,877159689000052
158181;08171207119300563050;08;1;19;067;2017;12;15;5;3;5;2;1;1;0;0;0;0;0;538258,781199999970000;5405495,937699999700000;9,521003020000023;48,801276835000067
158182;08171207118400559120;08;1;18;048;2017;12;18;5;3;0;3;1;1;0;0;0;2;0;514513,155199999980000;5415609,901800000100000;9,198000271000069;48,893268045000070
158183;08171207118300528710;08;1;18;046;2017;12;19;5;3;0;4;0;1;1;0;0;2;0;512993,356000000030000;5411771,866000000400000;9,177144095000074;48,858775702000059
158188;08171207111230528660;08;1;11;000;2017;12;07;5;2;6;6;1;0;1;0;0;2;1;506306,591000000010000;5397351,650999999600000;9,085759285000052;48,729156485000033
158190;08171206435200538850;08;4;35;059;2017;12;17;4;3;6;4;0;1;1;0;0;2;0;511932,440200000010000;5290522,788099999500000;9,159249142000022;47,767960396000035
158191;08171206426010532550;08;4;21;000;2017;12;14;4;2;6;4;0;1;1;0;0;0;0;572153,490499999960000;5360757,111200000200000;9,974748845000022;48,395843900000045
158195;08171206336400523110;08;3;36;091;2017;12;14;4;3;6;4;0;1;1;0;0;0;0;395498,112000000020000;5272026,451000000400000;7,609965598000031;47,593223955000042
158196;08171206336200531540;08;3;36;105;2017;12;22;4;3;5;3;1;1;0;0;0;2;0;401482,164999999980000;5266910,676000000000000;7,690688195000064;47,548141797000028
158198;08171206311010534710;08;3;11;000;2017;12;07;4;3;3;2;1;1;0;0;0;1;0;413041,577999999980000;5316506,137699999800000;7,834350445000041;47,995938275000071
158199;08171206311010532700;08;3;36;050;2017;12;17;4;2;0;7;1;0;0;0;0;2;0;401756,906200000030000;5277412,106999999800000;7,691986116000066;47,642648840000049
158201;08171206311010522120;08;3;11;000;2017;12;14;4;3;6;2;0;1;1;0;0;0;0;414010,098100000000000;5316959,265100000400000;7,847239600000023;48,000145316000044
158202;08171206311010518870;08;3;11;000;2017;12;07;4;3;3;2;1;1;0;0;0;0;0;412897,801700000010000;5316216,003899999900000;7,832482468000023;47,993308856000056
158203;08171206299200592230;08;2;12;000;2017;12;18;4;2;6;2;0;1;1;0;0;2;0;452557,912799999990000;5431606,988699999600000;8,350911181000072;49,035517117000040
158204;08171206299200544220;08;2;12;000;2017;12;17;4;2;6;4;0;1;1;0;0;2;0;459206,842899999990000;5426790,171099999900000;8,442359191000037;48,992664831000070
158206;08171206215502540740;08;2;15;106;2017;12;07;4;3;6;4;0;1;1;0;0;1;0;464764,139299999980000;5455222,474299999900000;8,515840952000076;49,248758599000041
158207;08171206215302536280;08;2;15;007;2017;12;17;4;2;6;4;0;1;1;0;0;2;0;478827,046199999980000;5431705,522900000200000;8,710304867000048;49,037865315000033
158208;08171206126010524290;08;1;21;000;2017;12;15;4;2;5;2;1;1;0;0;0;0;0;516501,544799999970000;5442064,047399999600000;9,226202846000035;49,131187276000048
158214;08171206115300522660;08;1;15;028;2017;12;15;4;3;6;7;0;1;1;0;0;0;0;500909,804799999980000;5404526,697300000100000;9,012387722000028;48,793734381000036
158215;08171206115100556000;08;1;15;003;2017;12;12;4;2;6;4;0;1;1;0;0;0;0;500812,162200000020000;5391798,696300000000000;9,011033154000074;48,679233042000078
158218;08171205426300555240;08;4;26;014;2017;12;17;3;3;5;3;1;1;0;0;0;2;0;549543,330100000020000;5316153,339300000100000;9,664119673000073;47,996758689000046
158226;08171205335010517300;08;4;35;029;2017;12;07;3;2;0;7;1;0;0;0;0;0;1;543777,121000000040000;5270766,395999999700000;9,582249515000058;47,588831196000058
158227;08171205327100549800;08;3;27;050;2017;12;14;3;3;6;2;0;1;1;0;0;0;1;486318,512500000010000;5314620,792100000200000;8,816645011000048;47,984743477000052
158229;08171205317500529320;08;3;17;096;2017;12;07;3;3;5;3;1;1;0;0;0;1;0;422567,108300000020000;5373896,335900000300000;7,951510785000039;48,513404531000049
158230;08171205317100556220;08;3;17;001;2017;12;17;3;3;3;2;1;1;0;0;0;2;0;431781,671900000020000;5387057,297399999600000;8,074104393000027;48,632857601000069
158231;08171205317000537770;08;3;17;057;2017;12;07;3;2;5;3;1;0;0;0;1;1;0;412766,898300000000000;5380070,071399999800000;7,817544817000055;48,567648718000044
158232;08171205316100533900;08;3;16;011;2017;12;17;3;3;5;3;1;1;0;0;0;2;0;414734,013500000000000;5330121,767099999800000;7,854317896000055;48,118642896000040
158234;08171205311400532480;08;3;15;074;2017;12;13;3;3;4;1;1;1;0;0;0;0;1;396034,779199999990000;5296005,363300000300000;7,611384948000023;47,809001090000038
158235;08171205311200531510;08;3;11;000;2017;12;17;3;3;5;2;1;1;0;0;0;2;0;414768,896100000010000;5319054,110999999600000;7,856993394000028;48,019090871000060
158236;08171205311010606540;08;3;11;000;2017;12;08;3;3;0;2;1;1;0;0;0;0;0;412803,042100000020000;5314672,601499999900000;7,831526026000063;47,979412519000050
158237;08171205311010570620;08;3;11;000;2017;12;17;3;3;0;7;1;1;0;0;0;2;0;413416,949399999980000;5315511,893699999900000;7,839581657000053;47,987045643000044
158238;08171205311010518670;08;3;36;050;2017;12;18;3;2;4;3;1;1;0;0;0;2;0;399542,748299999980000;5274635,501699999900000;7,663152082000067;47,617332553000040
158240;08171205235010541130;08;2;31;000;2017;12;12;3;3;6;4;0;1;1;0;0;0;0;480039,464600000010000;5414278,831000000200000;8,727747905000058;48,881142598000054
158241;08171205222800531590;08;2;22;000;2017;12;13;3;3;3;2;1;1;0;0;0;0;0;463097,133800000010000;5486300,509800000100000;8,490051158000028;49,528196509000054
158242;08171205222700550700;08;2;22;000;2017;12;17;3;3;5;2;1;1;0;0;0;2;1;462045,190000000000000;5481080,365000000200000;8,476016980000054;49,481179202000078
158244;08171205221300531850;08;2;21;000;2017;12;19;3;3;4;2;1;1;0;0;0;2;1;476680,249100000020000;5475845,857699999600000;8,678364345000034;49,434834822000028
158245;08171205215102552550;08;2;12;000;2017;12;14;3;3;0;7;1;0;0;0;1;0;0;458615,321000000000000;5431334,776999999800000;8,433810116000075;49,033504910000033
158249;08171205126010533100;08;1;21;000;2017;12;07;3;2;5;3;1;1;0;0;0;2;0;515438,399700000010000;5444270,357800000300000;9,211713905000067;49,151061406000053
158250;08171205121200535100;08;1;21;000;2017;12;16;3;3;6;7;0;0;1;0;1;2;0;516213,402300000020000;5443281,851700000500000;9,222302009000032;49,142149504000031
158252;08171205118100552170;08;1;18;079;2017;12;20;3;3;5;7;1;0;0;0;0;2;0;510823,110099999990000;5421954,509999999800000;9,147826224000028;48,950417741000081
158253;08171205118010544070;08;1;15;050;2017;12;17;3;3;6;2;0;1;1;0;0;2;0;489096,350299999990000;5401751,379200000300000;8,851611941000044;48,768672872000081
158254;08171205116010524810;08;1;16;078;2017;12;17;3;3;6;7;0;1;1;0;0;2;0;512326,083900000030000;5393457,433899999600000;9,167497908000030;48,694033997000076
158257;08171205111240527740;08;1;11;000;2017;12;20;3;3;6;2;0;1;1;0;0;2;0;515243,934100000010000;5403683,079199999600000;9,207526376000033;48,785959081000044
158259;08171204435100542040;08;4;35;016;2017;12;05;2;3;0;3;1;1;0;0;0;2;1;536901,737800000000000;5278862,890100000400000;9,491490951000060;47,662106671000060
158264;08171204415200515220;08;4;15;053;2017;12;09;2;3;6;4;0;1;1;0;0;0;1;536225,584700000010000;5362581,807300000500000;9,489570238000056;48,415347445000066
158265;08171204336200518370;08;3;36;091;2017;12;08;2;3;5;3;1;1;0;0;0;0;1;396696,822999999970000;5272048,076999999600000;7,625900433000027;47,593610571000056
158267;08171204335100518690;08;3;35;043;2017;12;08;2;3;6;2;0;1;1;0;0;1;0;512768,865400000010000;5279984,646300000100000;9,170103011000037;47,673126511000078
158270;08171204316200552590;08;3;16;009;2017;12;14;2;3;5;7;1;1;0;0;0;0;0;417778,227000000010000;5324623,952200000200000;7,896272669000041;48,069588491000047
158274;08171204311010524960;08;3;11;000;2017;12;08;2;3;5;3;1;1;0;0;0;0;1;412290,770100000020000;5314840,769700000100000;7,824628527000073;47,980855217000055
158275;08171204299200523830;08;2;12;000;2017;12;07;2;3;5;2;1;1;0;0;0;0;1;455089,523099999990000;5429276,513199999900000;8,385803842000030;49,014743964000047
158277;08171204226300543940;08;2;26;006;2017;12;06;2;3;6;7;0;0;1;0;1;2;1;483931,462000000000000;5466715,321000000500000;8,778744314000051;49,352941163000025
158281;08171204222014516290;08;2;22;000;2017;12;16;2;3;5;3;1;0;0;0;1;2;1;464293,323800000010000;5484213,606200000300000;8,506769091000024;49,509497583000041
158282;08171204221010516820;08;2;21;000;2017;12;12;2;3;6;6;0;1;1;0;0;0;0;478053,222300000020000;5473182,776600000400000;8,697447987000032;49,410931978000065
158284;08171204212102534880;08;2;12;000;2017;12;16;2;3;4;2;1;1;0;0;0;0;1;459509,661199999970000;5427195,601200000400000;8,446458096000072;48,996331690000034
158285;08171204136010515230;08;1;36;050;2017;12;16;2;2;6;2;0;1;1;0;0;1;1;580833,506799999970000;5403593,706100000100000;10,100323459000037;48,780089519000057
158286;08171204121400524660;08;1;25;038;2017;12;06;2;3;6;6;0;0;1;1;0;2;1;500172,571300000010000;5434501,496799999800000;9,002362383000047;49,063380182000060
158290;08171204117010519510;08;1;17;018;2017;12;17;2;2;6;4;0;1;1;0;0;2;1;538517,921699999950000;5395801,667700000100000;9,523624633000054;48,714054864000047
158291;08171204115100545090;08;1;15;003;2017;12;07;2;2;2;2;1;1;0;0;0;2;1;500945,593799999970000;5391638,468600000300000;9,012845445000039;48,677791426000056
158297;08171203311200528470;08;3;11;000;2017;12;19;1;2;6;2;0;0;1;0;1;2;1;412982,850900000020000;5316368,873599999600000;7,833591228000046;47,994695549000028
158300;08171203222301515380;08;2;22;000;2017;12;12;1;3;5;3;1;1;0;0;0;0;1;466085,184000000010000;5482078,618999999900000;8,531703182000058;49,490397241000039
158307;08171202417100513630;08;4;17;079;2017;12;15;7;2;0;1;1;0;0;0;0;0;2;501915,845099999980000;5339731,797000000300000;9,025788356000021;48,210811469000078
158308;08171202416010511810;08;4;15;061;2017;12;17;7;2;6;4;0;1;1;0;0;2;0;515233,647500000020000;5372105,555200000300000;9,206224916000053;48,501884250000046
158313;08171202226700536450;08;2;26;095;2017;12;10;7;2;6;3;0;1;1;0;0;0;1;473791,626400000010000;5461090,263899999700000;8,639495841000041;49,301992640000037
158317;08171202221000565340;08;2;21;000;2017;12;15;7;3;6;7;1;0;1;0;0;0;0;478189,311899999970000;5472998,384200000200000;8,699334182000030;49,409278289000042
158318;08171202221000511690;08;2;26;041;2017;12;12;7;3;6;7;0;0;1;0;1;0;0;475905,843799999970000;5466262,745900000400000;8,668264585000031;49,348605950000035
158322;08171202111500517020;08;1;11;000;2017;12;03;7;3;6;4;0;1;1;0;0;2;2;516149,995899999980000;5405485,788499999800000;9,219932012000072;48,802153156000031
158324;08171201435200539520;08;4;35;059;2017;12;12;6;3;5;3;1;1;0;0;0;0;0;512613,941500000020000;5290499,761699999700000;9,168343682000057;47,767740236000066
158325;08171201435117514320;08;4;35;016;2017;12;16;6;3;6;7;0;1;1;0;0;1;0;536623,637600000020000;5282227,169900000100000;9,488069309000025;47,692392144000053
158327;08171201335400511280;08;3;35;079;2017;12;15;6;3;6;7;0;1;1;0;0;0;0;500757,259499999990000;5299751,181099999700000;9,010122450000040;47,851102771000058
158328;08171201335010515010;08;4;36;082;2017;12;08;6;2;6;4;1;0;1;0;0;0;0;547315,662999999940000;5295524,707999999600000;9,631996870000023;47,811336015000052
158331;08171201317500527680;08;3;17;096;2017;12;07;6;3;5;3;1;1;0;0;0;1;1;421732,951300000020000;5368327,508600000300000;7,941261105000024;48,463210176000075
158333;08171201317200512900;08;3;17;057;2017;12;12;6;3;6;4;0;1;1;0;0;0;1;412850,255799999980000;5380464,349800000000000;7,818591871000024;48,571206604000054
158335;08171201311316510520;08;3;11;000;2017;12;20;6;3;6;7;0;0;1;0;1;2;0;417513,922299999980000;5315489,963399999800000;7,894484181000053;47,987389902000075
158338;08171201311010518380;08;3;11;000;2017;12;06;6;3;0;1;1;0;0;0;0;2;1;411968,570000000010000;5315909,099999999600000;7,820092714000055;47,990420910000068
158339;08171201311010511160;08;3;11;000;2017;12;17;6;3;6;4;0;1;1;0;0;2;0;412289,451500000020000;5314847,156399999700000;7,824609557000031;47,980912486000079
158340;08171201311010510570;08;3;11;000;2017;12;08;6;2;0;7;1;0;0;0;0;0;2;414910,500699999980000;5318794,082899999800000;7,858943637000039;48,016770698000073
158341;08171201311010510010;08;3;11;000;2017;12;08;6;3;0;1;1;0;0;0;0;0;1;414842,138199999990000;5316643,514499999600000;7,858454097000049;47,997416393000037
158345;08171201226400510460;08;2;26;084;2017;12;00;6;3;6;6;1;0;1;0;0;2;1;469093,379299999970000;5470411,620000000100000;8,574148798000067;49,385616987000049
158346;08171201222800535460;08;2;22;000;2017;12;17;6;3;3;2;1;1;0;0;0;2;0;460564,630200000010000;5487646,082700000100000;8,454922343000021;49,540139573000033
158349;08171201222014517070;08;2;22;000;2017;12;19;6;2;6;4;0;1;1;0;0;2;1;462728,726499999990000;5481960,272500000000000;8,485370153000076;49,489135884000063
158351;08171201222014510410;08;2;26;084;2017;12;12;6;2;6;7;0;0;1;0;1;0;1;468480,826400000020000;5469580,055200000300000;8,565774817000033;49,378105866000055
158352;08171201221010523630;08;2;21;000;2017;12;07;6;3;3;6;1;0;0;0;0;1;0;476551,631500000020000;5473065,995699999900000;8,676754718000041;49,409825538000064
158353;08171201215102512460;08;2;12;000;2017;12;17;6;3;5;3;1;1;0;0;0;2;1;460238,691799999970000;5430753,585699999700000;8,456075615000032;49,028383826000038
158359;08171201119210516730;08;1;19;020;2017;12;14;6;3;6;4;0;0;1;0;1;0;0;519359,140200000020000;5409063,002500000400000;9,263802776000034;48,834241414000076
158360;08171201118400520110;08;1;18;048;2017;12;19;6;3;0;3;1;1;0;0;0;2;0;513748,695799999990000;5415301,390300000100000;9,187560573000042;48,890510191000033
158362;08171201116400522710;08;1;16;033;2017;12;13;6;3;0;3;1;1;0;0;0;0;0;533431,861999999960000;5387522,286999999500000;9,453816097000072;48,639868342000057
158368;08171201111500520950;08;1;11;000;2017;12;14;6;2;6;4;0;1;1;0;0;0;1;516049,614699999980000;5406001,943000000000000;9,218585201000053;48,806799009000031
158370;08171201111500510640;08;1;11;000;2017;12;09;6;3;6;4;0;1;1;0;0;0;1;516013,780299999980000;5405467,027400000000000;9,218076299000074;48,801987908000058
158372;08171130435100486880;08;4;35;016;2017;11;16;5;3;4;6;1;0;0;0;0;0;0;537069,813899999950000;5280354,181499999900000;9,493856018000031;47,675514767000038
158373;08171130421300485260;08;4;21;000;2017;11;17;5;3;6;4;0;1;1;0;0;2;1;571358,629199999970000;5360376,215499999900000;9,963947624000070;48,392508096000029
158375;08171130415400496450;08;4;15;061;2017;11;07;5;3;5;2;1;1;0;0;0;2;1;516317,768600000010000;5372393,295800000400000;9,220912302000045;48,504445632000056
158377;08171130335300485010;08;3;35;075;2017;11;14;5;3;5;3;1;1;0;0;0;0;0;488090,223500000020000;5289759,869300000400000;8,841074234000075;47,761096435000070
158378;08171130335100500540;08;3;35;043;2017;11;00;5;3;0;1;1;0;0;0;0;2;1;511118,573700000010000;5281406,929100000300000;9,148154625000075;47,685954216000027
158379;08171130335010481570;08;3;35;043;2017;11;08;5;2;6;4;0;1;1;0;0;1;0;511156,412000000010000;5280324,225200000200000;9,148631145000024;47,676211764000072
158384;08171130317000505960;08;3;17;096;2017;11;07;5;2;5;3;1;1;0;0;0;1;1;421442,541800000010000;5367822,767300000400000;7,937428133000026;48,458633869000039
158386;08171130316100487480;08;3;16;053;2017;11;16;5;3;6;4;0;1;1;0;0;1;1;404445,413600000030000;5343730,714599999600000;7,713048029000049;48,239589387000080
158388;08171130311010505590;08;3;11;000;2017;11;04;5;3;5;3;1;1;0;0;0;2;1;414134,996999999970000;5319686,157200000200000;7,848367509000070;48,024691450000034
158389;08171218436400595170;08;4;36;082;2017;12;05;2;2;6;4;0;1;1;0;0;2;0;547185,130299999960000;5295679,203900000100000;9,630270269000050;47,812735590000045
158395;08171219221400600680;08;2;21;000;2017;12;20;3;2;0;1;1;0;0;0;0;2;1;478195,868900000000000;5472999,928299999800000;8,699424486000055;49,409292413000060
158397;08171218335100580920;08;3;35;043;2017;12;08;2;3;0;1;1;0;0;0;0;0;2;513149,105199999990000;5278927,944000000100000;9,175136618000067;47,663611034000041
158400;08171219221300583210;08;2;21;000;2017;12;07;3;3;1;5;1;1;0;0;0;2;0;477260,282400000030000;5474302,839999999900000;8,686452740000050;49,420977640000046
158403;08171219212702592510;08;2;15;017;2017;12;14;3;3;6;6;0;1;1;0;0;0;0;454850,041199999980000;5422295,272099999700000;8,383304239000040;48,951929382000060
158404;08171219212402573090;08;2;12;000;2017;12;00;3;3;1;6;1;1;0;0;0;2;0;455451,856900000010000;5427864,660100000000000;8,390913757000021;49,002070481000032
158405;08171219136010579380;08;1;36;088;2017;12;16;3;2;6;2;0;1;1;0;0;2;0;579615,260000000010000;5409519,690999999600000;10,084892827000033;48,833546750000039
158406;08171219135100569750;08;1;35;016;2017;12;16;3;3;3;2;1;1;0;0;0;2;0;591505,723699999970000;5386354,772599999800000;10,241741949000073;48,623564934000058
158409;08171219117100584450;08;1;17;019;2017;12;11;3;3;6;4;0;1;1;0;0;0;0;551947,477399999970000;5393845,433899999600000;9,705931433000046;48,695483512000067
158411;08171219111500567330;08;1;11;000;2017;12;09;3;3;6;2;0;1;1;0;0;0;0;514659,094999999970000;5402934,523000000000000;9,199537906000046;48,779239202000042
158413;08171218311010597610;08;3;11;000;2017;12;13;2;3;5;2;1;1;0;0;0;0;1;413331,410800000010000;5317070,983199999700000;7,838120639000067;48,001058605000026
158415;08171218299200567480;08;2;15;017;2017;12;13;2;2;6;2;0;1;1;0;0;0;1;455923,301900000020000;5421555,196899999900000;8,398042958000076;48,945349695000061
158418;08171218216300562140;08;2;16;015;2017;12;07;2;3;5;2;1;1;0;0;0;2;1;449686,039400000010000;5405932,791199999900000;8,314788407000037;48,804347585000073
158419;08171218216100562020;08;2;16;043;2017;12;07;2;3;1;5;1;1;0;0;0;2;1;441141,578900000020000;5413119,957399999700000;8,197402704000069;48,868245678000051
158420;08171218215502580550;08;2;15;106;2017;12;00;2;3;0;7;1;0;0;0;0;2;1;467199,817500000000000;5454705,742800000100000;8,549349613000061;49,244246028000077
158421;08171218215202562280;08;2;15;100;2017;12;20;2;2;6;2;0;1;1;0;0;2;1;474280,515699999990000;5449887,813500000200000;8,646939871000029;49,201246808000064
158424;08171218212010565550;08;2;12;000;2017;12;16;2;3;6;4;0;1;1;0;0;2;1;453461,663400000020000;5428931,192300000200000;8,363582225000073;49,011517147000063
158425;08171218128200612520;08;1;28;115;2017;12;05;2;3;5;2;1;1;0;0;0;2;1;548450,209000000030000;5497311,324000000000000;9,670863949000022;49,626415605000034
158428;08171218118400563310;08;1;18;048;2017;12;10;2;3;6;4;0;1;1;0;0;0;1;513817,268999999970000;5415587,941700000300000;9,188505738000060;48,893086407000055
158432;08171218116010561990;08;1;16;078;2017;12;16;2;3;6;4;0;1;1;0;0;2;1;512297,711899999990000;5393793,765100000400000;9,167122380000023;48,697060211000064
158434;08171218111500563280;08;1;11;000;2017;12;07;2;2;6;4;0;1;1;0;0;2;1;517512,639700000000000;5404256,551300000400000;9,238436037000042;48,791058215000078
158435;08171218111310559880;08;1;11;000;2017;12;07;2;3;6;2;0;1;1;0;0;0;2;516018,097899999990000;5405470,844399999800000;9,218135245000042;48,802022134000026
158439;08171217311010595430;08;3;11;000;2017;12;23;1;1;6;4;0;0;1;0;1;2;0;410391,911599999990000;5316979,887699999800000;7,798741554000060;47,999833889000058
158441;08171217235010595050;08;2;31;000;2017;12;14;1;3;1;7;0;1;1;0;1;0;1;476358,110999999980000;5415710,435999999800000;8,677453963000062;48,893891338000060
158447;08171217111130566230;08;1;11;000;2017;12;11;1;2;6;4;1;0;1;0;0;0;1;511576,594400000000000;5403313,362900000100000;9,157590121000055;48,782712220000064
158450;08171216415100592150;08;4;15;050;2017;12;13;7;3;6;1;1;0;1;0;0;0;1;520063,668999999990000;5376281,900600000300000;9,271811414000069;48,539320061000069
158452;08171216311300577070;08;3;11;000;2017;12;23;7;3;5;3;1;1;0;0;0;2;0;410770,233899999990000;5316353,015499999700000;7,803942431000053;47,994247949000055
158454;08171216311100555170;08;3;15;015;2017;12;22;7;3;6;4;0;1;1;0;0;2;1;394481,050300000000000;5320330,248100000400000;7,584683169000073;48,027540314000078
158455;08171216311010592290;08;3;11;000;2017;12;10;7;3;6;4;0;1;1;0;0;0;1;412459,648600000010000;5315065,105299999900000;7,826845411000022;47,982896322000045
158456;08171216311010591770;08;3;11;000;2017;12;17;7;3;5;2;1;1;0;0;0;2;1;415577,905299999980000;5315495,423299999900000;7,868540909000046;47,987186386000076
158457;08171216311010565590;08;3;11;000;2017;12;02;7;2;4;6;1;0;1;0;0;2;0;414590,026200000020000;5318249,951700000100000;7,854755344000068;48,011833277000051
158459;08171216299200594130;08;2;15;109;2017;12;23;7;2;6;4;0;1;1;0;0;2;1;461252,666299999980000;5434359,389399999800000;8,469601046000037;49,060883155000056
158462;08171216199200570370;08;1;15;003;2017;12;08;7;2;0;7;1;0;0;0;0;0;2;500708,043999999990000;5392497,310399999800000;9,009619914000041;48,685517981000032
158463;08171216135010597040;08;4;26;021;2017;12;23;7;3;3;7;1;1;0;0;0;2;1;558586,997600000000000;5327362,766800000300000;9,786872169000048;48,096836895000081
158464;08171216128100554530;08;1;28;007;2017;12;20;7;3;6;4;0;1;1;0;0;2;1;555232,723299999950000;5483116,369300000400000;9,762778015000038;49,498164821000046
158465;08171216121200619590;08;1;21;000;2017;12;02;7;3;2;6;1;1;0;0;0;2;0;514725,046500000000000;5440539,743999999900000;9,201795165000021;49,117520750000040
158468;08171216118100621600;08;1;18;079;2017;12;14;7;3;2;2;1;1;0;0;0;0;0;511006,400000000020000;5420710,137000000100000;9,150296040000058;48,939220534000071
158473;08171215435200551470;08;4;35;059;2017;12;08;6;3;0;1;1;0;0;0;0;0;2;512790,877099999980000;5290107,790400000300000;9,170693487000051;47,764209980000032
158478;08171215416010560010;08;4;16;026;2017;12;16;6;2;5;3;1;1;0;0;0;1;0;505152,760000000010000;5364245,769999999600000;9,069658663000041;48,431337704000043
158480;08171215335300588780;08;3;35;075;2017;12;23;6;3;0;1;1;0;0;0;0;2;2;487369,047700000000000;5288866,657399999900000;8,831476756000029;47,753046005000044
158483;08171215335100551410;08;3;35;043;2017;12;10;6;3;0;1;1;0;0;0;0;0;1;515517,858499999970000;5280037,924100000400000;9,206725945000073;47,673545751000063
158484;08171215327100569650;08;3;27;050;2017;12;20;6;2;5;3;1;1;0;0;0;2;1;487336,118299999970000;5313414,481200000300000;8,830318147000071;47,973911039000029
158486;08171215317000575990;08;3;17;096;2017;12;07;6;2;6;3;0;1;1;0;0;1;1;420157,145699999990000;5372019,060700000300000;7,919243471000073;48,496217016000060
158487;08171215311010551290;08;3;11;000;2017;12;07;6;3;5;3;1;1;0;0;0;1;0;414073,864000000000000;5317974,828999999900000;7,847890808000045;48,009289252000031
158488;08171215311010549310;08;3;11;000;2017;12;09;6;3;5;2;1;1;0;0;0;0;0;414115,434599999980000;5316092,491200000000000;7,848824894000074;47,992362521000075
158490;08171215235010596660;08;2;31;000;2017;12;00;6;2;5;3;1;1;0;0;0;2;1;478263,780499999990000;5415149,717600000100000;8,703482440000073;48,888917089000074
158493;08171215221300577340;08;2;21;000;2017;12;17;6;3;3;6;1;0;0;0;0;2;1;476515,022300000010000;5474199,996100000100000;8,676182957000037;49,420024259000058
158494;08171215221200588460;08;2;21;000;2017;12;04;6;3;6;2;0;1;1;0;0;2;1;476488,852100000020000;5472651,786500000400000;8,675913818000026;49,406097373000080
158495;08171215216300552840;08;2;16;015;2017;12;13;6;3;2;6;1;1;0;0;0;0;1;450181,225400000000000;5405849,167899999800000;8,321541856000067;48,803635258000043
158498;08171215127202590980;08;1;27;014;2017;12;17;6;3;6;6;0;1;1;0;0;2;1;578663,602700000050000;5443542,721699999600000;10,078511870000057;49,139672937000057
158499;08171215119400591010;08;1;19;079;2017;12;18;6;3;6;4;0;1;1;0;0;2;0;522797,609300000010000;5408763,092699999900000;9,310640698000043;48,831426768000028
158501;08171215115400570990;08;1;15;045;2017;12;17;6;3;6;7;0;1;1;0;0;2;0;502396,331000000010000;5394535,911999999500000;9,032569828000021;48,703853234000064
158503;08171215111500553110;08;1;11;000;2017;12;12;6;1;6;7;0;1;1;0;0;0;1;511258,416199999980000;5404090,555900000000000;9,153280125000038;48,789709626000047
158505;08171215111240566350;08;1;11;000;2017;12;09;6;3;6;4;0;1;1;0;0;0;0;515226,438700000000000;5402907,708399999900000;9,207259478000026;48,778984352000066
158508;08171214436500561120;08;4;36;082;2017;12;20;5;3;6;2;0;1;1;0;0;2;1;547866,425399999950000;5294986,906000000400000;9,639293568000028;47,806456714000035
158511;08171214421300547070;08;4;21;000;2017;12;09;5;3;0;1;1;0;0;0;0;0;2;566952,072599999960000;5356161,600499999700000;9,903758393000032;48,355078908000053
158514;08171214337218601520;08;3;37;065;2017;12;17;5;3;5;7;1;1;0;0;0;2;1;449344,304699999980000;5274433,931499999900000;8,325845502000050;47,621327851000046
158515;08171214335200578180;08;3;35;063;2017;12;07;5;2;6;4;0;1;1;0;0;2;1;497232,721100000020000;5287871,323900000200000;8,963084983000044;47,744208195000056
158516;08171214335010560730;08;4;36;064;2017;12;07;5;2;6;4;0;1;1;0;0;0;1;545577,371599999950000;5291280,370500000200000;9,608333992000041;47,773275160000026
158517;08171214335010548690;08;4;35;059;2017;12;18;5;3;6;4;0;1;1;0;0;2;1;512090,928399999980000;5290598,049499999700000;9,161366396000062;47,768634607000081
158518;08171214311010578790;08;3;36;091;2017;12;16;5;3;6;4;0;1;1;0;1;2;1;394489,867199999980000;5272298,990100000100000;7,596492971000032;47,595512199000041
158520;08171214299200549250;08;2;12;000;2017;12;11;5;2;1;5;1;1;0;0;0;0;0;456152,743599999990000;5427048,291899999600000;8,400584230000050;48,994777333000059
158521;08171214299200548310;08;2;12;000;2017;12;08;5;3;5;3;1;0;0;0;1;0;0;455178,905600000000000;5430973,857200000400000;8,386838622000028;49,030018185000074
158524;08171214222400589030;08;2;22;000;2017;12;13;5;3;5;3;1;1;0;0;0;0;0;468097,456300000020000;5479194,869900000300000;8,559720398000025;49,464568201000077
158526;08171214222014546460;08;2;22;000;2017;12;17;5;2;6;4;0;1;1;0;0;2;0;461719,746099999990000;5481681,561200000300000;8,471466079000038;49,486566209000046
158527;08171214221300566620;08;2;21;000;2017;12;13;5;3;5;2;1;1;0;0;0;0;1;477455,998000000020000;5474342,714999999900000;8,689149063000059;49,421343594000064