OBJECTID;UIDENTSTLA;ULAND;UREGBEZ;UKREIS;UGEMEINDE;UJAHR;UMONAT;USTUNDE;UWOCHENTAG;UKATEGORIE;UART;UTYP1;IstRad;IstPKW;IstFuss;IstKrad;IstSonstig;LICHT;STRZUSTAND;LINREFX;LINREFY;XGCSWGS84;YGCSWGS84
158528;08171214221200547790;08;2;21;000;2017;12;10;5;3;5;3;1;1;0;0;0;0;0;477679,449199999970000;5472890,097900000400000;8,692311789000030;49,408285781000075
158530;08171214119200552130;08;1;19;020;2017;12;16;5;3;5;3;1;1;0;0;0;1;0;520783,277000000000000;5407206,024299999700000;9,283114821000027;48,817490409000072
158531;08171214119010544720;08;1;19;084;2017;12;05;5;2;6;4;0;1;1;0;0;2;1;546523,198800000010000;5413945,568599999900000;9,634499516000062;48,876720350000028
158532;08171214118400572810;08;1;18;048;2017;12;16;5;3;6;6;0;1;1;0;0;1;1;515513,048899999990000;5415128,905700000000000;9,211623279000037;48,888916908000056
158533;08171214116010548340;08;1;16;049;2017;12;06;5;3;6;4;0;1;1;0;0;2;1;525556,917099999960000;5386274,606800000200000;9,346844180000062;48,629015743000082
158534;08171214115100546370;08;1;15;003;2017;12;08;5;3;0;7;1;0;0;0;0;0;2;501526,297700000000000;5393048,300800000300000;9,020739239000022;48,690473284000063
158535;08171214111500597680;08;1;11;000;2017;12;11;5;3;5;3;1;1;0;0;0;0;0;513248,506999999980000;5402926,917999999600000;9,180337005000069;48,779202429000065
158540;08171213435100590400;08;4;35;016;2017;12;07;4;3;4;2;1;1;0;0;0;0;0;534776,445900000050000;5278220,450600000100000;9,463134239000056;47,656444129000079
158541;08171213336300551200;08;3;36;081;2017;12;17;4;3;6;4;0;1;1;0;0;2;1;411672,291700000000000;5277986,799999999800000;7,823853732000032;47,649247717000037
158542;08171213335100612100;08;3;35;043;2017;12;18;4;3;5;3;1;1;0;0;0;2;1;513810,695000000010000;5280811,824599999900000;9,184008048000067;47,680547757000056
158543;08171213335100588590;08;3;35;043;2017;12;18;4;3;5;2;1;0;0;0;1;2;1;512213,025800000000000;5280360,377799999900000;9,162708823000060;47,676517955000065
158544;08171213317300542870;08;3;17;065;2017;12;17;4;3;0;3;1;1;0;0;0;1;0;414365,791000000030000;5354005,382000000200000;7,844545192000055;48,333426769000027
158545;08171213311010547150;08;3;11;000;2017;12;18;4;2;5;3;1;1;0;0;0;2;0;418309,947500000010000;5314742,994900000300000;7,905292947000021;47,980772669000032
158546;08171213311010545020;08;3;36;050;2017;12;16;4;3;6;4;0;1;1;0;0;2;1;399724,209199999980000;5274379,849700000100000;7,665624740000055;47,615060987000049
158547;08171213311010544110;08;3;36;050;2017;12;07;4;2;5;3;1;1;0;0;0;2;0;399236,808699999990000;5275097,327499999700000;7,658975654000074;47,621439313000053
158548;08171213311010544010;08;3;11;000;2017;12;09;4;3;3;2;1;1;0;0;0;0;0;414848,618800000000000;5318633,578599999700000;7,858145850000028;48,015318657000080
158551;08171213222014626650;08;2;22;000;2017;12;07;4;2;6;4;0;1;1;0;0;2;0;460276,220800000010000;5487437,305800000200000;8,450957165000034;49,538242912000044
158553;08171213215102543470;08;2;12;000;2017;12;11;4;3;6;2;0;1;1;0;0;0;1;455413,158799999980000;5432607,233599999900000;8,389863381000055;49,044727466000040
158554;08171213212702586360;08;2;15;017;2017;12;14;4;3;5;3;1;0;0;0;1;0;0;456661,377299999990000;5421342,529299999600000;8,408144936000042;48,943488863000027
158557;08171213118010573730;08;1;18;048;2017;12;18;4;2;6;4;0;1;1;0;1;2;0;516361,938399999980000;5415613,160299999600000;9,223222817000021;48,893251294000038
158558;08171213117300625810;08;1;17;026;2017;12;15;4;3;0;4;0;1;1;0;0;0;0;547967,401799999990000;5394424,317800000300000;9,651915916000064;48,701009562000081
158560;08171213111500563360;08;1;11;000;2017;12;08;4;3;5;2;1;1;0;0;0;0;0;507909,579000000030000;5398271,659599999900000;9,107574910000039;48,737414615000034
158562;08171212436200569950;08;4;36;064;2017;12;11;3;3;5;3;1;0;0;0;1;0;1;545365,710599999990000;5292327,482099999700000;9,605618453000034;47,782710996000048
158563;08171212415400599900;08;4;15;061;2017;12;17;3;3;6;7;0;1;1;0;0;0;0;514282,599099999990000;5368915,160500000200000;9,193241137000030;48,473204627000030
158566;08171212311010599070;08;3;11;000;2017;12;17;3;3;6;4;0;1;1;0;0;2;0;411305,909900000030000;5319646,587799999900000;7,810439956000039;48,023948928000038
158567;08171212311010578870;08;3;36;091;2017;12;13;3;3;0;7;0;1;1;0;0;0;1;396648,577899999970000;5272054,698900000200000;7,625257325000064;47,593662449000078
158570;08171212299200545610;08;2;12;000;2017;12;15;3;2;6;7;1;0;1;0;0;0;0;461351,063000000020000;5427723,294999999900000;8,471580472000028;49,001196444000072
158573;08171212226700555900;08;2;26;098;2017;12;07;3;3;3;7;1;1;0;0;0;2;0;477931,288200000010000;5459602,216699999800000;8,696519420000072;49,288771217000033
158574;08171212221300556090;08;2;21;000;2017;12;19;3;3;0;5;1;1;0;0;0;2;0;476943,605199999990000;5473497,324400000300000;8,682133095000040;49,413720247000072
158575;08171212221010536900;08;2;21;000;2017;12;07;3;3;6;4;0;1;1;0;0;1;0;475795,998399999980000;5470063,378499999600000;8,666521100000068;49,382787878000045
158577;08171212215402543490;08;2;15;009;2017;12;16;3;3;5;2;1;1;0;0;0;0;1;469450,884299999980000;5441046,035100000000000;8,581314593000059;49,121492244000081
158578;08171212215302563570;08;2;15;007;2017;12;15;3;3;6;4;0;1;1;0;0;0;0;479093,576699999980000;5431765,877200000000000;8,713948462000076;49,038417326000058
158581;08171212116100582400;08;1;16;019;2017;12;11;3;3;6;7;0;1;1;0;0;0;0;522057,956699999980000;5398814,511599999900000;9,300028329000043;48,741957766000041
158586;08171211335200543010;08;3;35;063;2017;12;13;2;3;6;1;1;0;1;0;0;0;2;497791,489200000010000;5287053,021800000200000;8,970543004000035;47,736847600000033
158587;08171211325102574680;08;3;25;057;2017;12;16;2;3;6;2;0;1;1;0;0;2;1;473403,041700000000000;5357381,187199999600000;8,640881958000023;48,369040675000065
158590;08171211311400570450;08;3;15;074;2017;12;07;2;3;6;4;0;1;1;0;0;2;1;394887,511699999970000;5295820,481200000300000;7,596110983000074;47,807151753000028
158591;08171211311300536320;08;3;11;000;2017;12;17;2;3;5;3;1;1;0;0;0;2;1;411121,117000000030000;5315090,655000000300000;7,808906042000047;47,982941561000075
158593;08171211311200538080;08;3;11;000;2017;12;18;2;3;5;3;1;1;0;0;0;2;1;413081,991700000010000;5320283,901899999900000;7,834126202000050;48,029925904000038
158595;08171211311010538600;08;3;15;109;2017;12;17;2;3;6;4;0;1;1;0;0;2;1;422659,955000000020000;5314782,110000000300000;7,963569063000023;47,981665262000035
158597;08171211299200535640;08;2;12;000;2017;12;15;2;3;0;7;1;1;0;0;0;0;1;455738,131200000000000;5428369,165699999800000;8,394772631000024;49,006629158000067
158601;08171211222700542890;08;2;22;000;2017;12;09;2;3;1;5;1;1;0;0;0;0;1;462154,610400000010000;5482905,422399999600000;8,477352775000043;49,497601470000063
158602;08171211222200538960;08;2;22;000;2017;12;17;2;3;6;7;1;0;1;0;0;2;0;461670,472899999990000;5482053,836900000500000;8,470749700000056;49,489911521000067
158604;08171211216100553680;08;2;16;043;2017;12;15;2;3;5;2;1;1;0;0;0;0;1;441250,711799999990000;5411446,127999999600000;8,199130956000033;48,853200006000066
158605;08171211212010545780;08;2;12;000;2017;12;09;2;2;5;3;1;0;0;0;0;0;1;455065,052299999980000;5428729,511699999700000;8,385529758000075;49,009821861000034
158607;08171211119200582280;08;1;19;020;2017;12;17;2;3;6;4;0;1;1;0;0;2;1;520102,664600000020000;5406979,343299999800000;9,273832360000029;48,815473629000053
158609;08171211118413613010;08;1;18;048;2017;12;16;2;3;4;6;1;0;0;0;0;1;1;515491,046099999980000;5415414,187300000300000;9,211333942000067;48,891483774000051
158611;08171211115300623280;08;1;15;028;2017;12;11;2;3;5;3;1;1;0;0;0;0;0;500517,239799999980000;5404333,820100000100000;9,007042392000074;48,791999719000046
158612;08171211111500623990;08;1;11;000;2017;12;07;2;3;6;2;0;1;1;0;0;2;1;514864,584500000000000;5409436,881299999500000;9,202570468000033;48,837728634000030
158617;08171210316100571950;08;3;16;017;2017;12;05;1;3;6;4;0;1;1;0;0;2;0;408218,165500000000000;5342004,407900000000000;7,764221814000052;48,224619172000075
158625;08171210111250577560;08;1;11;000;2017;12;13;1;3;6;4;0;1;1;0;0;0;1;517142,538300000010000;5402820,071800000000000;9,233337205000055;48,778146132000074
158635;08171209316200564240;08;3;16;009;2017;12;18;7;3;5;3;1;1;0;0;0;2;0;418115,837699999970000;5324225,860299999800000;7,900880074000042;48,066050925000070
158636;08171209311500560520;08;3;15;070;2017;12;05;7;2;6;7;0;0;1;0;1;2;1;455141,184100000010000;5304382,910899999600000;8,399898642000039;47,891208599000038
158638;08171209311010545430;08;3;11;000;2017;12;12;7;3;5;2;1;1;0;0;0;0;0;414698,905099999970000;5316356,030600000200000;7,856591589000061;47,994811266000056
158643;08171209121500545580;08;1;25;065;2017;12;13;7;3;5;3;1;1;0;0;0;0;1;516208,134499999990000;5448520,961799999700000;9,222440785000060;49,189276953000046
158644;08171209118600587740;08;1;18;076;2017;12;14;7;3;0;7;1;0;0;0;0;0;0;505600,448700000010000;5422997,960500000000000;9,076507545000027;48,959873644000027
158648;08171208435100562410;08;4;35;016;2017;12;07;6;3;5;3;1;1;0;0;0;1;1;536267,027000000000000;5278108,279000000100000;9,482974987000034;47,655353030000072
158649;08171208435100558820;08;4;35;016;2017;12;06;6;3;4;3;1;1;0;0;0;2;1;535189,102599999980000;5278246,422199999900000;9,468631684000059;47,656655492000027
158650;08171208435100537570;08;4;35;016;2017;12;07;6;3;6;4;0;1;1;0;0;1;1;535592,721999999950000;5279706,140800000200000;9,474125616000038;47,669767097000033
158656;08171208335010531670;08;3;35;100;2017;12;14;6;2;0;1;1;0;0;0;0;0;1;489140,842899999990000;5286595,235299999800000;8,855172811000045;47,732641016000059
158659;08171208317300540750;08;3;17;152;2017;12;15;6;3;6;6;0;1;1;0;0;0;0;409176,065599999970000;5348131,982400000100000;7,775801116000025;48,279872976000036
158662;08171208311010562150;08;3;11;000;2017;12;09;6;2;3;2;1;0;0;0;1;0;1;413898,943800000010000;5317138,527700000400000;7,845713828000044;48,001742886000045
158665;08171208299200560090;08;2;12;000;2017;12;15;6;3;5;3;1;1;0;0;0;0;1;455038,002400000000000;5428796,193599999900000;8,385152496000046;49,010419700000057
158666;08171208226700540960;08;2;26;095;2017;12;18;6;3;6;4;0;1;1;0;0;2;0;474037,726000000020000;5461216,802000000100000;8,642872721000060;49,303141357000072
158706;08171231327100624260;08;3;27;050;2017;12;16;1;3;5;3;1;1;0;0;0;0;0;482148,668200000010000;5311547,307000000000000;8,760890200000063;47,956988062000050
158709;08171231119200623960;08;1;19;020;2017;12;23;1;3;6;7;0;1;1;0;0;2;0;520688,109999999990000;5405284,367999999800000;9,281721592000054;48,800206736000064
158711;08171230435100614880;08;4;35;016;2017;12;15;7;3;2;6;1;1;0;0;0;0;1;535714,468400000010000;5279854,683699999900000;9,475759472000050;47,671096884000065
158715;08171230311400607550;08;3;15;074;2017;12;16;7;3;5;3;1;1;0;0;0;1;1;395436,307900000010000;5296144,865500000300000;7,603360245000033;47,810158925000053
158717;08171230311100613720;08;3;15;115;2017;12;11;7;3;6;3;0;1;1;0;0;0;0;407730,907599999980000;5321124,644600000200000;7,762185207000073;48,036737685000048
158719;08171230226600606700;08;2;26;096;2017;12;17;7;3;6;7;0;1;1;0;0;2;1;474906,697999999970000;5488546,317099999600000;8,653096876000063;49,549000797000076
158724;08171230121200611300;08;1;21;000;2017;12;12;7;3;0;7;0;0;1;0;1;0;1;516199,402200000010000;5443218,640300000100000;9,222107514000072;49,141581266000060
158728;08171229415100603430;08;4;15;050;2017;12;20;6;3;0;1;1;0;0;0;0;2;2;521348,879900000000000;5377196,612599999600000;9,289269400000023;48,547506588000033
158730;08171229326200605510;08;3;26;074;2017;12;16;6;3;6;4;0;1;1;0;0;0;1;465416,952099999990000;5323646,143799999700000;8,535807001000023;48,065154597000060
158731;08171229325010602740;08;4;17;002;2017;12;11;6;2;8;1;1;0;0;0;0;0;0;490425,613599999980000;5344068,434700000100000;8,871025515000042;48,249758001000032
158735;08171229299200619450;08;2;12;000;2017;12;16;6;3;6;4;0;0;1;0;1;2;1;453209,887999999980000;5428889,274000000200000;8,360144221000041;49,011121049000053
158737;08171229226600619630;08;2;26;096;2017;12;12;6;2;5;7;1;1;0;0;0;0;0;475060,076899999990000;5488505,336799999700000;8,655219821000060;49,548638533000030
158741;08171229118600623140;08;1;18;050;2017;12;10;6;3;3;3;1;1;0;0;0;0;2;507166,159600000010000;5416545,836100000000000;9,097783231000051;48,901816024000027
158746;08171228316100599250;08;3;16;011;2017;12;10;5;3;5;3;1;1;0;0;0;0;1;413797,679000000000000;5330663,691999999800000;7,841629826000030;48,123391500000025
158750;08171228222301609700;08;2;22;000;2017;12;10;5;2;0;7;1;0;0;0;0;0;0;465693,708800000020000;5481968,918800000100000;8,526307395000060;49,489388530000042
158751;08171228221300619870;08;2;21;000;2017;12;16;5;3;5;3;1;0;0;0;1;0;0;474961,965000000030000;5475188,889999999700000;8,654706978000036;49,428857205000043
158754;08171228127202619980;08;1;27;014;2017;12;15;5;3;6;4;0;1;1;0;0;0;0;578065,763200000040000;5443395,491100000200000;10,070288222000045;49,138425036000058
158755;08171228118600611750;08;1;18;076;2017;12;17;5;3;0;4;0;1;1;0;0;2;1;504781,712999999990000;5422984,162100000300000;9,065322670000057;48,959756394000067
158756;08171228118010597520;08;1;15;028;2017;12;07;5;2;6;2;0;1;1;0;0;2;1;500953,249699999990000;5405412,119199999600000;9,012981314000058;48,801699512000027
158757;08171228116010601550;08;1;16;049;2017;12;12;5;3;5;3;1;1;0;0;0;0;1;526203,139700000060000;5387655,846199999600000;9,355701518000046;48,641414650000058
158759;08171228115100609440;08;1;15;024;2017;12;11;5;3;0;7;1;0;0;0;0;0;0;500951,804599999970000;5387117,000900000300000;9,012919417000035;48,637115599000026
158763;08171227436400626110;08;4;36;082;2017;12;22;4;3;6;4;0;1;1;0;0;2;1;547265,336400000030000;5295933,462200000000000;9,631369276000044;47,815017248000061
158770;08171227335010615190;08;4;35;057;2017;12;13;4;2;5;3;1;1;0;0;0;0;0;544227,614500000030000;5280658,602599999900000;9,589240601000029;47,677803670000060
158771;08171227311010617690;08;3;16;011;2017;12;17;4;1;6;4;0;1;1;0;0;2;1;415649,885499999970000;5328776,085799999500000;7,866887751000036;48,106660168000076
158772;08171227226400597170;08;2;26;063;2017;12;13;4;3;5;3;1;1;0;0;0;0;0;469956,968400000010000;5471672,071800000000000;8,585952271000053;49,396997674000033
158775;08171227128010597570;08;1;28;139;2017;12;08;4;3;0;1;1;0;0;0;0;0;2;550546,234999999990000;5491984,076999999600000;9,699198748000072;49,578330524000080
158777;08171227119500616140;08;1;19;085;2017;12;19;4;3;5;3;1;1;0;0;0;2;1;529375,495000000000000;5413244,513600000200000;9,400590555000065;48,871463624000057
158780;08171227116500607910;08;1;16;049;2017;12;09;4;3;5;3;1;1;0;0;0;0;0;525658,376000000050000;5384613,987700000400000;9,348118350000050;48,614072586000077
158781;08171226416010591930;08;4;16;041;2017;12;13;3;3;3;2;1;1;0;0;0;0;0;504833,798699999980000;5375213,909699999700000;9,065473585000063;48,530014285000050
158783;08171226336200595920;08;3;36;069;2017;12;17;3;2;6;4;0;1;1;0;0;2;0;408244,839099999980000;5268231,347500000100000;7,780267346000073;47,561013072000037
158784;08171226317000615350;08;3;17;065;2017;12;22;3;3;1;5;1;1;0;0;0;2;0;413935,014000000020000;5355632,444000000100000;7,838401492000060;48,348003340000048
158785;08171226311010595040;08;3;15;056;2017;12;11;3;3;2;6;1;1;0;0;0;0;1;415367,976800000000000;5310202,595200000300000;7,866769909000027;47,939547105000031
158786;08171226235111613180;08;2;35;033;2017;12;14;3;3;4;1;1;1;0;0;0;0;0;458931,017200000000000;5405532,192300000200000;8,440726240000060;48,801423646000046
158791;08171225436100591520;08;4;36;010;2017;12;17;2;3;0;1;1;0;0;0;0;1;2;567555,558899999950000;5306468,990700000000000;9,904022490000045;47,907987397000056
158796;08171225118500616120;08;1;18;070;2017;12;13;2;3;0;7;1;0;0;0;0;0;0;520336,502900000020000;5423435,407900000000000;9,277836573000059;48,963499579000029
158798;08171225116010593090;08;1;16;056;2017;12;15;2;2;6;4;0;1;1;0;0;0;0;531879,796500000050000;5395608,586600000000000;9,433371947000069;48,712692697000080
158803;08171224199200618070;08;1;18;080;2017;12;18;1;2;7;1;1;0;0;0;0;2;0;506796,741900000020000;5411580,872999999700000;9,092659947000072;48,857156404000079
158804;08171224119300625790;08;1;19;067;2017;12;05;1;3;0;1;1;0;0;0;0;2;0;538648,252699999950000;5405942,281499999600000;9,526348574000053;48,805267847000039
158805;08171224117300609070;08;1;17;026;2017;12;00;1;3;6;4;0;1;1;0;0;2;0;548022,707199999950000;5394704,979199999900000;9,652700156000037;48,703529996000043
158806;08171224115100610550;08;1;15;046;2017;12;00;1;3;0;7;1;0;0;0;0;2;1;509050,880000000000000;5390272,927199999800000;9,122921895000047;48,665441970000074
158807;08171223435100584650;08;4;35;024;2017;12;14;7;3;0;7;1;0;0;0;0;0;1;527785,194699999990000;5279584,727199999600000;9,370117480000033;47,669057296000062
158808;08171223417300624400;08;4;17;031;2017;12;11;7;3;6;7;0;1;1;0;0;0;0;495683,997500000000000;5359358,667500000400000;8,941703487000041;48,387376988000028
158810;08171223415300588950;08;4;15;061;2017;12;00;7;3;0;1;1;0;0;0;0;2;0;516051,380999999990000;5370533,216000000000000;9,217234433000044;48,487718581000081
158812;08171223311010598080;08;3;15;073;2017;12;17;7;3;0;7;1;0;0;0;0;2;0;412659,351399999990000;5313902,649199999900000;7,829757464000068;47,972466930000053
158813;08171223226400584470;08;2;26;084;2017;12;12;7;3;0;3;1;1;0;0;0;0;0;468964,466599999990000;5470590,467000000200000;8,572358646000055;49,387219117000029
158815;08171223222400588550;08;2;26;038;2017;12;16;7;2;0;7;1;0;0;0;0;0;0;473012,603400000020000;5480288,273000000000000;8,627476987000023;49,474641332000033
158816;08171223221000609160;08;2;21;000;2017;12;14;7;3;6;4;0;0;1;0;1;0;1;477712,408400000010000;5472985,507600000100000;8,692760768000028;49,409145185000057
158817;08171223216100584360;08;2;16;043;2017;12;12;7;3;5;3;1;1;0;0;0;0;1;441190,686600000020000;5413162,418800000100000;8,198066167000036;48,868632275000039
158818;08171223118400599520;08;1;18;048;2017;12;09;7;2;6;7;0;1;1;0;0;0;1;512900,435000000000000;5416913,632000000200000;9,176039526000068;48,905031730000076
158820;08171223118100600290;08;1;18;079;2017;12;18;7;3;6;2;0;1;1;0;0;2;0;509729,961000000010000;5421611,899000000200000;9,132887431000029;48,947353892000081
158827;08171222311010582000;08;3;11;000;2017;12;00;6;3;0;6;1;1;0;0;0;2;0;414489,511400000020000;5316220,212000000300000;7,853812438000034;47,993561554000053
158828;08171222226200581040;08;2;26;032;2017;12;15;6;3;1;6;0;1;1;0;0;0;1;467111,753900000010000;5463005,187300000300000;8,547457117000022;49,318893934000073
158830;08171222221000580060;08;2;26;095;2017;12;03;6;3;5;3;1;1;0;0;0;2;1;474328,271100000010000;5461732,158800000300000;8,646836140000062;49,307789255000046
158833;08171222215502581280;08;2;15;106;2017;12;11;6;3;1;5;1;1;0;0;0;0;1;466991,563599999990000;5454527,551000000000000;8,546503129000030;49,242632004000029
158834;08171222212302581990;08;2;12;000;2017;12;10;6;3;5;7;1;1;0;0;0;0;0;455822,466900000000000;5428461,132799999800000;8,395915745000025;49,007462454000063
158835;08171222212010618750;08;2;12;000;2017;12;19;6;3;5;7;1;1;0;0;0;0;1;455286,329499999990000;5428478,987800000200000;8,388583062000066;49,007584449000035
158836;08171222135010607880;08;1;35;020;2017;12;11;6;3;6;4;0;1;1;0;0;0;0;586667,836699999990000;5386057,411899999700000;10,176044012000034;48,621579420000046
158840;08171222119200583110;08;1;19;020;2017;12;18;6;3;6;4;0;1;1;0;0;2;1;520004,008700000010000;5405686,123499999800000;9,272425485000042;48,803843249000067
158841;08171222118500595190;08;1;18;049;2017;12;17;6;3;6;4;0;1;1;0;0;2;1;519371,792499999980000;5421181,370900000400000;9,264549652000028;48,943254168000067
158842;08171222118100627100;08;1;18;016;2017;12;13;6;3;5;2;1;1;0;0;0;0;1;504472,043200000010000;5428491,654699999800000;9,061152884000023;49,009302109000032
158845;08171222116010584820;08;1;16;019;2017;12;18;6;3;6;2;0;1;1;0;0;2;1;523946,286100000030000;5397501,630199999500000;9,325636338000038;48,730077503000075
158847;08171222115100618380;08;1;15;003;2017;12;14;6;3;5;3;1;1;0;0;0;0;0;501507,870799999980000;5391810,312599999800000;9,020484338000074;48,679336250000063
158850;08171221435100581780;08;4;35;016;2017;12;18;5;3;6;4;0;1;1;0;0;2;1;537024,370499999960000;5280349,799200000200000;9,493250258000046;47,675477942000043
158851;08171221421300591920;08;4;21;000;2017;12;16;5;3;6;6;0;1;1;0;0;2;1;572624,133200000040000;5355612,346599999800000;9,980217225000047;48,349511257000074
158854;08171221335010610770;08;4;36;064;2017;12;12;5;2;0;1;1;0;0;0;0;0;1;546549,554899999990000;5292548,968600000300000;9,621445218000076;47,784619240000040
158863;08171221311010592190;08;3;11;000;2017;12;21;5;3;6;4;0;0;1;0;1;2;1;413179,307700000000000;5316770,488300000300000;7,836142787000028;47,998334914000054
158864;08171221299200608720;08;2;12;000;2017;12;18;5;3;6;4;1;0;1;0;0;2;1;454905,815400000020000;5428507,938000000100000;8,383376992000024;49,007817171000056
158865;08171221235010581590;08;2;31;000;2017;12;17;5;3;5;3;1;1;0;0;0;2;1;474330,724400000010000;5413934,535400000400000;8,649906404000035;48,877835320000031
158866;08171221226700577910;08;2;26;098;2017;12;10;5;3;6;5;0;1;1;0;0;0;0;477878,789999999980000;5459857,489199999700000;8,695783367000047;49,291065504000073
158869;08171221226100609120;08;2;26;013;2017;12;16;5;2;6;4;0;1;1;0;0;2;1;499122,260000000010000;5478860,639000000400000;8,987887067000031;49,462399144000074
158874;08171221199200609130;08;1;18;048;2017;12;16;5;2;5;2;1;1;0;0;0;2;1;514892,937199999990000;5415917,404299999600000;9,203192743000045;48,896025241000075
158879;08171221126010614800;08;1;21;000;2017;12;14;5;2;0;1;1;0;0;0;0;0;1;515724,160700000010000;5445167,874599999700000;9,215667695000036;49,159127597000065
158880;08171221121100576400;08;1;25;006;2017;12;11;5;3;6;4;0;1;1;0;0;0;1;507478,660600000000000;5453865,811999999900000;9,102737205000040;49,237523913000075
158881;08171221119300592090;08;1;19;067;2017;12;17;5;3;6;4;0;1;1;0;0;2;1;538723,008400000050000;5406132,755500000000000;9,527384590000054;48,806976610000049
158883;08171221119010612070;08;1;19;084;2017;12;12;5;2;2;1;1;1;0;0;0;0;1;546324,092199999960000;5413791,020200000100000;9,631766697000046;48,875345055000025
158887;08171221117300602800;08;1;17;026;2017;12;13;5;3;6;7;0;1;1;0;0;0;1;548001,678300000030000;5394785,684500000400000;9,652423745000021;48,704257599000073
158891;08171221116100595260;08;1;16;019;2017;12;18;5;3;5;3;1;1;0;0;0;2;1;523394,913899999990000;5398390,326999999600000;9,318189008000047;48,738093070000048
158893;08171221115300608830;08;1;15;041;2017;12;11;5;2;6;4;1;1;1;0;0;0;1;495661,929400000020000;5402018,112200000300000;8,940960182000026;48,771152799000049
158894;08171221115300576430;08;1;15;028;2017;12;07;5;3;6;4;0;1;1;0;0;2;1;501174,536499999990000;5405465,510999999900000;9,015994941000031;48,802179442000067
158895;08171221111370605120;08;1;11;000;2017;12;18;5;3;0;7;1;0;0;0;0;2;0;512390,196899999980000;5406636,320799999900000;9,168765746000076;48,812589524000032
158896;08171221111260594870;08;1;11;000;2017;12;17;5;3;6;4;0;1;1;0;0;2;1;517436,885699999980000;5402568,887500000200000;9,237333054000033;48,775878325000065
158898;08171220426010576350;08;4;26;021;2017;12;13;4;2;5;7;1;1;0;0;0;0;1;559169,707999999980000;5327795,168999999800000;9,794757634000064;48,100673004000043
158899;08171220421300591180;08;4;21;000;2017;12;17;4;3;6;7;0;1;1;0;0;2;0;571510,561100000050000;5359719,252200000000000;9,965887840000050;48,386581306000039
158901;08171220416010618730;08;4;16;025;2017;12;16;4;2;6;4;0;1;1;0;0;2;1;503700,889099999970000;5361259,217400000400000;9,050004895000029;48,404479311000046
158902;08171220416010571830;08;4;16;041;2017;12;20;4;3;6;4;0;1;1;0;0;2;1;504838,844900000030000;5373400,924200000200000;9,065520896000066;48,513703975000055
158904;08171220326300601840;08;3;26;031;2017;12;11;4;2;6;4;0;1;1;0;0;0;0;456780,744899999990000;5331927,398699999800000;8,419053663000057;48,139130687000034
158906;08171220317114579700;08;3;17;089;2017;12;07;4;3;6;2;0;1;1;0;0;2;1;431396,624000000010000;5375375,683299999700000;8,070807088000038;48,527738327000066
158907;08171220317110619700;08;3;17;141;2017;12;07;4;3;5;7;1;1;0;0;0;0;1;418655,849200000000000;5376804,203900000100000;7,897992490000036;48,539065407000066
158912;08171220222200604760;08;2;22;000;2017;12;15;4;3;5;5;1;1;0;0;0;0;1;460480,425200000000000;5482665,163900000000000;8,454257282000071;49,495333722000055
158917;08171220211100569710;08;2;11;000;2017;12;07;4;3;6;2;0;1;1;0;0;2;1;444195,316799999970000;5401090,077399999800000;8,240675776000046;48,760317839000038
158918;08171220136100569630;08;1;36;088;2017;12;07;4;3;6;4;0;1;1;0;0;2;1;581041,665999999970000;5412522,194000000100000;10,104920329000038;48,860367276000034
158920;08171220126010602530;08;1;21;000;2017;12;21;4;2;6;2;0;1;1;0;0;2;1;513146,786700000000000;5440604,175300000200000;9,180168576000028;49,118136113000048
158923;08171220121200604050;08;1;21;000;2017;12;07;4;3;6;4;0;1;1;0;0;0;1;516087,629900000000000;5444409,574000000000000;9,220622591000051;49,152297033000082
158924;08171220118400626900;08;1;18;048;2017;12;06;4;3;4;6;1;0;0;0;0;2;1;511537,038699999980000;5415131,040500000100000;9,157384328000035;48,889022891000081
158926;08171220118300615630;08;1;18;046;2017;12;07;4;3;6;4;0;1;1;0;0;1;1;513583,834800000010000;5411310,693000000000000;9,185179005000066;48,854614435000030
158927;08171220117300573200;08;1;17;026;2017;12;12;4;3;6;4;0;1;1;0;0;0;1;547967,660500000000000;5394425,068699999700000;9,651919519000046;48,701016296000034
158928;08171220115300572660;08;1;15;028;2017;12;08;4;3;6;4;0;1;1;0;0;1;0;501285,456999999990000;5404717,105000000400000;9,017503123000040;48,795446613000081
158933;08171219337010575100;08;3;37;116;2017;12;15;3;2;6;4;0;1;1;0;0;0;1;417741,894900000010000;5274560,671099999900000;7,905303009000022;47,619225861000075
158935;08171219317100572710;08;3;17;001;2017;12;15;3;3;5;2;1;1;0;0;0;0;0;430762,450499999980000;5386715,866000000400000;8,060329935000027;48,629674404000070
158938;08171219311010566510;08;3;11;000;2017;12;15;3;3;0;1;1;0;0;0;0;0;0;413846,929000000000000;5315837,669999999900000;7,845277813000052;47,990034190000074
158939;08171219299200594550;08;2;12;000;2017;12;15;3;3;6;4;0;1;1;0;0;0;0;457139,007099999990000;5428642,845200000300000;8,413897949000045;49,009189823000042